{"type": "FeatureCollection", "features": [{"type": "Feature", "properties": {"name": "-36.274420, -62.544396", "description": "unnamed (1): 1<br>Tipo de Espacio: CDC<br>Nombre: 30 DE AGOSTO<br>DIRECCI\u00d3N: Guemes 585<br>PROVINCIA: Buenos Aires<br>unnamed (2): <br>unnamed (3):  -", "styleUrl": "#icon-1739-01579B", "unnamed (1)": "1.0", "Tipo de Espacio": "CDC", "Nombre": "30 DE AGOSTO", "DIRECCI\u00d3N": "Guemes 585", "PROVINCIA": "Buenos Aires", "unnamed (2)": "", "unnamed (3)": "-"}, "geometry": {"type": "Point", "coordinates": [-62.544396, -36.27442, 0.0]}}, {"type": "Feature", "properties": {"name": "-33.628988, -64.021884", "description": "unnamed (1): 1<br>Tipo de Espacio: CDC<br>Nombre: ADELIA MARIA <br>DIRECCI\u00d3N: Calle Velez Sarsfield y 25 de Mayo n\u00ba 128<br>PROVINCIA: C\u00f3rdoba<br>unnamed (2): <br>unnamed (3):  -", "styleUrl": "#icon-1739-01579B", "unnamed (1)": "1.0", "Tipo de Espacio": "CDC", "Nombre": "ADELIA MARIA", "DIRECCI\u00d3N": "Calle Velez Sarsfield y 25 de Mayo n\u00ba 128", "PROVINCIA": "C\u00f3rdoba", "unnamed (2)": "", "unnamed (3)": "-"}, "geometry": {"type": "Point", "coordinates": [-64.021884, -33.628988, 0.0]}}, {"type": "Feature", "properties": {"name": "-33.628988, -64.021884", "description": "unnamed (1): <br>Tipo de Espacio: Oficina Comercial<br>Nombre: ADELIA MARIA <br>DIRECCI\u00d3N: Calle Velez Sarsfield y 25 de Mayo n\u00ba 128<br>PROVINCIA: C\u00f3rdoba<br>unnamed (2): <br>unnamed (3):  -", "styleUrl": "#icon-1739-9C27B0", "unnamed (1)": "", "Tipo de Espacio": "Oficina Comercial", "Nombre": "ADELIA MARIA", "DIRECCI\u00d3N": "Calle Velez Sarsfield y 25 de Mayo n\u00ba 128", "PROVINCIA": "C\u00f3rdoba", "unnamed (2)": "", "unnamed (3)": "-"}, "geometry": {"type": "Point", "coordinates": [-64.021884, -33.628988, 0.0]}}, {"type": "Feature", "properties": {"name": "-31.657648, -64.359159", "description": "unnamed (1): 1<br>Tipo de Espacio: CDC<br>Nombre: ALTA GRACIA<br>DIRECCI\u00d3N: Ruta C 45 Km. 4,5<br>PROVINCIA: C\u00f3rdoba<br>unnamed (2): <br>unnamed (3):  -", "styleUrl": "#icon-1739-01579B", "unnamed (1)": "1.0", "Tipo de Espacio": "CDC", "Nombre": "ALTA GRACIA", "DIRECCI\u00d3N": "Ruta C 45 Km. 4,5", "PROVINCIA": "C\u00f3rdoba", "unnamed (2)": "", "unnamed (3)": "-"}, "geometry": {"type": "Point", "coordinates": [-64.359159, -31.65764799999999, 0.0]}}, {"type": "Feature", "properties": {"name": "-31.657648, -64.359159", "description": "unnamed (1): <br>Tipo de Espacio: Oficina Comercial<br>Nombre: ALTA GRACIA<br>DIRECCI\u00d3N: Ruta C 45 Km. 4,5<br>PROVINCIA: C\u00f3rdoba<br>unnamed (2): <br>unnamed (3):  -", "styleUrl": "#icon-1739-9C27B0", "unnamed (1)": "", "Tipo de Espacio": "Oficina Comercial", "Nombre": "ALTA GRACIA", "DIRECCI\u00d3N": "Ruta C 45 Km. 4,5", "PROVINCIA": "C\u00f3rdoba", "unnamed (2)": "", "unnamed (3)": "-"}, "geometry": {"type": "Point", "coordinates": [-64.359159, -31.65764799999999, 0.0]}}, {"type": "Feature", "properties": {"name": "-33.644521, -62.400162", "description": "unnamed (1): 1<br>Tipo de Espacio: CDC<br>Nombre: ARIAS<br>DIRECCI\u00d3N: Sarmiento 1245<br>PROVINCIA: C\u00f3rdoba<br>unnamed (2): <br>unnamed (3):  -", "styleUrl": "#icon-1739-01579B", "unnamed (1)": "1.0", "Tipo de Espacio": "CDC", "Nombre": "ARIAS", "DIRECCI\u00d3N": "Sarmiento 1245", "PROVINCIA": "C\u00f3rdoba", "unnamed (2)": "", "unnamed (3)": "-"}, "geometry": {"type": "Point", "coordinates": [-62.40016199999999, -33.644521, 0.0]}}, {"type": "Feature", "properties": {"name": "-33.644521, -62.400162", "description": "unnamed (1): <br>Tipo de Espacio: Oficina Comercial<br>Nombre: ARIAS<br>DIRECCI\u00d3N: Sarmiento 1245<br>PROVINCIA: C\u00f3rdoba<br>unnamed (2): <br>unnamed (3):  -", "styleUrl": "#icon-1739-9C27B0", "unnamed (1)": "", "Tipo de Espacio": "Oficina Comercial", "Nombre": "ARIAS", "DIRECCI\u00d3N": "Sarmiento 1245", "PROVINCIA": "C\u00f3rdoba", "unnamed (2)": "", "unnamed (3)": "-"}, "geometry": {"type": "Point", "coordinates": [-62.40016199999999, -33.644521, 0.0]}}, {"type": "Feature", "properties": {"name": "-31.427620, -63.065319", "description": "unnamed (1): 1<br>Tipo de Espacio: CDC<br>Nombre: ARROYITO<br>DIRECCI\u00d3N: Fulvio Pagani 2421<br>PROVINCIA: C\u00f3rdoba<br>unnamed (2): <br>unnamed (3):  -", "styleUrl": "#icon-1739-01579B", "unnamed (1)": "1.0", "Tipo de Espacio": "CDC", "Nombre": "ARROYITO", "DIRECCI\u00d3N": "Fulvio Pagani 2421", "PROVINCIA": "C\u00f3rdoba", "unnamed (2)": "", "unnamed (3)": "-"}, "geometry": {"type": "Point", "coordinates": [-63.065319, -31.42762, 0.0]}}, {"type": "Feature", "properties": {"name": "-31.427620, -63.065319", "description": "unnamed (1): <br>Tipo de Espacio: Oficina Comercial<br>Nombre: ARROYITO<br>DIRECCI\u00d3N: Fulvio Pagani 2421<br>PROVINCIA: C\u00f3rdoba<br>unnamed (2): <br>unnamed (3):  -", "styleUrl": "#icon-1739-9C27B0", "unnamed (1)": "", "Tipo de Espacio": "Oficina Comercial", "Nombre": "ARROYITO", "DIRECCI\u00d3N": "Fulvio Pagani 2421", "PROVINCIA": "C\u00f3rdoba", "unnamed (2)": "", "unnamed (3)": "-"}, "geometry": {"type": "Point", "coordinates": [-63.065319, -31.42762, 0.0]}}, {"type": "Feature", "properties": {"name": "-33.848896, -59.537496", "description": "unnamed (1): 1<br>Tipo de Espacio: CDC<br>Nombre: BARADERO<br>DIRECCI\u00d3N: Acceso Baradero y ruta 41<br>PROVINCIA: Buenos Aires<br>unnamed (2): <br>unnamed (3):  -", "styleUrl": "#icon-1739-01579B", "unnamed (1)": "1.0", "Tipo de Espacio": "CDC", "Nombre": "BARADERO", "DIRECCI\u00d3N": "Acceso Baradero y ruta 41", "PROVINCIA": "Buenos Aires", "unnamed (2)": "", "unnamed (3)": "-"}, "geometry": {"type": "Point", "coordinates": [-59.53749599999999, -33.848896, 0.0]}}, {"type": "Feature", "properties": {"name": "-35.13028, -60.46668", "description": "unnamed (1): 1<br>Tipo de Espacio: CDC<br>Nombre: BRAGADO<br>DIRECCI\u00d3N: Elizondo 3528<br>PROVINCIA: Buenos Aires<br>unnamed (2): <br>unnamed (3):  -", "styleUrl": "#icon-1739-01579B", "unnamed (1)": "1.0", "Tipo de Espacio": "CDC", "Nombre": "BRAGADO", "DIRECCI\u00d3N": "Elizondo 3528", "PROVINCIA": "Buenos Aires", "unnamed (2)": "", "unnamed (3)": "-"}, "geometry": {"type": "Point", "coordinates": [-60.46668, -35.13028, 0.0]}}, {"type": "Feature", "properties": {"name": "-35.23877, -60.83193", "description": "unnamed (1): 1<br>Tipo de Espacio: CDC<br>Nombre: C.M. NA\u00d3N<br>DIRECCI\u00d3N: Dr. Aguilar s/n<br>PROVINCIA: Buenos Aires<br>unnamed (2): <br>unnamed (3):  -", "styleUrl": "#icon-1739-01579B", "unnamed (1)": "1.0", "Tipo de Espacio": "CDC", "Nombre": "C.M. NA\u00d3N", "DIRECCI\u00d3N": "Dr. Aguilar s/n", "PROVINCIA": "Buenos Aires", "unnamed (2)": "", "unnamed (3)": "-"}, "geometry": {"type": "Point", "coordinates": [-60.83192999999999, -35.23877, 0.0]}}, {"type": "Feature", "properties": {"name": "-33.542752, -62.801802", "description": "unnamed (1): 1<br>Tipo de Espacio: CDC<br>Nombre: CANALS<br>DIRECCI\u00d3N: Ruta Pcial 3 y Ruta Nacional 8<br>PROVINCIA: Buenos Aires<br>unnamed (2): <br>unnamed (3):  -", "styleUrl": "#icon-1739-01579B", "unnamed (1)": "1.0", "Tipo de Espacio": "CDC", "Nombre": "CANALS", "DIRECCI\u00d3N": "Ruta Pcial 3 y Ruta Nacional 8", "PROVINCIA": "Buenos Aires", "unnamed (2)": "", "unnamed (3)": "-"}, "geometry": {"type": "Point", "coordinates": [-62.801802, -33.542752, 0.0]}}, {"type": "Feature", "properties": {"name": "-32.048329, -61.590995", "description": "unnamed (1): 1<br>Tipo de Espacio: CDC<br>Nombre: CA\u00d1ADA ROSQUIN <br>DIRECCI\u00d3N: Ruta Nacional 34 km 129,50<br>PROVINCIA: Buenos Aires<br>unnamed (2): <br>unnamed (3):  -", "styleUrl": "#icon-1739-01579B", "unnamed (1)": "1.0", "Tipo de Espacio": "CDC", "Nombre": "CA\u00d1ADA ROSQUIN", "DIRECCI\u00d3N": "Ruta Nacional 34 km 129,50", "PROVINCIA": "Buenos Aires", "unnamed (2)": "", "unnamed (3)": "-"}, "geometry": {"type": "Point", "coordinates": [-61.59099500000001, -32.048329, 0.0]}}, {"type": "Feature", "properties": {"name": "-32.048329, -61.590995", "description": "unnamed (1): <br>Tipo de Espacio: Oficina Comercial<br>Nombre: CA\u00d1ADA ROSQUIN <br>DIRECCI\u00d3N: Ruta Nacional 34 km 129,50<br>PROVINCIA: Buenos Aires<br>unnamed (2): <br>unnamed (3):  -", "styleUrl": "#icon-1739-9C27B0", "unnamed (1)": "", "Tipo de Espacio": "Oficina Comercial", "Nombre": "CA\u00d1ADA ROSQUIN", "DIRECCI\u00d3N": "Ruta Nacional 34 km 129,50", "PROVINCIA": "Buenos Aires", "unnamed (2)": "", "unnamed (3)": "-"}, "geometry": {"type": "Point", "coordinates": [-61.59099500000001, -32.048329, 0.0]}}, {"type": "Feature", "properties": {"name": "-34.160266, -59.791358", "description": "unnamed (1): 1<br>Tipo de Espacio: CDC<br>Nombre: CAPITAN SARMIENTO<br>DIRECCI\u00d3N: Av Roque S. Pe\u00f1a 1628<br>PROVINCIA: Buenos Aires<br>unnamed (2): <br>unnamed (3):  -", "styleUrl": "#icon-1739-01579B", "unnamed (1)": "1.0", "Tipo de Espacio": "CDC", "Nombre": "CAPITAN SARMIENTO", "DIRECCI\u00d3N": "Av Roque S. Pe\u00f1a 1628", "PROVINCIA": "Buenos Aires", "unnamed (2)": "", "unnamed (3)": "-"}, "geometry": {"type": "Point", "coordinates": [-59.791358, -34.160266, 0.0]}}, {"type": "Feature", "properties": {"name": "-34.160266, -59.791358", "description": "unnamed (1): <br>Tipo de Espacio: Oficina Comercial<br>Nombre: CAPITAN SARMIENTO<br>DIRECCI\u00d3N: Av Roque S. Pe\u00f1a 1628<br>PROVINCIA: Buenos Aires<br>unnamed (2): <br>unnamed (3):  -", "styleUrl": "#icon-1739-9C27B0", "unnamed (1)": "", "Tipo de Espacio": "Oficina Comercial", "Nombre": "CAPITAN SARMIENTO", "DIRECCI\u00d3N": "Av Roque S. Pe\u00f1a 1628", "PROVINCIA": "Buenos Aires", "unnamed (2)": "", "unnamed (3)": "-"}, "geometry": {"type": "Point", "coordinates": [-59.791358, -34.160266, 0.0]}}, {"type": "Feature", "properties": {"name": "-35.912851, -64.303375", "description": "unnamed (1): 1<br>Tipo de Espacio: CDC<br>Nombre: CASTEX<br>DIRECCI\u00d3N: Av. Del Trabajo 1350<br>PROVINCIA: C\u00f3rdoba<br>unnamed (2): <br>unnamed (3):  -", "styleUrl": "#icon-1739-01579B", "unnamed (1)": "1.0", "Tipo de Espacio": "CDC", "Nombre": "CASTEX", "DIRECCI\u00d3N": "Av. Del Trabajo 1350", "PROVINCIA": "C\u00f3rdoba", "unnamed (2)": "", "unnamed (3)": "-"}, "geometry": {"type": "Point", "coordinates": [-64.303375, -35.912851, 0.0]}}, {"type": "Feature", "properties": {"name": "-32.82398, -61.38266", "description": "unnamed (1): 1<br>Tipo de Espacio: CDC<br>Nombre: CDA. DE G\u00d3MEZ<br>DIRECCI\u00d3N: Marconi 25<br>PROVINCIA: Buenos Aires<br>unnamed (2): <br>unnamed (3):  -", "styleUrl": "#icon-1739-01579B", "unnamed (1)": "1.0", "Tipo de Espacio": "CDC", "Nombre": "CDA. DE G\u00d3MEZ", "DIRECCI\u00d3N": "Marconi 25", "PROVINCIA": "Buenos Aires", "unnamed (2)": "", "unnamed (3)": "-"}, "geometry": {"type": "Point", "coordinates": [-61.38266, -32.82398, 0.0]}}, {"type": "Feature", "properties": {"name": "-36.173866, -63.949109", "description": "unnamed (1): 1<br>Tipo de Espacio: CDC<br>Nombre: COLONIA BARON 2<br>DIRECCI\u00d3N: Ruta 7 y 10 Km 3<br>PROVINCIA: C\u00f3rdoba<br>unnamed (2): <br>unnamed (3):  -", "styleUrl": "#icon-1739-01579B", "unnamed (1)": "1.0", "Tipo de Espacio": "CDC", "Nombre": "COLONIA BARON 2", "DIRECCI\u00d3N": "Ruta 7 y 10 Km 3", "PROVINCIA": "C\u00f3rdoba", "unnamed (2)": "", "unnamed (3)": "-"}, "geometry": {"type": "Point", "coordinates": [-63.94910900000001, -36.173866, 0.0]}}, {"type": "Feature", "properties": {"name": "-32.54436, -58.35073", "description": "unnamed (1): 1<br>Tipo de Espacio: CDC<br>Nombre: CONCEP. URUGUAY<br>DIRECCI\u00d3N: Ruta Nac. 14 km. 117,5<br>PROVINCIA: Entre R\u00edos<br>unnamed (2): <br>unnamed (3):  -", "styleUrl": "#icon-1739-01579B", "unnamed (1)": "1.0", "Tipo de Espacio": "CDC", "Nombre": "CONCEP. URUGUAY", "DIRECCI\u00d3N": "Ruta Nac. 14 km. 117,5", "PROVINCIA": "Entre R\u00edos", "unnamed (2)": "", "unnamed (3)": "-"}, "geometry": {"type": "Point", "coordinates": [-58.35073, -32.54436, 0.0]}}, {"type": "Feature", "properties": {"name": "-26.898310, -60.910430", "description": "unnamed (1): 1<br>Tipo de Espacio: CDC<br>Nombre: CORZUELA<br>DIRECCI\u00d3N: Ruta 89 kms 202<br>PROVINCIA: Chaco<br>unnamed (2): <br>unnamed (3):  -", "styleUrl": "#icon-1739-01579B", "unnamed (1)": "1.0", "Tipo de Espacio": "CDC", "Nombre": "CORZUELA", "DIRECCI\u00d3N": "Ruta 89 kms 202", "PROVINCIA": "Chaco", "unnamed (2)": "", "unnamed (3)": "-"}, "geometry": {"type": "Point", "coordinates": [-60.91043, -26.89831, 0.0]}}, {"type": "Feature", "properties": {"name": "-26.898310, -60.910430", "description": "unnamed (1): <br>Tipo de Espacio: Oficina Comercial<br>Nombre: CORZUELA<br>DIRECCI\u00d3N: Ruta 89 kms 202<br>PROVINCIA: Chaco<br>unnamed (2): <br>unnamed (3):  -", "styleUrl": "#icon-1739-9C27B0", "unnamed (1)": "", "Tipo de Espacio": "Oficina Comercial", "Nombre": "CORZUELA", "DIRECCI\u00d3N": "Ruta 89 kms 202", "PROVINCIA": "Chaco", "unnamed (2)": "", "unnamed (3)": "-"}, "geometry": {"type": "Point", "coordinates": [-60.91043, -26.89831, 0.0]}}, {"type": "Feature", "properties": {"name": "-33.01450, -61.82501", "description": "unnamed (1): 1<br>Tipo de Espacio: CDC<br>Nombre: CRUZ ALTA <br>DIRECCI\u00d3N: Ruta 6 Km 263<br>PROVINCIA: C\u00f3rdoba<br>unnamed (2): <br>unnamed (3):  -", "styleUrl": "#icon-1739-01579B", "unnamed (1)": "1.0", "Tipo de Espacio": "CDC", "Nombre": "CRUZ ALTA", "DIRECCI\u00d3N": "Ruta 6 Km 263", "PROVINCIA": "C\u00f3rdoba", "unnamed (2)": "", "unnamed (3)": "-"}, "geometry": {"type": "Point", "coordinates": [-61.82501, -33.0145, 0.0]}}, {"type": "Feature", "properties": {"name": "-31.826398, -64.305972", "description": "unnamed (1): 1<br>Tipo de Espacio: CDC<br>Nombre: DESPE\u00d1ADEROS<br>DIRECCI\u00d3N: Bv. San Martin S/N\u00ba<br>PROVINCIA: C\u00f3rdoba<br>unnamed (2): <br>unnamed (3):  -", "styleUrl": "#icon-1739-01579B", "unnamed (1)": "1.0", "Tipo de Espacio": "CDC", "Nombre": "DESPE\u00d1ADEROS", "DIRECCI\u00d3N": "Bv. San Martin S/N\u00ba", "PROVINCIA": "C\u00f3rdoba", "unnamed (2)": "", "unnamed (3)": "-"}, "geometry": {"type": "Point", "coordinates": [-64.305972, -31.826398, 0.0]}}, {"type": "Feature", "properties": {"name": "-34.57538, -62.05317", "description": "unnamed (1): 1<br>Tipo de Espacio: CDC<br>Nombre: GERMANIA<br>DIRECCI\u00d3N: La Pampa S/N\u00ba<br>PROVINCIA: Buenos Aires<br>unnamed (2): <br>unnamed (3):  -", "styleUrl": "#icon-1739-01579B", "unnamed (1)": "1.0", "Tipo de Espacio": "CDC", "Nombre": "GERMANIA", "DIRECCI\u00d3N": "La Pampa S/N\u00ba", "PROVINCIA": "Buenos Aires", "unnamed (2)": "", "unnamed (3)": "-"}, "geometry": {"type": "Point", "coordinates": [-62.05317, -34.57538, 0.0]}}, {"type": "Feature", "properties": {"name": "-33.02770, -59.31409", "description": "unnamed (1): 1<br>Tipo de Espacio: CDC<br>Nombre: GUALEGUAY<br>DIRECCI\u00d3N: Ruta Nac. N\u00ba 12 Km 242,5<br>PROVINCIA: Entre R\u00edos<br>unnamed (2): <br>unnamed (3):  -", "styleUrl": "#icon-1739-01579B", "unnamed (1)": "1.0", "Tipo de Espacio": "CDC", "Nombre": "GUALEGUAY", "DIRECCI\u00d3N": "Ruta Nac. N\u00ba 12 Km 242,5", "PROVINCIA": "Entre R\u00edos", "unnamed (2)": "", "unnamed (3)": "-"}, "geometry": {"type": "Point", "coordinates": [-59.31409, -33.0277, 0.0]}}, {"type": "Feature", "properties": {"name": "-33.04038, -58.63002", "description": "unnamed (1): 1<br>Tipo de Espacio: CDC<br>Nombre: GUALEGUAYCHU<br>DIRECCI\u00d3N: Ruta Prov. N\u00ba 16 - Km 65,3<br>PROVINCIA: Entre R\u00edos<br>unnamed (2): <br>unnamed (3):  -", "styleUrl": "#icon-1739-01579B", "unnamed (1)": "1.0", "Tipo de Espacio": "CDC", "Nombre": "GUALEGUAYCHU", "DIRECCI\u00d3N": "Ruta Prov. N\u00ba 16 - Km 65,3", "PROVINCIA": "Entre R\u00edos", "unnamed (2)": "", "unnamed (3)": "-"}, "geometry": {"type": "Point", "coordinates": [-58.63002, -33.04038, 0.0]}}, {"type": "Feature", "properties": {"name": "-37.057352, -61.925591", "description": "unnamed (1): 1<br>Tipo de Espacio: CDC<br>Nombre: HUANGUELEN<br>DIRECCI\u00d3N: Calle 12 e/21 y 22<br>PROVINCIA: Buenos Aires<br>unnamed (2): <br>unnamed (3):", "styleUrl": "#icon-1739-01579B", "unnamed (1)": "1.0", "Tipo de Espacio": "CDC", "Nombre": "HUANGUELEN", "DIRECCI\u00d3N": "Calle 12 e/21 y 22", "PROVINCIA": "Buenos Aires", "unnamed (2)": "", "unnamed (3)": ""}, "geometry": {"type": "Point", "coordinates": [-61.925591, -37.057352, 0.0]}}, {"type": "Feature", "properties": {"name": "-33.79934, -61.34264", "description": "unnamed (1): 1<br>Tipo de Espacio: CDC<br>Nombre: HUGHES<br>DIRECCI\u00d3N: Ruta 8 y Belgrano<br>PROVINCIA: C\u00f3rdoba<br>unnamed (2): <br>unnamed (3):  -", "styleUrl": "#icon-1739-01579B", "unnamed (1)": "1.0", "Tipo de Espacio": "CDC", "Nombre": "HUGHES", "DIRECCI\u00d3N": "Ruta 8 y Belgrano", "PROVINCIA": "C\u00f3rdoba", "unnamed (2)": "", "unnamed (3)": "-"}, "geometry": {"type": "Point", "coordinates": [-61.34264, -33.79934, 0.0]}}, {"type": "Feature", "properties": {"name": "-34.837962, -64.381912", "description": "unnamed (1): 1<br>Tipo de Espacio: CDC<br>Nombre: HUINCA RENANCO<br>DIRECCI\u00d3N: M\u00e9xico 54 <br>PROVINCIA: C\u00f3rdoba<br>unnamed (2): <br>unnamed (3):  -", "styleUrl": "#icon-1739-01579B", "unnamed (1)": "1.0", "Tipo de Espacio": "CDC", "Nombre": "HUINCA RENANCO", "DIRECCI\u00d3N": "M\u00e9xico 54", "PROVINCIA": "C\u00f3rdoba", "unnamed (2)": "", "unnamed (3)": "-"}, "geometry": {"type": "Point", "coordinates": [-64.381912, -34.837962, 0.0]}}, {"type": "Feature", "properties": {"name": "-34.399415, -60.536315", "description": "unnamed (1): 1<br>Tipo de Espacio: CDC<br>Nombre: INES INDART<br>DIRECCI\u00d3N: San Martin y Azopardo S/N<br>PROVINCIA: Buenos Aires<br>unnamed (2): <br>unnamed (3):  -", "styleUrl": "#icon-1739-01579B", "unnamed (1)": "1.0", "Tipo de Espacio": "CDC", "Nombre": "INES INDART", "DIRECCI\u00d3N": "San Martin y Azopardo S/N", "PROVINCIA": "Buenos Aires", "unnamed (2)": "", "unnamed (3)": "-"}, "geometry": {"type": "Point", "coordinates": [-60.536315, -34.399415, 0.0]}}, {"type": "Feature", "properties": {"name": "-34.41357, -61.92862", "description": "unnamed (1): 1<br>Tipo de Espacio: CDC<br>Nombre: IRIARTE<br>DIRECCI\u00d3N: Zona de Quintas<br>PROVINCIA: Buenos Aires<br>unnamed (2): <br>unnamed (3):  -", "styleUrl": "#icon-1739-01579B", "unnamed (1)": "1.0", "Tipo de Espacio": "CDC", "Nombre": "IRIARTE", "DIRECCI\u00d3N": "Zona de Quintas", "PROVINCIA": "Buenos Aires", "unnamed (2)": "", "unnamed (3)": "-"}, "geometry": {"type": "Point", "coordinates": [-61.92862, -34.41357, 0.0]}}, {"type": "Feature", "properties": {"name": "-33.980370, -59.670429", "description": "unnamed (1): 1<br>Tipo de Espacio: CDC<br>Nombre: IRINEO PORTELA<br>DIRECCI\u00d3N: Conesa 333<br>PROVINCIA: Buenos Aires<br>unnamed (2): <br>unnamed (3):  -", "styleUrl": "#icon-1739-01579B", "unnamed (1)": "1.0", "Tipo de Espacio": "CDC", "Nombre": "IRINEO PORTELA", "DIRECCI\u00d3N": "Conesa 333", "PROVINCIA": "Buenos Aires", "unnamed (2)": "", "unnamed (3)": "-"}, "geometry": {"type": "Point", "coordinates": [-59.670429, -33.98037, 0.0]}}, {"type": "Feature", "properties": {"name": "-32.172637,-63.456079", "description": "unnamed (1): 1<br>Tipo de Espacio: CDC<br>Nombre: JAMES CRAIK<br>DIRECCI\u00d3N: Ruta 9 km 591<br>PROVINCIA: C\u00f3rdoba<br>unnamed (2): <br>unnamed (3):  -", "styleUrl": "#icon-1739-01579B", "unnamed (1)": "1.0", "Tipo de Espacio": "CDC", "Nombre": "JAMES CRAIK", "DIRECCI\u00d3N": "Ruta 9 km 591", "PROVINCIA": "C\u00f3rdoba", "unnamed (2)": "", "unnamed (3)": "-"}, "geometry": {"type": "Point", "coordinates": [-63.45607900000001, -32.172637, 0.0]}}, {"type": "Feature", "properties": {"name": "-30.974297,-64.0841276", "description": "unnamed (1): 1<br>Tipo de Espacio: CDC<br>Nombre: JESUS MARIA <br>DIRECCI\u00d3N: Tilcara 283<br>PROVINCIA: C\u00f3rdoba<br>unnamed (2): <br>unnamed (3):  -", "styleUrl": "#icon-1739-01579B", "unnamed (1)": "1.0", "Tipo de Espacio": "CDC", "Nombre": "JESUS MARIA", "DIRECCI\u00d3N": "Tilcara 283", "PROVINCIA": "C\u00f3rdoba", "unnamed (2)": "", "unnamed (3)": "-"}, "geometry": {"type": "Point", "coordinates": [-64.0841276, -30.974297, 0.0]}}, {"type": "Feature", "properties": {"name": "-30.974297,-64.0841276", "description": "unnamed (1): <br>Tipo de Espacio: Oficina Comercial<br>Nombre: JESUS MARIA <br>DIRECCI\u00d3N: Tilcara 283<br>PROVINCIA: C\u00f3rdoba<br>unnamed (2): <br>unnamed (3):  -", "styleUrl": "#icon-1739-9C27B0", "unnamed (1)": "", "Tipo de Espacio": "Oficina Comercial", "Nombre": "JESUS MARIA", "DIRECCI\u00d3N": "Tilcara 283", "PROVINCIA": "C\u00f3rdoba", "unnamed (2)": "", "unnamed (3)": "-"}, "geometry": {"type": "Point", "coordinates": [-64.0841276, -30.974297, 0.0]}}, {"type": "Feature", "properties": {"name": "-33.860814, -65.176993", "description": "unnamed (1): 1<br>Tipo de Espacio: CDC<br>Nombre: JUSTO DARACT<br>DIRECCI\u00d3N: Hipolito Yrigoyen 743 <br>PROVINCIA: C\u00f3rdoba<br>unnamed (2): <br>unnamed (3):  -", "styleUrl": "#icon-1739-01579B", "unnamed (1)": "1.0", "Tipo de Espacio": "CDC", "Nombre": "JUSTO DARACT", "DIRECCI\u00d3N": "Hipolito Yrigoyen 743", "PROVINCIA": "C\u00f3rdoba", "unnamed (2)": "", "unnamed (3)": "-"}, "geometry": {"type": "Point", "coordinates": [-65.176993, -33.860814, 0.0]}}, {"type": "Feature", "properties": {"name": "-33.860814, -65.176993", "description": "unnamed (1): <br>Tipo de Espacio: Oficina Comercial<br>Nombre: JUSTO DARACT<br>DIRECCI\u00d3N: Hipolito Yrigoyen 743 <br>PROVINCIA: C\u00f3rdoba<br>unnamed (2): <br>unnamed (3):  -", "styleUrl": "#icon-1739-9C27B0", "unnamed (1)": "", "Tipo de Espacio": "Oficina Comercial", "Nombre": "JUSTO DARACT", "DIRECCI\u00d3N": "Hipolito Yrigoyen 743", "PROVINCIA": "C\u00f3rdoba", "unnamed (2)": "", "unnamed (3)": "-"}, "geometry": {"type": "Point", "coordinates": [-65.176993, -33.860814, 0.0]}}, {"type": "Feature", "properties": {"name": "-33.54157, -61.97067", "description": "unnamed (1): 1<br>Tipo de Espacio: CDC<br>Nombre: LA CHISPA <br>DIRECCI\u00d3N: Ruta 94 y Rep\u00fablica<br>PROVINCIA: Santa Fe<br>unnamed (2): <br>unnamed (3):  -", "styleUrl": "#icon-1739-01579B", "unnamed (1)": "1.0", "Tipo de Espacio": "CDC", "Nombre": "LA CHISPA", "DIRECCI\u00d3N": "Ruta 94 y Rep\u00fablica", "PROVINCIA": "Santa Fe", "unnamed (2)": "", "unnamed (3)": "-"}, "geometry": {"type": "Point", "coordinates": [-61.97067000000001, -33.54157, 0.0]}}, {"type": "Feature", "properties": {"name": "-31.404465, -62.635397", "description": "unnamed (1): 1<br>Tipo de Espacio: CDC<br>Nombre: LA FRANCIA<br>DIRECCI\u00d3N: Bv C\u00f3rdoba 202<br>PROVINCIA: C\u00f3rdoba<br>unnamed (2): <br>unnamed (3):  -", "styleUrl": "#icon-1739-01579B", "unnamed (1)": "1.0", "Tipo de Espacio": "CDC", "Nombre": "LA FRANCIA", "DIRECCI\u00d3N": "Bv C\u00f3rdoba 202", "PROVINCIA": "C\u00f3rdoba", "unnamed (2)": "", "unnamed (3)": "-"}, "geometry": {"type": "Point", "coordinates": [-62.635397, -31.404465, 0.0]}}, {"type": "Feature", "properties": {"name": "-31.404465, -62.635397", "description": "unnamed (1): <br>Tipo de Espacio: Oficina Comercial<br>Nombre: LA FRANCIA<br>DIRECCI\u00d3N: Bv C\u00f3rdoba 202<br>PROVINCIA: C\u00f3rdoba<br>unnamed (2): <br>unnamed (3):  -", "styleUrl": "#icon-1739-9C27B0", "unnamed (1)": "", "Tipo de Espacio": "Oficina Comercial", "Nombre": "LA FRANCIA", "DIRECCI\u00d3N": "Bv C\u00f3rdoba 202", "PROVINCIA": "C\u00f3rdoba", "unnamed (2)": "", "unnamed (3)": "-"}, "geometry": {"type": "Point", "coordinates": [-62.635397, -31.404465, 0.0]}}, {"type": "Feature", "properties": {"name": "-32.795480, -63.217011", "description": "unnamed (1): 1<br>Tipo de Espacio: CDC<br>Nombre: LA LAGUNA<br>DIRECCI\u00d3N: Ruta 6 km. 127,5<br>PROVINCIA: C\u00f3rdoba<br>unnamed (2): <br>unnamed (3):  -", "styleUrl": "#icon-1739-01579B", "unnamed (1)": "1.0", "Tipo de Espacio": "CDC", "Nombre": "LA LAGUNA", "DIRECCI\u00d3N": "Ruta 6 km. 127,5", "PROVINCIA": "C\u00f3rdoba", "unnamed (2)": "", "unnamed (3)": "-"}, "geometry": {"type": "Point", "coordinates": [-63.217011, -32.79548, 0.0]}}, {"type": "Feature", "properties": {"name": "-32.795480, -63.217011", "description": "unnamed (1): <br>Tipo de Espacio: Oficina Comercial<br>Nombre: LA LAGUNA<br>DIRECCI\u00d3N: Ruta 6 km. 127,5<br>PROVINCIA: C\u00f3rdoba<br>unnamed (2): <br>unnamed (3):  -", "styleUrl": "#icon-1739-9C27B0", "unnamed (1)": "", "Tipo de Espacio": "Oficina Comercial", "Nombre": "LA LAGUNA", "DIRECCI\u00d3N": "Ruta 6 km. 127,5", "PROVINCIA": "C\u00f3rdoba", "unnamed (2)": "", "unnamed (3)": "-"}, "geometry": {"type": "Point", "coordinates": [-63.217011, -32.79548, 0.0]}}, {"type": "Feature", "properties": {"name": "-32.101483, -63.033633", "description": "unnamed (1): 1<br>Tipo de Espacio: CDC<br>Nombre: LA PLAYOSA<br>DIRECCI\u00d3N: Buenos Aires 499<br>PROVINCIA: C\u00f3rdoba<br>unnamed (2): <br>unnamed (3):  -", "styleUrl": "#icon-1739-01579B", "unnamed (1)": "1.0", "Tipo de Espacio": "CDC", "Nombre": "LA PLAYOSA", "DIRECCI\u00d3N": "Buenos Aires 499", "PROVINCIA": "C\u00f3rdoba", "unnamed (2)": "", "unnamed (3)": "-"}, "geometry": {"type": "Point", "coordinates": [-63.033633, -32.101483, 0.0]}}, {"type": "Feature", "properties": {"name": "-32.101483, -63.033633", "description": "unnamed (1): <br>Tipo de Espacio: Oficina Comercial<br>Nombre: LA PLAYOSA<br>DIRECCI\u00d3N: Buenos Aires 499<br>PROVINCIA: C\u00f3rdoba<br>unnamed (2): <br>unnamed (3):  -", "styleUrl": "#icon-1739-9C27B0", "unnamed (1)": "", "Tipo de Espacio": "Oficina Comercial", "Nombre": "LA PLAYOSA", "DIRECCI\u00d3N": "Buenos Aires 499", "PROVINCIA": "C\u00f3rdoba", "unnamed (2)": "", "unnamed (3)": "-"}, "geometry": {"type": "Point", "coordinates": [-63.033633, -32.101483, 0.0]}}, {"type": "Feature", "properties": {"name": "-34.144013, -63.400470", "description": "unnamed (1): 1<br>Tipo de Espacio: CDC<br>Nombre: LABOULAYE<br>DIRECCI\u00d3N: Senador Ferreiro 293<br>PROVINCIA: C\u00f3rdoba<br>unnamed (2): <br>unnamed (3):  -", "styleUrl": "#icon-1739-01579B", "unnamed (1)": "1.0", "Tipo de Espacio": "CDC", "Nombre": "LABOULAYE", "DIRECCI\u00d3N": "Senador Ferreiro 293", "PROVINCIA": "C\u00f3rdoba", "unnamed (2)": "", "unnamed (3)": "-"}, "geometry": {"type": "Point", "coordinates": [-63.40047, -34.144013, 0.0]}}, {"type": "Feature", "properties": {"name": "-36.02752, -59.08529", "description": "unnamed (1): 1<br>Tipo de Espacio: CDC<br>Nombre: LAS FLORES<br>DIRECCI\u00d3N: 25 de Mayo y Tucum\u00e1n<br>PROVINCIA: Buenos Aires<br>unnamed (2): <br>unnamed (3):  -", "styleUrl": "#icon-1739-01579B", "unnamed (1)": "1.0", "Tipo de Espacio": "CDC", "Nombre": "LAS FLORES", "DIRECCI\u00d3N": "25 de Mayo y Tucum\u00e1n", "PROVINCIA": "Buenos Aires", "unnamed (2)": "", "unnamed (3)": "-"}, "geometry": {"type": "Point", "coordinates": [-59.08529, -36.02752, 0.0]}}, {"type": "Feature", "properties": {"name": "-32.47425, -61.57216", "description": "unnamed (1): 1<br>Tipo de Espacio: CDC<br>Nombre: LAS ROSAS<br>DIRECCI\u00d3N: Bv. Kemmis  N\u00ba 1189 <br>PROVINCIA: Santa Fe<br>unnamed (2): <br>unnamed (3):  -", "styleUrl": "#icon-1739-01579B", "unnamed (1)": "1.0", "Tipo de Espacio": "CDC", "Nombre": "LAS ROSAS", "DIRECCI\u00d3N": "Bv. Kemmis  N\u00ba 1189", "PROVINCIA": "Santa Fe", "unnamed (2)": "", "unnamed (3)": "-"}, "geometry": {"type": "Point", "coordinates": [-61.57215999999999, -32.47425, 0.0]}}, {"type": "Feature", "properties": {"name": "-32.47425, -61.57216", "description": "unnamed (1): <br>Tipo de Espacio: Oficina Comercial<br>Nombre: LAS ROSAS<br>DIRECCI\u00d3N: Bv. Kemmis  N\u00ba 1189 <br>PROVINCIA: Santa Fe<br>unnamed (2): <br>unnamed (3):  -", "styleUrl": "#icon-1739-9C27B0", "unnamed (1)": "", "Tipo de Espacio": "Oficina Comercial", "Nombre": "LAS ROSAS", "DIRECCI\u00d3N": "Bv. Kemmis  N\u00ba 1189", "PROVINCIA": "Santa Fe", "unnamed (2)": "", "unnamed (3)": "-"}, "geometry": {"type": "Point", "coordinates": [-61.57215999999999, -32.47425, 0.0]}}, {"type": "Feature", "properties": {"name": "-34.017106, -63.895888", "description": "unnamed (1): 1<br>Tipo de Espacio: CDC<br>Nombre: LEVALLE<br>DIRECCI\u00d3N: Ex Ruta Nacional N\u00b0 7 Km 533,5<br>PROVINCIA: C\u00f3rdoba<br>unnamed (2): <br>unnamed (3):  -", "styleUrl": "#icon-1739-01579B", "unnamed (1)": "1.0", "Tipo de Espacio": "CDC", "Nombre": "LEVALLE", "DIRECCI\u00d3N": "Ex Ruta Nacional N\u00b0 7 Km 533,5", "PROVINCIA": "C\u00f3rdoba", "unnamed (2)": "", "unnamed (3)": "-"}, "geometry": {"type": "Point", "coordinates": [-63.895888, -34.017106, 0.0]}}, {"type": "Feature", "properties": {"name": "-26.416867, -61.392952", "description": "unnamed (1): 1<br>Tipo de Espacio: CDC<br>Nombre: LOS FRENTONES<br>DIRECCI\u00d3N: Ruta 16 Km 284<br>PROVINCIA: Chaco<br>unnamed (2): <br>unnamed (3):  -", "styleUrl": "#icon-1739-01579B", "unnamed (1)": "1.0", "Tipo de Espacio": "CDC", "Nombre": "LOS FRENTONES", "DIRECCI\u00d3N": "Ruta 16 Km 284", "PROVINCIA": "Chaco", "unnamed (2)": "", "unnamed (3)": "-"}, "geometry": {"type": "Point", "coordinates": [-61.39295200000001, -26.416867, 0.0]}}, {"type": "Feature", "properties": {"name": "-33.38297, -61.69898", "description": "unnamed (1): 1<br>Tipo de Espacio: CDC<br>Nombre: LOS QUIRQUINCHOS<br>DIRECCI\u00d3N: Ruta 93 Km 62,5<br>PROVINCIA: Santa Fe<br>unnamed (2): <br>unnamed (3):  -", "styleUrl": "#icon-1739-01579B", "unnamed (1)": "1.0", "Tipo de Espacio": "CDC", "Nombre": "LOS QUIRQUINCHOS", "DIRECCI\u00d3N": "Ruta 93 Km 62,5", "PROVINCIA": "Santa Fe", "unnamed (2)": "", "unnamed (3)": "-"}, "geometry": {"type": "Point", "coordinates": [-61.69898, -33.38297, 0.0]}}, {"type": "Feature", "properties": {"name": "-32.97941, -62.02469", "description": "unnamed (1): 1<br>Tipo de Espacio: CDC<br>Nombre: LOS SURGENTES<br>DIRECCI\u00d3N: L. N. Alem 139 bis<br>PROVINCIA: Santa Fe<br>unnamed (2): <br>unnamed (3):  -", "styleUrl": "#icon-1739-01579B", "unnamed (1)": "1.0", "Tipo de Espacio": "CDC", "Nombre": "LOS SURGENTES", "DIRECCI\u00d3N": "L. N. Alem 139 bis", "PROVINCIA": "Santa Fe", "unnamed (2)": "", "unnamed (3)": "-"}, "geometry": {"type": "Point", "coordinates": [-62.02469000000001, -32.97941, 0.0]}}, {"type": "Feature", "properties": {"name": "-31.651655, -63.318001", "description": "unnamed (1): 1<br>Tipo de Espacio: CDC<br>Nombre: LUQUE<br>DIRECCI\u00d3N: Ruta prov. N\u00ba13 Km 57.5<br>PROVINCIA: C\u00f3rdoba<br>unnamed (2): <br>unnamed (3):  -", "styleUrl": "#icon-1739-01579B", "unnamed (1)": "1.0", "Tipo de Espacio": "CDC", "Nombre": "LUQUE", "DIRECCI\u00d3N": "Ruta prov. N\u00ba13 Km 57.5", "PROVINCIA": "C\u00f3rdoba", "unnamed (2)": "", "unnamed (3)": "-"}, "geometry": {"type": "Point", "coordinates": [-63.318001, -31.651655, 0.0]}}, {"type": "Feature", "properties": {"name": "-31.843159, -63.743482", "description": "unnamed (1): 1<br>Tipo de Espacio: CDC<br>Nombre: MANFREDI<br>DIRECCI\u00d3N: Ruta Nac. 9 Km 638<br>PROVINCIA: C\u00f3rdoba<br>unnamed (2): <br>unnamed (3):  -", "styleUrl": "#icon-1739-01579B", "unnamed (1)": "1.0", "Tipo de Espacio": "CDC", "Nombre": "MANFREDI", "DIRECCI\u00d3N": "Ruta Nac. 9 Km 638", "PROVINCIA": "C\u00f3rdoba", "unnamed (2)": "", "unnamed (3)": "-"}, "geometry": {"type": "Point", "coordinates": [-63.743482, -31.843159, 0.0]}}, {"type": "Feature", "properties": {"name": "-36.1643244, -63.5026275", "description": "unnamed (1): 1<br>Tipo de Espacio: CDC<br>Nombre: MIGUEL CANE<br>DIRECCI\u00d3N: Cruce Rutas Provinciales 1 y 10<br>PROVINCIA: C\u00f3rdoba<br>unnamed (2): <br>unnamed (3):  -", "styleUrl": "#icon-1739-01579B", "unnamed (1)": "1.0", "Tipo de Espacio": "CDC", "Nombre": "MIGUEL CANE", "DIRECCI\u00d3N": "Cruce Rutas Provinciales 1 y 10", "PROVINCIA": "C\u00f3rdoba", "unnamed (2)": "", "unnamed (3)": "-"}, "geometry": {"type": "Point", "coordinates": [-63.5026275, -36.1643244, 0.0]}}, {"type": "Feature", "properties": {"name": "-31.352381, -63.952869", "description": "unnamed (1): 1<br>Tipo de Espacio: CDC<br>Nombre: MONTECRISTO<br>DIRECCI\u00d3N: Marcelo T de Alvear 653<br>PROVINCIA: C\u00f3rdoba<br>unnamed (2): <br>unnamed (3):  -", "styleUrl": "#icon-1739-01579B", "unnamed (1)": "1.0", "Tipo de Espacio": "CDC", "Nombre": "MONTECRISTO", "DIRECCI\u00d3N": "Marcelo T de Alvear 653", "PROVINCIA": "C\u00f3rdoba", "unnamed (2)": "", "unnamed (3)": "-"}, "geometry": {"type": "Point", "coordinates": [-63.952869, -31.352381, 0.0]}}, {"type": "Feature", "properties": {"name": "-33.64769, -61.85858", "description": "unnamed (1): 1<br>Tipo de Espacio: CDC<br>Nombre: MURPHY<br>DIRECCI\u00d3N: Ruta Nac. 33 y C\u00f3rdoba<br>PROVINCIA: Santa Fe<br>unnamed (2): <br>unnamed (3):  -", "styleUrl": "#icon-1739-01579B", "unnamed (1)": "1.0", "Tipo de Espacio": "CDC", "Nombre": "MURPHY", "DIRECCI\u00d3N": "Ruta Nac. 33 y C\u00f3rdoba", "PROVINCIA": "Santa Fe", "unnamed (2)": "", "unnamed (3)": "-"}, "geometry": {"type": "Point", "coordinates": [-61.85858, -33.64769, 0.0]}}, {"type": "Feature", "properties": {"name": "-35.010466, -59.279314", "description": "unnamed (1): 1<br>Tipo de Espacio: CDC<br>Nombre: NAVARRO<br>DIRECCI\u00d3N: Av 16 entre calle 101 y 103 N\u00ba82<br>PROVINCIA: Buenos Aires<br>unnamed (2): <br>unnamed (3):  -", "styleUrl": "#icon-1739-01579B", "unnamed (1)": "1.0", "Tipo de Espacio": "CDC", "Nombre": "NAVARRO", "DIRECCI\u00d3N": "Av 16 entre calle 101 y 103 N\u00ba82", "PROVINCIA": "Buenos Aires", "unnamed (2)": "", "unnamed (3)": "-"}, "geometry": {"type": "Point", "coordinates": [-59.279314, -35.010466, 0.0]}}, {"type": "Feature", "properties": {"name": "-30.781398, -63.430198", "description": "unnamed (1): 1<br>Tipo de Espacio: CDC<br>Nombre: OBISPO TREJO <br>DIRECCI\u00d3N: San Martin S/N\u00ba<br>PROVINCIA: C\u00f3rdoba<br>unnamed (2): <br>unnamed (3):  -", "styleUrl": "#icon-1739-01579B", "unnamed (1)": "1.0", "Tipo de Espacio": "CDC", "Nombre": "OBISPO TREJO", "DIRECCI\u00d3N": "San Martin S/N\u00ba", "PROVINCIA": "C\u00f3rdoba", "unnamed (2)": "", "unnamed (3)": "-"}, "geometry": {"type": "Point", "coordinates": [-63.430198, -30.781398, 0.0]}}, {"type": "Feature", "properties": {"name": "-36.884550, -60.280296", "description": "unnamed (1): 1<br>Tipo de Espacio: CDC<br>Nombre: OLAVARR\u00cdA<br>DIRECCI\u00d3N: Pellegrini 6000<br>PROVINCIA: Buenos Aires<br>unnamed (2): <br>unnamed (3):  -", "styleUrl": "#icon-1739-01579B", "unnamed (1)": "1.0", "Tipo de Espacio": "CDC", "Nombre": "OLAVARR\u00cdA", "DIRECCI\u00d3N": "Pellegrini 6000", "PROVINCIA": "Buenos Aires", "unnamed (2)": "", "unnamed (3)": "-"}, "geometry": {"type": "Point", "coordinates": [-60.280296, -36.88455, 0.0]}}, {"type": "Feature", "properties": {"name": "-32.044177, -63.568634", "description": "unnamed (1): 1<br>Tipo de Espacio: CDC<br>Nombre: OLIVA<br>DIRECCI\u00d3N: San Lorenzo 57<br>PROVINCIA: C\u00f3rdoba<br>unnamed (2): SOLO CDC<br>unnamed (3):  -", "styleUrl": "#icon-1739-01579B", "unnamed (1)": "1.0", "Tipo de Espacio": "CDC", "Nombre": "OLIVA", "DIRECCI\u00d3N": "San Lorenzo 57", "PROVINCIA": "C\u00f3rdoba", "unnamed (2)": "SOLO CDC", "unnamed (3)": "-"}, "geometry": {"type": "Point", "coordinates": [-63.568634, -32.044177, 0.0]}}, {"type": "Feature", "properties": {"name": "-32.044177, -63.568634", "description": "unnamed (1): <br>Tipo de Espacio: Oficina Comercial<br>Nombre: OLIVA<br>DIRECCI\u00d3N: San Lorenzo 57<br>PROVINCIA: C\u00f3rdoba<br>unnamed (2): <br>unnamed (3):  -", "styleUrl": "#icon-1739-9C27B0", "unnamed (1)": "", "Tipo de Espacio": "Oficina Comercial", "Nombre": "OLIVA", "DIRECCI\u00d3N": "San Lorenzo 57", "PROVINCIA": "C\u00f3rdoba", "unnamed (2)": "", "unnamed (3)": "-"}, "geometry": {"type": "Point", "coordinates": [-63.568634, -32.044177, 0.0]}}, {"type": "Feature", "properties": {"name": "-35.73014, -61.73980", "description": "unnamed (1): 1<br>Tipo de Espacio: CDC<br>Nombre: PEHUAJO<br>DIRECCI\u00d3N: Av. San Martin 265<br>PROVINCIA: Buenos Aires<br>unnamed (2): <br>unnamed (3):  -", "styleUrl": "#icon-1739-01579B", "unnamed (1)": "1.0", "Tipo de Espacio": "CDC", "Nombre": "PEHUAJO", "DIRECCI\u00d3N": "Av. San Martin 265", "PROVINCIA": "Buenos Aires", "unnamed (2)": "", "unnamed (3)": "-"}, "geometry": {"type": "Point", "coordinates": [-61.7398, -35.73014, 0.0]}}, {"type": "Feature", "properties": {"name": "-33.88631, -60.60100", "description": "unnamed (1): 1<br>Tipo de Espacio: CDC<br>Nombre: PERGAMINO<br>DIRECCI\u00d3N: Av. Jauregui 3200<br>PROVINCIA: Buenos Aires<br>unnamed (2): <br>unnamed (3):  -", "styleUrl": "#icon-1739-01579B", "unnamed (1)": "1.0", "Tipo de Espacio": "CDC", "Nombre": "PERGAMINO", "DIRECCI\u00d3N": "Av. Jauregui 3200", "PROVINCIA": "Buenos Aires", "unnamed (2)": "", "unnamed (3)": "-"}, "geometry": {"type": "Point", "coordinates": [-60.601, -33.88631, 0.0]}}, {"type": "Feature", "properties": {"name": "-31.676116, -63.853728", "description": "unnamed (1): 1<br>Tipo de Espacio: CDC<br>Nombre: PILAR<br>DIRECCI\u00d3N: Ruta Nac. 13 km. 2,5<br>PROVINCIA: C\u00f3rdoba<br>unnamed (2): <br>unnamed (3):  -", "styleUrl": "#icon-1739-01579B", "unnamed (1)": "1.0", "Tipo de Espacio": "CDC", "Nombre": "PILAR", "DIRECCI\u00d3N": "Ruta Nac. 13 km. 2,5", "PROVINCIA": "C\u00f3rdoba", "unnamed (2)": "", "unnamed (3)": "-"}, "geometry": {"type": "Point", "coordinates": [-63.85372799999999, -31.676116, 0.0]}}, {"type": "Feature", "properties": {"name": "-31.676116, -63.853728", "description": "unnamed (1): <br>Tipo de Espacio: Oficina Comercial<br>Nombre: PILAR<br>DIRECCI\u00d3N: Ruta Nac. 13 km. 2,5<br>PROVINCIA: C\u00f3rdoba<br>unnamed (2): <br>unnamed (3):  -", "styleUrl": "#icon-1739-9C27B0", "unnamed (1)": "", "Tipo de Espacio": "Oficina Comercial", "Nombre": "PILAR", "DIRECCI\u00d3N": "Ruta Nac. 13 km. 2,5", "PROVINCIA": "C\u00f3rdoba", "unnamed (2)": "", "unnamed (3)": "-"}, "geometry": {"type": "Point", "coordinates": [-63.85372799999999, -31.676116, 0.0]}}, {"type": "Feature", "properties": {"name": "-27.69333, -62.44745", "description": "unnamed (1): 1<br>Tipo de Espacio: CDC<br>Nombre: QUIMILI<br>DIRECCI\u00d3N: Ruta Prov. 92 km 243<br>PROVINCIA: Entre R\u00edos<br>unnamed (2): <br>unnamed (3):  -", "styleUrl": "#icon-1739-01579B", "unnamed (1)": "1.0", "Tipo de Espacio": "CDC", "Nombre": "QUIMILI", "DIRECCI\u00d3N": "Ruta Prov. 92 km 243", "PROVINCIA": "Entre R\u00edos", "unnamed (2)": "", "unnamed (3)": "-"}, "geometry": {"type": "Point", "coordinates": [-62.44745, -27.69333, 0.0]}}, {"type": "Feature", "properties": {"name": "-32.174078, -64.106296", "description": "unnamed (1): 1<br>Tipo de Espacio: CDC<br>Nombre: RIO TERCERO<br>DIRECCI\u00d3N: Indep. y Presbitero A. Molina<br>PROVINCIA: C\u00f3rdoba<br>unnamed (2): <br>unnamed (3):  -", "styleUrl": "#icon-1739-01579B", "unnamed (1)": "1.0", "Tipo de Espacio": "CDC", "Nombre": "RIO TERCERO", "DIRECCI\u00d3N": "Indep. y Presbitero A. Molina", "PROVINCIA": "C\u00f3rdoba", "unnamed (2)": "", "unnamed (3)": "-"}, "geometry": {"type": "Point", "coordinates": [-64.106296, -32.174078, 0.0]}}, {"type": "Feature", "properties": {"name": "-25.8011529, -64.9717441", "description": "unnamed (1): 1<br>Tipo de Espacio: CDC<br>Nombre: ROSARIO DE LA FRONTERA<br>DIRECCI\u00d3N: Guemes 91<br>PROVINCIA: C\u00f3rdoba<br>unnamed (2): <br>unnamed (3):  -", "styleUrl": "#icon-1739-01579B", "unnamed (1)": "1.0", "Tipo de Espacio": "CDC", "Nombre": "ROSARIO DE LA FRONTERA", "DIRECCI\u00d3N": "Guemes 91", "PROVINCIA": "C\u00f3rdoba", "unnamed (2)": "", "unnamed (3)": "-"}, "geometry": {"type": "Point", "coordinates": [-64.9717441, -25.80115290000001, 0.0]}}, {"type": "Feature", "properties": {"name": "-25.8011529, -64.9717441", "description": "unnamed (1): <br>Tipo de Espacio: Oficina Comercial<br>Nombre: ROSARIO DE LA FRONTERA<br>DIRECCI\u00d3N: Guemes 91<br>PROVINCIA: C\u00f3rdoba<br>unnamed (2): <br>unnamed (3):  -", "styleUrl": "#icon-1739-9C27B0", "unnamed (1)": "", "Tipo de Espacio": "Oficina Comercial", "Nombre": "ROSARIO DE LA FRONTERA", "DIRECCI\u00d3N": "Guemes 91", "PROVINCIA": "C\u00f3rdoba", "unnamed (2)": "", "unnamed (3)": "-"}, "geometry": {"type": "Point", "coordinates": [-64.9717441, -25.80115290000001, 0.0]}}, {"type": "Feature", "properties": {"name": "-34.22253, -62.60630", "description": "unnamed (1): 1<br>Tipo de Espacio: CDC<br>Nombre: RUFINO<br>DIRECCI\u00d3N: Ruta Nac. 33 Km 546<br>PROVINCIA: C\u00f3rdoba<br>unnamed (2): <br>unnamed (3):  -", "styleUrl": "#icon-1739-01579B", "unnamed (1)": "1.0", "Tipo de Espacio": "CDC", "Nombre": "RUFINO", "DIRECCI\u00d3N": "Ruta Nac. 33 Km 546", "PROVINCIA": "C\u00f3rdoba", "unnamed (2)": "", "unnamed (3)": "-"}, "geometry": {"type": "Point", "coordinates": [-62.6063, -34.22253, 0.0]}}, {"type": "Feature", "properties": {"name": "-31.664078, -63.059168", "description": "unnamed (1): 1<br>Tipo de Espacio: CDC<br>Nombre: SACANTA<br>DIRECCI\u00d3N: Ruta 13 km 83<br>PROVINCIA: C\u00f3rdoba<br>unnamed (2): <br>unnamed (3):  -", "styleUrl": "#icon-1739-01579B", "unnamed (1)": "1.0", "Tipo de Espacio": "CDC", "Nombre": "SACANTA", "DIRECCI\u00d3N": "Ruta 13 km 83", "PROVINCIA": "C\u00f3rdoba", "unnamed (2)": "", "unnamed (3)": "-"}, "geometry": {"type": "Point", "coordinates": [-63.05916800000001, -31.664078, 0.0]}}, {"type": "Feature", "properties": {"name": "-34.311840, -60.238539", "description": "unnamed (1): 1<br>Tipo de Espacio: CDC<br>Nombre: SALTO<br>DIRECCI\u00d3N: Australia Esquina Canada<br>PROVINCIA: Buenos Aires<br>unnamed (2): <br>unnamed (3):  -", "styleUrl": "#icon-1739-01579B", "unnamed (1)": "1.0", "Tipo de Espacio": "CDC", "Nombre": "SALTO", "DIRECCI\u00d3N": "Australia Esquina Canada", "PROVINCIA": "Buenos Aires", "unnamed (2)": "", "unnamed (3)": "-"}, "geometry": {"type": "Point", "coordinates": [-60.238539, -34.31184, 0.0]}}, {"type": "Feature", "properties": {"name": "-32.3535258,-61.3458336", "description": "unnamed (1): 1<br>Tipo de Espacio: CDC<br>Nombre: SAN GENARO <br>DIRECCI\u00d3N: Ruta Prov. N\u00b0 65 - Km. 2<br>PROVINCIA: Santa Fe<br>unnamed (2): <br>unnamed (3):  -", "styleUrl": "#icon-1739-01579B", "unnamed (1)": "1.0", "Tipo de Espacio": "CDC", "Nombre": "SAN GENARO", "DIRECCI\u00d3N": "Ruta Prov. N\u00b0 65 - Km. 2", "PROVINCIA": "Santa Fe", "unnamed (2)": "", "unnamed (3)": "-"}, "geometry": {"type": "Point", "coordinates": [-61.34583360000001, -32.3535258, 0.0]}}, {"type": "Feature", "properties": {"name": "-33.11822, -61.71775", "description": "unnamed (1): 1<br>Tipo de Espacio: CDC<br>Nombre: SAN JOSE DE LA ESQUINA<br>DIRECCI\u00d3N: Pasteur 1946<br>PROVINCIA: Santa Fe<br>unnamed (2): <br>unnamed (3):  -", "styleUrl": "#icon-1739-01579B", "unnamed (1)": "1.0", "Tipo de Espacio": "CDC", "Nombre": "SAN JOSE DE LA ESQUINA", "DIRECCI\u00d3N": "Pasteur 1946", "PROVINCIA": "Santa Fe", "unnamed (2)": "", "unnamed (3)": "-"}, "geometry": {"type": "Point", "coordinates": [-61.71775, -33.11822, 0.0]}}, {"type": "Feature", "properties": {"name": "-32.99116, -60.68178", "description": "unnamed (1): 1<br>Tipo de Espacio: CDC<br>Nombre: SANTA CLARA<br>DIRECCI\u00d3N: Uriburu 3366<br>PROVINCIA: Santa Fe<br>unnamed (2): <br>unnamed (3):  -", "styleUrl": "#icon-1739-01579B", "unnamed (1)": "1.0", "Tipo de Espacio": "CDC", "Nombre": "SANTA CLARA", "DIRECCI\u00d3N": "Uriburu 3366", "PROVINCIA": "Santa Fe", "unnamed (2)": "", "unnamed (3)": "-"}, "geometry": {"type": "Point", "coordinates": [-60.68178, -32.99116, 0.0]}}, {"type": "Feature", "properties": {"name": "-36.605227, -64.263413", "description": "unnamed (1): 1<br>Tipo de Espacio: CDC<br>Nombre: SANTA ROSA<br>DIRECCI\u00d3N: VICTOR ARRIAGA S/N<br>PROVINCIA: C\u00f3rdoba<br>unnamed (2): <br>unnamed (3):  -", "styleUrl": "#icon-1739-01579B", "unnamed (1)": "1.0", "Tipo de Espacio": "CDC", "Nombre": "SANTA ROSA", "DIRECCI\u00d3N": "VICTOR ARRIAGA S/N", "PROVINCIA": "C\u00f3rdoba", "unnamed (2)": "", "unnamed (3)": "-"}, "geometry": {"type": "Point", "coordinates": [-64.263413, -36.605227, 0.0]}}, {"type": "Feature", "properties": {"name": "-33.42837, -60.62488", "description": "unnamed (1): 1<br>Tipo de Espacio: CDC<br>Nombre: SARGENTO CABRAL<br>DIRECCI\u00d3N: Av. San Pedro s/n.<br>PROVINCIA: Santa Fe<br>unnamed (2): <br>unnamed (3):  -", "styleUrl": "#icon-1739-01579B", "unnamed (1)": "1.0", "Tipo de Espacio": "CDC", "Nombre": "SARGENTO CABRAL", "DIRECCI\u00d3N": "Av. San Pedro s/n.", "PROVINCIA": "Santa Fe", "unnamed (2)": "", "unnamed (3)": "-"}, "geometry": {"type": "Point", "coordinates": [-60.62488, -33.42837, 0.0]}}, {"type": "Feature", "properties": {"name": "-34.466943, -63.542669", "description": "unnamed (1): 1<br>Tipo de Espacio: CDC<br>Nombre: SERRANO<br>DIRECCI\u00d3N: Predio Ferrocarril S/N\u00ba <br>PROVINCIA: C\u00f3rdoba<br>unnamed (2): <br>unnamed (3):  -", "styleUrl": "#icon-1739-01579B", "unnamed (1)": "1.0", "Tipo de Espacio": "CDC", "Nombre": "SERRANO", "DIRECCI\u00d3N": "Predio Ferrocarril S/N\u00ba", "PROVINCIA": "C\u00f3rdoba", "unnamed (2)": "", "unnamed (3)": "-"}, "geometry": {"type": "Point", "coordinates": [-63.542669, -34.466943, 0.0]}}, {"type": "Feature", "properties": {"name": "-34.466943, -63.542669", "description": "unnamed (1): <br>Tipo de Espacio: Oficina Comercial<br>Nombre: SERRANO<br>DIRECCI\u00d3N: Predio Ferrocarril S/N\u00ba <br>PROVINCIA: C\u00f3rdoba<br>unnamed (2): <br>unnamed (3):  -", "styleUrl": "#icon-1739-9C27B0", "unnamed (1)": "", "Tipo de Espacio": "Oficina Comercial", "Nombre": "SERRANO", "DIRECCI\u00d3N": "Predio Ferrocarril S/N\u00ba", "PROVINCIA": "C\u00f3rdoba", "unnamed (2)": "", "unnamed (3)": "-"}, "geometry": {"type": "Point", "coordinates": [-63.542669, -34.466943, 0.0]}}, {"type": "Feature", "properties": {"name": "-32.295002, -63.348167", "description": "unnamed (1): 1<br>Tipo de Espacio: CDC<br>Nombre: TIO PUJIO<br>DIRECCI\u00d3N: Ruta Nac. 9 Km 575,5<br>PROVINCIA: C\u00f3rdoba<br>unnamed (2): <br>unnamed (3):  -", "styleUrl": "#icon-1739-01579B", "unnamed (1)": "1.0", "Tipo de Espacio": "CDC", "Nombre": "TIO PUJIO", "DIRECCI\u00d3N": "Ruta Nac. 9 Km 575,5", "PROVINCIA": "C\u00f3rdoba", "unnamed (2)": "", "unnamed (3)": "-"}, "geometry": {"type": "Point", "coordinates": [-63.348167, -32.295002, 0.0]}}, {"type": "Feature", "properties": {"name": "-32.58345, -61.14125", "description": "unnamed (1): 1<br>Tipo de Espacio: CDC<br>Nombre: TOTORAS<br>DIRECCI\u00d3N: Ruta Provincial N\u00ba 91 Km. 19<br>PROVINCIA: Santa Fe<br>unnamed (2): <br>unnamed (3):  -", "styleUrl": "#icon-1739-01579B", "unnamed (1)": "1.0", "Tipo de Espacio": "CDC", "Nombre": "TOTORAS", "DIRECCI\u00d3N": "Ruta Provincial N\u00ba 91 Km. 19", "PROVINCIA": "Santa Fe", "unnamed (2)": "", "unnamed (3)": "-"}, "geometry": {"type": "Point", "coordinates": [-61.14125, -32.58345, 0.0]}}, {"type": "Feature", "properties": {"name": "-35.97611, -62.75795", "description": "unnamed (1): 1<br>Tipo de Espacio: CDC<br>Nombre: TRENQUE LAUQUEN<br>DIRECCI\u00d3N: Paul Harris y Vias del Ferrocarril<br>PROVINCIA: Buenos Aires<br>unnamed (2): <br>unnamed (3):  -", "styleUrl": "#icon-1739-01579B", "unnamed (1)": "1.0", "Tipo de Espacio": "CDC", "Nombre": "TRENQUE LAUQUEN", "DIRECCI\u00d3N": "Paul Harris y Vias del Ferrocarril", "PROVINCIA": "Buenos Aires", "unnamed (2)": "", "unnamed (3)": "-"}, "geometry": {"type": "Point", "coordinates": [-62.75795, -35.97611, 0.0]}}, {"type": "Feature", "properties": {"name": "-33.73717, -62.02348", "description": "unnamed (1): 1<br>Tipo de Espacio: CDC<br>Nombre: VENADO TUERTO<br>DIRECCI\u00d3N: Ruta Nac. N\u00ba 33 Km 628<br>PROVINCIA: Santa Fe<br>unnamed (2): <br>unnamed (3):  -", "styleUrl": "#icon-1739-01579B", "unnamed (1)": "1.0", "Tipo de Espacio": "CDC", "Nombre": "VENADO TUERTO", "DIRECCI\u00d3N": "Ruta Nac. N\u00ba 33 Km 628", "PROVINCIA": "Santa Fe", "unnamed (2)": "", "unnamed (3)": "-"}, "geometry": {"type": "Point", "coordinates": [-62.02348, -33.73717, 0.0]}}, {"type": "Feature", "properties": {"name": "-33.910255, -64.385295", "description": "unnamed (1): 1<br>Tipo de Espacio: CDC<br>Nombre: VICU\u00d1A MACKENNA<br>DIRECCI\u00d3N: Predio Ferrocarril S/N\u00ba <br>PROVINCIA: C\u00f3rdoba<br>unnamed (2): <br>unnamed (3):  -", "styleUrl": "#icon-1739-01579B", "unnamed (1)": "1.0", "Tipo de Espacio": "CDC", "Nombre": "VICU\u00d1A MACKENNA", "DIRECCI\u00d3N": "Predio Ferrocarril S/N\u00ba", "PROVINCIA": "C\u00f3rdoba", "unnamed (2)": "", "unnamed (3)": "-"}, "geometry": {"type": "Point", "coordinates": [-64.385295, -33.910255, 0.0]}}, {"type": "Feature", "properties": {"name": "-31.564996, -63.544665", "description": "unnamed (1): 1<br>Tipo de Espacio: CDC<br>Nombre: VILLA DEL ROSARIO<br>DIRECCI\u00d3N: Emilio Wagner 6<br>PROVINCIA: C\u00f3rdoba<br>unnamed (2): <br>unnamed (3):  -", "styleUrl": "#icon-1739-01579B", "unnamed (1)": "1.0", "Tipo de Espacio": "CDC", "Nombre": "VILLA DEL ROSARIO", "DIRECCI\u00d3N": "Emilio Wagner 6", "PROVINCIA": "C\u00f3rdoba", "unnamed (2)": "", "unnamed (3)": "-"}, "geometry": {"type": "Point", "coordinates": [-63.544665, -31.564996, 0.0]}}, {"type": "Feature", "properties": {"name": "-32.15945, -58.39743", "description": "unnamed (1): 1<br>Tipo de Espacio: CDC<br>Nombre: VILLA ELISA<br>DIRECCI\u00d3N: Bv. Guex 1466<br>PROVINCIA: Entre R\u00edos<br>unnamed (2): <br>unnamed (3):  -", "styleUrl": "#icon-1739-01579B", "unnamed (1)": "1.0", "Tipo de Espacio": "CDC", "Nombre": "VILLA ELISA", "DIRECCI\u00d3N": "Bv. Guex 1466", "PROVINCIA": "Entre R\u00edos", "unnamed (2)": "", "unnamed (3)": "-"}, "geometry": {"type": "Point", "coordinates": [-58.39743, -32.15945, 0.0]}}, {"type": "Feature", "properties": {"name": "-32.15945, -58.39743", "description": "unnamed (1): <br>Tipo de Espacio: Oficina Comercial<br>Nombre: VILLA ELISA<br>DIRECCI\u00d3N: Bv. Guex 1466<br>PROVINCIA: Entre R\u00edos<br>unnamed (2): <br>unnamed (3):  -", "styleUrl": "#icon-1739-9C27B0", "unnamed (1)": "", "Tipo de Espacio": "Oficina Comercial", "Nombre": "VILLA ELISA", "DIRECCI\u00d3N": "Bv. Guex 1466", "PROVINCIA": "Entre R\u00edos", "unnamed (2)": "", "unnamed (3)": "-"}, "geometry": {"type": "Point", "coordinates": [-58.39743, -32.15945, 0.0]}}, {"type": "Feature", "properties": {"name": "-32.961147, -61.548816", "description": "unnamed (1): 1<br>Tipo de Espacio: CDC<br>Nombre: VILLA ELOISA<br>DIRECCI\u00d3N: San Martin 401<br>PROVINCIA: Santa Fe<br>unnamed (2): <br>unnamed (3):  -", "styleUrl": "#icon-1739-01579B", "unnamed (1)": "1.0", "Tipo de Espacio": "CDC", "Nombre": "VILLA ELOISA", "DIRECCI\u00d3N": "San Martin 401", "PROVINCIA": "Santa Fe", "unnamed (2)": "", "unnamed (3)": "-"}, "geometry": {"type": "Point", "coordinates": [-61.54881600000001, -32.961147, 0.0]}}, {"type": "Feature", "properties": {"name": "-32.961147, -61.548816", "description": "unnamed (1): <br>Tipo de Espacio: Oficina Comercial<br>Nombre: VILLA ELOISA<br>DIRECCI\u00d3N: San Martin 401<br>PROVINCIA: Santa Fe<br>unnamed (2): <br>unnamed (3):  -", "styleUrl": "#icon-1739-9C27B0", "unnamed (1)": "", "Tipo de Espacio": "Oficina Comercial", "Nombre": "VILLA ELOISA", "DIRECCI\u00d3N": "San Martin 401", "PROVINCIA": "Santa Fe", "unnamed (2)": "", "unnamed (3)": "-"}, "geometry": {"type": "Point", "coordinates": [-61.54881600000001, -32.961147, 0.0]}}, {"type": "Feature", "properties": {"name": "-31.889287, -58.993695", "description": "unnamed (1): 1<br>Tipo de Espacio: CDC<br>Nombre: VILLAGUAY<br>DIRECCI\u00d3N: Ruta Prov. 130 y Vias de FFCC<br>PROVINCIA: Entre R\u00edos<br>unnamed (2): <br>unnamed (3):  -", "styleUrl": "#icon-1739-01579B", "unnamed (1)": "1.0", "Tipo de Espacio": "CDC", "Nombre": "VILLAGUAY", "DIRECCI\u00d3N": "Ruta Prov. 130 y Vias de FFCC", "PROVINCIA": "Entre R\u00edos", "unnamed (2)": "", "unnamed (3)": "-"}, "geometry": {"type": "Point", "coordinates": [-58.993695, -31.889287, 0.0]}}, {"type": "Feature", "properties": {"name": "-34.986505, -62.974621", "description": "unnamed (1): 1<br>Tipo de Espacio: CDC<br>Nombre: VILLEGAS<br>DIRECCI\u00d3N: Ruta 33 Km. 442<br>PROVINCIA: Buenos Aires<br>unnamed (2): <br>unnamed (3):  -", "styleUrl": "#icon-1739-01579B", "unnamed (1)": "1.0", "Tipo de Espacio": "CDC", "Nombre": "VILLEGAS", "DIRECCI\u00d3N": "Ruta 33 Km. 442", "PROVINCIA": "Buenos Aires", "unnamed (2)": "", "unnamed (3)": "-"}, "geometry": {"type": "Point", "coordinates": [-62.974621, -34.986505, 0.0]}}, {"type": "Feature", "properties": {"name": "-33.78837, -61.20937", "description": "unnamed (1): 1<br>Tipo de Espacio: CDC<br>Nombre: WHEELWRIGHT<br>DIRECCI\u00d3N: Duffy 900<br>PROVINCIA: C\u00f3rdoba<br>unnamed (2): <br>unnamed (3):  -", "styleUrl": "#icon-1739-01579B", "unnamed (1)": "1.0", "Tipo de Espacio": "CDC", "Nombre": "WHEELWRIGHT", "DIRECCI\u00d3N": "Duffy 900", "PROVINCIA": "C\u00f3rdoba", "unnamed (2)": "", "unnamed (3)": "-"}, "geometry": {"type": "Point", "coordinates": [-61.20937, -33.78837, 0.0]}}, {"type": "Feature", "properties": {"name": "-36.223554, -64.241485", "description": "unnamed (1): 1<br>Tipo de Espacio: CDC<br>Nombre: WINIFREDA<br>DIRECCI\u00d3N: Av. Per\u00f3n s/n.<br>PROVINCIA: C\u00f3rdoba<br>unnamed (2): <br>unnamed (3):  -", "styleUrl": "#icon-1739-01579B", "unnamed (1)": "1.0", "Tipo de Espacio": "CDC", "Nombre": "WINIFREDA", "DIRECCI\u00d3N": "Av. Per\u00f3n s/n.", "PROVINCIA": "C\u00f3rdoba", "unnamed (2)": "", "unnamed (3)": "-"}, "geometry": {"type": "Point", "coordinates": [-64.241485, -36.223554, 0.0]}}, {"type": "Feature", "properties": {"name": "-33.450389,-60.263029", "description": "unnamed (1): <br>Tipo de Espacio: Cooperativa<br>Nombre: COOP.AGRIC.GANAD.LTDA.DE ACEVEDO<br>DIRECCI\u00d3N: ACEVEDO / AV.CENTENARIO Y CALLE 6<br>PROVINCIA: Buenos Aires<br>unnamed (2): <br>unnamed (3):", "styleUrl": "#icon-1739-E65100", "unnamed (1)": "", "Tipo de Espacio": "Cooperativa", "Nombre": "COOP.AGRIC.GANAD.LTDA.DE ACEVEDO", "DIRECCI\u00d3N": "ACEVEDO / AV.CENTENARIO Y CALLE 6", "PROVINCIA": "Buenos Aires", "unnamed (2)": "", "unnamed (3)": ""}, "geometry": {"type": "Point", "coordinates": [-60.263029, -33.450389, 0.0]}}, {"type": "Feature", "properties": {"name": "-33.53859, -61.12281999999999", "description": "unnamed (1): <br>Tipo de Espacio: Cooperativa<br>Nombre: COOP.AGROP.DE ALCORTA LTDA.<br>DIRECCI\u00d3N: ALCORTA / SAN MARTIN 283 C.C. 12<br>PROVINCIA: Santa Fe<br>unnamed (2): <br>unnamed (3):", "styleUrl": "#icon-1739-E65100", "unnamed (1)": "", "Tipo de Espacio": "Cooperativa", "Nombre": "COOP.AGROP.DE ALCORTA LTDA.", "DIRECCI\u00d3N": "ALCORTA / SAN MARTIN 283 C.C. 12", "PROVINCIA": "Santa Fe", "unnamed (2)": "", "unnamed (3)": ""}, "geometry": {"type": "Point", "coordinates": [-61.12282, -33.53859, 0.0]}}, {"type": "Feature", "properties": {"name": "-32.1999821, -64.25515940000002", "description": "unnamed (1): <br>Tipo de Espacio: Cooperativa<br>Nombre: SOC.COOP.AGROP.DE ALMAFUERTE LDA<br>DIRECCI\u00d3N: ALMAFUERTE / ISLAS MALVINAS 360<br>PROVINCIA: C\u00f3rdoba<br>unnamed (2): <br>unnamed (3):", "styleUrl": "#icon-1739-E65100", "unnamed (1)": "", "Tipo de Espacio": "Cooperativa", "Nombre": "SOC.COOP.AGROP.DE ALMAFUERTE LDA", "DIRECCI\u00d3N": "ALMAFUERTE / ISLAS MALVINAS 360", "PROVINCIA": "C\u00f3rdoba", "unnamed (2)": "", "unnamed (3)": ""}, "geometry": {"type": "Point", "coordinates": [-64.2551594, -32.1999821, 0.0]}}, {"type": "Feature", "properties": {"name": "-32.150367,-62.555380", "description": "unnamed (1): <br>Tipo de Espacio: Cooperativa<br>Nombre: SOC.COOP.\"UNION POPULAR\" LTDA.<br>DIRECCI\u00d3N: SILVIO PELLICO / BV.DE LOS INMIGRANTES 117<br>PROVINCIA: C\u00f3rdoba<br>unnamed (2): <br>unnamed (3):", "styleUrl": "#icon-1739-E65100", "unnamed (1)": "", "Tipo de Espacio": "Cooperativa", "Nombre": "SOC.COOP.\"UNION POPULAR\" LTDA.", "DIRECCI\u00d3N": "SILVIO PELLICO / BV.DE LOS INMIGRANTES 117", "PROVINCIA": "C\u00f3rdoba", "unnamed (2)": "", "unnamed (3)": ""}, "geometry": {"type": "Point", "coordinates": [-62.55537999999999, -32.150367, 0.0]}}, {"type": "Feature", "properties": {"name": "-32.465403,-61.372203", "description": "unnamed (1): <br>Tipo de Espacio: Cooperativa<br>Nombre: COOP AGROPEC.DE ARMSTRONG LTDA<br>DIRECCI\u00d3N: ARMSTRONG / LUIS SANGUINETTI 1344<br>PROVINCIA: Santa Fe<br>unnamed (2): <br>unnamed (3):", "styleUrl": "#icon-1739-E65100", "unnamed (1)": "", "Tipo de Espacio": "Cooperativa", "Nombre": "COOP AGROPEC.DE ARMSTRONG LTDA", "DIRECCI\u00d3N": "ARMSTRONG / LUIS SANGUINETTI 1344", "PROVINCIA": "Santa Fe", "unnamed (2)": "", "unnamed (3)": ""}, "geometry": {"type": "Point", "coordinates": [-61.372203, -32.465403, 0.0]}}, {"type": "Feature", "properties": {"name": "-32.93986,-61.62747", "description": "unnamed (1): <br>Tipo de Espacio: Cooperativa<br>Nombre: COOP AGROP MIXTA IRIGOYEN LTDA<br>DIRECCI\u00d3N: IRIGOYEN / LAPRIDA 76<br>PROVINCIA: Santa Fe<br>unnamed (2): <br>unnamed (3):", "styleUrl": "#icon-1739-E65100", "unnamed (1)": "", "Tipo de Espacio": "Cooperativa", "Nombre": "COOP AGROP MIXTA IRIGOYEN LTDA", "DIRECCI\u00d3N": "IRIGOYEN / LAPRIDA 76", "PROVINCIA": "Santa Fe", "unnamed (2)": "", "unnamed (3)": ""}, "geometry": {"type": "Point", "coordinates": [-61.62747, -32.93986, 0.0]}}, {"type": "Feature", "properties": {"name": "-30.9442283, -61.56259090000003", "description": "unnamed (1): <br>Tipo de Espacio: Cooperativa<br>Nombre: COOP.LTDA.AGR.GAN.DE SUNCHALES<br>DIRECCI\u00d3N: SUNCHALES / 25 DE MAYO 359 SUNCHALES<br>PROVINCIA: Santa Fe<br>unnamed (2): <br>unnamed (3):", "styleUrl": "#icon-1739-E65100", "unnamed (1)": "", "Tipo de Espacio": "Cooperativa", "Nombre": "COOP.LTDA.AGR.GAN.DE SUNCHALES", "DIRECCI\u00d3N": "SUNCHALES / 25 DE MAYO 359 SUNCHALES", "PROVINCIA": "Santa Fe", "unnamed (2)": "", "unnamed (3)": ""}, "geometry": {"type": "Point", "coordinates": [-61.5625909, -30.9442283, 0.0]}}, {"type": "Feature", "properties": {"name": "-34.2317036, -61.10413779999999", "description": "unnamed (1): <br>Tipo de Espacio: Cooperativa<br>Nombre: COOP.AGRIC.GAN.LTDA.DE ASCENSION - Casa central<br>DIRECCI\u00d3N: ASCENSION / AV. LIBERTAD Y  CORRIENTES<br>PROVINCIA: Santa Fe<br>unnamed (2): <br>unnamed (3):", "styleUrl": "#icon-1739-E65100", "unnamed (1)": "", "Tipo de Espacio": "Cooperativa", "Nombre": "COOP.AGRIC.GAN.LTDA.DE ASCENSION - Casa central", "DIRECCI\u00d3N": "ASCENSION / AV. LIBERTAD Y  CORRIENTES", "PROVINCIA": "Santa Fe", "unnamed (2)": "", "unnamed (3)": ""}, "geometry": {"type": "Point", "coordinates": [-61.1041378, -34.2317036, 0.0]}}, {"type": "Feature", "properties": {"name": "34\u00b014'40.0\"S 61\u00b005'25.5\"W", "description": "unnamed (1): <br>Tipo de Espacio: Cooperativa<br>Nombre: ASCENSI\u00d3N - Agroinsumos y Agroservicios<br>DIRECCI\u00d3N: Ruta 45 y Avda. Centenario <br>PROVINCIA: Buenos Aires<br>unnamed (2): <br>unnamed (3):", "styleUrl": "#icon-1739-E65100", "unnamed (1)": "", "Tipo de Espacio": "Cooperativa", "Nombre": "ASCENSI\u00d3N - Agroinsumos y Agroservicios", "DIRECCI\u00d3N": "Ruta 45 y Avda. Centenario", "PROVINCIA": "Buenos Aires", "unnamed (2)": "", "unnamed (3)": ""}, "geometry": {"type": "Point", "coordinates": [-61.09041666666671, -34.2444444444444, 0.0]}}, {"type": "Feature", "properties": {"name": "34\u00b014'41.1\"S 61\u00b006'42.3\"W", "description": "unnamed (1): <br>Tipo de Espacio: Cooperativa<br>Nombre: ASCENSI\u00d3N - Acopio<br>DIRECCI\u00d3N: General Viamonte S/N<br>PROVINCIA: Buenos Aires<br>unnamed (2): <br>unnamed (3):", "styleUrl": "#icon-1739-E65100", "unnamed (1)": "", "Tipo de Espacio": "Cooperativa", "Nombre": "ASCENSI\u00d3N - Acopio", "DIRECCI\u00d3N": "General Viamonte S/N", "PROVINCIA": "Buenos Aires", "unnamed (2)": "", "unnamed (3)": ""}, "geometry": {"type": "Point", "coordinates": [-61.11174999999999, -34.24475, 0.0]}}, {"type": "Feature", "properties": {"name": "34\u00b020'33.7\"S 61\u00b007'56.2\"W", "description": "unnamed (1): <br>Tipo de Espacio: Cooperativa<br>Nombre: ASCENSI\u00d3N - Sucursal Fort\u00edn Tiburcio<br>DIRECCI\u00d3N: Avda. Democracia S/N Acceso Fort\u00edn Tiburcio<br>PROVINCIA: Buenos Aires<br>unnamed (2): <br>unnamed (3):", "styleUrl": "#icon-1739-E65100", "unnamed (1)": "", "Tipo de Espacio": "Cooperativa", "Nombre": "ASCENSI\u00d3N - Sucursal Fort\u00edn Tiburcio", "DIRECCI\u00d3N": "Avda. Democracia S/N Acceso Fort\u00edn Tiburcio", "PROVINCIA": "Buenos Aires", "unnamed (2)": "", "unnamed (3)": ""}, "geometry": {"type": "Point", "coordinates": [-61.1322777777778, -34.3426944444444, 0.0]}}, {"type": "Feature", "properties": {"name": "34\u00b015'31.5\"S 60\u00b058'07.3\"W", "description": "unnamed (1): <br>Tipo de Espacio: Cooperativa<br>Nombre: ASCENSI\u00d3N - Sucursal La Angelita<br>DIRECCI\u00d3N: Estaci\u00f3n de ferrocarril La Angelita - Ruta 45 y acceso a La Angelita<br>PROVINCIA: Buenos Aires<br>unnamed (2): <br>unnamed (3):", "styleUrl": "#icon-1739-E65100", "unnamed (1)": "", "Tipo de Espacio": "Cooperativa", "Nombre": "ASCENSI\u00d3N - Sucursal La Angelita", "DIRECCI\u00d3N": "Estaci\u00f3n de ferrocarril La Angelita - Ruta 45 y acceso a La Angelita", "PROVINCIA": "Buenos Aires", "unnamed (2)": "", "unnamed (3)": ""}, "geometry": {"type": "Point", "coordinates": [-60.9686944444444, -34.25875, 0.0]}}, {"type": "Feature", "properties": {"name": "34\u00b016'10.6\"S 61\u00b017'31.2\"W", "description": "unnamed (1): <br>Tipo de Espacio: Cooperativa<br>Nombre: ASCENSI\u00d3N - Sucursal General Arenales<br>DIRECCI\u00d3N: Estaci\u00f3n General Arenales - Ruta 50 km 620 <br>PROVINCIA: Buenos Aires<br>unnamed (2): <br>unnamed (3):", "styleUrl": "#icon-1739-E65100", "unnamed (1)": "", "Tipo de Espacio": "Cooperativa", "Nombre": "ASCENSI\u00d3N - Sucursal General Arenales", "DIRECCI\u00d3N": "Estaci\u00f3n General Arenales - Ruta 50 km 620", "PROVINCIA": "Buenos Aires", "unnamed (2)": "", "unnamed (3)": ""}, "geometry": {"type": "Point", "coordinates": [-61.29199999999999, -34.2696111111111, 0.0]}}, {"type": "Feature", "properties": {"name": "34\u00b030'34.5\"S 61\u00b031'33.8\"W", "description": "unnamed (1): <br>Tipo de Espacio: Cooperativa<br>Nombre: ASCENSI\u00d3N - Sucursal Vedia<br>DIRECCI\u00d3N: Ruta 7 Km 312,5<br>PROVINCIA: Buenos Aires<br>unnamed (2): <br>unnamed (3):", "styleUrl": "#icon-1739-E65100", "unnamed (1)": "", "Tipo de Espacio": "Cooperativa", "Nombre": "ASCENSI\u00d3N - Sucursal Vedia", "DIRECCI\u00d3N": "Ruta 7 Km 312,5", "PROVINCIA": "Buenos Aires", "unnamed (2)": "", "unnamed (3)": ""}, "geometry": {"type": "Point", "coordinates": [-61.5260555555556, -34.5095833333333, 0.0]}}, {"type": "Feature", "properties": {"name": "34\u00b030'55.4\"S 61\u00b023'34.5\"W", "description": "unnamed (1): <br>Tipo de Espacio: Cooperativa<br>Nombre: ASCENSI\u00d3N - Sucursal Leandro N. Alem<br>DIRECCI\u00d3N: Predio Estaci\u00f3n de Ferrocarril \u2013 Secci\u00f3n Quintas<br>PROVINCIA: Buenos Aires<br>unnamed (2): <br>unnamed (3):", "styleUrl": "#icon-1739-E65100", "unnamed (1)": "", "Tipo de Espacio": "Cooperativa", "Nombre": "ASCENSI\u00d3N - Sucursal Leandro N. Alem", "DIRECCI\u00d3N": "Predio Estaci\u00f3n de Ferrocarril \u2013 Secci\u00f3n Quintas", "PROVINCIA": "Buenos Aires", "unnamed (2)": "", "unnamed (3)": ""}, "geometry": {"type": "Point", "coordinates": [-61.39291666666669, -34.5153888888889, 0.0]}}, {"type": "Feature", "properties": {"name": "35\u00b004'09.7\"S 61\u00b028'31.2\"W", "description": "unnamed (1): <br>Tipo de Espacio: Cooperativa<br>Nombre: ASCENSI\u00d3N - Sucursal El Triunfo<br>DIRECCI\u00d3N: Ruta 50 Km 521,5 - (Acceso El Triunfo )<br>PROVINCIA: Buenos Aires<br>unnamed (2): <br>unnamed (3):", "styleUrl": "#icon-1739-E65100", "unnamed (1)": "", "Tipo de Espacio": "Cooperativa", "Nombre": "ASCENSI\u00d3N - Sucursal El Triunfo", "DIRECCI\u00d3N": "Ruta 50 Km 521,5 - (Acceso El Triunfo )", "PROVINCIA": "Buenos Aires", "unnamed (2)": "", "unnamed (3)": ""}, "geometry": {"type": "Point", "coordinates": [-61.4753333333333, -35.0693611111111, 0.0]}}, {"type": "Feature", "properties": {"name": "34\u00b047'46.3\"S 61\u00b052'59.3\"W", "description": "unnamed (1): <br>Tipo de Espacio: Cooperativa<br>Nombre: ASCENSI\u00d3N - Sucursal General Pinto 1<br>DIRECCI\u00d3N: Ruta 188 km 254 - General Pinto <br>PROVINCIA: Buenos Aires<br>unnamed (2): <br>unnamed (3):", "styleUrl": "#icon-1739-E65100", "unnamed (1)": "", "Tipo de Espacio": "Cooperativa", "Nombre": "ASCENSI\u00d3N - Sucursal General Pinto 1", "DIRECCI\u00d3N": "Ruta 188 km 254 - General Pinto", "PROVINCIA": "Buenos Aires", "unnamed (2)": "", "unnamed (3)": ""}, "geometry": {"type": "Point", "coordinates": [-61.8831388888889, -34.7961944444444, 0.0]}}, {"type": "Feature", "properties": {"name": "34\u00b047'33.1\"S 61\u00b053'21.9\"W", "description": "unnamed (1): <br>Tipo de Espacio: Cooperativa<br>Nombre: ASCENSI\u00d3N - Sucursal General Pinto 2<br>DIRECCI\u00d3N: Acceso Guerrino Volpe 2880 - General Pinto<br>PROVINCIA: Buenos Aires<br>unnamed (2): <br>unnamed (3):", "styleUrl": "#icon-1739-E65100", "unnamed (1)": "", "Tipo de Espacio": "Cooperativa", "Nombre": "ASCENSI\u00d3N - Sucursal General Pinto 2", "DIRECCI\u00d3N": "Acceso Guerrino Volpe 2880 - General Pinto", "PROVINCIA": "Buenos Aires", "unnamed (2)": "", "unnamed (3)": ""}, "geometry": {"type": "Point", "coordinates": [-61.8894166666667, -34.7925277777778, 0.0]}}, {"type": "Feature", "properties": {"name": "35\u00b017'21.8\"S 61\u00b024'19.3\"W", "description": "unnamed (1): <br>Tipo de Espacio: Cooperativa<br>Nombre: Sucursal Facundo Quiroga<br>DIRECCI\u00d3N: Avenida Coronel Dorrego S/N\u00b0 - Facundo Quiroga <br>PROVINCIA: Buenos Aires<br>unnamed (2): <br>unnamed (3):", "styleUrl": "#icon-1739-E65100", "unnamed (1)": "", "Tipo de Espacio": "Cooperativa", "Nombre": "Sucursal Facundo Quiroga", "DIRECCI\u00d3N": "Avenida Coronel Dorrego S/N\u00b0 - Facundo Quiroga", "PROVINCIA": "Buenos Aires", "unnamed (2)": "", "unnamed (3)": ""}, "geometry": {"type": "Point", "coordinates": [-61.40536111111111, -35.2893888888889, 0.0]}}, {"type": "Feature", "properties": {"name": "-38.71380140000001, -62.26869599999998", "description": "unnamed (1): <br>Tipo de Espacio: Cooperativa<br>Nombre: PRODUCTORES RURALES DEL SUD C.L.<br>DIRECCI\u00d3N: BAHIA BLANCA / ZELARRAYAN 365<br>PROVINCIA: Buenos Aires<br>unnamed (2): <br>unnamed (3):", "styleUrl": "#icon-1739-E65100", "unnamed (1)": "", "Tipo de Espacio": "Cooperativa", "Nombre": "PRODUCTORES RURALES DEL SUD C.L.", "DIRECCI\u00d3N": "BAHIA BLANCA / ZELARRAYAN 365", "PROVINCIA": "Buenos Aires", "unnamed (2)": "", "unnamed (3)": ""}, "geometry": {"type": "Point", "coordinates": [-62.268696, -38.7138014, 0.0]}}, {"type": "Feature", "properties": {"name": "-31.3738,-58.2959", "description": "unnamed (1): <br>Tipo de Espacio: Cooperativa<br>Nombre: COOP.ARROCERA DE S.SALVADOR LTDA<br>DIRECCI\u00d3N: SAN SALVADOR / AV. COLON 25 /61<br>PROVINCIA: Entre R\u00edos<br>unnamed (2): <br>unnamed (3):", "styleUrl": "#icon-1739-E65100", "unnamed (1)": "", "Tipo de Espacio": "Cooperativa", "Nombre": "COOP.ARROCERA DE S.SALVADOR LTDA", "DIRECCI\u00d3N": "SAN SALVADOR / AV. COLON 25 /61", "PROVINCIA": "Entre R\u00edos", "unnamed (2)": "", "unnamed (3)": ""}, "geometry": {"type": "Point", "coordinates": [-58.2959, -31.3738, 0.0]}}, {"type": "Feature", "properties": {"name": "-34.0366852, -60.870470100000034", "description": "unnamed (1): <br>Tipo de Espacio: Cooperativa<br>Nombre: COOP.AGROP.LTDA.DE CARABELAS<br>DIRECCI\u00d3N: CARABELAS / BELGRANO Y RIVADAVIA<br>PROVINCIA: Buenos Aires<br>unnamed (2): <br>unnamed (3):", "styleUrl": "#icon-1739-E65100", "unnamed (1)": "", "Tipo de Espacio": "Cooperativa", "Nombre": "COOP.AGROP.LTDA.DE CARABELAS", "DIRECCI\u00d3N": "CARABELAS / BELGRANO Y RIVADAVIA", "PROVINCIA": "Buenos Aires", "unnamed (2)": "", "unnamed (3)": ""}, "geometry": {"type": "Point", "coordinates": [-60.8704701, -34.0366852, 0.0]}}, {"type": "Feature", "properties": {"name": "-32.521573,-61.72228", "description": "unnamed (1): <br>Tipo de Espacio: Cooperativa<br>Nombre: COOP.AGRIC.AGR.UNIDOS LTDA<br>DIRECCI\u00d3N: CARCARA\u00d1A / 9 DE JULIO 443<br>PROVINCIA: Santa Fe<br>unnamed (2): <br>unnamed (3):", "styleUrl": "#icon-1739-E65100", "unnamed (1)": "", "Tipo de Espacio": "Cooperativa", "Nombre": "COOP.AGRIC.AGR.UNIDOS LTDA", "DIRECCI\u00d3N": "CARCARA\u00d1A / 9 DE JULIO 443", "PROVINCIA": "Santa Fe", "unnamed (2)": "", "unnamed (3)": ""}, "geometry": {"type": "Point", "coordinates": [-61.72228, -32.521573, 0.0]}}, {"type": "Feature", "properties": {"name": "-37.11178,-62.445812", "description": "unnamed (1): <br>Tipo de Espacio: Cooperativa<br>Nombre: COOP.AGRIC.GAN.LTDA.DE A.ALSINA<br>DIRECCI\u00d3N: CARHUE / SAN MARTIN 1000<br>PROVINCIA: Buenos Aires<br>unnamed (2): <br>unnamed (3):", "styleUrl": "#icon-1739-E65100", "unnamed (1)": "", "Tipo de Espacio": "Cooperativa", "Nombre": "COOP.AGRIC.GAN.LTDA.DE A.ALSINA", "DIRECCI\u00d3N": "CARHUE / SAN MARTIN 1000", "PROVINCIA": "Buenos Aires", "unnamed (2)": "", "unnamed (3)": ""}, "geometry": {"type": "Point", "coordinates": [-62.445812, -37.11178, 0.0]}}, {"type": "Feature", "properties": {"name": "-34.3779328, -59.82434039999998", "description": "unnamed (1): <br>Tipo de Espacio: Cooperativa<br>Nombre: COOP.AGROP.DE CARMEN DE ARECO L.<br>DIRECCI\u00d3N: CARMEN DE ARECO / AV.MITRE 539<br>PROVINCIA: Buenos Aires<br>unnamed (2): <br>unnamed (3):", "styleUrl": "#icon-1739-E65100", "unnamed (1)": "", "Tipo de Espacio": "Cooperativa", "Nombre": "COOP.AGROP.DE CARMEN DE ARECO L.", "DIRECCI\u00d3N": "CARMEN DE ARECO / AV.MITRE 539", "PROVINCIA": "Buenos Aires", "unnamed (2)": "", "unnamed (3)": ""}, "geometry": {"type": "Point", "coordinates": [-59.8243404, -34.3779328, 0.0]}}, {"type": "Feature", "properties": {"name": "-33.8908404, -61.099522200000024", "description": "unnamed (1): <br>Tipo de Espacio: Cooperativa<br>Nombre: GRAN.Y ELEV.ARG.DE COLON S.C.L.<br>DIRECCI\u00d3N: COLON / CALLE 46 Y 21<br>PROVINCIA: Buenos Aires<br>unnamed (2): <br>unnamed (3):", "styleUrl": "#icon-1739-E65100", "unnamed (1)": "", "Tipo de Espacio": "Cooperativa", "Nombre": "GRAN.Y ELEV.ARG.DE COLON S.C.L.", "DIRECCI\u00d3N": "COLON / CALLE 46 Y 21", "PROVINCIA": "Buenos Aires", "unnamed (2)": "", "unnamed (3)": ""}, "geometry": {"type": "Point", "coordinates": [-61.0995222, -33.8908404, 0.0]}}, {"type": "Feature", "properties": {"name": "-33.353343,-60.211371", "description": "unnamed (1): <br>Tipo de Espacio: Cooperativa<br>Nombre: COOP.AGRICOLA CONESA LTDA.<br>DIRECCI\u00d3N: CONESA / MENDOZA Y BELGRANO<br>PROVINCIA: Buenos Aires<br>unnamed (2): <br>unnamed (3):", "styleUrl": "#icon-1739-E65100", "unnamed (1)": "", "Tipo de Espacio": "Cooperativa", "Nombre": "COOP.AGRICOLA CONESA LTDA.", "DIRECCI\u00d3N": "CONESA / MENDOZA Y BELGRANO", "PROVINCIA": "Buenos Aires", "unnamed (2)": "", "unnamed (3)": ""}, "geometry": {"type": "Point", "coordinates": [-60.211371, -33.353343, 0.0]}}, {"type": "Feature", "properties": {"name": "-34.38263,-60.28592", "description": "unnamed (1): <br>Tipo de Espacio: Cooperativa<br>Nombre: COOP.DEFENSA DE AGRICULTORES LT<br>DIRECCI\u00d3N: CHACABUCO / JUAN XXIII 331<br>PROVINCIA: Buenos Aires<br>unnamed (2): <br>unnamed (3):", "styleUrl": "#icon-1739-E65100", "unnamed (1)": "", "Tipo de Espacio": "Cooperativa", "Nombre": "COOP.DEFENSA DE AGRICULTORES LT", "DIRECCI\u00d3N": "CHACABUCO / JUAN XXIII 331", "PROVINCIA": "Buenos Aires", "unnamed (2)": "", "unnamed (3)": ""}, "geometry": {"type": "Point", "coordinates": [-60.28592, -34.38263, 0.0]}}, {"type": "Feature", "properties": {"name": "-37.405996,-63.100009", "description": "unnamed (1): <br>Tipo de Espacio: Cooperativa<br>Nombre: LA EMANCIPACIONS.C.MIXTA LTDA<br>DIRECCI\u00d3N: DARREGUEIRA / 25 DE MAYO Y GUEMES<br>PROVINCIA: Buenos Aires<br>unnamed (2): <br>unnamed (3):", "styleUrl": "#icon-1739-E65100", "unnamed (1)": "", "Tipo de Espacio": "Cooperativa", "Nombre": "LA EMANCIPACIONS.C.MIXTA LTDA", "DIRECCI\u00d3N": "DARREGUEIRA / 25 DE MAYO Y GUEMES", "PROVINCIA": "Buenos Aires", "unnamed (2)": "", "unnamed (3)": ""}, "geometry": {"type": "Point", "coordinates": [-63.100009, -37.405996, 0.0]}}, {"type": "Feature", "properties": {"name": "-37.1503548, -64.01374040000002", "description": "unnamed (1): <br>Tipo de Espacio: Cooperativa<br>Nombre: COOP.AGROPECUARIA DE DOBLAS LTDA<br>DIRECCI\u00d3N: DOBLAS / FRANCISCO LIZAZO 622<br>PROVINCIA: LA PAMPA<br>unnamed (2): <br>unnamed (3):", "styleUrl": "#icon-1739-E65100", "unnamed (1)": "", "Tipo de Espacio": "Cooperativa", "Nombre": "COOP.AGROPECUARIA DE DOBLAS LTDA", "DIRECCI\u00d3N": "DOBLAS / FRANCISCO LIZAZO 622", "PROVINCIA": "LA PAMPA", "unnamed (2)": "", "unnamed (3)": ""}, "geometry": {"type": "Point", "coordinates": [-64.0137404, -37.1503548, 0.0]}}, {"type": "Feature", "properties": {"name": "-33.7000068, -61.617352900000014", "description": "unnamed (1): <br>Tipo de Espacio: Cooperativa<br>Nombre: COOP.AGROP.UNIFIC.LTDA.DE ELORTONDO<br>DIRECCI\u00d3N: ELORTONDO / SAN MARTIN 1046<br>PROVINCIA: Santa Fe<br>unnamed (2): <br>unnamed (3):", "styleUrl": "#icon-1739-E65100", "unnamed (1)": "", "Tipo de Espacio": "Cooperativa", "Nombre": "COOP.AGROP.UNIFIC.LTDA.DE ELORTONDO", "DIRECCI\u00d3N": "ELORTONDO / SAN MARTIN 1046", "PROVINCIA": "Santa Fe", "unnamed (2)": "", "unnamed (3)": ""}, "geometry": {"type": "Point", "coordinates": [-61.6173529, -33.7000068, 0.0]}}, {"type": "Feature", "properties": {"name": "-37.358744, -62.43672860000004", "description": "unnamed (1): <br>Tipo de Espacio: Cooperativa<br>Nombre: COOP.AGRC.GAN.LDA DE ESPARTILLAR<br>DIRECCI\u00d3N: ESPARTILLAR / 8 DE NOVIEMBRE S/N<br>PROVINCIA: Buenos Aires<br>unnamed (2): <br>unnamed (3):", "styleUrl": "#icon-1739-E65100", "unnamed (1)": "", "Tipo de Espacio": "Cooperativa", "Nombre": "COOP.AGRC.GAN.LDA DE ESPARTILLAR", "DIRECCI\u00d3N": "ESPARTILLAR / 8 DE NOVIEMBRE S/N", "PROVINCIA": "Buenos Aires", "unnamed (2)": "", "unnamed (3)": ""}, "geometry": {"type": "Point", "coordinates": [-62.4367286, -37.358744, 0.0]}}, {"type": "Feature", "properties": {"name": "-29.1452316, -59.64259759999999", "description": "unnamed (1): <br>Tipo de Espacio: Cooperativa<br>Nombre: UNION AGRICOLA DE AVELLANEDA COOP LTDA<br>DIRECCI\u00d3N: AVELLANEDA / AV.GRAL.SAN MARTIN 744<br>PROVINCIA: Santa Fe<br>unnamed (2): <br>unnamed (3):", "styleUrl": "#icon-1739-E65100", "unnamed (1)": "", "Tipo de Espacio": "Cooperativa", "Nombre": "UNION AGRICOLA DE AVELLANEDA COOP LTDA", "DIRECCI\u00d3N": "AVELLANEDA / AV.GRAL.SAN MARTIN 744", "PROVINCIA": "Santa Fe", "unnamed (2)": "", "unnamed (3)": ""}, "geometry": {"type": "Point", "coordinates": [-59.6425976, -29.1452316, 0.0]}}, {"type": "Feature", "properties": {"name": "-32.8115216, -63.8735686", "description": "unnamed (1): <br>Tipo de Espacio: Cooperativa<br>Nombre: COTAGRO COOP.AGROP.LTDA.<br>DIRECCI\u00d3N: GENERAL CABRERA / 9 DE JULIO Y RIVADAVIA C.C. 22<br>PROVINCIA: C\u00f3rdoba<br>unnamed (2): <br>unnamed (3):", "styleUrl": "#icon-1739-E65100", "unnamed (1)": "", "Tipo de Espacio": "Cooperativa", "Nombre": "COTAGRO COOP.AGROP.LTDA.", "DIRECCI\u00d3N": "GENERAL CABRERA / 9 DE JULIO Y RIVADAVIA C.C. 22", "PROVINCIA": "C\u00f3rdoba", "unnamed (2)": "", "unnamed (3)": ""}, "geometry": {"type": "Point", "coordinates": [-63.87356860000001, -32.8115216, 0.0]}}, {"type": "Feature", "properties": {"name": "-34.1952834, -60.724371599999984", "description": "unnamed (1): <br>Tipo de Espacio: Cooperativa<br>Nombre: COOP.AGRICOLA DE GRAL.ROJO LTDA<br>DIRECCI\u00d3N: GENERAL ROJO / AV.SAN MARTIN 95<br>PROVINCIA: Buenos Aires<br>unnamed (2): <br>unnamed (3):", "styleUrl": "#icon-1739-E65100", "unnamed (1)": "", "Tipo de Espacio": "Cooperativa", "Nombre": "COOP.AGRICOLA DE GRAL.ROJO LTDA", "DIRECCI\u00d3N": "GENERAL ROJO / AV.SAN MARTIN 95", "PROVINCIA": "Buenos Aires", "unnamed (2)": "", "unnamed (3)": ""}, "geometry": {"type": "Point", "coordinates": [-60.7243716, -34.1952834, 0.0]}}, {"type": "Feature", "properties": {"name": "-37.980682, -63.60396850000001", "description": "unnamed (1): <br>Tipo de Espacio: Cooperativa<br>Nombre: S.C.AGRIC.GANAD.LTDA<br>DIRECCI\u00d3N: GENERAL SAN MARTIN / PTE.ALVEAR Y PASTEUR<br>PROVINCIA: LA PAMPA<br>unnamed (2): <br>unnamed (3):", "styleUrl": "#icon-1739-E65100", "unnamed (1)": "", "Tipo de Espacio": "Cooperativa", "Nombre": "S.C.AGRIC.GANAD.LTDA", "DIRECCI\u00d3N": "GENERAL SAN MARTIN / PTE.ALVEAR Y PASTEUR", "PROVINCIA": "LA PAMPA", "unnamed (2)": "", "unnamed (3)": ""}, "geometry": {"type": "Point", "coordinates": [-63.6039685, -37.980682, 0.0]}}, {"type": "Feature", "properties": {"name": "-32.25390,-63.44148", "description": "unnamed (1): <br>Tipo de Espacio: Cooperativa<br>Nombre: COOP.AGRIC.\"LA VENCEDORA\" LTDA<br>DIRECCI\u00d3N: HERNANDO / RIVADAVIA 200<br>PROVINCIA: C\u00f3rdoba<br>unnamed (2): <br>unnamed (3):", "styleUrl": "#icon-1739-E65100", "unnamed (1)": "", "Tipo de Espacio": "Cooperativa", "Nombre": "COOP.AGRIC.\"LA VENCEDORA\" LTDA", "DIRECCI\u00d3N": "HERNANDO / RIVADAVIA 200", "PROVINCIA": "C\u00f3rdoba", "unnamed (2)": "", "unnamed (3)": ""}, "geometry": {"type": "Point", "coordinates": [-63.44147999999999, -32.2539, 0.0]}}, {"type": "Feature", "properties": {"name": "-34.5897789, -60.94761440000002", "description": "unnamed (1): <br>Tipo de Espacio: Cooperativa<br>Nombre: LIGA AGRICOLA GANADERA COOP.LTDA<br>DIRECCI\u00d3N: JUNIN / C PELLEGRINI 21<br>PROVINCIA: Buenos Aires<br>unnamed (2): <br>unnamed (3):", "styleUrl": "#icon-1739-E65100", "unnamed (1)": "", "Tipo de Espacio": "Cooperativa", "Nombre": "LIGA AGRICOLA GANADERA COOP.LTDA", "DIRECCI\u00d3N": "JUNIN / C PELLEGRINI 21", "PROVINCIA": "Buenos Aires", "unnamed (2)": "", "unnamed (3)": ""}, "geometry": {"type": "Point", "coordinates": [-60.9476144, -34.5897789, 0.0]}}, {"type": "Feature", "properties": {"name": "-32.8796857, -62.67792199999997", "description": "unnamed (1): <br>Tipo de Espacio: Cooperativa<br>Nombre: COOP.AGROP.\"UNION\" DE J.POSSE L.<br>DIRECCI\u00d3N: JUSTINIANO POSSE / AV. DE MAYO 6<br>PROVINCIA: C\u00f3rdoba<br>unnamed (2): <br>unnamed (3):", "styleUrl": "#icon-1739-E65100", "unnamed (1)": "", "Tipo de Espacio": "Cooperativa", "Nombre": "COOP.AGROP.\"UNION\" DE J.POSSE L.", "DIRECCI\u00d3N": "JUSTINIANO POSSE / AV. DE MAYO 6", "PROVINCIA": "C\u00f3rdoba", "unnamed (2)": "", "unnamed (3)": ""}, "geometry": {"type": "Point", "coordinates": [-62.67792200000001, -32.8796857, 0.0]}}, {"type": "Feature", "properties": {"name": "-38.27559850000001, -59.206423099999995", "description": "unnamed (1): <br>Tipo de Espacio: Cooperativa<br>Nombre: COOP.AGROPEC.\"LA SEGUNDA\" LTDA<br>DIRECCI\u00d3N: LA DULCE / CASILLA DE CORREO 22<br>PROVINCIA: Buenos Aires<br>unnamed (2): <br>unnamed (3):", "styleUrl": "#icon-1739-E65100", "unnamed (1)": "", "Tipo de Espacio": "Cooperativa", "Nombre": "COOP.AGROPEC.\"LA SEGUNDA\" LTDA", "DIRECCI\u00d3N": "LA DULCE / CASILLA DE CORREO 22", "PROVINCIA": "Buenos Aires", "unnamed (2)": "", "unnamed (3)": ""}, "geometry": {"type": "Point", "coordinates": [-59.20642310000001, -38.2755985, 0.0]}}, {"type": "Feature", "properties": {"name": "-38.265884,-61.340872", "description": "unnamed (1): <br>Tipo de Espacio: Cooperativa<br>Nombre: COOP.AG.GAN.LARTIGAU LTDA.<br>DIRECCI\u00d3N: LARTIGAU / AV DE LOS INMIGRANTES SIN NRO.<br>PROVINCIA: Buenos Aires<br>unnamed (2): <br>unnamed (3):", "styleUrl": "#icon-1739-E65100", "unnamed (1)": "", "Tipo de Espacio": "Cooperativa", "Nombre": "COOP.AG.GAN.LARTIGAU LTDA.", "DIRECCI\u00d3N": "LARTIGAU / AV DE LOS INMIGRANTES SIN NRO.", "PROVINCIA": "Buenos Aires", "unnamed (2)": "", "unnamed (3)": ""}, "geometry": {"type": "Point", "coordinates": [-61.340872, -38.265884, 0.0]}}, {"type": "Feature", "properties": {"name": "-32.6625296, -62.2982768", "description": "unnamed (1): <br>Tipo de Espacio: Cooperativa<br>Nombre: UNION AGRIC.DE LEONES S.C.LTDA.<br>DIRECCI\u00d3N: LEONES / AV. DEL LIBERTADOR 649<br>PROVINCIA: C\u00f3rdoba<br>unnamed (2): <br>unnamed (3):", "styleUrl": "#icon-1739-E65100", "unnamed (1)": "", "Tipo de Espacio": "Cooperativa", "Nombre": "UNION AGRIC.DE LEONES S.C.LTDA.", "DIRECCI\u00d3N": "LEONES / AV. DEL LIBERTADOR 649", "PROVINCIA": "C\u00f3rdoba", "unnamed (2)": "", "unnamed (3)": ""}, "geometry": {"type": "Point", "coordinates": [-62.2982768, -32.6625296, 0.0]}}, {"type": "Feature", "properties": {"name": "-31.5427,-61.1643", "description": "unnamed (1): <br>Tipo de Espacio: Cooperativa<br>Nombre: COOP.AGROPECUARIA DE LOPEZ LTDA<br>DIRECCI\u00d3N: LOPEZ / EST.S. MARTIN DE TOURS<br>PROVINCIA: Santa Fe<br>unnamed (2): <br>unnamed (3):", "styleUrl": "#icon-1739-E65100", "unnamed (1)": "", "Tipo de Espacio": "Cooperativa", "Nombre": "COOP.AGROPECUARIA DE LOPEZ LTDA", "DIRECCI\u00d3N": "LOPEZ / EST.S. MARTIN DE TOURS", "PROVINCIA": "Santa Fe", "unnamed (2)": "", "unnamed (3)": ""}, "geometry": {"type": "Point", "coordinates": [-61.1643, -31.5427, 0.0]}}, {"type": "Feature", "properties": {"name": "-35.00019,-61.01121", "description": "unnamed (1): <br>Tipo de Espacio: Cooperativa<br>Nombre: COOP.RURAL DE GRAL.VIAMONTE LTDA<br>DIRECCI\u00d3N: LOS TOLDOS / PTE. AVELLANEDA Y ELECTO URQUIZA<br>PROVINCIA: Buenos Aires<br>unnamed (2): <br>unnamed (3):", "styleUrl": "#icon-1739-E65100", "unnamed (1)": "", "Tipo de Espacio": "Cooperativa", "Nombre": "COOP.RURAL DE GRAL.VIAMONTE LTDA", "DIRECCI\u00d3N": "LOS TOLDOS / PTE. AVELLANEDA Y ELECTO URQUIZA", "PROVINCIA": "Buenos Aires", "unnamed (2)": "", "unnamed (3)": ""}, "geometry": {"type": "Point", "coordinates": [-61.01120999999999, -35.00019, 0.0]}}, {"type": "Feature", "properties": {"name": "-37.9105125,-63.39486615", "description": "unnamed (1): <br>Tipo de Espacio: Cooperativa<br>Nombre: ATREUCO COOP.AGROP.LTDA.<br>DIRECCI\u00d3N: MACACHIN / PARODI Y BUENOS AIRES<br>PROVINCIA: Buenos Aires<br>unnamed (2): <br>unnamed (3):", "styleUrl": "#icon-1739-E65100", "unnamed (1)": "", "Tipo de Espacio": "Cooperativa", "Nombre": "ATREUCO COOP.AGROP.LTDA.", "DIRECCI\u00d3N": "MACACHIN / PARODI Y BUENOS AIRES", "PROVINCIA": "Buenos Aires", "unnamed (2)": "", "unnamed (3)": ""}, "geometry": {"type": "Point", "coordinates": [-63.39486615, -37.9105125, 0.0]}}, {"type": "Feature", "properties": {"name": "-29.2103,-59.5848", "description": "unnamed (1): <br>Tipo de Espacio: Cooperativa<br>Nombre: COOP.AGROP.DE MALABRIGO LTDA.<br>DIRECCI\u00d3N: MALABRIGO / PBRO LUIS SPONTO 989<br>PROVINCIA: Santa Fe<br>unnamed (2): <br>unnamed (3):", "styleUrl": "#icon-1739-E65100", "unnamed (1)": "", "Tipo de Espacio": "Cooperativa", "Nombre": "COOP.AGROP.DE MALABRIGO LTDA.", "DIRECCI\u00d3N": "MALABRIGO / PBRO LUIS SPONTO 989", "PROVINCIA": "Santa Fe", "unnamed (2)": "", "unnamed (3)": ""}, "geometry": {"type": "Point", "coordinates": [-59.5848, -29.2103, 0.0]}}, {"type": "Feature", "properties": {"name": "-32.41535,-62.06137", "description": "unnamed (1): <br>Tipo de Espacio: Cooperativa<br>Nombre: COOP.AGROP.GRAL.PAZ DE M.JUAREZ<br>DIRECCI\u00d3N: MARCOS JUAREZ / IGNACIO M. LARDIZABAL 900<br>PROVINCIA: C\u00f3rdoba<br>unnamed (2): <br>unnamed (3):", "styleUrl": "#icon-1739-E65100", "unnamed (1)": "", "Tipo de Espacio": "Cooperativa", "Nombre": "COOP.AGROP.GRAL.PAZ DE M.JUAREZ", "DIRECCI\u00d3N": "MARCOS JUAREZ / IGNACIO M. LARDIZABAL 900", "PROVINCIA": "C\u00f3rdoba", "unnamed (2)": "", "unnamed (3)": ""}, "geometry": {"type": "Point", "coordinates": [-62.06137, -32.41535, 0.0]}}, {"type": "Feature", "properties": {"name": "-29.414456,-60.145596", "description": "unnamed (1): <br>Tipo de Espacio: Cooperativa<br>Nombre: COOP.AGRIC.MIXTA DE MARGARITA L<br>DIRECCI\u00d3N: MARGARITA / 9 DE JULIO S/N<br>PROVINCIA: Santa Fe<br>unnamed (2): <br>unnamed (3):", "styleUrl": "#icon-1739-E65100", "unnamed (1)": "", "Tipo de Espacio": "Cooperativa", "Nombre": "COOP.AGRIC.MIXTA DE MARGARITA L", "DIRECCI\u00d3N": "MARGARITA / 9 DE JULIO S/N", "PROVINCIA": "Santa Fe", "unnamed (2)": "", "unnamed (3)": ""}, "geometry": {"type": "Point", "coordinates": [-60.145596, -29.414456, 0.0]}}, {"type": "Feature", "properties": {"name": "-33.9147807, -60.836840600000016", "description": "unnamed (1): <br>Tipo de Espacio: Cooperativa<br>Nombre: COOP.AGRIC.LTDA.\"LA UNION\" DE ALFONZO<br>DIRECCI\u00d3N: MARIANO H.ALFONZO / 9 DE JULIO Y MORENO<br>PROVINCIA: Buenos Aires<br>unnamed (2): <br>unnamed (3):", "styleUrl": "#icon-1739-E65100", "unnamed (1)": "", "Tipo de Espacio": "Cooperativa", "Nombre": "COOP.AGRIC.LTDA.\"LA UNION\" DE ALFONZO", "DIRECCI\u00d3N": "MARIANO H.ALFONZO / 9 DE JULIO Y MORENO", "PROVINCIA": "Buenos Aires", "unnamed (2)": "", "unnamed (3)": ""}, "geometry": {"type": "Point", "coordinates": [-60.8368406, -33.9147807, 0.0]}}, {"type": "Feature", "properties": {"name": "-38.29241874,-60.27342256", "description": "unnamed (1): <br>Tipo de Espacio: Cooperativa<br>Nombre: COOP. AGRIC. LTDA.M.CASCALLARES<br>DIRECCI\u00d3N: MICAELA CASCALLARES / CALLE 5 Y 38<br>PROVINCIA: Buenos Aires<br>unnamed (2): <br>unnamed (3):", "styleUrl": "#icon-1739-E65100", "unnamed (1)": "", "Tipo de Espacio": "Cooperativa", "Nombre": "COOP. AGRIC. LTDA.M.CASCALLARES", "DIRECCI\u00d3N": "MICAELA CASCALLARES / CALLE 5 Y 38", "PROVINCIA": "Buenos Aires", "unnamed (2)": "", "unnamed (3)": ""}, "geometry": {"type": "Point", "coordinates": [-60.27342256, -38.29241874, 0.0]}}, {"type": "Feature", "properties": {"name": "-30.7085167, -62.00601040000004", "description": "unnamed (1): <br>Tipo de Espacio: Cooperativa<br>Nombre: COOP.AGRIC.GAN.DE MORTEROS LTDA.<br>DIRECCI\u00d3N: MORTEROS / AV. LIBERTADOR Y OLMOS 601<br>PROVINCIA: C\u00f3rdoba<br>unnamed (2): <br>unnamed (3):", "styleUrl": "#icon-1739-E65100", "unnamed (1)": "", "Tipo de Espacio": "Cooperativa", "Nombre": "COOP.AGRIC.GAN.DE MORTEROS LTDA.", "DIRECCI\u00d3N": "MORTEROS / AV. LIBERTADOR Y OLMOS 601", "PROVINCIA": "C\u00f3rdoba", "unnamed (2)": "", "unnamed (3)": ""}, "geometry": {"type": "Point", "coordinates": [-62.0060104, -30.7085167, 0.0]}}, {"type": "Feature", "properties": {"name": "-38.324986,-58.420823", "description": "unnamed (1): <br>Tipo de Espacio: Cooperativa<br>Nombre: COOP.AGROP.\"GRAL NECOCHEA\" LTDA.<br>DIRECCI\u00d3N: NECOCHEA / AV. ALSINA 3200<br>PROVINCIA: Buenos Aires<br>unnamed (2): <br>unnamed (3):", "styleUrl": "#icon-1739-E65100", "unnamed (1)": "", "Tipo de Espacio": "Cooperativa", "Nombre": "COOP.AGROP.\"GRAL NECOCHEA\" LTDA.", "DIRECCI\u00d3N": "NECOCHEA / AV. ALSINA 3200", "PROVINCIA": "Buenos Aires", "unnamed (2)": "", "unnamed (3)": ""}, "geometry": {"type": "Point", "coordinates": [-58.420823, -38.324986, 0.0]}}, {"type": "Feature", "properties": {"name": "-40.7994462, -62.984448199999974", "description": "unnamed (1): <br>Tipo de Espacio: Cooperativa<br>Nombre: COOP.AG.GAND.PATAGONES Y VIEDMA<br>DIRECCI\u00d3N: CARMEN DE PATAGONES / ESPA\u00d1A 143<br>PROVINCIA: Buenos Aires<br>unnamed (2): <br>unnamed (3):", "styleUrl": "#icon-1739-E65100", "unnamed (1)": "", "Tipo de Espacio": "Cooperativa", "Nombre": "COOP.AG.GAND.PATAGONES Y VIEDMA", "DIRECCI\u00d3N": "CARMEN DE PATAGONES / ESPA\u00d1A 143", "PROVINCIA": "Buenos Aires", "unnamed (2)": "", "unnamed (3)": ""}, "geometry": {"type": "Point", "coordinates": [-62.9844482, -40.7994462, 0.0]}}, {"type": "Feature", "properties": {"name": "-33.4861665, -60.9577276", "description": "unnamed (1): <br>Tipo de Espacio: Cooperativa<br>Nombre: COOP. AGROP. LTDA. DE MAXIMO PAZ<br>DIRECCI\u00d3N: MAXIMO PAZ / FALUCHO E ITUZAINGO<br>PROVINCIA: Santa Fe<br>unnamed (2): <br>unnamed (3):", "styleUrl": "#icon-1739-E65100", "unnamed (1)": "", "Tipo de Espacio": "Cooperativa", "Nombre": "COOP. AGROP. LTDA. DE MAXIMO PAZ", "DIRECCI\u00d3N": "MAXIMO PAZ / FALUCHO E ITUZAINGO", "PROVINCIA": "Santa Fe", "unnamed (2)": "", "unnamed (3)": ""}, "geometry": {"type": "Point", "coordinates": [-60.9577276, -33.4861665, 0.0]}}, {"type": "Feature", "properties": {"name": "-37.6053009, -62.405949299999975", "description": "unnamed (1): <br>Tipo de Espacio: Cooperativa<br>Nombre: LA ALIANZA COOP.AGRIC.GANAD.LTDA<br>DIRECCI\u00d3N: PIGUE / SADI CARNET 339<br>PROVINCIA: Buenos Aires<br>unnamed (2): <br>unnamed (3):", "styleUrl": "#icon-1739-E65100", "unnamed (1)": "", "Tipo de Espacio": "Cooperativa", "Nombre": "LA ALIANZA COOP.AGRIC.GANAD.LTDA", "DIRECCI\u00d3N": "PIGUE / SADI CARNET 339", "PROVINCIA": "Buenos Aires", "unnamed (2)": "", "unnamed (3)": ""}, "geometry": {"type": "Point", "coordinates": [-62.4059493, -37.6053009, 0.0]}}, {"type": "Feature", "properties": {"name": "-32.010829,-62.550624", "description": "unnamed (1): <br>Tipo de Espacio: Cooperativa<br>Nombre: COOP.AGROP.\"POZO DEL MOLLE\" LTDA<br>DIRECCI\u00d3N: POZO DEL MOLLE / SAN MARTIN Y 9 DE JULIO<br>PROVINCIA: C\u00f3rdoba<br>unnamed (2): <br>unnamed (3):", "styleUrl": "#icon-1739-E65100", "unnamed (1)": "", "Tipo de Espacio": "Cooperativa", "Nombre": "COOP.AGROP.\"POZO DEL MOLLE\" LTDA", "DIRECCI\u00d3N": "POZO DEL MOLLE / SAN MARTIN Y 9 DE JULIO", "PROVINCIA": "C\u00f3rdoba", "unnamed (2)": "", "unnamed (3)": ""}, "geometry": {"type": "Point", "coordinates": [-62.550624, -32.010829, 0.0]}}, {"type": "Feature", "properties": {"name": "-37.5463481, -62.770549200000005", "description": "unnamed (1): <br>Tipo de Espacio: Cooperativa<br>Nombre: COOP.AGRIC.GANAD.LTDA DE PUAN<br>DIRECCI\u00d3N: PUAN / ESPA\\A ESQ. HIPOLITO YRIGOYEN<br>PROVINCIA: Buenos Aires<br>unnamed (2): <br>unnamed (3):", "styleUrl": "#icon-1739-E65100", "unnamed (1)": "", "Tipo de Espacio": "Cooperativa", "Nombre": "COOP.AGRIC.GANAD.LTDA DE PUAN", "DIRECCI\u00d3N": "PUAN / ESPA\\A ESQ. HIPOLITO YRIGOYEN", "PROVINCIA": "Buenos Aires", "unnamed (2)": "", "unnamed (3)": ""}, "geometry": {"type": "Point", "coordinates": [-62.7705492, -37.5463481, 0.0]}}, {"type": "Feature", "properties": {"name": "-29.29442,-59.45460", "description": "unnamed (1): <br>Tipo de Espacio: Cooperativa<br>Nombre: UNION AGRIC.DE ROMANG COOP.LTDA<br>DIRECCI\u00d3N: ROMANG / SAN MARTIN 1044<br>PROVINCIA: Santa Fe<br>unnamed (2): <br>unnamed (3):", "styleUrl": "#icon-1739-E65100", "unnamed (1)": "", "Tipo de Espacio": "Cooperativa", "Nombre": "UNION AGRIC.DE ROMANG COOP.LTDA", "DIRECCI\u00d3N": "ROMANG / SAN MARTIN 1044", "PROVINCIA": "Santa Fe", "unnamed (2)": "", "unnamed (3)": ""}, "geometry": {"type": "Point", "coordinates": [-59.4546, -29.29442, 0.0]}}, {"type": "Feature", "properties": {"name": "-34.2440493, -59.472842000000014", "description": "unnamed (1): <br>Tipo de Espacio: Cooperativa<br>Nombre: COOP.AGROP.DE S.A.DE ARECO LTDA.<br>DIRECCI\u00d3N: SAN ANTONIO DE ARECO / ARELLANO 151<br>PROVINCIA: Buenos Aires<br>unnamed (2): <br>unnamed (3):", "styleUrl": "#icon-1739-E65100", "unnamed (1)": "", "Tipo de Espacio": "Cooperativa", "Nombre": "COOP.AGROP.DE S.A.DE ARECO LTDA.", "DIRECCI\u00d3N": "SAN ANTONIO DE ARECO / ARELLANO 151", "PROVINCIA": "Buenos Aires", "unnamed (2)": "", "unnamed (3)": ""}, "geometry": {"type": "Point", "coordinates": [-59.472842, -34.2440493, 0.0]}}, {"type": "Feature", "properties": {"name": "-30.366301, -61.911925", "description": "unnamed (1): <br>Tipo de Espacio: Cooperativa<br>Nombre: COOP.AGRIC.Y CONS.LTDA.STA.ROSA<br>DIRECCI\u00d3N: SAN GUILLERMO / MITRE 54<br>PROVINCIA: Santa Fe<br>unnamed (2): <br>unnamed (3):", "styleUrl": "#icon-1739-E65100", "unnamed (1)": "", "Tipo de Espacio": "Cooperativa", "Nombre": "COOP.AGRIC.Y CONS.LTDA.STA.ROSA", "DIRECCI\u00d3N": "SAN GUILLERMO / MITRE 54", "PROVINCIA": "Santa Fe", "unnamed (2)": "", "unnamed (3)": ""}, "geometry": {"type": "Point", "coordinates": [-61.91192499999999, -30.366301, 0.0]}}, {"type": "Feature", "properties": {"name": "-37.270945,-63.072535", "description": "unnamed (1): <br>Tipo de Espacio: Cooperativa<br>Nombre: COOP.AGRIC.GAN.LTDA.\"SAN MIGUEL\"<br>DIRECCI\u00d3N: SAN MIGUEL ARCANGEL / AV.9 DE JULIO S/N<br>PROVINCIA: Buenos Aires<br>unnamed (2): <br>unnamed (3):", "styleUrl": "#icon-1739-E65100", "unnamed (1)": "", "Tipo de Espacio": "Cooperativa", "Nombre": "COOP.AGRIC.GAN.LTDA.\"SAN MIGUEL\"", "DIRECCI\u00d3N": "SAN MIGUEL ARCANGEL / AV.9 DE JULIO S/N", "PROVINCIA": "Buenos Aires", "unnamed (2)": "", "unnamed (3)": ""}, "geometry": {"type": "Point", "coordinates": [-63.072535, -37.270945, 0.0]}}, {"type": "Feature", "properties": {"name": "-33.8874193, -61.69226630000003", "description": "unnamed (1): <br>Tipo de Espacio: Cooperativa<br>Nombre: COOP.AGR.U Y FZA.S.ISABEL Y TEOD<br>DIRECCI\u00d3N: SANTA ISABEL / SARMIENTO Y SANTA FE C.C.3<br>PROVINCIA: Santa Fe<br>unnamed (2): <br>unnamed (3):", "styleUrl": "#icon-1739-E65100", "unnamed (1)": "", "Tipo de Espacio": "Cooperativa", "Nombre": "COOP.AGR.U Y FZA.S.ISABEL Y TEOD", "DIRECCI\u00d3N": "SANTA ISABEL / SARMIENTO Y SANTA FE C.C.3", "PROVINCIA": "Santa Fe", "unnamed (2)": "", "unnamed (3)": ""}, "geometry": {"type": "Point", "coordinates": [-61.6922663, -33.8874193, 0.0]}}, {"type": "Feature", "properties": {"name": "-32.243317, -63.98250380000002", "description": "unnamed (1): <br>Tipo de Espacio: Cooperativa<br>Nombre: AGRIC.UNIDOS DE TANCACHA C.LTDA<br>DIRECCI\u00d3N: TANCACHA /BELGRANO ESQ. SAN JUAN<br>PROVINCIA: C\u00f3rdoba<br>unnamed (2): <br>unnamed (3):", "styleUrl": "#icon-1739-E65100", "unnamed (1)": "", "Tipo de Espacio": "Cooperativa", "Nombre": "AGRIC.UNIDOS DE TANCACHA C.LTDA", "DIRECCI\u00d3N": "TANCACHA /BELGRANO ESQ. SAN JUAN", "PROVINCIA": "C\u00f3rdoba", "unnamed (2)": "", "unnamed (3)": ""}, "geometry": {"type": "Point", "coordinates": [-63.9825038, -32.243317, 0.0]}}, {"type": "Feature", "properties": {"name": "-37.3397262, -59.06967759999998", "description": "unnamed (1): <br>Tipo de Espacio: Cooperativa<br>Nombre: COOP.AGROPECUARIA DE TANDIL LTDA<br>DIRECCI\u00d3N: TANDIL / 4 DE ABRIL Y ARANA<br>PROVINCIA: Buenos Aires<br>unnamed (2): <br>unnamed (3):", "styleUrl": "#icon-1739-E65100", "unnamed (1)": "", "Tipo de Espacio": "Cooperativa", "Nombre": "COOP.AGROPECUARIA DE TANDIL LTDA", "DIRECCI\u00d3N": "TANDIL / 4 DE ABRIL Y ARANA", "PROVINCIA": "Buenos Aires", "unnamed (2)": "", "unnamed (3)": ""}, "geometry": {"type": "Point", "coordinates": [-59.06967760000001, -37.3397262, 0.0]}}, {"type": "Feature", "properties": {"name": "-38.3689652, -60.2861178", "description": "unnamed (1): <br>Tipo de Espacio: Cooperativa<br>Nombre: COOP.AGRARIA DE T.ARROYOS LTDA.<br>DIRECCI\u00d3N: TRES ARROYOS / AV. SAN MARTIN 1050<br>PROVINCIA: Buenos Aires<br>unnamed (2): <br>unnamed (3):", "styleUrl": "#icon-1739-E65100", "unnamed (1)": "", "Tipo de Espacio": "Cooperativa", "Nombre": "COOP.AGRARIA DE T.ARROYOS LTDA.", "DIRECCI\u00d3N": "TRES ARROYOS / AV. SAN MARTIN 1050", "PROVINCIA": "Buenos Aires", "unnamed (2)": "", "unnamed (3)": ""}, "geometry": {"type": "Point", "coordinates": [-60.2861178, -38.3689652, 0.0]}}, {"type": "Feature", "properties": {"name": "-38.3897657, -60.26856320000002", "description": "unnamed (1): <br>Tipo de Espacio: Cooperativa<br>Nombre: COOP.RURAL LTDA.\"ALFA\".<br>DIRECCI\u00d3N: TRES ARROYOS / SAAVEDRA 390<br>PROVINCIA: Buenos Aires<br>unnamed (2): <br>unnamed (3):", "styleUrl": "#icon-1739-E65100", "unnamed (1)": "", "Tipo de Espacio": "Cooperativa", "Nombre": "COOP.RURAL LTDA.\"ALFA\".", "DIRECCI\u00d3N": "TRES ARROYOS / SAAVEDRA 390", "PROVINCIA": "Buenos Aires", "unnamed (2)": "", "unnamed (3)": ""}, "geometry": {"type": "Point", "coordinates": [-60.2685632, -38.3897657, 0.0]}}, {"type": "Feature", "properties": {"name": "-33.7346745, -60.169039199999986", "description": "unnamed (1): <br>Tipo de Espacio: Cooperativa<br>Nombre: COOP.AGROPEC.DE LA VIOLETA LTDA<br>DIRECCI\u00d3N: LA VIOLETA / SAN MARTIN E YRIGOYEN<br>PROVINCIA: Buenos Aires<br>unnamed (2): <br>unnamed (3):", "styleUrl": "#icon-1739-E65100", "unnamed (1)": "", "Tipo de Espacio": "Cooperativa", "Nombre": "COOP.AGROPEC.DE LA VIOLETA LTDA", "DIRECCI\u00d3N": "LA VIOLETA / SAN MARTIN E YRIGOYEN", "PROVINCIA": "Buenos Aires", "unnamed (2)": "", "unnamed (3)": ""}, "geometry": {"type": "Point", "coordinates": [-60.1690392, -33.7346745, 0.0]}}, {"type": "Feature", "properties": {"name": "-32.046983,-60.322576", "description": "unnamed (1): <br>Tipo de Espacio: Cooperativa<br>Nombre: LA AGRIC REG COOP LTAAG DE CO YS<br>DIRECCI\u00d3N: CRESPO / SAN MARTIN Y MORENO<br>PROVINCIA: Entre R\u00edos<br>unnamed (2): <br>unnamed (3):", "styleUrl": "#icon-1739-E65100", "unnamed (1)": "", "Tipo de Espacio": "Cooperativa", "Nombre": "LA AGRIC REG COOP LTAAG DE CO YS", "DIRECCI\u00d3N": "CRESPO / SAN MARTIN Y MORENO", "PROVINCIA": "Entre R\u00edos", "unnamed (2)": "", "unnamed (3)": ""}, "geometry": {"type": "Point", "coordinates": [-60.322576, -32.046983, 0.0]}}, {"type": "Feature", "properties": {"name": "-30.2116854, -61.87443840000003", "description": "unnamed (1): <br>Tipo de Espacio: Cooperativa<br>Nombre: COOP.AGRIC.CONS.LA TRINIDAD LTDA<br>DIRECCI\u00d3N: VILLA TRINIDAD / SARMIENTO 198<br>PROVINCIA: Santa Fe<br>unnamed (2): <br>unnamed (3):", "styleUrl": "#icon-1739-E65100", "unnamed (1)": "", "Tipo de Espacio": "Cooperativa", "Nombre": "COOP.AGRIC.CONS.LA TRINIDAD LTDA", "DIRECCI\u00d3N": "VILLA TRINIDAD / SARMIENTO 198", "PROVINCIA": "Santa Fe", "unnamed (2)": "", "unnamed (3)": ""}, "geometry": {"type": "Point", "coordinates": [-61.8744384, -30.2116854, 0.0]}}, {"type": "Feature", "properties": {"name": "-37.4586785, -61.93665320000002", "description": "unnamed (1): <br>Tipo de Espacio: Cooperativa<br>Nombre: COOP AGROP G.S.MARTIN C.SUAREZ LT<br>DIRECCI\u00d3N: CORONEL SUAREZ / MITRE Y GARIBALDI<br>PROVINCIA: Buenos Aires<br>unnamed (2): <br>unnamed (3):", "styleUrl": "#icon-1739-E65100", "unnamed (1)": "", "Tipo de Espacio": "Cooperativa", "Nombre": "COOP AGROP G.S.MARTIN C.SUAREZ LT", "DIRECCI\u00d3N": "CORONEL SUAREZ / MITRE Y GARIBALDI", "PROVINCIA": "Buenos Aires", "unnamed (2)": "", "unnamed (3)": ""}, "geometry": {"type": "Point", "coordinates": [-61.9366532, -37.4586785, 0.0]}}, {"type": "Feature", "properties": {"name": "-38.4813939, -61.89049739999996", "description": "unnamed (1): <br>Tipo de Espacio: Cooperativa<br>Nombre: COOP.AGRIC.GAN.IND.\"S.DE TORO LT<br>DIRECCI\u00d3N: CABILDO / VIEYTES 83<br>PROVINCIA: Buenos Aires<br>unnamed (2): <br>unnamed (3):", "styleUrl": "#icon-1739-E65100", "unnamed (1)": "", "Tipo de Espacio": "Cooperativa", "Nombre": "COOP.AGRIC.GAN.IND.\"S.DE TORO LT", "DIRECCI\u00d3N": "CABILDO / VIEYTES 83", "PROVINCIA": "Buenos Aires", "unnamed (2)": "", "unnamed (3)": ""}, "geometry": {"type": "Point", "coordinates": [-61.89049739999999, -38.4813939, 0.0]}}, {"type": "Feature", "properties": {"name": "-31.01421899999999, -62.06469849999996", "description": "unnamed (1): <br>Tipo de Espacio: Cooperativa<br>Nombre: COOP.GAN.AGRIC.CONS.PORTE\u00d1A LTDA<br>DIRECCI\u00d3N: PORTE\u00d1A / SAN MARTIN 602<br>PROVINCIA: C\u00f3rdoba<br>unnamed (2): <br>unnamed (3):", "styleUrl": "#icon-1739-E65100", "unnamed (1)": "", "Tipo de Espacio": "Cooperativa", "Nombre": "COOP.GAN.AGRIC.CONS.PORTE\u00d1A LTDA", "DIRECCI\u00d3N": "PORTE\u00d1A / SAN MARTIN 602", "PROVINCIA": "C\u00f3rdoba", "unnamed (2)": "", "unnamed (3)": ""}, "geometry": {"type": "Point", "coordinates": [-62.0646985, -31.014219, 0.0]}}, {"type": "Feature", "properties": {"name": "-32.102442,-60.115635", "description": "unnamed (1): <br>Tipo de Espacio: Cooperativa<br>Nombre: COOP LA GAN GRAL RAMIREZ AG CYP<br>DIRECCI\u00d3N: GENERAL RAMIREZ / BELGRANO 229<br>PROVINCIA: Entre R\u00edos<br>unnamed (2): <br>unnamed (3):", "styleUrl": "#icon-1739-E65100", "unnamed (1)": "", "Tipo de Espacio": "Cooperativa", "Nombre": "COOP LA GAN GRAL RAMIREZ AG CYP", "DIRECCI\u00d3N": "GENERAL RAMIREZ / BELGRANO 229", "PROVINCIA": "Entre R\u00edos", "unnamed (2)": "", "unnamed (3)": ""}, "geometry": {"type": "Point", "coordinates": [-60.11563499999999, -32.102442, 0.0]}}, {"type": "Feature", "properties": {"name": "-32.2208806,-60.56251128", "description": "unnamed (1): <br>Tipo de Espacio: Cooperativa<br>Nombre: COOP.AGRIC.GAN.TAMB.LDA.DE MONJE<br>DIRECCI\u00d3N: MONJE<br>PROVINCIA: Santa Fe<br>unnamed (2): <br>unnamed (3):", "styleUrl": "#icon-1739-E65100", "unnamed (1)": "", "Tipo de Espacio": "Cooperativa", "Nombre": "COOP.AGRIC.GAN.TAMB.LDA.DE MONJE", "DIRECCI\u00d3N": "MONJE", "PROVINCIA": "Santa Fe", "unnamed (2)": "", "unnamed (3)": ""}, "geometry": {"type": "Point", "coordinates": [-60.56251128, -32.2208806, 0.0]}}, {"type": "Feature", "properties": {"name": "-32.233395,-59.314030", "description": "unnamed (1): <br>Tipo de Espacio: Cooperativa<br>Nombre: COOP AGROPECUARIA EL PROGRESO LTDA<br>DIRECCI\u00d3N: LUCAS GONZALEZ / M. GOLDARACENA Y DR. PANIEGO<br>PROVINCIA: Entre R\u00edos<br>unnamed (2): <br>unnamed (3):", "styleUrl": "#icon-1739-E65100", "unnamed (1)": "", "Tipo de Espacio": "Cooperativa", "Nombre": "COOP AGROPECUARIA EL PROGRESO LTDA", "DIRECCI\u00d3N": "LUCAS GONZALEZ / M. GOLDARACENA Y DR. PANIEGO", "PROVINCIA": "Entre R\u00edos", "unnamed (2)": "", "unnamed (3)": ""}, "geometry": {"type": "Point", "coordinates": [-59.31403, -32.233395, 0.0]}}, {"type": "Feature", "properties": {"name": "-35.65143,-60.70887", "description": "unnamed (1): <br>Tipo de Espacio: Cooperativa<br>Nombre: COOP.AGRIC.GANAD.DE DUDIGNAC LTD<br>DIRECCI\u00d3N: DUDIGNAC / AVENIDA BELGRANO 20<br>PROVINCIA: Buenos Aires<br>unnamed (2): <br>unnamed (3):", "styleUrl": "#icon-1739-E65100", "unnamed (1)": "", "Tipo de Espacio": "Cooperativa", "Nombre": "COOP.AGRIC.GANAD.DE DUDIGNAC LTD", "DIRECCI\u00d3N": "DUDIGNAC / AVENIDA BELGRANO 20", "PROVINCIA": "Buenos Aires", "unnamed (2)": "", "unnamed (3)": ""}, "geometry": {"type": "Point", "coordinates": [-60.70887, -35.65143, 0.0]}}, {"type": "Feature", "properties": {"name": "-31.164165,-62.09985", "description": "unnamed (1): <br>Tipo de Espacio: Cooperativa<br>Nombre: COOP.AGRIC.GAN.CONS.FREYRE LTDA<br>DIRECCI\u00d3N: FREYRE / 9 DE JULIO 642<br>PROVINCIA: C\u00f3rdoba<br>unnamed (2): <br>unnamed (3):", "styleUrl": "#icon-1739-E65100", "unnamed (1)": "", "Tipo de Espacio": "Cooperativa", "Nombre": "COOP.AGRIC.GAN.CONS.FREYRE LTDA", "DIRECCI\u00d3N": "FREYRE / 9 DE JULIO 642", "PROVINCIA": "C\u00f3rdoba", "unnamed (2)": "", "unnamed (3)": ""}, "geometry": {"type": "Point", "coordinates": [-62.09985, -31.164165, 0.0]}}, {"type": "Feature", "properties": {"name": "-26.6878924, -64.94514530000003", "description": "unnamed (1): <br>Tipo de Espacio: Cooperativa<br>Nombre: COOP. AGROP. UNION Y PROGRESO LTDA.<br>DIRECCI\u00d3N: LA RAMADA DE ABAJO / <br>PROVINCIA: Tucum\u00e1n<br>unnamed (2): <br>unnamed (3):", "styleUrl": "#icon-1739-E65100", "unnamed (1)": "", "Tipo de Espacio": "Cooperativa", "Nombre": "COOP. AGROP. UNION Y PROGRESO LTDA.", "DIRECCI\u00d3N": "LA RAMADA DE ABAJO /", "PROVINCIA": "Tucum\u00e1n", "unnamed (2)": "", "unnamed (3)": ""}, "geometry": {"type": "Point", "coordinates": [-64.9451453, -26.6878924, 0.0]}}, {"type": "Feature", "properties": {"name": "-32.545409,-62.280104", "description": "unnamed (1): <br>Tipo de Espacio: Cooperativa<br>Nombre: COOP.AGRIC.GANAD.DE MONTE BUEY<br>DIRECCI\u00d3N: MONTE BUEY / RIVADAVIA Y DEAN FUNES 199<br>PROVINCIA: C\u00f3rdoba<br>unnamed (2): <br>unnamed (3):", "styleUrl": "#icon-1739-E65100", "unnamed (1)": "", "Tipo de Espacio": "Cooperativa", "Nombre": "COOP.AGRIC.GANAD.DE MONTE BUEY", "DIRECCI\u00d3N": "MONTE BUEY / RIVADAVIA Y DEAN FUNES 199", "PROVINCIA": "C\u00f3rdoba", "unnamed (2)": "", "unnamed (3)": ""}, "geometry": {"type": "Point", "coordinates": [-62.28010399999999, -32.545409, 0.0]}}, {"type": "Feature", "properties": {"name": "-30.52189,-61.20563", "description": "unnamed (1): <br>Tipo de Espacio: Cooperativa<br>Nombre: COOP. LTDA. DE TAM. LA HUMBERTINA<br>DIRECCI\u00d3N: HUMBERTO PRIMO / BV.LEHMANN 336<br>PROVINCIA: Santa Fe<br>unnamed (2): <br>unnamed (3):", "styleUrl": "#icon-1739-E65100", "unnamed (1)": "", "Tipo de Espacio": "Cooperativa", "Nombre": "COOP. LTDA. DE TAM. LA HUMBERTINA", "DIRECCI\u00d3N": "HUMBERTO PRIMO / BV.LEHMANN 336", "PROVINCIA": "Santa Fe", "unnamed (2)": "", "unnamed (3)": ""}, "geometry": {"type": "Point", "coordinates": [-61.20562999999999, -30.52189, 0.0]}}, {"type": "Feature", "properties": {"name": "-30.5733,-60.3950", "description": "unnamed (1): <br>Tipo de Espacio: Cooperativa<br>Nombre: COOP.AG.GANAD.DE VIDELA LTDA.<br>DIRECCI\u00d3N: VIDELA / ANTONIO NOSEDA 701<br>PROVINCIA: Santa Fe<br>unnamed (2): <br>unnamed (3):", "styleUrl": "#icon-1739-E65100", "unnamed (1)": "", "Tipo de Espacio": "Cooperativa", "Nombre": "COOP.AG.GANAD.DE VIDELA LTDA.", "DIRECCI\u00d3N": "VIDELA / ANTONIO NOSEDA 701", "PROVINCIA": "Santa Fe", "unnamed (2)": "", "unnamed (3)": ""}, "geometry": {"type": "Point", "coordinates": [-60.395, -30.5733, 0.0]}}, {"type": "Feature", "properties": {"name": "-37.68831960000001, -63.158852300000035", "description": "unnamed (1): <br>Tipo de Espacio: Cooperativa<br>Nombre: COOP.AGRO.DE DARREGUEIRA LTDA<br>DIRECCI\u00d3N: DARREGUEIRA / 25 DE MAYO Y GUEMES<br>PROVINCIA: Buenos Aires<br>unnamed (2): <br>unnamed (3):", "styleUrl": "#icon-1739-E65100", "unnamed (1)": "", "Tipo de Espacio": "Cooperativa", "Nombre": "COOP.AGRO.DE DARREGUEIRA LTDA", "DIRECCI\u00d3N": "DARREGUEIRA / 25 DE MAYO Y GUEMES", "PROVINCIA": "Buenos Aires", "unnamed (2)": "", "unnamed (3)": ""}, "geometry": {"type": "Point", "coordinates": [-63.1588523, -37.6883196, 0.0]}}, {"type": "Feature", "properties": {"name": "-30.223723,-60.244229", "description": "unnamed (1): <br>Tipo de Espacio: Cooperativa<br>Nombre: COOP.AGRIC.GAN.LTDA.GDOR CRESPO<br>DIRECCI\u00d3N: GDOR.CRESPO / BELGRANO 835<br>PROVINCIA: Santa Fe<br>unnamed (2): <br>unnamed (3):", "styleUrl": "#icon-1739-E65100", "unnamed (1)": "", "Tipo de Espacio": "Cooperativa", "Nombre": "COOP.AGRIC.GAN.LTDA.GDOR CRESPO", "DIRECCI\u00d3N": "GDOR.CRESPO / BELGRANO 835", "PROVINCIA": "Santa Fe", "unnamed (2)": "", "unnamed (3)": ""}, "geometry": {"type": "Point", "coordinates": [-60.244229, -30.223723, 0.0]}}, {"type": "Feature", "properties": {"name": "-36.7734736, -59.08948729999997", "description": "unnamed (1): <br>Tipo de Espacio: Cooperativa<br>Nombre: COOP. AGROP.E INDUST.DE RAUCH LTDA.<br>DIRECCI\u00d3N: RAUCH / JUAN GARRALDA 223<br>PROVINCIA: Buenos Aires<br>unnamed (2): <br>unnamed (3):", "styleUrl": "#icon-1739-E65100", "unnamed (1)": "", "Tipo de Espacio": "Cooperativa", "Nombre": "COOP. AGROP.E INDUST.DE RAUCH LTDA.", "DIRECCI\u00d3N": "RAUCH / JUAN GARRALDA 223", "PROVINCIA": "Buenos Aires", "unnamed (2)": "", "unnamed (3)": ""}, "geometry": {"type": "Point", "coordinates": [-59.0894873, -36.7734736, 0.0]}}, {"type": "Feature", "properties": {"name": "-34.6438919, -60.47228319999999", "description": "unnamed (1): <br>Tipo de Espacio: Cooperativa<br>Nombre: COOP. AGROP. DE GRANJEROS UNIDOS DE CHAC<br>DIRECCI\u00d3N: CHACABUCO / BELGRANO 100<br>PROVINCIA: Buenos Aires<br>unnamed (2): <br>unnamed (3):", "styleUrl": "#icon-1739-E65100", "unnamed (1)": "", "Tipo de Espacio": "Cooperativa", "Nombre": "COOP. AGROP. DE GRANJEROS UNIDOS DE CHAC", "DIRECCI\u00d3N": "CHACABUCO / BELGRANO 100", "PROVINCIA": "Buenos Aires", "unnamed (2)": "", "unnamed (3)": ""}, "geometry": {"type": "Point", "coordinates": [-60.4722832, -34.6438919, 0.0]}}, {"type": "Feature", "properties": {"name": "-32.3700559, -58.876176499999985", "description": "unnamed (1): <br>Tipo de Espacio: Cooperativa<br>Nombre: COOP.AGRIC.LUCIENVILLE LTDA.<br>DIRECCI\u00d3N: BASAVILBASO / Neyra 1450<br>PROVINCIA: Entre R\u00edos<br>unnamed (2): <br>unnamed (3):", "styleUrl": "#icon-1739-E65100", "unnamed (1)": "", "Tipo de Espacio": "Cooperativa", "Nombre": "COOP.AGRIC.LUCIENVILLE LTDA.", "DIRECCI\u00d3N": "BASAVILBASO / Neyra 1450", "PROVINCIA": "Entre R\u00edos", "unnamed (2)": "", "unnamed (3)": ""}, "geometry": {"type": "Point", "coordinates": [-58.8761765, -32.3700559, 0.0]}}, {"type": "Feature", "properties": {"name": "-31.7036477, -61.56148540000004", "description": "unnamed (1): <br>Tipo de Espacio: Cooperativa<br>Nombre: COOP.AGROP.COLONIAS UNIDAS LTDA<br>DIRECCI\u00d3N: SAN VICENTE / AZCUENAGA 101<br>PROVINCIA: Santa Fe<br>unnamed (2): <br>unnamed (3):", "styleUrl": "#icon-1739-E65100", "unnamed (1)": "", "Tipo de Espacio": "Cooperativa", "Nombre": "COOP.AGROP.COLONIAS UNIDAS LTDA", "DIRECCI\u00d3N": "SAN VICENTE / AZCUENAGA 101", "PROVINCIA": "Santa Fe", "unnamed (2)": "", "unnamed (3)": ""}, "geometry": {"type": "Point", "coordinates": [-61.5614854, -31.7036477, 0.0]}}, {"type": "Feature", "properties": {"name": "-36.17580,-61.43113", "description": "unnamed (1): <br>Tipo de Espacio: Cooperativa<br>Nombre: COOP.AGROP.\"EL PROGRESO\"LTDA.<br>DIRECCI\u00d3N: HENDERSON / FLORIDA 692<br>PROVINCIA: Buenos Aires<br>unnamed (2): <br>unnamed (3):", "styleUrl": "#icon-1739-E65100", "unnamed (1)": "", "Tipo de Espacio": "Cooperativa", "Nombre": "COOP.AGROP.\"EL PROGRESO\"LTDA.", "DIRECCI\u00d3N": "HENDERSON / FLORIDA 692", "PROVINCIA": "Buenos Aires", "unnamed (2)": "", "unnamed (3)": ""}, "geometry": {"type": "Point", "coordinates": [-61.43113, -36.1758, 0.0]}}, {"type": "Feature", "properties": {"name": "-31.95710729999999, -60.12570770000002", "description": "unnamed (1): <br>Tipo de Espacio: Cooperativa<br>Nombre: COOP.SERV.PUB.GRAL.JOSE S.MARTIN<br>DIRECCI\u00d3N: SEGUI / SARGENTO CABRAL 501<br>PROVINCIA: Entre R\u00edos<br>unnamed (2): <br>unnamed (3):", "styleUrl": "#icon-1739-E65100", "unnamed (1)": "", "Tipo de Espacio": "Cooperativa", "Nombre": "COOP.SERV.PUB.GRAL.JOSE S.MARTIN", "DIRECCI\u00d3N": "SEGUI / SARGENTO CABRAL 501", "PROVINCIA": "Entre R\u00edos", "unnamed (2)": "", "unnamed (3)": ""}, "geometry": {"type": "Point", "coordinates": [-60.1257077, -31.9571073, 0.0]}}, {"type": "Feature", "properties": {"name": "-33.6421015, -61.859359299999994", "description": "unnamed (1): <br>Tipo de Espacio: Cooperativa<br>Nombre: COOP AGRIC GANAD Y DE CONS GRAL SAN<br>DIRECCI\u00d3N: MURPHY / SAN MARTIN 198<br>PROVINCIA: Santa Fe<br>unnamed (2): <br>unnamed (3):", "styleUrl": "#icon-1739-E65100", "unnamed (1)": "", "Tipo de Espacio": "Cooperativa", "Nombre": "COOP AGRIC GANAD Y DE CONS GRAL SAN", "DIRECCI\u00d3N": "MURPHY / SAN MARTIN 198", "PROVINCIA": "Santa Fe", "unnamed (2)": "", "unnamed (3)": ""}, "geometry": {"type": "Point", "coordinates": [-61.85935929999999, -33.6421015, 0.0]}}, {"type": "Feature", "properties": {"name": "-32.3659863, -62.31009820000003", "description": "unnamed (1): <br>Tipo de Espacio: Cooperativa<br>Nombre: COOP.AGROPEC.GRAL BELGRANO LTD<br>DIRECCI\u00d3N: NOETINGER / AV.CENTENARIO 389<br>PROVINCIA: C\u00f3rdoba<br>unnamed (2): <br>unnamed (3):", "styleUrl": "#icon-1739-E65100", "unnamed (1)": "", "Tipo de Espacio": "Cooperativa", "Nombre": "COOP.AGROPEC.GRAL BELGRANO LTD", "DIRECCI\u00d3N": "NOETINGER / AV.CENTENARIO 389", "PROVINCIA": "C\u00f3rdoba", "unnamed (2)": "", "unnamed (3)": ""}, "geometry": {"type": "Point", "coordinates": [-62.31009820000001, -32.3659863, 0.0]}}, {"type": "Feature", "properties": {"name": "-32.452985,-64.200019", "description": "unnamed (1): <br>Tipo de Espacio: Cooperativa<br>Nombre: COOP.AGROP.ALBA DE GIGENA LTDA<br>DIRECCI\u00d3N: ALCIRA GIGENA / BV GRAL ROCA 622<br>PROVINCIA: C\u00f3rdoba<br>unnamed (2): <br>unnamed (3):", "styleUrl": "#icon-1739-E65100", "unnamed (1)": "", "Tipo de Espacio": "Cooperativa", "Nombre": "COOP.AGROP.ALBA DE GIGENA LTDA", "DIRECCI\u00d3N": "ALCIRA GIGENA / BV GRAL ROCA 622", "PROVINCIA": "C\u00f3rdoba", "unnamed (2)": "", "unnamed (3)": ""}, "geometry": {"type": "Point", "coordinates": [-64.200019, -32.452985, 0.0]}}, {"type": "Feature", "properties": {"name": "-34.003447,-62.142217", "description": "unnamed (1): <br>Tipo de Espacio: Cooperativa<br>Nombre: COOP.AGRIC.GAN.SANCTISPIRITU<br>DIRECCI\u00d3N: SANCTI SPIRITU / AV S.MARTIN  Y LOS COLONIZADORES<br>PROVINCIA: Santa Fe<br>unnamed (2): <br>unnamed (3):", "styleUrl": "#icon-1739-E65100", "unnamed (1)": "", "Tipo de Espacio": "Cooperativa", "Nombre": "COOP.AGRIC.GAN.SANCTISPIRITU", "DIRECCI\u00d3N": "SANCTI SPIRITU / AV S.MARTIN  Y LOS COLONIZADORES", "PROVINCIA": "Santa Fe", "unnamed (2)": "", "unnamed (3)": ""}, "geometry": {"type": "Point", "coordinates": [-62.142217, -34.003447, 0.0]}}, {"type": "Feature", "properties": {"name": "-33.33702,-61.86759445", "description": "unnamed (1): <br>Tipo de Espacio: Cooperativa<br>Nombre: COOP.AGRIC.GAN.DE BERABEVU LT<br>DIRECCI\u00d3N: BERABEVU / ZONA RURAL<br>PROVINCIA: Santa Fe<br>unnamed (2): <br>unnamed (3):", "styleUrl": "#icon-1739-E65100", "unnamed (1)": "", "Tipo de Espacio": "Cooperativa", "Nombre": "COOP.AGRIC.GAN.DE BERABEVU LT", "DIRECCI\u00d3N": "BERABEVU / ZONA RURAL", "PROVINCIA": "Santa Fe", "unnamed (2)": "", "unnamed (3)": ""}, "geometry": {"type": "Point", "coordinates": [-61.86759445, -33.33702, 0.0]}}, {"type": "Feature", "properties": {"name": "-33.123217,-62.360528", "description": "unnamed (1): <br>Tipo de Espacio: Cooperativa<br>Nombre: COOP.AGRIC.DE MONTE MAIZ LTDA.<br>DIRECCI\u00d3N: MONTE MAIZ / CORDOBA Y AV. PTE. J.D.PERON 1802<br>PROVINCIA: C\u00f3rdoba<br>unnamed (2): <br>unnamed (3):", "styleUrl": "#icon-1739-E65100", "unnamed (1)": "", "Tipo de Espacio": "Cooperativa", "Nombre": "COOP.AGRIC.DE MONTE MAIZ LTDA.", "DIRECCI\u00d3N": "MONTE MAIZ / CORDOBA Y AV. PTE. J.D.PERON 1802", "PROVINCIA": "C\u00f3rdoba", "unnamed (2)": "", "unnamed (3)": ""}, "geometry": {"type": "Point", "coordinates": [-62.360528, -33.123217, 0.0]}}, {"type": "Feature", "properties": {"name": "-33.0610,-61.1947", "description": "unnamed (1): <br>Tipo de Espacio: Cooperativa<br>Nombre: COOP.AGRIC.GAN.LOS MOLINOS LTDA<br>DIRECCI\u00d3N: LOS MOLINOS / BV.NTRA. SE\u00a5ORA DEL ROSARIO 579<br>PROVINCIA: Santa Fe<br>unnamed (2): <br>unnamed (3):", "styleUrl": "#icon-1739-E65100", "unnamed (1)": "", "Tipo de Espacio": "Cooperativa", "Nombre": "COOP.AGRIC.GAN.LOS MOLINOS LTDA", "DIRECCI\u00d3N": "LOS MOLINOS / BV.NTRA. SE\u00a5ORA DEL ROSARIO 579", "PROVINCIA": "Santa Fe", "unnamed (2)": "", "unnamed (3)": ""}, "geometry": {"type": "Point", "coordinates": [-61.1947, -33.061, 0.0]}}, {"type": "Feature", "properties": {"name": "-32.456699, -64.38554399999998", "description": "unnamed (1): <br>Tipo de Espacio: Cooperativa<br>Nombre: AGRIC.GANAD.LTDA DE BERROTARAN<br>DIRECCI\u00d3N: BERROTARAN / NICOLAS BERROTARAN<br>PROVINCIA: C\u00f3rdoba<br>unnamed (2): <br>unnamed (3):", "styleUrl": "#icon-1739-E65100", "unnamed (1)": "", "Tipo de Espacio": "Cooperativa", "Nombre": "AGRIC.GANAD.LTDA DE BERROTARAN", "DIRECCI\u00d3N": "BERROTARAN / NICOLAS BERROTARAN", "PROVINCIA": "C\u00f3rdoba", "unnamed (2)": "", "unnamed (3)": ""}, "geometry": {"type": "Point", "coordinates": [-64.385544, -32.456699, 0.0]}}, {"type": "Feature", "properties": {"name": "-32.112611,-61.420498", "description": "unnamed (1): <br>Tipo de Espacio: Cooperativa<br>Nombre: COOP.AGRIC.GAN.DE EL TREBOL LTDA<br>DIRECCI\u00d3N: EL TREBOL / AV. LIBERTADOR 45<br>PROVINCIA: Santa Fe<br>unnamed (2): <br>unnamed (3):", "styleUrl": "#icon-1739-E65100", "unnamed (1)": "", "Tipo de Espacio": "Cooperativa", "Nombre": "COOP.AGRIC.GAN.DE EL TREBOL LTDA", "DIRECCI\u00d3N": "EL TREBOL / AV. LIBERTADOR 45", "PROVINCIA": "Santa Fe", "unnamed (2)": "", "unnamed (3)": ""}, "geometry": {"type": "Point", "coordinates": [-61.420498, -32.112611, 0.0]}}, {"type": "Feature", "properties": {"name": "-31.254967,-61.152407", "description": "unnamed (1): <br>Tipo de Espacio: Cooperativa<br>Nombre: COOP.AG.GAN.LTDA.G.LEHMANN<br>DIRECCI\u00d3N: PILAR / SAN MARTIN 1531<br>PROVINCIA: Santa Fe<br>unnamed (2): <br>unnamed (3):", "styleUrl": "#icon-1739-E65100", "unnamed (1)": "", "Tipo de Espacio": "Cooperativa", "Nombre": "COOP.AG.GAN.LTDA.G.LEHMANN", "DIRECCI\u00d3N": "PILAR / SAN MARTIN 1531", "PROVINCIA": "Santa Fe", "unnamed (2)": "", "unnamed (3)": ""}, "geometry": {"type": "Point", "coordinates": [-61.15240699999999, -31.254967, 0.0]}}, {"type": "Feature", "properties": {"name": "-35.43325, -64.28332999999998", "description": "unnamed (1): <br>Tipo de Espacio: Cooperativa<br>Nombre: COOP.AGROP.EMBAJADOR MARTINI<br>DIRECCI\u00d3N: E.MARTINI / AV.SAN MARTIN 154<br>PROVINCIA: LA PAMPA<br>unnamed (2): <br>unnamed (3):", "styleUrl": "#icon-1739-E65100", "unnamed (1)": "", "Tipo de Espacio": "Cooperativa", "Nombre": "COOP.AGROP.EMBAJADOR MARTINI", "DIRECCI\u00d3N": "E.MARTINI / AV.SAN MARTIN 154", "PROVINCIA": "LA PAMPA", "unnamed (2)": "", "unnamed (3)": ""}, "geometry": {"type": "Point", "coordinates": [-64.28333, -35.43325, 0.0]}}, {"type": "Feature", "properties": {"name": "-33.383193,-61.514525", "description": "unnamed (1): <br>Tipo de Espacio: Cooperativa<br>Nombre: COOP.AGROP.DE MURPHY LTDA.<br>DIRECCI\u00d3N: MURPHY / FELIX BARRACCO 552<br>PROVINCIA: Santa Fe<br>unnamed (2): <br>unnamed (3):", "styleUrl": "#icon-1739-E65100", "unnamed (1)": "", "Tipo de Espacio": "Cooperativa", "Nombre": "COOP.AGROP.DE MURPHY LTDA.", "DIRECCI\u00d3N": "MURPHY / FELIX BARRACCO 552", "PROVINCIA": "Santa Fe", "unnamed (2)": "", "unnamed (3)": ""}, "geometry": {"type": "Point", "coordinates": [-61.514525, -33.383193, 0.0]}}, {"type": "Feature", "properties": {"name": "-35.6354707, -59.782684500000016", "description": "unnamed (1): <br>Tipo de Espacio: Cooperativa<br>Nombre: COOP.AGR.GANAD.DE SALADILLO LTDA<br>DIRECCI\u00d3N: SALADILLO / AVDA. MORENO Y ALEM<br>PROVINCIA: Buenos Aires<br>unnamed (2): <br>unnamed (3):", "styleUrl": "#icon-1739-E65100", "unnamed (1)": "", "Tipo de Espacio": "Cooperativa", "Nombre": "COOP.AGR.GANAD.DE SALADILLO LTDA", "DIRECCI\u00d3N": "SALADILLO / AVDA. MORENO Y ALEM", "PROVINCIA": "Buenos Aires", "unnamed (2)": "", "unnamed (3)": ""}, "geometry": {"type": "Point", "coordinates": [-59.7826845, -35.6354707, 0.0]}}, {"type": "Feature", "properties": {"name": "-33.3749577, -61.18417299999999", "description": "unnamed (1): <br>Tipo de Espacio: Cooperativa<br>Nombre: COOP.AGROPECUARIA DE BIGAND LTDA<br>DIRECCI\u00d3N: BIGAND / LIBERTAD 355<br>PROVINCIA: Santa Fe<br>unnamed (2): <br>unnamed (3):", "styleUrl": "#icon-1739-E65100", "unnamed (1)": "", "Tipo de Espacio": "Cooperativa", "Nombre": "COOP.AGROPECUARIA DE BIGAND LTDA", "DIRECCI\u00d3N": "BIGAND / LIBERTAD 355", "PROVINCIA": "Santa Fe", "unnamed (2)": "", "unnamed (3)": ""}, "geometry": {"type": "Point", "coordinates": [-61.18417300000001, -33.3749577, 0.0]}}, {"type": "Feature", "properties": {"name": "-36.14014,-61.07032", "description": "unnamed (1): <br>Tipo de Espacio: Cooperativa<br>Nombre: COOP.AGROP.DE BOLIVAR LTDA.<br>DIRECCI\u00d3N: BOLIVAR / AV.GRAL.PAZ 374<br>PROVINCIA: Buenos Aires<br>unnamed (2): <br>unnamed (3):", "styleUrl": "#icon-1739-E65100", "unnamed (1)": "", "Tipo de Espacio": "Cooperativa", "Nombre": "COOP.AGROP.DE BOLIVAR LTDA.", "DIRECCI\u00d3N": "BOLIVAR / AV.GRAL.PAZ 374", "PROVINCIA": "Buenos Aires", "unnamed (2)": "", "unnamed (3)": ""}, "geometry": {"type": "Point", "coordinates": [-61.07032, -36.14014, 0.0]}}, {"type": "Feature", "properties": {"name": "-32.4897379, -63.39977269999997", "description": "unnamed (1): <br>Tipo de Espacio: Cooperativa<br>Nombre: COOP.AGRIC.GAN.DE ARROYO CABRAL<br>DIRECCI\u00d3N: ARROYO CABRAL / RIVADAVIA Y PIACENZA<br>PROVINCIA: C\u00f3rdoba<br>unnamed (2): <br>unnamed (3):", "styleUrl": "#icon-1739-E65100", "unnamed (1)": "", "Tipo de Espacio": "Cooperativa", "Nombre": "COOP.AGRIC.GAN.DE ARROYO CABRAL", "DIRECCI\u00d3N": "ARROYO CABRAL / RIVADAVIA Y PIACENZA", "PROVINCIA": "C\u00f3rdoba", "unnamed (2)": "", "unnamed (3)": ""}, "geometry": {"type": "Point", "coordinates": [-63.3997727, -32.4897379, 0.0]}}, {"type": "Feature", "properties": {"name": "-33.0189292, -61.0365812", "description": "unnamed (1): <br>Tipo de Espacio: Cooperativa<br>Nombre: COOP.AGROP.DE PUJATO LTDA.<br>DIRECCI\u00d3N: PUJATO / LEANDRO N.ALEM<br>PROVINCIA: Santa Fe<br>unnamed (2): <br>unnamed (3):", "styleUrl": "#icon-1739-E65100", "unnamed (1)": "", "Tipo de Espacio": "Cooperativa", "Nombre": "COOP.AGROP.DE PUJATO LTDA.", "DIRECCI\u00d3N": "PUJATO / LEANDRO N.ALEM", "PROVINCIA": "Santa Fe", "unnamed (2)": "", "unnamed (3)": ""}, "geometry": {"type": "Point", "coordinates": [-61.03658119999999, -33.0189292, 0.0]}}, {"type": "Feature", "properties": {"name": "-32.0398124, -63.57006820000004", "description": "unnamed (1): <br>Tipo de Espacio: Cooperativa<br>Nombre: COOP.AGROP.LA FEDERACION LTDA<br>DIRECCI\u00d3N: OLIVA / SAN MARTIN 232<br>PROVINCIA: C\u00f3rdoba<br>unnamed (2): <br>unnamed (3):", "styleUrl": "#icon-1739-E65100", "unnamed (1)": "", "Tipo de Espacio": "Cooperativa", "Nombre": "COOP.AGROP.LA FEDERACION LTDA", "DIRECCI\u00d3N": "OLIVA / SAN MARTIN 232", "PROVINCIA": "C\u00f3rdoba", "unnamed (2)": "", "unnamed (3)": ""}, "geometry": {"type": "Point", "coordinates": [-63.5700682, -32.0398124, 0.0]}}, {"type": "Feature", "properties": {"name": "-32.8811114, -61.02285280000001", "description": "unnamed (1): <br>Tipo de Espacio: Cooperativa<br>Nombre: COOP.AGRI.GAN.LT.SAN JERONIMO SU<br>DIRECCI\u00d3N: SAN JERONIMO SUD / RECONQUISTA 574<br>PROVINCIA: Santa Fe<br>unnamed (2): <br>unnamed (3):", "styleUrl": "#icon-1739-E65100", "unnamed (1)": "", "Tipo de Espacio": "Cooperativa", "Nombre": "COOP.AGRI.GAN.LT.SAN JERONIMO SU", "DIRECCI\u00d3N": "SAN JERONIMO SUD / RECONQUISTA 574", "PROVINCIA": "Santa Fe", "unnamed (2)": "", "unnamed (3)": ""}, "geometry": {"type": "Point", "coordinates": [-61.0228528, -32.8811114, 0.0]}}, {"type": "Feature", "properties": {"name": "-32.524036,-62.404013", "description": "unnamed (1): <br>Tipo de Espacio: Cooperativa<br>Nombre: COOP. AGRIC. GAN. DE JUSTINIANO POSSE LT<br>DIRECCI\u00d3N: JUSTINIANO POSSE / AV.MAYO 431<br>PROVINCIA: C\u00f3rdoba<br>unnamed (2): <br>unnamed (3):", "styleUrl": "#icon-1739-E65100", "unnamed (1)": "", "Tipo de Espacio": "Cooperativa", "Nombre": "COOP. AGRIC. GAN. DE JUSTINIANO POSSE LT", "DIRECCI\u00d3N": "JUSTINIANO POSSE / AV.MAYO 431", "PROVINCIA": "C\u00f3rdoba", "unnamed (2)": "", "unnamed (3)": ""}, "geometry": {"type": "Point", "coordinates": [-62.40401299999999, -32.524036, 0.0]}}, {"type": "Feature", "properties": {"name": "-32.4240934, -61.88898789999996", "description": "unnamed (1): <br>Tipo de Espacio: Cooperativa<br>Nombre: COOP.AGRIC.GANAD.BOUQUET LTDA<br>DIRECCI\u00d3N: BOUQUET / SAN MARTIN 388<br>PROVINCIA: Santa Fe<br>unnamed (2): <br>unnamed (3):", "styleUrl": "#icon-1739-E65100", "unnamed (1)": "", "Tipo de Espacio": "Cooperativa", "Nombre": "COOP.AGRIC.GANAD.BOUQUET LTDA", "DIRECCI\u00d3N": "BOUQUET / SAN MARTIN 388", "PROVINCIA": "Santa Fe", "unnamed (2)": "", "unnamed (3)": ""}, "geometry": {"type": "Point", "coordinates": [-61.8889879, -32.4240934, 0.0]}}, {"type": "Feature", "properties": {"name": "-31.062061,-60.744537", "description": "unnamed (1): <br>Tipo de Espacio: Cooperativa<br>Nombre: COOP.AGROP.DE PROD.YCONS.SANTA LUCIA LTD<br>DIRECCI\u00d3N: EMILIA / GDOR. M.CABAL Y E. LOPEZ 500<br>PROVINCIA: Santa Fe<br>unnamed (2): <br>unnamed (3):", "styleUrl": "#icon-1739-E65100", "unnamed (1)": "", "Tipo de Espacio": "Cooperativa", "Nombre": "COOP.AGROP.DE PROD.YCONS.SANTA LUCIA LTD", "DIRECCI\u00d3N": "EMILIA / GDOR. M.CABAL Y E. LOPEZ 500", "PROVINCIA": "Santa Fe", "unnamed (2)": "", "unnamed (3)": ""}, "geometry": {"type": "Point", "coordinates": [-60.744537, -31.062061, 0.0]}}, {"type": "Feature", "properties": {"name": "-32.2648103, -61.90162079999999", "description": "unnamed (1): <br>Tipo de Espacio: Cooperativa<br>Nombre: COOP.FEDERAL AGRIC.G ANAD.M.SUSA<br>DIRECCI\u00d3N: MARIA SUSANA / RIVADAVIA 1022<br>PROVINCIA: Santa Fe<br>unnamed (2): <br>unnamed (3):", "styleUrl": "#icon-1739-E65100", "unnamed (1)": "", "Tipo de Espacio": "Cooperativa", "Nombre": "COOP.FEDERAL AGRIC.G ANAD.M.SUSA", "DIRECCI\u00d3N": "MARIA SUSANA / RIVADAVIA 1022", "PROVINCIA": "Santa Fe", "unnamed (2)": "", "unnamed (3)": ""}, "geometry": {"type": "Point", "coordinates": [-61.9016208, -32.2648103, 0.0]}}, {"type": "Feature", "properties": {"name": "-33.07532,-60.48060", "description": "unnamed (1): <br>Tipo de Espacio: Cooperativa<br>Nombre: COOP.AGROP.FED.DE ALVAREZ Y PI\u00d1ERO LTDA<br>DIRECCI\u00d3N: ALVAREZ / AV. SAN MARTIN 697<br>PROVINCIA: Santa Fe<br>unnamed (2): <br>unnamed (3):", "styleUrl": "#icon-1739-E65100", "unnamed (1)": "", "Tipo de Espacio": "Cooperativa", "Nombre": "COOP.AGROP.FED.DE ALVAREZ Y PI\u00d1ERO LTDA", "DIRECCI\u00d3N": "ALVAREZ / AV. SAN MARTIN 697", "PROVINCIA": "Santa Fe", "unnamed (2)": "", "unnamed (3)": ""}, "geometry": {"type": "Point", "coordinates": [-60.4806, -33.07532, 0.0]}}, {"type": "Feature", "properties": {"name": "-32.193308,-64.170430", "description": "unnamed (1): <br>Tipo de Espacio: Cooperativa<br>Nombre: AGRIC.GANAD.LOS CONDORES LTDA<br>DIRECCI\u00d3N: LOS CONDORES / AV DON BOSCO 480<br>PROVINCIA: C\u00f3rdoba<br>unnamed (2): <br>unnamed (3):", "styleUrl": "#icon-1739-E65100", "unnamed (1)": "", "Tipo de Espacio": "Cooperativa", "Nombre": "AGRIC.GANAD.LOS CONDORES LTDA", "DIRECCI\u00d3N": "LOS CONDORES / AV DON BOSCO 480", "PROVINCIA": "C\u00f3rdoba", "unnamed (2)": "", "unnamed (3)": ""}, "geometry": {"type": "Point", "coordinates": [-64.17043, -32.193308, 0.0]}}, {"type": "Feature", "properties": {"name": "-33.047242, -61.173430999999994", "description": "unnamed (1): <br>Tipo de Espacio: Cooperativa<br>Nombre: COOP AGROP C CASADO DE CASILDA LIMITADA<br>DIRECCI\u00d3N: CASILDA / H. IRIGOYEN 2760/80<br>PROVINCIA: Santa Fe<br>unnamed (2): <br>unnamed (3):", "styleUrl": "#icon-1739-E65100", "unnamed (1)": "", "Tipo de Espacio": "Cooperativa", "Nombre": "COOP AGROP C CASADO DE CASILDA LIMITADA", "DIRECCI\u00d3N": "CASILDA / H. IRIGOYEN 2760/80", "PROVINCIA": "Santa Fe", "unnamed (2)": "", "unnamed (3)": ""}, "geometry": {"type": "Point", "coordinates": [-61.17343099999999, -33.047242, 0.0]}}, {"type": "Feature", "properties": {"name": "-33.243570,-61.362469", "description": "unnamed (1): <br>Tipo de Espacio: Cooperativa<br>Nombre: COOP.AGRIC.GAN.LTDA.CDA.DEL UCLE<br>DIRECCI\u00d3N: CA\u00d1ADA DEL UCLE / RIVADAVIA Y VICTORIA<br>PROVINCIA: Santa Fe<br>unnamed (2): <br>unnamed (3):", "styleUrl": "#icon-1739-E65100", "unnamed (1)": "", "Tipo de Espacio": "Cooperativa", "Nombre": "COOP.AGRIC.GAN.LTDA.CDA.DEL UCLE", "DIRECCI\u00d3N": "CA\u00d1ADA DEL UCLE / RIVADAVIA Y VICTORIA", "PROVINCIA": "Santa Fe", "unnamed (2)": "", "unnamed (3)": ""}, "geometry": {"type": "Point", "coordinates": [-61.36246899999999, -33.24357, 0.0]}}, {"type": "Feature", "properties": {"name": "-33.5963533, -61.31181559999999", "description": "unnamed (1): <br>Tipo de Espacio: Cooperativa<br>Nombre: COOP.AGRIC.GANAD.CARRERAS LTDA<br>DIRECCI\u00d3N: CARRERAS (SFE) / OLMOS 160<br>PROVINCIA: Santa Fe<br>unnamed (2): <br>unnamed (3):", "styleUrl": "#icon-1739-E65100", "unnamed (1)": "", "Tipo de Espacio": "Cooperativa", "Nombre": "COOP.AGRIC.GANAD.CARRERAS LTDA", "DIRECCI\u00d3N": "CARRERAS (SFE) / OLMOS 160", "PROVINCIA": "Santa Fe", "unnamed (2)": "", "unnamed (3)": ""}, "geometry": {"type": "Point", "coordinates": [-61.3118156, -33.5963533, 0.0]}}, {"type": "Feature", "properties": {"name": "-33.185386,-60.355441", "description": "unnamed (1): <br>Tipo de Espacio: Cooperativa<br>Nombre: COOP.AGROP.CORONEL BOGADO<br>DIRECCI\u00d3N: CORONEL BOGADO / BELGRANO 609<br>PROVINCIA: Santa Fe<br>unnamed (2): <br>unnamed (3):", "styleUrl": "#icon-1739-E65100", "unnamed (1)": "", "Tipo de Espacio": "Cooperativa", "Nombre": "COOP.AGROP.CORONEL BOGADO", "DIRECCI\u00d3N": "CORONEL BOGADO / BELGRANO 609", "PROVINCIA": "Santa Fe", "unnamed (2)": "", "unnamed (3)": ""}, "geometry": {"type": "Point", "coordinates": [-60.355441, -33.185386, 0.0]}}, {"type": "Feature", "properties": {"name": "-34.002264,-61.355857", "description": "unnamed (1): <br>Tipo de Espacio: Cooperativa<br>Nombre: COOP. AGRIC. GAN. FED. DE V. CA\u00d1AS<br>DIRECCI\u00d3N: VILLA CA\u00d1AS / AV. 51 Y CALLE 48<br>PROVINCIA: Santa Fe<br>unnamed (2): <br>unnamed (3):", "styleUrl": "#icon-1739-E65100", "unnamed (1)": "", "Tipo de Espacio": "Cooperativa", "Nombre": "COOP. AGRIC. GAN. FED. DE V. CA\u00d1AS", "DIRECCI\u00d3N": "VILLA CA\u00d1AS / AV. 51 Y CALLE 48", "PROVINCIA": "Santa Fe", "unnamed (2)": "", "unnamed (3)": ""}, "geometry": {"type": "Point", "coordinates": [-61.35585699999999, -34.002264, 0.0]}}, {"type": "Feature", "properties": {"name": "-36.4635, -59.0610", "description": "unnamed (1): <br>Tipo de Espacio: Cooperativa<br>Nombre: COOP.AGRIC.GAND.DE RAUCH LTDA.<br>DIRECCI\u00d3N: RAUCH / AVELEYRA Y PTE.YRIGOYEN<br>PROVINCIA: Buenos Aires<br>unnamed (2): <br>unnamed (3):", "styleUrl": "#icon-1739-E65100", "unnamed (1)": "", "Tipo de Espacio": "Cooperativa", "Nombre": "COOP.AGRIC.GAND.DE RAUCH LTDA.", "DIRECCI\u00d3N": "RAUCH / AVELEYRA Y PTE.YRIGOYEN", "PROVINCIA": "Buenos Aires", "unnamed (2)": "", "unnamed (3)": ""}, "geometry": {"type": "Point", "coordinates": [-59.061, -36.4635, 0.0]}}, {"type": "Feature", "properties": {"name": "-37.3196944, -59.131188899999984", "description": "unnamed (1): <br>Tipo de Espacio: Cooperativa<br>Nombre: AGRIC.GAN.DE TANDIL Y VELA LTDA.<br>DIRECCI\u00d3N: TANDIL / MARCONI 1114<br>PROVINCIA: Buenos Aires<br>unnamed (2): <br>unnamed (3):", "styleUrl": "#icon-1739-E65100", "unnamed (1)": "", "Tipo de Espacio": "Cooperativa", "Nombre": "AGRIC.GAN.DE TANDIL Y VELA LTDA.", "DIRECCI\u00d3N": "TANDIL / MARCONI 1114", "PROVINCIA": "Buenos Aires", "unnamed (2)": "", "unnamed (3)": ""}, "geometry": {"type": "Point", "coordinates": [-59.1311889, -37.3196944, 0.0]}}, {"type": "Feature", "properties": {"name": "-32.142109,-60.59177", "description": "unnamed (1): <br>Tipo de Espacio: Cooperativa<br>Nombre: COOP.AGR.GANAD.LA UNION LTDA.BAR<br>DIRECCI\u00d3N: BARRANCAS / SAN MARTIN 896<br>PROVINCIA: Santa Fe<br>unnamed (2): <br>unnamed (3):", "styleUrl": "#icon-1739-E65100", "unnamed (1)": "", "Tipo de Espacio": "Cooperativa", "Nombre": "COOP.AGR.GANAD.LA UNION LTDA.BAR", "DIRECCI\u00d3N": "BARRANCAS / SAN MARTIN 896", "PROVINCIA": "Santa Fe", "unnamed (2)": "", "unnamed (3)": ""}, "geometry": {"type": "Point", "coordinates": [-60.59176999999999, -32.142109, 0.0]}}, {"type": "Feature", "properties": {"name": "-32.3004186, -61.410812599999986", "description": "unnamed (1): <br>Tipo de Espacio: Cooperativa<br>Nombre: COOPERATIVA DE TAMBEROS Y AGRICOLA GANADERA LTDA. \" LA INDUSTRIAL ARGENTINA \"<br>DIRECCI\u00d3N: CENTENO / SAN MARTIN Y CENTENO<br>PROVINCIA: Santa Fe<br>unnamed (2): <br>unnamed (3):", "styleUrl": "#icon-1739-E65100", "unnamed (1)": "", "Tipo de Espacio": "Cooperativa", "Nombre": "COOPERATIVA DE TAMBEROS Y AGRICOLA GANADERA LTDA. \" LA INDUSTRIAL ARGENTINA \"", "DIRECCI\u00d3N": "CENTENO / SAN MARTIN Y CENTENO", "PROVINCIA": "Santa Fe", "unnamed (2)": "", "unnamed (3)": ""}, "geometry": {"type": "Point", "coordinates": [-61.4108126, -32.3004186, 0.0]}}, {"type": "Feature", "properties": {"name": "-35.3325837, -64.11984849999999", "description": "unnamed (1): <br>Tipo de Espacio: Cooperativa<br>Nombre: COOP.AGR.GA.ESTEBAN PIACENZA DE ALT.ITAL<br>DIRECCI\u00d3N: ALTA ITALIA / ESTANISLAO ZEBALLO 559<br>PROVINCIA: LA PAMPA<br>unnamed (2): <br>unnamed (3):", "styleUrl": "#icon-1739-E65100", "unnamed (1)": "", "Tipo de Espacio": "Cooperativa", "Nombre": "COOP.AGR.GA.ESTEBAN PIACENZA DE ALT.ITAL", "DIRECCI\u00d3N": "ALTA ITALIA / ESTANISLAO ZEBALLO 559", "PROVINCIA": "LA PAMPA", "unnamed (2)": "", "unnamed (3)": ""}, "geometry": {"type": "Point", "coordinates": [-64.1198485, -35.3325837, 0.0]}}, {"type": "Feature", "properties": {"name": "-32.6619189, -62.30193939999998", "description": "unnamed (1): <br>Tipo de Espacio: Cooperativa<br>Nombre: COOP. AGRICOLA GANADERA LEONES LTDA<br>DIRECCI\u00d3N: LEONES / AV. LIBERTADOR 947<br>PROVINCIA: C\u00f3rdoba<br>unnamed (2): <br>unnamed (3):", "styleUrl": "#icon-1739-E65100", "unnamed (1)": "", "Tipo de Espacio": "Cooperativa", "Nombre": "COOP. AGRICOLA GANADERA LEONES LTDA", "DIRECCI\u00d3N": "LEONES / AV. LIBERTADOR 947", "PROVINCIA": "C\u00f3rdoba", "unnamed (2)": "", "unnamed (3)": ""}, "geometry": {"type": "Point", "coordinates": [-62.3019394, -32.6619189, 0.0]}}, {"type": "Feature", "properties": {"name": "-33.455857, -61.319796", "description": "unnamed (1): <br>Tipo de Espacio: Cooperativa<br>Nombre: COOP AGROPECUARIA DE BOMBAL LTDA.<br>DIRECCI\u00d3N: BOMBAL / SAN MARTIN 199<br>PROVINCIA: Santa Fe<br>unnamed (2): <br>unnamed (3):", "styleUrl": "#icon-1739-E65100", "unnamed (1)": "", "Tipo de Espacio": "Cooperativa", "Nombre": "COOP AGROPECUARIA DE BOMBAL LTDA.", "DIRECCI\u00d3N": "BOMBAL / SAN MARTIN 199", "PROVINCIA": "Santa Fe", "unnamed (2)": "", "unnamed (3)": ""}, "geometry": {"type": "Point", "coordinates": [-61.319796, -33.455857, 0.0]}}, {"type": "Feature", "properties": {"name": "-36.4304665, -61.41260520000003", "description": "unnamed (1): <br>Tipo de Espacio: Cooperativa<br>Nombre: COOP AGROPECUARIA DE URDAMPILLETA LTDA.<br>DIRECCI\u00d3N: URDAMPILLETA / AVDA. ESPA\u00d1A 491<br>PROVINCIA: Buenos Aires<br>unnamed (2): <br>unnamed (3):", "styleUrl": "#icon-1739-E65100", "unnamed (1)": "", "Tipo de Espacio": "Cooperativa", "Nombre": "COOP AGROPECUARIA DE URDAMPILLETA LTDA.", "DIRECCI\u00d3N": "URDAMPILLETA / AVDA. ESPA\u00d1A 491", "PROVINCIA": "Buenos Aires", "unnamed (2)": "", "unnamed (3)": ""}, "geometry": {"type": "Point", "coordinates": [-61.4126052, -36.4304665, 0.0]}}, {"type": "Feature", "properties": {"name": "-32.1674646, -61.15705700000001", "description": "unnamed (1): <br>Tipo de Espacio: Cooperativa<br>Nombre: COOP AGRIC GANAD. B. DE YRIGOYEN LTDA.<br>DIRECCI\u00d3N: BERNARDO DE YRIGOYEN / JUAN XXIII 128<br>PROVINCIA: Santa Fe<br>unnamed (2): <br>unnamed (3):", "styleUrl": "#icon-1739-E65100", "unnamed (1)": "", "Tipo de Espacio": "Cooperativa", "Nombre": "COOP AGRIC GANAD. B. DE YRIGOYEN LTDA.", "DIRECCI\u00d3N": "BERNARDO DE YRIGOYEN / JUAN XXIII 128", "PROVINCIA": "Santa Fe", "unnamed (2)": "", "unnamed (3)": ""}, "geometry": {"type": "Point", "coordinates": [-61.157057, -32.1674646, 0.0]}}, {"type": "Feature", "properties": {"name": "-34.25864791828453, -59.455336676623766", "description": "unnamed (1): 1<br>Tipo de Espacio: CDC<br>Nombre: San Antonio de Areco<br>DIRECCI\u00d3N: Planta de Acopio Av Smith<br>PROVINCIA: Buenos Aires<br>unnamed (2): <br>unnamed (3):", "styleUrl": "#icon-1739-01579B", "unnamed (1)": "1.0", "Tipo de Espacio": "CDC", "Nombre": "San Antonio de Areco", "DIRECCI\u00d3N": "Planta de Acopio Av Smith", "PROVINCIA": "Buenos Aires", "unnamed (2)": "", "unnamed (3)": ""}, "geometry": {"type": "Point", "coordinates": [-59.4553366766238, -34.2586479182845, 0.0]}}, {"type": "Feature", "properties": {"name": "-38.600468, -61.968539", "description": "unnamed (1): <br>Tipo de Espacio: Criadero de Semillas<br>Nombre: Cabildo<br>DIRECCI\u00d3N: ruta 51 km 710 - Pcia de Bs As<br>PROVINCIA: Buenos Aires<br>unnamed (2): <br>unnamed (3):", "styleUrl": "#icon-1739-FBC02D", "unnamed (1)": "", "Tipo de Espacio": "Criadero de Semillas", "Nombre": "Cabildo", "DIRECCI\u00d3N": "ruta 51 km 710 - Pcia de Bs As", "PROVINCIA": "Buenos Aires", "unnamed (2)": "", "unnamed (3)": ""}, "geometry": {"type": "Point", "coordinates": [-61.968539, -38.600468, 0.0]}}, {"type": "Feature", "properties": {"name": "-33.90539237148747, -60.64340268835078", "description": "unnamed (1): <br>Tipo de Espacio: Criadero de Semillas<br>Nombre: Pergamino<br>DIRECCI\u00d3N: Ruta 8 Km 232<br>PROVINCIA: Buenos Aires<br>unnamed (2): <br>unnamed (3):", "styleUrl": "#icon-1739-FBC02D", "unnamed (1)": "", "Tipo de Espacio": "Criadero de Semillas", "Nombre": "Pergamino", "DIRECCI\u00d3N": "Ruta 8 Km 232", "PROVINCIA": "Buenos Aires", "unnamed (2)": "", "unnamed (3)": ""}, "geometry": {"type": "Point", "coordinates": [-60.6434026883508, -33.9053923714875, 0.0]}}, {"type": "Feature", "properties": {"name": "-33.27450342560617, -65.61177569748595", "description": "unnamed (1): <br>Tipo de Espacio: Criadero de Cerdos<br>Nombre:  Yanquentruz<br>DIRECCI\u00d3N: Ruta Provincial N\u00ba 2 Km 51/55 zona rural de Juan Llerena (prov. de San Luis)   Criadero de Yanquentruz<br>PROVINCIA: San Luis<br>unnamed (2): <br>unnamed (3):", "styleUrl": "#icon-1739-01579B", "unnamed (1)": "", "Tipo de Espacio": "Criadero de Cerdos", "Nombre": "Yanquentruz", "DIRECCI\u00d3N": "Ruta Provincial N\u00ba 2 Km 51/55 zona rural de Juan Llerena (prov. de San Luis)   Criadero de Yanquentruz", "PROVINCIA": "San Luis", "unnamed (2)": "", "unnamed (3)": ""}, "geometry": {"type": "Point", "coordinates": [-65.611775697486, -33.2745034256062, 0.0]}}, {"type": "Feature", "properties": {"name": "-38.572485, -58.707148", "description": "unnamed (1): <br>Tipo de Espacio: Puerto<br>Nombre: Quequ\u00e9n<br>DIRECCI\u00d3N: Calle 507 nro 1297 (7631), Necochea<br>PROVINCIA: Buenos Aires<br>unnamed (2): <br>unnamed (3):", "styleUrl": "#icon-1739-7CB342", "unnamed (1)": "", "Tipo de Espacio": "Puerto", "Nombre": "Quequ\u00e9n", "DIRECCI\u00d3N": "Calle 507 nro 1297 (7631), Necochea", "PROVINCIA": "Buenos Aires", "unnamed (2)": "", "unnamed (3)": ""}, "geometry": {"type": "Point", "coordinates": [-58.707148, -38.572485, 0.0]}}, {"type": "Feature", "properties": {"name": "-32.72809959698792, -60.728256852701406", "description": "unnamed (1): <br>Tipo de Espacio: Puerto<br>Nombre: San Lorenzo<br>DIRECCI\u00d3N: Avda. San Martin 2898, San Lorenzo<br>PROVINCIA: Santa Fe<br>unnamed (2): <br>unnamed (3):", "styleUrl": "#icon-1739-7CB342", "unnamed (1)": "", "Tipo de Espacio": "Puerto", "Nombre": "San Lorenzo", "DIRECCI\u00d3N": "Avda. San Martin 2898, San Lorenzo", "PROVINCIA": "Santa Fe", "unnamed (2)": "", "unnamed (3)": ""}, "geometry": {"type": "Point", "coordinates": [-60.7282568527014, -32.7280995969879, 0.0]}}, {"type": "Feature", "properties": {"name": "-32.5969782427311, -60.75630510929683", "description": "unnamed (1): <br>Tipo de Espacio: Puerto<br>Nombre: Timb\u00faes<br>DIRECCI\u00d3N: Brigadier L\u00f3pez y Favaloro, Timb\u00faes<br>PROVINCIA: Santa Fe<br>unnamed (2): <br>unnamed (3):", "styleUrl": "#icon-1739-7CB342", "unnamed (1)": "", "Tipo de Espacio": "Puerto", "Nombre": "Timb\u00faes", "DIRECCI\u00d3N": "Brigadier L\u00f3pez y Favaloro, Timb\u00faes", "PROVINCIA": "Santa Fe", "unnamed (2)": "", "unnamed (3)": ""}, "geometry": {"type": "Point", "coordinates": [-60.7563051092968, -32.5969782427311, 0.0]}}, {"type": "Feature", "properties": {"name": "-27.513958837308778, -58.93726761872722", "description": "unnamed (1): <br>Tipo de Espacio: Puerto<br>Nombre: Vilelas<br>DIRECCI\u00d3N: Nicolas Avellaneda y Rio Parana. Puerto Vilelas - Chaco<br>PROVINCIA: Chaco<br>unnamed (2): <br>unnamed (3):", "styleUrl": "#icon-1739-7CB342", "unnamed (1)": "", "Tipo de Espacio": "Puerto", "Nombre": "Vilelas", "DIRECCI\u00d3N": "Nicolas Avellaneda y Rio Parana. Puerto Vilelas - Chaco", "PROVINCIA": "Chaco", "unnamed (2)": "", "unnamed (3)": ""}, "geometry": {"type": "Point", "coordinates": [-58.9372676187272, -27.5139588373088, 0.0]}}, {"type": "Feature", "properties": {"name": "-38.725753752905355, -62.2619174467028", "description": "unnamed (1): <br>Tipo de Espacio: Sucursal<br>Nombre: Bah\u00eda Blanca<br>DIRECCI\u00d3N: Saavedra 636, Bah\u00eda Blanca <br>PROVINCIA: Bah\u00eda Blanca<br>unnamed (2): <br>unnamed (3):", "styleUrl": "#icon-1739-558B2F", "unnamed (1)": "", "Tipo de Espacio": "Sucursal", "Nombre": "Bah\u00eda Blanca", "DIRECCI\u00d3N": "Saavedra 636, Bah\u00eda Blanca", "PROVINCIA": "Bah\u00eda Blanca", "unnamed (2)": "", "unnamed (3)": ""}, "geometry": {"type": "Point", "coordinates": [-62.2619174467028, -38.7257537529054, 0.0]}}, {"type": "Feature", "properties": {"name": "-31.4115778286332, -64.15723601336913", "description": "unnamed (1): <br>Tipo de Espacio: Sucursal<br>Nombre: C\u00f3rdoba<br>DIRECCI\u00d3N: Avenida 24 de septiembre 1982, barrio General Paz<br>PROVINCIA: C\u00f3rdoba<br>unnamed (2): <br>unnamed (3):", "styleUrl": "#icon-1739-558B2F", "unnamed (1)": "", "Tipo de Espacio": "Sucursal", "Nombre": "C\u00f3rdoba", "DIRECCI\u00d3N": "Avenida 24 de septiembre 1982, barrio General Paz", "PROVINCIA": "C\u00f3rdoba", "unnamed (2)": "", "unnamed (3)": ""}, "geometry": {"type": "Point", "coordinates": [-64.1572360133691, -31.4115778286332, 0.0]}}, {"type": "Feature", "properties": {"name": "-32.94829396763376, -60.635237634591796", "description": "unnamed (1): <br>Tipo de Espacio: Sucursal<br>Nombre: Rosario   <br>DIRECCI\u00d3N: La Rioja 875, Rosario<br>PROVINCIA: Buenos Aires<br>unnamed (2): <br>unnamed (3):", "styleUrl": "#icon-1739-558B2F", "unnamed (1)": "", "Tipo de Espacio": "Sucursal", "Nombre": "Rosario", "DIRECCI\u00d3N": "La Rioja 875, Rosario", "PROVINCIA": "Buenos Aires", "unnamed (2)": "", "unnamed (3)": ""}, "geometry": {"type": "Point", "coordinates": [-60.6352376345918, -32.9482939676338, 0.0]}}, {"type": "Feature", "properties": {"name": "-31.724160827161462, -60.531455912134184", "description": "unnamed (1): <br>Tipo de Espacio: Filial<br>Nombre: Paran\u00e1<br>DIRECCI\u00d3N: Calle Espa\u00f1a 79 - Planta Baja - oficinas 1 a 6 - 3100 Paran\u00e1<br>PROVINCIA: Paran\u00e1<br>unnamed (2): <br>unnamed (3):", "styleUrl": "#icon-1739-1A237E", "unnamed (1)": "", "Tipo de Espacio": "Filial", "Nombre": "Paran\u00e1", "DIRECCI\u00d3N": "Calle Espa\u00f1a 79 - Planta Baja - oficinas 1 a 6 - 3100 Paran\u00e1", "PROVINCIA": "Paran\u00e1", "unnamed (2)": "", "unnamed (3)": ""}, "geometry": {"type": "Point", "coordinates": [-60.53145591213421, -31.7241608271615, 0.0]}}, {"type": "Feature", "properties": {"name": "-38.35550514838909, -60.27980395630328", "description": "unnamed (1): <br>Tipo de Espacio: Filial<br>Nombre: Tres Arroyos<br>DIRECCI\u00d3N: Olivero Dugan 1371, Tres Arroyos<br>PROVINCIA: Buenos Aires<br>unnamed (2): <br>unnamed (3):", "styleUrl": "#icon-1739-1A237E", "unnamed (1)": "", "Tipo de Espacio": "Filial", "Nombre": "Tres Arroyos", "DIRECCI\u00d3N": "Olivero Dugan 1371, Tres Arroyos", "PROVINCIA": "Buenos Aires", "unnamed (2)": "", "unnamed (3)": ""}, "geometry": {"type": "Point", "coordinates": [-60.2798039563033, -38.3555051483891, 0.0]}}, {"type": "Feature", "properties": {"name": "-32.970765408657925, -60.68692986193236", "description": "unnamed (1): <br>Tipo de Espacio: Filial<br>Nombre: Santa fe<br>DIRECCI\u00d3N: Avellaneda 3545 \u2013 Santa Fe<br>PROVINCIA: Santa Fe<br>unnamed (2): <br>unnamed (3):", "styleUrl": "#icon-1739-1A237E", "unnamed (1)": "", "Tipo de Espacio": "Filial", "Nombre": "Santa fe", "DIRECCI\u00d3N": "Avellaneda 3545 \u2013 Santa Fe", "PROVINCIA": "Santa Fe", "unnamed (2)": "", "unnamed (3)": ""}, "geometry": {"type": "Point", "coordinates": [-60.6869298619324, -32.9707654086579, 0.0]}}, {"type": "Feature", "properties": {"name": "-33.91552144906846, -60.6198918122916", "description": "unnamed (1): <br>Tipo de Espacio: Planta y Filial<br>Nombre: Procesamiento y Clasificaci\u00f3n de Semillas<br>DIRECCI\u00d3N: Ruta 8 Km 229<br>PROVINCIA: Buenos Aires<br>unnamed (2): <br>unnamed (3):", "styleUrl": "#icon-1739-FF5252", "unnamed (1)": "", "Tipo de Espacio": "Planta y Filial", "Nombre": "Procesamiento y Clasificaci\u00f3n de Semillas", "DIRECCI\u00d3N": "Ruta 8 Km 229", "PROVINCIA": "Buenos Aires", "unnamed (2)": "", "unnamed (3)": ""}, "geometry": {"type": "Point", "coordinates": [-60.6198918122916, -33.9155214490685, 0.0]}}, {"type": "Feature", "properties": {"name": "-32.82620579515623, -61.338744328835354", "description": "unnamed (1): <br>Tipo de Espacio: Planta <br>Nombre: Recupero de Residuos Pl\u00e1sticos<br>DIRECCI\u00d3N: Ruta Prov. N\u00b0 91, Km 71,5 Ca\u00f1ada de G\u00f3mez (CP 2500), Santa Fe<br>PROVINCIA: Buenos Aires<br>unnamed (2): <br>unnamed (3):", "styleUrl": "#icon-1739-A52714", "unnamed (1)": "", "Tipo de Espacio": "Planta", "Nombre": "Recupero de Residuos Pl\u00e1sticos", "DIRECCI\u00d3N": "Ruta Prov. N\u00b0 91, Km 71,5 Ca\u00f1ada de G\u00f3mez (CP 2500), Santa Fe", "PROVINCIA": "Buenos Aires", "unnamed (2)": "", "unnamed (3)": ""}, "geometry": {"type": "Point", "coordinates": [-61.3387443288354, -32.8262057951562, 0.0]}}, {"type": "Feature", "properties": {"name": "-34.41966547057538, -58.95688252883535", "description": "unnamed (1): <br>Tipo de Espacio: Planta <br>Nombre: Planta de Miel<br>DIRECCI\u00d3N: calle 4 468 Pilar<br>PROVINCIA: Buenos Aires<br>unnamed (2): <br>unnamed (3):", "styleUrl": "#icon-1739-A52714", "unnamed (1)": "", "Tipo de Espacio": "Planta", "Nombre": "Planta de Miel", "DIRECCI\u00d3N": "calle 4 468 Pilar", "PROVINCIA": "Buenos Aires", "unnamed (2)": "", "unnamed (3)": ""}, "geometry": {"type": "Point", "coordinates": [-58.9568825288354, -34.4196654705754, 0.0]}}, {"type": "Feature", "properties": {"name": "-34.17903784663111, -59.00370934683043", "description": "unnamed (1): <br>Tipo de Espacio: Planta <br>Nombre: Campana<br>DIRECCI\u00d3N: Camino secundario red provincial  014-04 km  1,47 Campana<br>PROVINCIA: Buenos Aires<br>unnamed (2): <br>unnamed (3):", "styleUrl": "#icon-1739-A52714", "unnamed (1)": "", "Tipo de Espacio": "Planta", "Nombre": "Campana", "DIRECCI\u00d3N": "Camino secundario red provincial  014-04 km  1,47 Campana", "PROVINCIA": "Buenos Aires", "unnamed (2)": "", "unnamed (3)": ""}, "geometry": {"type": "Point", "coordinates": [-59.00370934683039, -34.1790378466311, 0.0]}}, {"type": "Feature", "properties": {"name": "-32.42010320148403, -63.157166302712504", "description": "unnamed (1): <br>Tipo de Espacio: Planta <br>Nombre: ACA BIO<br>DIRECCI\u00d3N:  Autopista C\u00f3rdoba \u2013 Rosario, Km 555. Villa Mar\u00eda - C\u00f3rdoba<br>PROVINCIA: C\u00f3rdoba<br>unnamed (2): <br>unnamed (3):", "styleUrl": "#icon-1739-A52714", "unnamed (1)": "", "Tipo de Espacio": "Planta", "Nombre": "ACA BIO", "DIRECCI\u00d3N": "Autopista C\u00f3rdoba \u2013 Rosario, Km 555. Villa Mar\u00eda - C\u00f3rdoba", "PROVINCIA": "C\u00f3rdoba", "unnamed (2)": "", "unnamed (3)": ""}, "geometry": {"type": "Point", "coordinates": [-63.1571663027125, -32.420103201484, 0.0]}}, {"type": "Feature", "properties": {"name": "-33.34645706105863, -60.18540928632442", "description": "unnamed (1): <br>Tipo de Espacio: Planta <br>Nombre: San Nicol\u00e1s<br>DIRECCI\u00d3N: Ruta Nac 9 Km 210<br>PROVINCIA: Buenos Aires<br>unnamed (2): <br>unnamed (3):", "styleUrl": "#icon-1739-A52714", "unnamed (1)": "", "Tipo de Espacio": "Planta", "Nombre": "San Nicol\u00e1s", "DIRECCI\u00d3N": "Ruta Nac 9 Km 210", "PROVINCIA": "Buenos Aires", "unnamed (2)": "", "unnamed (3)": ""}, "geometry": {"type": "Point", "coordinates": [-60.1854092863244, -33.3464570610586, 0.0]}}, {"type": "Feature", "properties": {"name": "-35.6779154, -63.7761850", "description": "unnamed (1): <br>Tipo de Espacio: Planta <br>Nombre: Pentasilo<br>DIRECCI\u00d3N: General Pico La Pampa<br>PROVINCIA: La Pampa<br>unnamed (2): <br>unnamed (3):", "styleUrl": "#icon-1739-A52714", "unnamed (1)": "", "Tipo de Espacio": "Planta", "Nombre": "Pentasilo", "DIRECCI\u00d3N": "General Pico La Pampa", "PROVINCIA": "La Pampa", "unnamed (2)": "", "unnamed (3)": ""}, "geometry": {"type": "Point", "coordinates": [-63.77618500000001, -35.6779154, 0.0]}}], "name": "/tmp/outputs/"}
