{
  "type": "FeatureCollection",
  "features": [
    {
      "type": "Feature",
      "geometry": {
        "type": "Point",
        "coordinates": [
          -55.894295,
          -27.3664824
        ]
      },
      "properties": {
        "Base": "Bases Misiones 2",
        "base": "Bases Misiones 2",
        "cliente": "RODRIGO IVAN OTTO",
        "nombre": "RODRIGO IVAN OTTO",
        "cuit": "20364077794",
        "rubro": "21 - SUMINISTRO DE AGUA, CLOACAS, GESTIÓN DE RESIDUOS Y RECUPERACIÓN DE MATERIALES Y SANEAMIENTO PÚBLICO",
        "direccion": "POSADAS - GDOR.JOAQUIN SORIA Nº 2666",
        "localidad": "POSADAS",
        "provincia": "Misiones",
        "email": "OTTOCONSTRUCCIONES17@OUTLOOK.COM",
        "telefono": "0376-44602540",
        "Estado AFIP": "ok",
        "CRM": "NO",
        "relevado": "-"
      }
    },
    {
      "type": "Feature",
      "geometry": {
        "type": "Point",
        "coordinates": [
          -55.894295,
          -27.3664824
        ]
      },
      "properties": {
        "Base": "Bases Misiones 2",
        "base": "Bases Misiones 2",
        "cliente": "A G B CONSTRUCCIONES SRL",
        "nombre": "A G B CONSTRUCCIONES SRL",
        "cuit": "30687887804",
        "rubro": "21 - SUMINISTRO DE AGUA, CLOACAS, GESTIÓN DE RESIDUOS Y RECUPERACIÓN DE MATERIALES Y SANEAMIENTO PÚBLICO",
        "direccion": "POSADAS - LUIS PASTEUR 2330",
        "localidad": "POSADAS",
        "provincia": "Misiones",
        "email": "administracion@agbconstrucciones.com.ar",
        "telefono": "376435036",
        "Estado AFIP": "ok",
        "CRM": "SI",
        "relevado": "SI"
      }
    },
    {
      "type": "Feature",
      "geometry": {
        "type": "Point",
        "coordinates": [
          -55.9128061,
          -27.4030325
        ]
      },
      "properties": {
        "Base": "Bases Misiones 2",
        "base": "Bases Misiones 2",
        "cliente": "AGUICONS S.R.L.",
        "nombre": "AGUICONS S.R.L.",
        "cuit": "30710654871",
        "rubro": "21 - SUMINISTRO DE AGUA, CLOACAS, GESTIÓN DE RESIDUOS Y RECUPERACIÓN DE MATERIALES Y SANEAMIENTO PÚBLICO",
        "direccion": "POSADAS - AMALIA VERA 1108",
        "localidad": "POSADAS",
        "provincia": "Misiones",
        "email": "aguicons@hotmail.com",
        "telefono": "03764431689",
        "Estado AFIP": "ok",
        "CRM": "NO",
        "relevado": "-"
      }
    },
    {
      "type": "Feature",
      "geometry": {
        "type": "Point",
        "coordinates": [
          -55.894295,
          -27.3664824
        ]
      },
      "properties": {
        "Base": "Bases Misiones 2",
        "base": "Bases Misiones 2",
        "cliente": "ALAN DAVID KALITKO",
        "nombre": "ALAN DAVID KALITKO",
        "cuit": "20379508317",
        "rubro": "21 - SUMINISTRO DE AGUA, CLOACAS, GESTIÓN DE RESIDUOS Y RECUPERACIÓN DE MATERIALES Y SANEAMIENTO PÚBLICO",
        "direccion": "POSADAS - CALLE 022 CASA 6423",
        "localidad": "POSADAS",
        "provincia": "Misiones",
        "email": "sabrinascheiber92@gmail.com",
        "telefono": "3741400049",
        "Estado AFIP": "ok",
        "CRM": "NO",
        "relevado": "-"
      }
    },
    {
      "type": "Feature",
      "geometry": {
        "type": "Point",
        "coordinates": [
          -55.894295,
          -27.3664824
        ]
      },
      "properties": {
        "Base": "Bases Misiones 2",
        "base": "Bases Misiones 2",
        "cliente": "AMBITO PROPIEDADES S.R.L.",
        "nombre": "AMBITO PROPIEDADES S.R.L.",
        "cuit": "30610463513",
        "rubro": "21 - SUMINISTRO DE AGUA, CLOACAS, GESTIÓN DE RESIDUOS Y RECUPERACIÓN DE MATERIALES Y SANEAMIENTO PÚBLICO",
        "direccion": "POSADAS - JUNIN Nº 1527",
        "localidad": "POSADAS",
        "provincia": "Misiones",
        "email": "ambitoprop@arnet.com.ar",
        "telefono": "0376-4432774",
        "Estado AFIP": "ok",
        "CRM": "SI",
        "relevado": "SI"
      }
    },
    {
      "type": "Feature",
      "geometry": {
        "type": "Point",
        "coordinates": [
          -55.2271966,
          -27.0430577
        ]
      },
      "properties": {
        "Base": "Bases Misiones 2",
        "base": "Bases Misiones 2",
        "cliente": "ARAUJO GUSTAVO FABIAN",
        "nombre": "ARAUJO GUSTAVO FABIAN",
        "cuit": "20430721004",
        "rubro": "21 - SUMINISTRO DE AGUA, CLOACAS, GESTIÓN DE RESIDUOS Y RECUPERACIÓN DE MATERIALES Y SANEAMIENTO PÚBLICO",
        "direccion": "JARDIN AMERICA - AV. ACONCAGUA 142",
        "localidad": "JARDIN AMERICA",
        "provincia": "Misiones",
        "email": "jorgejakob@hotmail.com",
        "telefono": "03743410606",
        "Estado AFIP": "ok",
        "CRM": "NO",
        "relevado": "-"
      }
    },
    {
      "type": "Feature",
      "geometry": {
        "type": "Point",
        "coordinates": [
          -55.894295,
          -27.3664824
        ]
      },
      "properties": {
        "Base": "Bases Misiones 2",
        "base": "Bases Misiones 2",
        "cliente": "AREVALO CONSTRUCCIONES S.R.L.",
        "nombre": "AREVALO CONSTRUCCIONES S.R.L.",
        "cuit": "30714286818",
        "rubro": "21 - SUMINISTRO DE AGUA, CLOACAS, GESTIÓN DE RESIDUOS Y RECUPERACIÓN DE MATERIALES Y SANEAMIENTO PÚBLICO",
        "direccion": "POSADAS - AV. LUCAS BRAULIO ARECO Nº 2465(AV.115)",
        "localidad": "POSADAS",
        "provincia": "Misiones",
        "email": "arevalo_construcciones@hotmail.com",
        "telefono": "3764 - 4465821",
        "Estado AFIP": "ok",
        "CRM": "NO",
        "relevado": "-"
      }
    },
    {
      "type": "Feature",
      "geometry": {
        "type": "Point",
        "coordinates": [
          -55.894295,
          -27.3664824
        ]
      },
      "properties": {
        "Base": "Bases Misiones 2",
        "base": "Bases Misiones 2",
        "cliente": "AXEL NORMAN BERNARDO EDSBERG",
        "nombre": "AXEL NORMAN BERNARDO EDSBERG",
        "cuit": "20178144767",
        "rubro": "21 - SUMINISTRO DE AGUA, CLOACAS, GESTIÓN DE RESIDUOS Y RECUPERACIÓN DE MATERIALES Y SANEAMIENTO PÚBLICO",
        "direccion": "POSADAS - VICTOR MUTINELLI 2163 PB",
        "localidad": "POSADAS",
        "provincia": "Misiones",
        "email": "goldschmitdyasociados@gmail.com",
        "telefono": "03764603566",
        "Estado AFIP": "ok",
        "CRM": "NO",
        "relevado": "-"
      }
    },
    {
      "type": "Feature",
      "geometry": {
        "type": "Point",
        "coordinates": [
          -55.4659916,
          -27.187426
        ]
      },
      "properties": {
        "Base": "Bases Misiones 2",
        "base": "Bases Misiones 2",
        "cliente": "BA & BA S.R.L.",
        "nombre": "BA & BA S.R.L.",
        "cuit": "30717058441",
        "rubro": "21 - SUMINISTRO DE AGUA, CLOACAS, GESTIÓN DE RESIDUOS Y RECUPERACIÓN DE MATERIALES Y SANEAMIENTO PÚBLICO",
        "direccion": "GOBERNADOR ROCA - AV. SAN MARTIN 2480",
        "localidad": "GOBERNADOR ROCA",
        "provincia": "Misiones",
        "email": "babagobernadorroca@hotmail.com",
        "telefono": "3764695290",
        "Estado AFIP": "ok",
        "CRM": "NO",
        "relevado": "-"
      }
    },
    {
      "type": "Feature",
      "geometry": {
        "type": "Point",
        "coordinates": [
          -55.5392216,
          -27.2583992
        ]
      },
      "properties": {
        "Base": "Bases Misiones 2",
        "base": "Bases Misiones 2",
        "cliente": "BASILUK SRL",
        "nombre": "BASILUK SRL",
        "cuit": "30716860090",
        "rubro": "21 - SUMINISTRO DE AGUA, CLOACAS, GESTIÓN DE RESIDUOS Y RECUPERACIÓN DE MATERIALES Y SANEAMIENTO PÚBLICO",
        "direccion": "SAN IGNACIO - HORACIO QUIROGA 20 Bº JUAN MANUEL DE ROSAS",
        "localidad": "SAN IGNACIO",
        "provincia": "Misiones",
        "email": "basiluksrl@gmail.com",
        "telefono": "3764873092",
        "Estado AFIP": "ok",
        "CRM": "NO",
        "relevado": "-"
      }
    },
    {
      "type": "Feature",
      "geometry": {
        "type": "Point",
        "coordinates": [
          -55.894295,
          -27.3664824
        ]
      },
      "properties": {
        "Base": "Bases Misiones 2",
        "base": "Bases Misiones 2",
        "cliente": "BERPE S.R.L",
        "nombre": "BERPE S.R.L",
        "cuit": "30717141896",
        "rubro": "21 - SUMINISTRO DE AGUA, CLOACAS, GESTIÓN DE RESIDUOS Y RECUPERACIÓN DE MATERIALES Y SANEAMIENTO PÚBLICO",
        "direccion": "POSADAS - COMANDANTE MIÑO 3560",
        "localidad": "POSADAS",
        "provincia": "Misiones",
        "email": "rofigueredo2620@gmail.com",
        "telefono": "3764628571",
        "Estado AFIP": "ok",
        "CRM": "NO",
        "relevado": "-"
      }
    },
    {
      "type": "Feature",
      "geometry": {
        "type": "Point",
        "coordinates": [
          -54.5861439,
          -25.6009429
        ]
      },
      "properties": {
        "Base": "Bases Misiones 2",
        "base": "Bases Misiones 2",
        "cliente": "BRAMAQ SRL",
        "nombre": "BRAMAQ SRL",
        "cuit": "30639620480",
        "rubro": "21 - SUMINISTRO DE AGUA, CLOACAS, GESTIÓN DE RESIDUOS Y RECUPERACIÓN DE MATERIALES Y SANEAMIENTO PÚBLICO",
        "direccion": "GARUPÁ - ruta nac 12 km 9.500",
        "localidad": "CORRIENTES",
        "provincia": "Misiones",
        "email": "nelida_rios@hotmail.com",
        "telefono": "3794565996",
        "Estado AFIP": "ok",
        "CRM": "NO",
        "relevado": "-"
      }
    },
    {
      "type": "Feature",
      "geometry": {
        "type": "Point",
        "coordinates": [
          -54.6361286,
          -27.3184329
        ]
      },
      "properties": {
        "Base": "Bases Misiones 2",
        "base": "Bases Misiones 2",
        "cliente": "BUTIUK FERNANDO RAUL",
        "nombre": "BUTIUK FERNANDO RAUL",
        "cuit": "20169340804",
        "rubro": "21 - SUMINISTRO DE AGUA, CLOACAS, GESTIÓN DE RESIDUOS Y RECUPERACIÓN DE MATERIALES Y SANEAMIENTO PÚBLICO",
        "direccion": "DESCONOCIDO - ALVEAR 1453, APOSTOLES, Misiones",
        "localidad": "DESCONOCIDO",
        "provincia": "Misiones",
        "email": "cp_felipe@hotmail.com",
        "telefono": "03758-613250",
        "Estado AFIP": "ok",
        "CRM": "NO",
        "relevado": "-"
      }
    },
    {
      "type": "Feature",
      "geometry": {
        "type": "Point",
        "coordinates": [
          -55.9064181,
          -27.3771557
        ]
      },
      "properties": {
        "Base": "Bases Misiones 2",
        "base": "Bases Misiones 2",
        "cliente": "CADEN SA",
        "nombre": "CADEN SA",
        "cuit": "30649586310",
        "rubro": "21 - SUMINISTRO DE AGUA, CLOACAS, GESTIÓN DE RESIDUOS Y RECUPERACIÓN DE MATERIALES Y SANEAMIENTO PÚBLICO",
        "direccion": "POSADAS - AV LAVALLE 5590",
        "localidad": "POSADAS",
        "provincia": "Misiones",
        "email": "brenda.estudioisanbizaga@gmail.com",
        "telefono": "3764161818",
        "Estado AFIP": "ok",
        "CRM": "NO",
        "relevado": "-"
      }
    },
    {
      "type": "Feature",
      "geometry": {
        "type": "Point",
        "coordinates": [
          -55.894295,
          -27.3664824
        ]
      },
      "properties": {
        "Base": "Bases Misiones 2",
        "base": "Bases Misiones 2",
        "cliente": "CANO RAMON JULIAN",
        "nombre": "CANO RAMON JULIAN",
        "cuit": "20246000892",
        "rubro": "21 - SUMINISTRO DE AGUA, CLOACAS, GESTIÓN DE RESIDUOS Y RECUPERACIÓN DE MATERIALES Y SANEAMIENTO PÚBLICO",
        "direccion": "POSADAS - GOBERNADOR BARREIRO 34 -  Dpto:26   M:H CH:148",
        "localidad": "POSADAS",
        "provincia": "Misiones",
        "email": "rjuliancano@gmail.com",
        "telefono": "",
        "Estado AFIP": "ok",
        "CRM": "NO",
        "relevado": "-"
      }
    },
    {
      "type": "Feature",
      "geometry": {
        "type": "Point",
        "coordinates": [
          -54.6262079,
          -26.4048555
        ]
      },
      "properties": {
        "Base": "Bases Misiones 2",
        "base": "Bases Misiones 2",
        "cliente": "CARBALLO MOISES",
        "nombre": "CARBALLO MOISES",
        "cuit": "23128484329",
        "rubro": "21 - SUMINISTRO DE AGUA, CLOACAS, GESTIÓN DE RESIDUOS Y RECUPERACIÓN DE MATERIALES Y SANEAMIENTO PÚBLICO",
        "direccion": "ELDORADO - ALVAR NUÑEZ  KM2 2803",
        "localidad": "ELDORADO",
        "provincia": "Misiones",
        "email": "estudioeriksen@gmail.com",
        "telefono": "03751421319",
        "Estado AFIP": "ok",
        "CRM": "NO",
        "relevado": "-"
      }
    },
    {
      "type": "Feature",
      "geometry": {
        "type": "Point",
        "coordinates": [
          -55.894295,
          -27.3664824
        ]
      },
      "properties": {
        "Base": "Bases Misiones 2",
        "base": "Bases Misiones 2",
        "cliente": "CELERITY S.R.L.",
        "nombre": "CELERITY S.R.L.",
        "cuit": "30716060930",
        "rubro": "21 - SUMINISTRO DE AGUA, CLOACAS, GESTIÓN DE RESIDUOS Y RECUPERACIÓN DE MATERIALES Y SANEAMIENTO PÚBLICO",
        "direccion": "POSADAS - SAN MARTIN 2078 Piso:2 Dpto:A",
        "localidad": "POSADAS",
        "provincia": "Misiones",
        "email": "administracion.2@celeritysrl.com.ar",
        "telefono": "",
        "Estado AFIP": "ok",
        "CRM": "NO",
        "relevado": "-"
      }
    },
    {
      "type": "Feature",
      "geometry": {
        "type": "Point",
        "coordinates": [
          -55.894295,
          -27.3664824
        ]
      },
      "properties": {
        "Base": "Bases Misiones 2",
        "base": "Bases Misiones 2",
        "cliente": "CEMENTOS S.R.L.",
        "nombre": "CEMENTOS S.R.L.",
        "cuit": "30670175088",
        "rubro": "21 - SUMINISTRO DE AGUA, CLOACAS, GESTIÓN DE RESIDUOS Y RECUPERACIÓN DE MATERIALES Y SANEAMIENTO PÚBLICO",
        "direccion": "POSADAS - -",
        "localidad": "GOYA",
        "provincia": "Misiones",
        "email": "sccvilas@goyanet.com.ar",
        "telefono": "03777-421591",
        "Estado AFIP": "ok",
        "CRM": "SI",
        "relevado": "NO"
      }
    },
    {
      "type": "Feature",
      "geometry": {
        "type": "Point",
        "coordinates": [
          -54.6645921,
          -26.4068278
        ]
      },
      "properties": {
        "Base": "Bases Misiones 2",
        "base": "Bases Misiones 2",
        "cliente": "CHRIMO SRL",
        "nombre": "CHRIMO SRL",
        "cuit": "33558463819",
        "rubro": "21 - SUMINISTRO DE AGUA, CLOACAS, GESTIÓN DE RESIDUOS Y RECUPERACIÓN DE MATERIALES Y SANEAMIENTO PÚBLICO",
        "direccion": "ELDORADO - CHRISTIANSEN 147",
        "localidad": "ELDORADO",
        "provincia": "Misiones",
        "email": "info@estudiosesin.com.ar",
        "telefono": "",
        "Estado AFIP": "ok",
        "CRM": "NO",
        "relevado": "-"
      }
    },
    {
      "type": "Feature",
      "geometry": {
        "type": "Point",
        "coordinates": [
          -55.9497118,
          -27.4035083
        ]
      },
      "properties": {
        "Base": "Bases Misiones 2",
        "base": "Bases Misiones 2",
        "cliente": "CONCRETO S.A.S.",
        "nombre": "CONCRETO S.A.S.",
        "cuit": "30717081265",
        "rubro": "21 - SUMINISTRO DE AGUA, CLOACAS, GESTIÓN DE RESIDUOS Y RECUPERACIÓN DE MATERIALES Y SANEAMIENTO PÚBLICO",
        "direccion": "POSADAS - 77B 7743",
        "localidad": "POSADAS",
        "provincia": "Misiones",
        "email": "estudiomeza2017@gmail.com",
        "telefono": "3764276210",
        "Estado AFIP": "ok",
        "CRM": "NO",
        "relevado": "-"
      }
    },
    {
      "type": "Feature",
      "geometry": {
        "type": "Point",
        "coordinates": [
          -54.6262079,
          -26.4048555
        ]
      },
      "properties": {
        "Base": "Bases Misiones 2",
        "base": "Bases Misiones 2",
        "cliente": "CONCRETO SOC DE RESP LTDA S. R. L.",
        "nombre": "CONCRETO SOC DE RESP LTDA S. R. L.",
        "cuit": "30672444140",
        "rubro": "21 - SUMINISTRO DE AGUA, CLOACAS, GESTIÓN DE RESIDUOS Y RECUPERACIÓN DE MATERIALES Y SANEAMIENTO PÚBLICO",
        "direccion": "ELDORADO - H IRIGOYEN 0",
        "localidad": "ELDORADO",
        "provincia": "Misiones",
        "email": "concretoeldoradosrl@gmail.com",
        "telefono": "",
        "Estado AFIP": "ok",
        "CRM": "NO",
        "relevado": "-"
      }
    },
    {
      "type": "Feature",
      "geometry": {
        "type": "Point",
        "coordinates": [
          -55.9497118,
          -27.4035083
        ]
      },
      "properties": {
        "Base": "Bases Misiones 2",
        "base": "Bases Misiones 2",
        "cliente": "CONINAR S.R.L.",
        "nombre": "CONINAR S.R.L.",
        "cuit": "30711565570",
        "rubro": "21 - SUMINISTRO DE AGUA, CLOACAS, GESTIÓN DE RESIDUOS Y RECUPERACIÓN DE MATERIALES Y SANEAMIENTO PÚBLICO",
        "direccion": "POSADAS - 135 A 2495",
        "localidad": "POSADAS",
        "provincia": "Misiones",
        "email": "andreaquiroz77@hotmail.com",
        "telefono": "03764874671",
        "Estado AFIP": "ok",
        "CRM": "NO",
        "relevado": "-"
      }
    },
    {
      "type": "Feature",
      "geometry": {
        "type": "Point",
        "coordinates": [
          -54.6842665,
          -27.0197207
        ]
      },
      "properties": {
        "Base": "Bases Misiones 2",
        "base": "Bases Misiones 2",
        "cliente": "CONSTRUCTORA ANDRESITO S.R.L.",
        "nombre": "CONSTRUCTORA ANDRESITO S.R.L.",
        "cuit": "30714543187",
        "rubro": "21 - SUMINISTRO DE AGUA, CLOACAS, GESTIÓN DE RESIDUOS Y RECUPERACIÓN DE MATERIALES Y SANEAMIENTO PÚBLICO",
        "direccion": "DOS DE MAYO - EL TIMBO",
        "localidad": "DOS DE MAYO",
        "provincia": "Misiones",
        "email": "estudiopraxis@gmail.com",
        "telefono": "3755650000",
        "Estado AFIP": "ok",
        "CRM": "NO",
        "relevado": "-"
      }
    },
    {
      "type": "Feature",
      "geometry": {
        "type": "Point",
        "coordinates": [
          -55.2338495,
          -27.0308215
        ]
      },
      "properties": {
        "Base": "Bases Misiones 2",
        "base": "Bases Misiones 2",
        "cliente": "CONSTRUCTORA EL JESUITA SRL",
        "nombre": "CONSTRUCTORA EL JESUITA SRL",
        "cuit": "30716425319",
        "rubro": "21 - SUMINISTRO DE AGUA, CLOACAS, GESTIÓN DE RESIDUOS Y RECUPERACIÓN DE MATERIALES Y SANEAMIENTO PÚBLICO",
        "direccion": "SAN IGNACIO - BELGRANO 50",
        "localidad": "SAN IGNACIO",
        "provincia": "Misiones",
        "email": "cpncaceres@hotmail.com",
        "telefono": "3764214084",
        "Estado AFIP": "ok",
        "CRM": "NO",
        "relevado": "-"
      }
    },
    {
      "type": "Feature",
      "geometry": {
        "type": "Point",
        "coordinates": [
          -55.894295,
          -27.3664824
        ]
      },
      "properties": {
        "Base": "Bases Misiones 2",
        "base": "Bases Misiones 2",
        "cliente": "CONSTRUCTORA NORDECO S.A.",
        "nombre": "CONSTRUCTORA NORDECO S.A.",
        "cuit": "30710585098",
        "rubro": "21 - SUMINISTRO DE AGUA, CLOACAS, GESTIÓN DE RESIDUOS Y RECUPERACIÓN DE MATERIALES Y SANEAMIENTO PÚBLICO",
        "direccion": "POSADAS - AV. JUAN MAZA 3390",
        "localidad": "POSADAS",
        "provincia": "Misiones",
        "email": "conorsa10@hotmail.com",
        "telefono": "3764597177",
        "Estado AFIP": "ok",
        "CRM": "SI",
        "relevado": "SI"
      }
    },
    {
      "type": "Feature",
      "geometry": {
        "type": "Point",
        "coordinates": [
          -55.894295,
          -27.3664824
        ]
      },
      "properties": {
        "Base": "Bases Misiones 2",
        "base": "Bases Misiones 2",
        "cliente": "CONSTRUCTORA VICARIO SRL",
        "nombre": "CONSTRUCTORA VICARIO SRL",
        "cuit": "30714141119",
        "rubro": "21 - SUMINISTRO DE AGUA, CLOACAS, GESTIÓN DE RESIDUOS Y RECUPERACIÓN DE MATERIALES Y SANEAMIENTO PÚBLICO",
        "direccion": "POSADAS - ESPAÑA Nº 3362",
        "localidad": "POSADAS",
        "provincia": "Misiones",
        "email": "constructora.vicario.srl@gmail.com",
        "telefono": "03764878581",
        "Estado AFIP": "ok",
        "CRM": "NO",
        "relevado": "-"
      }
    },
    {
      "type": "Feature",
      "geometry": {
        "type": "Point",
        "coordinates": [
          -55.894295,
          -27.3664824
        ]
      },
      "properties": {
        "Base": "Bases Misiones 2",
        "base": "Bases Misiones 2",
        "cliente": "CONSULTORA CATARATAS S.A.",
        "nombre": "CONSULTORA CATARATAS S.A.",
        "cuit": "30710232616",
        "rubro": "21 - SUMINISTRO DE AGUA, CLOACAS, GESTIÓN DE RESIDUOS Y RECUPERACIÓN DE MATERIALES Y SANEAMIENTO PÚBLICO",
        "direccion": "POSADAS - AVDA ROQUE SAENZ PEÑA 1431",
        "localidad": "POSADAS",
        "provincia": "Misiones",
        "email": "consultoracataratas@hotmail.com",
        "telefono": "3764427525",
        "Estado AFIP": "ok",
        "CRM": "NO",
        "relevado": "-"
      }
    },
    {
      "type": "Feature",
      "geometry": {
        "type": "Point",
        "coordinates": [
          -55.9148368,
          -27.4017053
        ]
      },
      "properties": {
        "Base": "Bases Misiones 2",
        "base": "Bases Misiones 2",
        "cliente": "CONSULTORA PARINO Y ASOCIADOS S.A.",
        "nombre": "CONSULTORA PARINO Y ASOCIADOS S.A.",
        "cuit": "30710268335",
        "rubro": "21 - SUMINISTRO DE AGUA, CLOACAS, GESTIÓN DE RESIDUOS Y RECUPERACIÓN DE MATERIALES Y SANEAMIENTO PÚBLICO",
        "direccion": "POSADAS - Avenida Santa Catalina 4672",
        "localidad": "RESISTENCIA",
        "provincia": "Misiones",
        "email": "estudiogz.veronica@gmail.com",
        "telefono": "",
        "Estado AFIP": "ok",
        "CRM": "NO",
        "relevado": "-"
      }
    },
    {
      "type": "Feature",
      "geometry": {
        "type": "Point",
        "coordinates": [
          -55.4149204,
          -27.146008
        ]
      },
      "properties": {
        "Base": "Bases Misiones 2",
        "base": "Bases Misiones 2",
        "cliente": "COOP DE AGUA POTABLE Y OTROS SERVICIOS PUBLICOS SANTO PIPO LIMITADA",
        "nombre": "COOP DE AGUA POTABLE Y OTROS SERVICIOS PUBLICOS SANTO PIPO LIMITADA",
        "cuit": "30642046663",
        "rubro": "21 - SUMINISTRO DE AGUA, CLOACAS, GESTIÓN DE RESIDUOS Y RECUPERACIÓN DE MATERIALES Y SANEAMIENTO PÚBLICO",
        "direccion": "SANTO PIPO - Santo Pipo 0",
        "localidad": "SANTO PIPO",
        "provincia": "Misiones",
        "email": "tributario.concursal@tconcursal.com.ar",
        "telefono": "4431060",
        "Estado AFIP": "ok",
        "CRM": "NO",
        "relevado": "-"
      }
    },
    {
      "type": "Feature",
      "geometry": {
        "type": "Point",
        "coordinates": [
          -54.6118255,
          -26.4067477
        ]
      },
      "properties": {
        "Base": "Bases Misiones 2",
        "base": "Bases Misiones 2",
        "cliente": "COOPERATIVA DE ELECTRICIDAD DE ELDORADO LIMITADA",
        "nombre": "COOPERATIVA DE ELECTRICIDAD DE ELDORADO LIMITADA",
        "cuit": "30545737368",
        "rubro": "21 - SUMINISTRO DE AGUA, CLOACAS, GESTIÓN DE RESIDUOS Y RECUPERACIÓN DE MATERIALES Y SANEAMIENTO PÚBLICO",
        "direccion": "ELDORADO - AV SAN MARTIN 1403",
        "localidad": "ELDORADO",
        "provincia": "Misiones",
        "email": "chaketole@hotmail.com",
        "telefono": "03751619562",
        "Estado AFIP": "ok",
        "CRM": "NO",
        "relevado": "-"
      }
    },
    {
      "type": "Feature",
      "geometry": {
        "type": "Point",
        "coordinates": [
          -55.3235338,
          -27.603636
        ]
      },
      "properties": {
        "Base": "Bases Misiones 2",
        "base": "Bases Misiones 2",
        "cliente": "COOPERATIVA DE ELECTRICIDAD Y OTROS SERVICIOS PUBLICOS LTDA DE LEANDRO N ALEM MS",
        "nombre": "COOPERATIVA DE ELECTRICIDAD Y OTROS SERVICIOS PUBLICOS LTDA DE LEANDRO N ALEM MS",
        "cuit": "30545702491",
        "rubro": "21 - SUMINISTRO DE AGUA, CLOACAS, GESTIÓN DE RESIDUOS Y RECUPERACIÓN DE MATERIALES Y SANEAMIENTO PÚBLICO",
        "direccion": "LEANDRO N. ALEM - HILARIA M DE GRUBERT SN",
        "localidad": "LEANDRO N. ALEM",
        "provincia": "Misiones",
        "email": "celacontaduria@nodoalem.com.ar",
        "telefono": "3754420282",
        "Estado AFIP": "ok",
        "CRM": "NO",
        "relevado": "-"
      }
    },
    {
      "type": "Feature",
      "geometry": {
        "type": "Point",
        "coordinates": [
          -55.9497118,
          -27.4035083
        ]
      },
      "properties": {
        "Base": "Bases Misiones 2",
        "base": "Bases Misiones 2",
        "cliente": "COOPERATIVA DE TRABAJO COTRAM LIMITADA",
        "nombre": "COOPERATIVA DE TRABAJO COTRAM LIMITADA",
        "cuit": "30715294806",
        "rubro": "21 - SUMINISTRO DE AGUA, CLOACAS, GESTIÓN DE RESIDUOS Y RECUPERACIÓN DE MATERIALES Y SANEAMIENTO PÚBLICO",
        "direccion": "POSADAS - CALLE 153 7843",
        "localidad": "POSADAS",
        "provincia": "Misiones",
        "email": "DORYSJ@HOTMAIL.COM",
        "telefono": "3764434210",
        "Estado AFIP": "ok",
        "CRM": "NO",
        "relevado": "-"
      }
    },
    {
      "type": "Feature",
      "geometry": {
        "type": "Point",
        "coordinates": [
          -55.894295,
          -27.3664824
        ]
      },
      "properties": {
        "Base": "Bases Misiones 2",
        "base": "Bases Misiones 2",
        "cliente": "COOPERATIVA DE TRABAJO EL BUEN AIRE LIMITADA",
        "nombre": "COOPERATIVA DE TRABAJO EL BUEN AIRE LIMITADA",
        "cuit": "30716268442",
        "rubro": "21 - SUMINISTRO DE AGUA, CLOACAS, GESTIÓN DE RESIDUOS Y RECUPERACIÓN DE MATERIALES Y SANEAMIENTO PÚBLICO",
        "direccion": "POSADAS - BALCARCE 2146",
        "localidad": "POSADAS",
        "provincia": "Misiones",
        "email": "veraherrerayasociados@gmail.com",
        "telefono": "0376154372368",
        "Estado AFIP": "ok",
        "CRM": "NO",
        "relevado": "-"
      }
    },
    {
      "type": "Feature",
      "geometry": {
        "type": "Point",
        "coordinates": [
          -54.5537325,
          -27.0205791
        ]
      },
      "properties": {
        "Base": "Bases Misiones 2",
        "base": "Bases Misiones 2",
        "cliente": "COOPERATIVA DE TRABAJO PICADA ZULMA LTDA",
        "nombre": "COOPERATIVA DE TRABAJO PICADA ZULMA LTDA",
        "cuit": "30711948089",
        "rubro": "21 - SUMINISTRO DE AGUA, CLOACAS, GESTIÓN DE RESIDUOS Y RECUPERACIÓN DE MATERIALES Y SANEAMIENTO PÚBLICO",
        "direccion": "SAN VICENTE - RUTA 14 KM 1263",
        "localidad": "SAN VICENTE",
        "provincia": "Misiones",
        "email": "coop.trabpicadazulma@yahoo.com.ar",
        "telefono": "3755 - 15655485",
        "Estado AFIP": "ok",
        "CRM": "NO",
        "relevado": "-"
      }
    },
    {
      "type": "Feature",
      "geometry": {
        "type": "Point",
        "coordinates": [
          -54.4866356,
          -26.9932723
        ]
      },
      "properties": {
        "Base": "Bases Misiones 2",
        "base": "Bases Misiones 2",
        "cliente": "COOPERATIVA DE TRABAJO SERVICONSTRUCOOP LIMITADA",
        "nombre": "COOPERATIVA DE TRABAJO SERVICONSTRUCOOP LIMITADA",
        "cuit": "30718271297",
        "rubro": "21 - SUMINISTRO DE AGUA, CLOACAS, GESTIÓN DE RESIDUOS Y RECUPERACIÓN DE MATERIALES Y SANEAMIENTO PÚBLICO",
        "direccion": "SAN VICENTE - RUTA NACIONAL 14, KM. 1261 1",
        "localidad": "SAN VICENTE",
        "provincia": "Misiones",
        "email": "estudiopraxis10@gmail.com",
        "telefono": "",
        "Estado AFIP": "ok",
        "CRM": "NO",
        "relevado": "-"
      }
    },
    {
      "type": "Feature",
      "geometry": {
        "type": "Point",
        "coordinates": [
          -55.894295,
          -27.3664824
        ]
      },
      "properties": {
        "Base": "Bases Misiones 2",
        "base": "Bases Misiones 2",
        "cliente": "CUPEC S.R.L.",
        "nombre": "CUPEC S.R.L.",
        "cuit": "30708366648",
        "rubro": "21 - SUMINISTRO DE AGUA, CLOACAS, GESTIÓN DE RESIDUOS Y RECUPERACIÓN DE MATERIALES Y SANEAMIENTO PÚBLICO",
        "direccion": "POSADAS - ROQUE SAENZ PEÑA 2596",
        "localidad": "POSADAS",
        "provincia": "Misiones",
        "email": "cupecsrlposadas@gmail.com",
        "telefono": "3764225074",
        "Estado AFIP": "ok",
        "CRM": "SI",
        "relevado": "NO"
      }
    },
    {
      "type": "Feature",
      "geometry": {
        "type": "Point",
        "coordinates": [
          -54.522025,
          -27.0110189
        ]
      },
      "properties": {
        "Base": "Bases Misiones 2",
        "base": "Bases Misiones 2",
        "cliente": "DE NACIMENTO JORGE RAUL",
        "nombre": "DE NACIMENTO JORGE RAUL",
        "cuit": "20291095217",
        "rubro": "21 - SUMINISTRO DE AGUA, CLOACAS, GESTIÓN DE RESIDUOS Y RECUPERACIÓN DE MATERIALES Y SANEAMIENTO PÚBLICO",
        "direccion": "SAN VICENTE - RUTA 14 1263",
        "localidad": "SAN VICENTE",
        "provincia": "Misiones",
        "email": "estudiopraxis@gmail.com",
        "telefono": "649314",
        "Estado AFIP": "ok",
        "CRM": "NO",
        "relevado": "-"
      }
    },
    {
      "type": "Feature",
      "geometry": {
        "type": "Point",
        "coordinates": [
          -55.894295,
          -27.3664824
        ]
      },
      "properties": {
        "Base": "Bases Misiones 2",
        "base": "Bases Misiones 2",
        "cliente": "DIEMINGER DAVINA DEL CARMEN ELIZABETH",
        "nombre": "DIEMINGER DAVINA DEL CARMEN ELIZABETH",
        "cuit": "27257670916",
        "rubro": "21 - SUMINISTRO DE AGUA, CLOACAS, GESTIÓN DE RESIDUOS Y RECUPERACIÓN DE MATERIALES Y SANEAMIENTO PÚBLICO",
        "direccion": "POSADAS - SUECIA 2050",
        "localidad": "POSADAS",
        "provincia": "Misiones",
        "email": "sueldos@estudiokaraben.com.ar",
        "telefono": "",
        "Estado AFIP": "ok",
        "CRM": "NO",
        "relevado": "-"
      }
    },
    {
      "type": "Feature",
      "geometry": {
        "type": "Point",
        "coordinates": [
          -55.8935446,
          -27.3652528
        ]
      },
      "properties": {
        "Base": "Bases Misiones 2",
        "base": "Bases Misiones 2",
        "cliente": "DIMABE SRL",
        "nombre": "DIMABE SRL",
        "cuit": "33707097219",
        "rubro": "21 - SUMINISTRO DE AGUA, CLOACAS, GESTIÓN DE RESIDUOS Y RECUPERACIÓN DE MATERIALES Y SANEAMIENTO PÚBLICO",
        "direccion": "POSADAS - SARMIENTO 1688",
        "localidad": "POSADAS",
        "provincia": "Misiones",
        "email": "administracion@dimabesrl.com.ar",
        "telefono": "3764438644",
        "Estado AFIP": "ok",
        "CRM": "NO",
        "relevado": "-"
      }
    },
    {
      "type": "Feature",
      "geometry": {
        "type": "Point",
        "coordinates": [
          -55.894295,
          -27.3664824
        ]
      },
      "properties": {
        "Base": "Bases Misiones 2",
        "base": "Bases Misiones 2",
        "cliente": "DIPSA SRL",
        "nombre": "DIPSA SRL",
        "cuit": "30687868907",
        "rubro": "21 - SUMINISTRO DE AGUA, CLOACAS, GESTIÓN DE RESIDUOS Y RECUPERACIÓN DE MATERIALES Y SANEAMIENTO PÚBLICO",
        "direccion": "POSADAS - AV URQUIZA 3316 Piso:PB",
        "localidad": "POSADAS",
        "provincia": "Misiones",
        "email": "jorgecastuariense@gmail.com",
        "telefono": "",
        "Estado AFIP": "ok",
        "CRM": "NO",
        "relevado": "-"
      }
    },
    {
      "type": "Feature",
      "geometry": {
        "type": "Point",
        "coordinates": [
          -55.894295,
          -27.3664824
        ]
      },
      "properties": {
        "Base": "Bases Misiones 2",
        "base": "Bases Misiones 2",
        "cliente": "DORREGO ARMANDO EMANUEL",
        "nombre": "DORREGO ARMANDO EMANUEL",
        "cuit": "20332172418",
        "rubro": "21 - SUMINISTRO DE AGUA, CLOACAS, GESTIÓN DE RESIDUOS Y RECUPERACIÓN DE MATERIALES Y SANEAMIENTO PÚBLICO",
        "direccion": "POSADAS - 198 A-CASA 15   S:6  M:130",
        "localidad": "POSADAS",
        "provincia": "Misiones",
        "email": "serviciocontablemcd@hotmail.com",
        "telefono": "4617671",
        "Estado AFIP": "ok",
        "CRM": "NO",
        "relevado": "-"
      }
    },
    {
      "type": "Feature",
      "geometry": {
        "type": "Point",
        "coordinates": [
          -55.894295,
          -27.3664824
        ]
      },
      "properties": {
        "Base": "Bases Misiones 2",
        "base": "Bases Misiones 2",
        "cliente": "DP&DP S. R. L.",
        "nombre": "DP&DP S. R. L.",
        "cuit": "30717786293",
        "rubro": "21 - SUMINISTRO DE AGUA, CLOACAS, GESTIÓN DE RESIDUOS Y RECUPERACIÓN DE MATERIALES Y SANEAMIENTO PÚBLICO",
        "direccion": "POSADAS - GOBERNADOR BERMUDEZ 2147",
        "localidad": "POSADAS",
        "provincia": "Misiones",
        "email": "cpdanielpereyra@gmail.com",
        "telefono": "3764602235",
        "Estado AFIP": "ok",
        "CRM": "NO",
        "relevado": "-"
      }
    },
    {
      "type": "Feature",
      "geometry": {
        "type": "Point",
        "coordinates": [
          -55.894295,
          -27.3664824
        ]
      },
      "properties": {
        "Base": "Bases Misiones 2",
        "base": "Bases Misiones 2",
        "cliente": "DUCON S.A.",
        "nombre": "DUCON S.A.",
        "cuit": "30598859821",
        "rubro": "21 - SUMINISTRO DE AGUA, CLOACAS, GESTIÓN DE RESIDUOS Y RECUPERACIÓN DE MATERIALES Y SANEAMIENTO PÚBLICO",
        "direccion": "POSADAS - JUJUY (EX 694) 2590",
        "localidad": "POSADAS",
        "provincia": "Misiones",
        "email": "fquiroz@duconsa.com.ar",
        "telefono": "03764433389",
        "Estado AFIP": "ok",
        "CRM": "SI",
        "relevado": "SI"
      }
    },
    {
      "type": "Feature",
      "geometry": {
        "type": "Point",
        "coordinates": [
          -55.894295,
          -27.3664824
        ]
      },
      "properties": {
        "Base": "Bases Misiones 2",
        "base": "Bases Misiones 2",
        "cliente": "DUCRI SRL",
        "nombre": "DUCRI SRL",
        "cuit": "30711644284",
        "rubro": "21 - SUMINISTRO DE AGUA, CLOACAS, GESTIÓN DE RESIDUOS Y RECUPERACIÓN DE MATERIALES Y SANEAMIENTO PÚBLICO",
        "direccion": "POSADAS - AGUADO 2137",
        "localidad": "POSADAS",
        "provincia": "Misiones",
        "email": "pedrokruel@hotmail.com",
        "telefono": "3764607503",
        "Estado AFIP": "ok",
        "CRM": "NO",
        "relevado": "-"
      }
    },
    {
      "type": "Feature",
      "geometry": {
        "type": "Point",
        "coordinates": [
          -55.894295,
          -27.3664824
        ]
      },
      "properties": {
        "Base": "Bases Misiones 2",
        "base": "Bases Misiones 2",
        "cliente": "ECIM SRL",
        "nombre": "ECIM SRL",
        "cuit": "30687861732",
        "rubro": "21 - SUMINISTRO DE AGUA, CLOACAS, GESTIÓN DE RESIDUOS Y RECUPERACIÓN DE MATERIALES Y SANEAMIENTO PÚBLICO",
        "direccion": "POSADAS - ITUZAINGO 3593",
        "localidad": "POSADAS",
        "provincia": "Misiones",
        "email": "tecnicaecim@gmail.com",
        "telefono": "01131119222",
        "Estado AFIP": "ok",
        "CRM": "NO",
        "relevado": "-"
      }
    },
    {
      "type": "Feature",
      "geometry": {
        "type": "Point",
        "coordinates": [
          -55.894295,
          -27.3664824
        ]
      },
      "properties": {
        "Base": "Bases Misiones 2",
        "base": "Bases Misiones 2",
        "cliente": "ECOHIDRO S. A. S.",
        "nombre": "ECOHIDRO S. A. S.",
        "cuit": "30718384741",
        "rubro": "21 - SUMINISTRO DE AGUA, CLOACAS, GESTIÓN DE RESIDUOS Y RECUPERACIÓN DE MATERIALES Y SANEAMIENTO PÚBLICO",
        "direccion": "POSADAS - SUIZA 2391",
        "localidad": "POSADAS",
        "provincia": "Misiones",
        "email": "martinfleitasestudiocontable@gmail.com",
        "telefono": "",
        "Estado AFIP": "ok",
        "CRM": "NO",
        "relevado": "-"
      }
    },
    {
      "type": "Feature",
      "geometry": {
        "type": "Point",
        "coordinates": [
          -55.8952216,
          -27.3670217
        ]
      },
      "properties": {
        "Base": "Bases Misiones 2",
        "base": "Bases Misiones 2",
        "cliente": "EMPECOR S.R.L.",
        "nombre": "EMPECOR S.R.L.",
        "cuit": "30707742743",
        "rubro": "21 - SUMINISTRO DE AGUA, CLOACAS, GESTIÓN DE RESIDUOS Y RECUPERACIÓN DE MATERIALES Y SANEAMIENTO PÚBLICO",
        "direccion": "POSADAS - BOLIVAR 1341",
        "localidad": "POSADAS",
        "provincia": "Misiones",
        "email": "carrizoa@cignas.com.ar",
        "telefono": "3764431157",
        "Estado AFIP": "ok",
        "CRM": "SI",
        "relevado": "SI"
      }
    },
    {
      "type": "Feature",
      "geometry": {
        "type": "Point",
        "coordinates": [
          -55.1016605,
          -27.492838
        ]
      },
      "properties": {
        "Base": "Bases Misiones 2",
        "base": "Bases Misiones 2",
        "cliente": "FER.GUS S.R.L.",
        "nombre": "FER.GUS S.R.L.",
        "cuit": "30710072694",
        "rubro": "21 - SUMINISTRO DE AGUA, CLOACAS, GESTIÓN DE RESIDUOS Y RECUPERACIÓN DE MATERIALES Y SANEAMIENTO PÚBLICO",
        "direccion": "OBERÁ - BEATO ROQUE GONZALEZ 838",
        "localidad": "OBERÁ",
        "provincia": "Misiones",
        "email": "fergusconstructora@celobera.com.ar",
        "telefono": "03755-408035",
        "Estado AFIP": "ok",
        "CRM": "NO",
        "relevado": "-"
      }
    },
    {
      "type": "Feature",
      "geometry": {
        "type": "Point",
        "coordinates": [
          -54.6262079,
          -26.4048555
        ]
      },
      "properties": {
        "Base": "Bases Misiones 2",
        "base": "Bases Misiones 2",
        "cliente": "FLEITA MATIAS ALEJANDRO",
        "nombre": "FLEITA MATIAS ALEJANDRO",
        "cuit": "20433562357",
        "rubro": "21 - SUMINISTRO DE AGUA, CLOACAS, GESTIÓN DE RESIDUOS Y RECUPERACIÓN DE MATERIALES Y SANEAMIENTO PÚBLICO",
        "direccion": "ELDORADO - LA PAMPA 1265",
        "localidad": "ELDORADO",
        "provincia": "Misiones",
        "email": "mfleita107@gmail.com",
        "telefono": "",
        "Estado AFIP": "ok",
        "CRM": "NO",
        "relevado": "-"
      }
    },
    {
      "type": "Feature",
      "geometry": {
        "type": "Point",
        "coordinates": [
          -55.894295,
          -27.3664824
        ]
      },
      "properties": {
        "Base": "Bases Misiones 2",
        "base": "Bases Misiones 2",
        "cliente": "FORC S.R.L.",
        "nombre": "FORC S.R.L.",
        "cuit": "30709532428",
        "rubro": "21 - SUMINISTRO DE AGUA, CLOACAS, GESTIÓN DE RESIDUOS Y RECUPERACIÓN DE MATERIALES Y SANEAMIENTO PÚBLICO",
        "direccion": "POSADAS - JUJUY Nº  2281",
        "localidad": "POSADAS",
        "provincia": "Misiones",
        "email": "cgproveedores@misiones.gov.ar",
        "telefono": "-",
        "Estado AFIP": "ok",
        "CRM": "NO",
        "relevado": "-"
      }
    },
    {
      "type": "Feature",
      "geometry": {
        "type": "Point",
        "coordinates": [
          -55.894295,
          -27.3664824
        ]
      },
      "properties": {
        "Base": "Bases Misiones 2",
        "base": "Bases Misiones 2",
        "cliente": "FORESTAL LA RAMA SOCIEDAD ANONIMA",
        "nombre": "FORESTAL LA RAMA SOCIEDAD ANONIMA",
        "cuit": "30604194551",
        "rubro": "21 - SUMINISTRO DE AGUA, CLOACAS, GESTIÓN DE RESIDUOS Y RECUPERACIÓN DE MATERIALES Y SANEAMIENTO PÚBLICO",
        "direccion": "POSADAS - AV ALICIA M DE JUSTO 8091",
        "localidad": "POSADAS",
        "provincia": "Misiones",
        "email": "estudiopadoanleyes@gmail.com",
        "telefono": "154730370",
        "Estado AFIP": "ok",
        "CRM": "SI",
        "relevado": "SI"
      }
    },
    {
      "type": "Feature",
      "geometry": {
        "type": "Point",
        "coordinates": [
          -55.894295,
          -27.3664824
        ]
      },
      "properties": {
        "Base": "Bases Misiones 2",
        "base": "Bases Misiones 2",
        "cliente": "GRUPO VITALIS SOCIEDAD SIMPLE DE TRUJILLO EDELMIRO RODOLFO Y GALARZA GERARDO GASTON SECCION IV CAPITULO II S. CAP I SECC IV",
        "nombre": "GRUPO VITALIS SOCIEDAD SIMPLE DE TRUJILLO EDELMIRO RODOLFO Y GALARZA GERARDO GASTON SECCION IV CAPITULO II S. CAP I SECC IV",
        "cuit": "30718410599",
        "rubro": "21 - SUMINISTRO DE AGUA, CLOACAS, GESTIÓN DE RESIDUOS Y RECUPERACIÓN DE MATERIALES Y SANEAMIENTO PÚBLICO",
        "direccion": "POSADAS - RAMON LISTA 1160 3300 Piso:1 Dpto:I",
        "localidad": "POSADAS",
        "provincia": "Misiones",
        "email": "vitalisgerencia1@gmail.com",
        "telefono": "",
        "Estado AFIP": "ok",
        "CRM": "NO",
        "relevado": "-"
      }
    },
    {
      "type": "Feature",
      "geometry": {
        "type": "Point",
        "coordinates": [
          -55.894295,
          -27.3664824
        ]
      },
      "properties": {
        "Base": "Bases Misiones 2",
        "base": "Bases Misiones 2",
        "cliente": "HANDICAP S.R.L.",
        "nombre": "HANDICAP S.R.L.",
        "cuit": "30710674201",
        "rubro": "21 - SUMINISTRO DE AGUA, CLOACAS, GESTIÓN DE RESIDUOS Y RECUPERACIÓN DE MATERIALES Y SANEAMIENTO PÚBLICO",
        "direccion": "POSADAS - MORITAN 1687 Piso:0 Dpto:0, POSADAS, Misiones",
        "localidad": "POSADAS",
        "provincia": "Misiones",
        "email": "impuestos@arnestudio.com",
        "telefono": "03764621000",
        "Estado AFIP": "ok",
        "CRM": "NO",
        "relevado": "-"
      }
    },
    {
      "type": "Feature",
      "geometry": {
        "type": "Point",
        "coordinates": [
          -55.894295,
          -27.3664824
        ]
      },
      "properties": {
        "Base": "Bases Misiones 2",
        "base": "Bases Misiones 2",
        "cliente": "HERMES CONSTRUCCIONES Y SERVICIOS S. R. L.",
        "nombre": "HERMES CONSTRUCCIONES Y SERVICIOS S. R. L.",
        "cuit": "30717338851",
        "rubro": "21 - SUMINISTRO DE AGUA, CLOACAS, GESTIÓN DE RESIDUOS Y RECUPERACIÓN DE MATERIALES Y SANEAMIENTO PÚBLICO",
        "direccion": "POSADAS - FORMOSA 3950",
        "localidad": "POSADAS",
        "provincia": "Misiones",
        "email": "estudioymaz@hotmail.com",
        "telefono": "3764335416",
        "Estado AFIP": "ok",
        "CRM": "NO",
        "relevado": "-"
      }
    },
    {
      "type": "Feature",
      "geometry": {
        "type": "Point",
        "coordinates": [
          -55.8981034,
          -27.3723019
        ]
      },
      "properties": {
        "Base": "Bases Misiones 2",
        "base": "Bases Misiones 2",
        "cliente": "HORMICON S.R.L.",
        "nombre": "HORMICON S.R.L.",
        "cuit": "30708086726",
        "rubro": "21 - SUMINISTRO DE AGUA, CLOACAS, GESTIÓN DE RESIDUOS Y RECUPERACIÓN DE MATERIALES Y SANEAMIENTO PÚBLICO",
        "direccion": "POSADAS - TUCUMAN 2266",
        "localidad": "POSADAS",
        "provincia": "Misiones",
        "email": "administracion@hormiconsrl.com.ar",
        "telefono": "4441113",
        "Estado AFIP": "ok",
        "CRM": "SI",
        "relevado": "NO"
      }
    },
    {
      "type": "Feature",
      "geometry": {
        "type": "Point",
        "coordinates": [
          -55.9497118,
          -27.4035083
        ]
      },
      "properties": {
        "Base": "Bases Misiones 2",
        "base": "Bases Misiones 2",
        "cliente": "INDO S.A.",
        "nombre": "INDO S.A.",
        "cuit": "30710350678",
        "rubro": "21 - SUMINISTRO DE AGUA, CLOACAS, GESTIÓN DE RESIDUOS Y RECUPERACIÓN DE MATERIALES Y SANEAMIENTO PÚBLICO",
        "direccion": "POSADAS - 64 4473",
        "localidad": "POSADAS",
        "provincia": "Misiones",
        "email": "nv2606@yahoo.es",
        "telefono": "3764467136",
        "Estado AFIP": "ok",
        "CRM": "NO",
        "relevado": "-"
      }
    },
    {
      "type": "Feature",
      "geometry": {
        "type": "Point",
        "coordinates": [
          -55.894295,
          -27.3664824
        ]
      },
      "properties": {
        "Base": "Bases Misiones 2",
        "base": "Bases Misiones 2",
        "cliente": "ING LAZARTE CONSTRUCCIONES SRL",
        "nombre": "ING LAZARTE CONSTRUCCIONES SRL",
        "cuit": "30683253053",
        "rubro": "21 - SUMINISTRO DE AGUA, CLOACAS, GESTIÓN DE RESIDUOS Y RECUPERACIÓN DE MATERIALES Y SANEAMIENTO PÚBLICO",
        "direccion": "POSADAS - BERMUDEZ 1848",
        "localidad": "POSADAS",
        "provincia": "Misiones",
        "email": "contable@inglazarte.com.ar",
        "telefono": "3764672781",
        "Estado AFIP": "ok",
        "CRM": "NO",
        "relevado": "-"
      }
    },
    {
      "type": "Feature",
      "geometry": {
        "type": "Point",
        "coordinates": [
          -55.894295,
          -27.3664824
        ]
      },
      "properties": {
        "Base": "Bases Misiones 2",
        "base": "Bases Misiones 2",
        "cliente": "ING. RESEK Y CIA S.R.L.",
        "nombre": "ING. RESEK Y CIA S.R.L.",
        "cuit": "30710482310",
        "rubro": "21 - SUMINISTRO DE AGUA, CLOACAS, GESTIÓN DE RESIDUOS Y RECUPERACIÓN DE MATERIALES Y SANEAMIENTO PÚBLICO",
        "direccion": "POSADAS - SARMIENTO Nº 2057",
        "localidad": "POSADAS",
        "provincia": "Misiones",
        "email": "info@constructoraresek.com",
        "telefono": "376 - 4427197",
        "Estado AFIP": "ok",
        "CRM": "NO",
        "relevado": "-"
      }
    },
    {
      "type": "Feature",
      "geometry": {
        "type": "Point",
        "coordinates": [
          -55.3170233,
          -27.6076365
        ]
      },
      "properties": {
        "Base": "Bases Misiones 2",
        "base": "Bases Misiones 2",
        "cliente": "INGAR SA",
        "nombre": "INGAR SA",
        "cuit": "30570851868",
        "rubro": "21 - SUMINISTRO DE AGUA, CLOACAS, GESTIÓN DE RESIDUOS Y RECUPERACIÓN DE MATERIALES Y SANEAMIENTO PÚBLICO",
        "direccion": "POSADAS - AV. LEANDRO N ALEM 2707",
        "localidad": "POSADAS",
        "provincia": "Misiones",
        "email": "administracion@ingarsa.com.ar",
        "telefono": "4427308",
        "Estado AFIP": "ok",
        "CRM": "SI",
        "relevado": "NO"
      }
    },
    {
      "type": "Feature",
      "geometry": {
        "type": "Point",
        "coordinates": [
          -55.894295,
          -27.3664824
        ]
      },
      "properties": {
        "Base": "Bases Misiones 2",
        "base": "Bases Misiones 2",
        "cliente": "INGENIEROS & CIA S.A.",
        "nombre": "INGENIEROS & CIA S.A.",
        "cuit": "30553877039",
        "rubro": "21 - SUMINISTRO DE AGUA, CLOACAS, GESTIÓN DE RESIDUOS Y RECUPERACIÓN DE MATERIALES Y SANEAMIENTO PÚBLICO",
        "direccion": "POSADAS - AV.URUGUAY Nº 5557-PISO: 1 - OF. B",
        "localidad": "POSADAS",
        "provincia": "Misiones",
        "email": "ingenierosycompañia@gmail.com",
        "telefono": "0376-4453314",
        "Estado AFIP": "ok",
        "CRM": "NO",
        "relevado": "-"
      }
    },
    {
      "type": "Feature",
      "geometry": {
        "type": "Point",
        "coordinates": [
          -55.894295,
          -27.3664824
        ]
      },
      "properties": {
        "Base": "Bases Misiones 2",
        "base": "Bases Misiones 2",
        "cliente": "ITA CONSTRUCCIONES S.R.L.",
        "nombre": "ITA CONSTRUCCIONES S.R.L.",
        "cuit": "33716022949",
        "rubro": "21 - SUMINISTRO DE AGUA, CLOACAS, GESTIÓN DE RESIDUOS Y RECUPERACIÓN DE MATERIALES Y SANEAMIENTO PÚBLICO",
        "direccion": "POSADAS - ROQUE GONZALEZ 1121",
        "localidad": "POSADAS",
        "provincia": "Misiones",
        "email": "fedegearq@gmail.com",
        "telefono": "3764715892",
        "Estado AFIP": "ok",
        "CRM": "NO",
        "relevado": "-"
      }
    },
    {
      "type": "Feature",
      "geometry": {
        "type": "Point",
        "coordinates": [
          -55.5218103,
          -27.1063871
        ]
      },
      "properties": {
        "Base": "Bases Misiones 2",
        "base": "Bases Misiones 2",
        "cliente": "IZZI INGENIERIA SRL",
        "nombre": "IZZI INGENIERIA SRL",
        "cuit": "30707009884",
        "rubro": "21 - SUMINISTRO DE AGUA, CLOACAS, GESTIÓN DE RESIDUOS Y RECUPERACIÓN DE MATERIALES Y SANEAMIENTO PÚBLICO",
        "direccion": "CORPUS - SANTIAGO DEL ESTERO 1383",
        "localidad": "CORPUS",
        "provincia": "Misiones",
        "email": "izzi.ingenieria@gmail.com",
        "telefono": "4440270",
        "Estado AFIP": "ok",
        "CRM": "NO",
        "relevado": "-"
      }
    },
    {
      "type": "Feature",
      "geometry": {
        "type": "Point",
        "coordinates": [
          -55.894295,
          -27.3664824
        ]
      },
      "properties": {
        "Base": "Bases Misiones 2",
        "base": "Bases Misiones 2",
        "cliente": "JAVIER ANTONIO PEREIRA",
        "nombre": "JAVIER ANTONIO PEREIRA",
        "cuit": "20300937722",
        "rubro": "21 - SUMINISTRO DE AGUA, CLOACAS, GESTIÓN DE RESIDUOS Y RECUPERACIÓN DE MATERIALES Y SANEAMIENTO PÚBLICO",
        "direccion": "POSADAS - CHACRA 138 EDIFICIO 9 ESCALERA 23 0 Piso:2 Dpto:5",
        "localidad": "POSADAS",
        "provincia": "Misiones",
        "email": "veraherrerayasociados@gmail.com",
        "telefono": "0376154372368",
        "Estado AFIP": "ok",
        "CRM": "NO",
        "relevado": "-"
      }
    },
    {
      "type": "Feature",
      "geometry": {
        "type": "Point",
        "coordinates": [
          -55.1202965,
          -27.4849798
        ]
      },
      "properties": {
        "Base": "Bases Misiones 2",
        "base": "Bases Misiones 2",
        "cliente": "LAFUENTE ADOLFO MARCELO",
        "nombre": "LAFUENTE ADOLFO MARCELO",
        "cuit": "20246000361",
        "rubro": "21 - SUMINISTRO DE AGUA, CLOACAS, GESTIÓN DE RESIDUOS Y RECUPERACIÓN DE MATERIALES Y SANEAMIENTO PÚBLICO",
        "direccion": "JARDÍN AMÉRICA - AV. SAN MARTÍN N°270",
        "localidad": "OBERÁ",
        "provincia": "Misiones",
        "email": "lafuente_adolfo@hotmail.com",
        "telefono": "3743461162",
        "Estado AFIP": "ok",
        "CRM": "NO",
        "relevado": "-"
      }
    },
    {
      "type": "Feature",
      "geometry": {
        "type": "Point",
        "coordinates": [
          -55.9225129,
          -27.3685073
        ]
      },
      "properties": {
        "Base": "Bases Misiones 2",
        "base": "Bases Misiones 2",
        "cliente": "LAS ROCAS  S. R. L.",
        "nombre": "LAS ROCAS  S. R. L.",
        "cuit": "30717921980",
        "rubro": "21 - SUMINISTRO DE AGUA, CLOACAS, GESTIÓN DE RESIDUOS Y RECUPERACIÓN DE MATERIALES Y SANEAMIENTO PÚBLICO",
        "direccion": "POSADAS - TRINCHERAS DE SAN JOSE 2316",
        "localidad": "POSADAS",
        "provincia": "Misiones",
        "email": "contadoresconsultores@hotmail.com",
        "telefono": "",
        "Estado AFIP": "ok",
        "CRM": "NO",
        "relevado": "-"
      }
    },
    {
      "type": "Feature",
      "geometry": {
        "type": "Point",
        "coordinates": [
          -55.894295,
          -27.3664824
        ]
      },
      "properties": {
        "Base": "Bases Misiones 2",
        "base": "Bases Misiones 2",
        "cliente": "LOGISTICA Y COMERCIALIZACION ANDRESITO SRL",
        "nombre": "LOGISTICA Y COMERCIALIZACION ANDRESITO SRL",
        "cuit": "30715892738",
        "rubro": "21 - SUMINISTRO DE AGUA, CLOACAS, GESTIÓN DE RESIDUOS Y RECUPERACIÓN DE MATERIALES Y SANEAMIENTO PÚBLICO",
        "direccion": "POSADAS - AV.ROQUE SAENZ PEÑA 1405 Piso:1 Dpto:0 S:0 T:0 M:0",
        "localidad": "POSADAS",
        "provincia": "Misiones",
        "email": "logycomandresito@hotmail.com",
        "telefono": "3764433343",
        "Estado AFIP": "ok",
        "CRM": "NO",
        "relevado": "-"
      }
    },
    {
      "type": "Feature",
      "geometry": {
        "type": "Point",
        "coordinates": [
          -55.3170233,
          -27.6076365
        ]
      },
      "properties": {
        "Base": "Bases Misiones 2",
        "base": "Bases Misiones 2",
        "cliente": "MACEVA SA",
        "nombre": "MACEVA SA",
        "cuit": "30502556106",
        "rubro": "21 - SUMINISTRO DE AGUA, CLOACAS, GESTIÓN DE RESIDUOS Y RECUPERACIÓN DE MATERIALES Y SANEAMIENTO PÚBLICO",
        "direccion": "POSADAS - AV. LEANDRO N. ALEM 3995",
        "localidad": "POSADAS",
        "provincia": "Misiones",
        "email": "macevasa@gmail.com",
        "telefono": "03764461235",
        "Estado AFIP": "ok",
        "CRM": "NO",
        "relevado": "-"
      }
    },
    {
      "type": "Feature",
      "geometry": {
        "type": "Point",
        "coordinates": [
          -55.894295,
          -27.3664824
        ]
      },
      "properties": {
        "Base": "Bases Misiones 2",
        "base": "Bases Misiones 2",
        "cliente": "MACIERZYNSKI OSCAR JOSE",
        "nombre": "MACIERZYNSKI OSCAR JOSE",
        "cuit": "20311116712",
        "rubro": "21 - SUMINISTRO DE AGUA, CLOACAS, GESTIÓN DE RESIDUOS Y RECUPERACIÓN DE MATERIALES Y SANEAMIENTO PÚBLICO",
        "direccion": "POSADAS - AV CHACABUCO 3431 Piso:0 Dpto:00, POSADAS, Misiones",
        "localidad": "POSADAS",
        "provincia": "Misiones",
        "email": "estudiorah@gmail.com",
        "telefono": "",
        "Estado AFIP": "ok",
        "CRM": "NO",
        "relevado": "-"
      }
    },
    {
      "type": "Feature",
      "geometry": {
        "type": "Point",
        "coordinates": [
          -55.894295,
          -27.3664824
        ]
      },
      "properties": {
        "Base": "Bases Misiones 2",
        "base": "Bases Misiones 2",
        "cliente": "MADELAIRE BRUNO ALFREDO",
        "nombre": "MADELAIRE BRUNO ALFREDO",
        "cuit": "20340180721",
        "rubro": "21 - SUMINISTRO DE AGUA, CLOACAS, GESTIÓN DE RESIDUOS Y RECUPERACIÓN DE MATERIALES Y SANEAMIENTO PÚBLICO",
        "direccion": "POSADAS - jorge newbery 3177, POSADAS, Misiones",
        "localidad": "POSADAS",
        "provincia": "Misiones",
        "email": "lowgregorio@gmail.com",
        "telefono": "3765055704",
        "Estado AFIP": "ok",
        "CRM": "NO",
        "relevado": "-"
      }
    },
    {
      "type": "Feature",
      "geometry": {
        "type": "Point",
        "coordinates": [
          -55.894295,
          -27.3664824
        ]
      },
      "properties": {
        "Base": "Bases Misiones 2",
        "base": "Bases Misiones 2",
        "cliente": "MANGLAR CONSTRUCCIONES S.R.L.",
        "nombre": "MANGLAR CONSTRUCCIONES S.R.L.",
        "cuit": "30715077643",
        "rubro": "21 - SUMINISTRO DE AGUA, CLOACAS, GESTIÓN DE RESIDUOS Y RECUPERACIÓN DE MATERIALES Y SANEAMIENTO PÚBLICO",
        "direccion": "POSADAS - MORITAN Nº 2145",
        "localidad": "POSADAS",
        "provincia": "Misiones",
        "email": "cgproveedores@misiones.gov.ar",
        "telefono": "0376-4431113",
        "Estado AFIP": "ok",
        "CRM": "NO",
        "relevado": "-"
      }
    },
    {
      "type": "Feature",
      "geometry": {
        "type": "Point",
        "coordinates": [
          -54.5616294,
          -25.9720338
        ]
      },
      "properties": {
        "Base": "Bases Misiones 2",
        "base": "Bases Misiones 2",
        "cliente": "MARCELO EMILIO CAGNOLA",
        "nombre": "MARCELO EMILIO CAGNOLA",
        "cuit": "20305204340",
        "rubro": "21 - SUMINISTRO DE AGUA, CLOACAS, GESTIÓN DE RESIDUOS Y RECUPERACIÓN DE MATERIALES Y SANEAMIENTO PÚBLICO",
        "direccion": "IGUAZÚ - AV MISIONES 160",
        "localidad": "IGUAZÚ",
        "provincia": "Misiones",
        "email": "mundoigz@gmail.com",
        "telefono": "03757422150",
        "Estado AFIP": "ok",
        "CRM": "NO",
        "relevado": "-"
      }
    },
    {
      "type": "Feature",
      "geometry": {
        "type": "Point",
        "coordinates": [
          -55.894295,
          -27.3664824
        ]
      },
      "properties": {
        "Base": "Bases Misiones 2",
        "base": "Bases Misiones 2",
        "cliente": "MARCELO MANUEL PIRES",
        "nombre": "MARCELO MANUEL PIRES",
        "cuit": "20292103329",
        "rubro": "21 - SUMINISTRO DE AGUA, CLOACAS, GESTIÓN DE RESIDUOS Y RECUPERACIÓN DE MATERIALES Y SANEAMIENTO PÚBLICO",
        "direccion": "POSADAS - FRANCIA 3910",
        "localidad": "POSADAS",
        "provincia": "Misiones",
        "email": "florentinsol@hotmail.com",
        "telefono": "3764331558",
        "Estado AFIP": "ok",
        "CRM": "SI",
        "relevado": "NO"
      }
    },
    {
      "type": "Feature",
      "geometry": {
        "type": "Point",
        "coordinates": [
          -54.6029663,
          -26.2360274
        ]
      },
      "properties": {
        "Base": "Bases Misiones 2",
        "base": "Bases Misiones 2",
        "cliente": "MATIAS RAMON SOSA",
        "nombre": "MATIAS RAMON SOSA",
        "cuit": "20350156691",
        "rubro": "21 - SUMINISTRO DE AGUA, CLOACAS, GESTIÓN DE RESIDUOS Y RECUPERACIÓN DE MATERIALES Y SANEAMIENTO PÚBLICO",
        "direccion": "COLONIA DELICIA - EX - RUTA 12 - Bº AMISTAD",
        "localidad": "COLONIA DELICIA",
        "provincia": "Misiones",
        "email": "matisosa@live.com.ar",
        "telefono": "3751 - 662636",
        "Estado AFIP": "ok",
        "CRM": "NO",
        "relevado": "-"
      }
    },
    {
      "type": "Feature",
      "geometry": {
        "type": "Point",
        "coordinates": [
          -55.894295,
          -27.3664824
        ]
      },
      "properties": {
        "Base": "Bases Misiones 2",
        "base": "Bases Misiones 2",
        "cliente": "MAVICSIL SRL",
        "nombre": "MAVICSIL SRL",
        "cuit": "30716752255",
        "rubro": "21 - SUMINISTRO DE AGUA, CLOACAS, GESTIÓN DE RESIDUOS Y RECUPERACIÓN DE MATERIALES Y SANEAMIENTO PÚBLICO",
        "direccion": "POSADAS - COLON 2208 Piso:12 Dpto:B",
        "localidad": "POSADAS",
        "provincia": "Misiones",
        "email": "mavicsil.adm@gmail.com",
        "telefono": "0352515507200",
        "Estado AFIP": "ok",
        "CRM": "NO",
        "relevado": "-"
      }
    },
    {
      "type": "Feature",
      "geometry": {
        "type": "Point",
        "coordinates": [
          -55.894295,
          -27.3664824
        ]
      },
      "properties": {
        "Base": "Bases Misiones 2",
        "base": "Bases Misiones 2",
        "cliente": "MISIOCORP SRL",
        "nombre": "MISIOCORP SRL",
        "cuit": "30712369007",
        "rubro": "21 - SUMINISTRO DE AGUA, CLOACAS, GESTIÓN DE RESIDUOS Y RECUPERACIÓN DE MATERIALES Y SANEAMIENTO PÚBLICO",
        "direccion": "POSADAS - SAN JUAN 1897 Piso:0 Dpto:0 S:0 T:0 M:0",
        "localidad": "POSADAS",
        "provincia": "Misiones",
        "email": "misiocorp-cataratas@hotmail.com",
        "telefono": "3764565572",
        "Estado AFIP": "ok",
        "CRM": "NO",
        "relevado": "-"
      }
    },
    {
      "type": "Feature",
      "geometry": {
        "type": "Point",
        "coordinates": [
          -54.5861439,
          -25.6009429
        ]
      },
      "properties": {
        "Base": "Bases Misiones 2",
        "base": "Bases Misiones 2",
        "cliente": "N.E.A. SERVICIOS INTEGRALES S.R.L.",
        "nombre": "N.E.A. SERVICIOS INTEGRALES S.R.L.",
        "cuit": "30709257311",
        "rubro": "21 - SUMINISTRO DE AGUA, CLOACAS, GESTIÓN DE RESIDUOS Y RECUPERACIÓN DE MATERIALES Y SANEAMIENTO PÚBLICO",
        "direccion": "POSADAS - pasaje 68B 1795 1ro A, POSADAS, Misiones",
        "localidad": "CORRIENTES",
        "provincia": "Misiones",
        "email": "dfe.liber@gmail.com",
        "telefono": "3794342787",
        "Estado AFIP": "ok",
        "CRM": "NO",
        "relevado": "-"
      }
    },
    {
      "type": "Feature",
      "geometry": {
        "type": "Point",
        "coordinates": [
          -55.5013112,
          -27.5697133
        ]
      },
      "properties": {
        "Base": "Bases Misiones 2",
        "base": "Bases Misiones 2",
        "cliente": "OSVALDO SALVADO MALACOSTI",
        "nombre": "OSVALDO SALVADO MALACOSTI",
        "cuit": "20234560418",
        "rubro": "21 - SUMINISTRO DE AGUA, CLOACAS, GESTIÓN DE RESIDUOS Y RECUPERACIÓN DE MATERIALES Y SANEAMIENTO PÚBLICO",
        "direccion": "OLEGARIO V. ANDRADE - LOTE 86",
        "localidad": "OLEGARIO V. ANDRADE",
        "provincia": "Misiones",
        "email": "karla_lezcano@hotmail.com",
        "telefono": "3764704975",
        "Estado AFIP": "ok",
        "CRM": "NO",
        "relevado": "-"
      }
    },
    {
      "type": "Feature",
      "geometry": {
        "type": "Point",
        "coordinates": [
          -55.894295,
          -27.3664824
        ]
      },
      "properties": {
        "Base": "Bases Misiones 2",
        "base": "Bases Misiones 2",
        "cliente": "PABLO JAVIER ANDRUSYSZYN",
        "nombre": "PABLO JAVIER ANDRUSYSZYN",
        "cuit": "20240081947",
        "rubro": "21 - SUMINISTRO DE AGUA, CLOACAS, GESTIÓN DE RESIDUOS Y RECUPERACIÓN DE MATERIALES Y SANEAMIENTO PÚBLICO",
        "direccion": "POSADAS - ESTADO DE ISRAEL Nº 5771",
        "localidad": "POSADAS",
        "provincia": "Misiones",
        "email": "cgproveedores@misiones.gov.ar",
        "telefono": "0376-4451783",
        "Estado AFIP": "ok",
        "CRM": "NO",
        "relevado": "-"
      }
    },
    {
      "type": "Feature",
      "geometry": {
        "type": "Point",
        "coordinates": [
          -55.894295,
          -27.3664824
        ]
      },
      "properties": {
        "Base": "Bases Misiones 2",
        "base": "Bases Misiones 2",
        "cliente": "PEDRO VICTOR CLAROS ESCALADA",
        "nombre": "PEDRO VICTOR CLAROS ESCALADA",
        "cuit": "24188144469",
        "rubro": "21 - SUMINISTRO DE AGUA, CLOACAS, GESTIÓN DE RESIDUOS Y RECUPERACIÓN DE MATERIALES Y SANEAMIENTO PÚBLICO",
        "direccion": "POSADAS - CORDOBA 2173 Piso:9 Dpto:B",
        "localidad": "POSADAS",
        "provincia": "Misiones",
        "email": "pedroclaros@hotmail.com",
        "telefono": "3764767609",
        "Estado AFIP": "ok",
        "CRM": "NO",
        "relevado": "-"
      }
    },
    {
      "type": "Feature",
      "geometry": {
        "type": "Point",
        "coordinates": [
          -55.894295,
          -27.3664824
        ]
      },
      "properties": {
        "Base": "Bases Misiones 2",
        "base": "Bases Misiones 2",
        "cliente": "PLANOBRAS SRL",
        "nombre": "PLANOBRAS SRL",
        "cuit": "30709846767",
        "rubro": "21 - SUMINISTRO DE AGUA, CLOACAS, GESTIÓN DE RESIDUOS Y RECUPERACIÓN DE MATERIALES Y SANEAMIENTO PÚBLICO",
        "direccion": "POSADAS - LLAMAS 6838",
        "localidad": "POSADAS",
        "provincia": "Misiones",
        "email": "planobrasrl@gmail.com",
        "telefono": "376469001",
        "Estado AFIP": "ok",
        "CRM": "NO",
        "relevado": "-"
      }
    },
    {
      "type": "Feature",
      "geometry": {
        "type": "Point",
        "coordinates": [
          -55.894295,
          -27.3664824
        ]
      },
      "properties": {
        "Base": "Bases Misiones 2",
        "base": "Bases Misiones 2",
        "cliente": "POSSETTO DARIO HECTOR",
        "nombre": "POSSETTO DARIO HECTOR",
        "cuit": "20288971715",
        "rubro": "21 - SUMINISTRO DE AGUA, CLOACAS, GESTIÓN DE RESIDUOS Y RECUPERACIÓN DE MATERIALES Y SANEAMIENTO PÚBLICO",
        "direccion": "POSADAS - EL CURUPI - 85 7873",
        "localidad": "POSADAS",
        "provincia": "Misiones",
        "email": "settoconstrucciones@gmail.com",
        "telefono": "3764580644",
        "Estado AFIP": "ok",
        "CRM": "NO",
        "relevado": "-"
      }
    },
    {
      "type": "Feature",
      "geometry": {
        "type": "Point",
        "coordinates": [
          -55.894295,
          -27.3664824
        ]
      },
      "properties": {
        "Base": "Bases Misiones 2",
        "base": "Bases Misiones 2",
        "cliente": "PRAT SRL",
        "nombre": "PRAT SRL",
        "cuit": "30638257250",
        "rubro": "21 - SUMINISTRO DE AGUA, CLOACAS, GESTIÓN DE RESIDUOS Y RECUPERACIÓN DE MATERIALES Y SANEAMIENTO PÚBLICO",
        "direccion": "POSADAS - MORITAN 1511",
        "localidad": "POSADAS",
        "provincia": "Misiones",
        "email": "angel_aiv@hotmail.com",
        "telefono": "376339747",
        "Estado AFIP": "ok",
        "CRM": "NO",
        "relevado": "-"
      }
    },
    {
      "type": "Feature",
      "geometry": {
        "type": "Point",
        "coordinates": [
          -55.894295,
          -27.3664824
        ]
      },
      "properties": {
        "Base": "Bases Misiones 2",
        "base": "Bases Misiones 2",
        "cliente": "PUCARA  SRL",
        "nombre": "PUCARA  SRL",
        "cuit": "30710665156",
        "rubro": "21 - SUMINISTRO DE AGUA, CLOACAS, GESTIÓN DE RESIDUOS Y RECUPERACIÓN DE MATERIALES Y SANEAMIENTO PÚBLICO",
        "direccion": "POSADAS - AVENIDA COMANDANTE ESPORA 1957 Piso:PB Dpto:0 S:0 T:0 M:0",
        "localidad": "POSADAS",
        "provincia": "Misiones",
        "email": "estudio@cignas.com.ar",
        "telefono": "3764434210",
        "Estado AFIP": "ok",
        "CRM": "NO",
        "relevado": "-"
      }
    },
    {
      "type": "Feature",
      "geometry": {
        "type": "Point",
        "coordinates": [
          -55.894295,
          -27.3664824
        ]
      },
      "properties": {
        "Base": "Bases Misiones 2",
        "base": "Bases Misiones 2",
        "cliente": "RATTI CONSTRUCCIONES SA",
        "nombre": "RATTI CONSTRUCCIONES SA",
        "cuit": "30646666283",
        "rubro": "21 - SUMINISTRO DE AGUA, CLOACAS, GESTIÓN DE RESIDUOS Y RECUPERACIÓN DE MATERIALES Y SANEAMIENTO PÚBLICO",
        "direccion": "POSADAS - CORONEL LOPEZ Nº 2138",
        "localidad": "POSADAS",
        "provincia": "Misiones",
        "email": "administracion@ratticonstrucciones.com.ar",
        "telefono": "3764586841",
        "Estado AFIP": "ok",
        "CRM": "SI",
        "relevado": "NO"
      }
    },
    {
      "type": "Feature",
      "geometry": {
        "type": "Point",
        "coordinates": [
          -55.5392216,
          -27.2583992
        ]
      },
      "properties": {
        "Base": "Bases Misiones 2",
        "base": "Bases Misiones 2",
        "cliente": "REDUCCIONES S. A. S.",
        "nombre": "REDUCCIONES S. A. S.",
        "cuit": "30717711226",
        "rubro": "21 - SUMINISTRO DE AGUA, CLOACAS, GESTIÓN DE RESIDUOS Y RECUPERACIÓN DE MATERIALES Y SANEAMIENTO PÚBLICO",
        "direccion": "SAN IGNACIO - LOTE 2 MANZANA 25 B° J.D.PERON 0",
        "localidad": "SAN IGNACIO",
        "provincia": "Misiones",
        "email": "julioeloys@yahoo.com.ar",
        "telefono": "3764634386",
        "Estado AFIP": "ok",
        "CRM": "NO",
        "relevado": "-"
      }
    },
    {
      "type": "Feature",
      "geometry": {
        "type": "Point",
        "coordinates": [
          -55.894295,
          -27.3664824
        ]
      },
      "properties": {
        "Base": "Bases Misiones 2",
        "base": "Bases Misiones 2",
        "cliente": "REJ CONSTRUCCIONES S.R.L.",
        "nombre": "REJ CONSTRUCCIONES S.R.L.",
        "cuit": "30715206389",
        "rubro": "21 - SUMINISTRO DE AGUA, CLOACAS, GESTIÓN DE RESIDUOS Y RECUPERACIÓN DE MATERIALES Y SANEAMIENTO PÚBLICO",
        "direccion": "POSADAS - JOSE HERNANDEZ 2025 Piso:1 Dpto:A",
        "localidad": "POSADAS",
        "provincia": "Misiones",
        "email": "rominaepelbaum@hotmail.com",
        "telefono": "3764423381",
        "Estado AFIP": "ok",
        "CRM": "SI",
        "relevado": "SI"
      }
    },
    {
      "type": "Feature",
      "geometry": {
        "type": "Point",
        "coordinates": [
          -55.894295,
          -27.3664824
        ]
      },
      "properties": {
        "Base": "Bases Misiones 2",
        "base": "Bases Misiones 2",
        "cliente": "RICARDO JOSE ZALECHAK",
        "nombre": "RICARDO JOSE ZALECHAK",
        "cuit": "20173122684",
        "rubro": "21 - SUMINISTRO DE AGUA, CLOACAS, GESTIÓN DE RESIDUOS Y RECUPERACIÓN DE MATERIALES Y SANEAMIENTO PÚBLICO",
        "direccion": "POSADAS - CALLE 141 Nº 8455",
        "localidad": "POSADAS",
        "provincia": "Misiones",
        "email": "r_zalechak@yahoo.com",
        "telefono": "03764367350",
        "Estado AFIP": "ok",
        "CRM": "NO",
        "relevado": "-"
      }
    },
    {
      "type": "Feature",
      "geometry": {
        "type": "Point",
        "coordinates": [
          -55.8296552,
          -27.4837122
        ]
      },
      "properties": {
        "Base": "Bases Misiones 2",
        "base": "Bases Misiones 2",
        "cliente": "ROBERTS SRL",
        "nombre": "ROBERTS SRL",
        "cuit": "30710134916",
        "rubro": "21 - SUMINISTRO DE AGUA, CLOACAS, GESTIÓN DE RESIDUOS Y RECUPERACIÓN DE MATERIALES Y SANEAMIENTO PÚBLICO",
        "direccion": "POSADAS - EMPALME LOS LAURELES-P.25 0",
        "localidad": "GARUPÁ",
        "provincia": "Misiones",
        "email": "andreaquiroz77@hotmail.com",
        "telefono": "03764874671",
        "Estado AFIP": "ok",
        "CRM": "NO",
        "relevado": "-"
      }
    },
    {
      "type": "Feature",
      "geometry": {
        "type": "Point",
        "coordinates": [
          -55.9079379,
          -27.4033553
        ]
      },
      "properties": {
        "Base": "Bases Misiones 2",
        "base": "Bases Misiones 2",
        "cliente": "ROF S.R.L.",
        "nombre": "ROF S.R.L.",
        "cuit": "30715803379",
        "rubro": "21 - SUMINISTRO DE AGUA, CLOACAS, GESTIÓN DE RESIDUOS Y RECUPERACIÓN DE MATERIALES Y SANEAMIENTO PÚBLICO",
        "direccion": "POSADAS - AV. QUARANTA 4067",
        "localidad": "POSADAS",
        "provincia": "Misiones",
        "email": "gestionfinten@gmail.com",
        "telefono": "4650113",
        "Estado AFIP": "ok",
        "CRM": "NO",
        "relevado": "-"
      }
    },
    {
      "type": "Feature",
      "geometry": {
        "type": "Point",
        "coordinates": [
          -55.894295,
          -27.3664824
        ]
      },
      "properties": {
        "Base": "Bases Misiones 2",
        "base": "Bases Misiones 2",
        "cliente": "SAAT S. A. S.",
        "nombre": "SAAT S. A. S.",
        "cuit": "30717825450",
        "rubro": "21 - SUMINISTRO DE AGUA, CLOACAS, GESTIÓN DE RESIDUOS Y RECUPERACIÓN DE MATERIALES Y SANEAMIENTO PÚBLICO",
        "direccion": "POSADAS - GOICOCHEA (48A) 3351",
        "localidad": "POSADAS",
        "provincia": "Misiones",
        "email": "dario_cab@hotmail.com",
        "telefono": "3764736539",
        "Estado AFIP": "ok",
        "CRM": "NO",
        "relevado": "-"
      }
    },
    {
      "type": "Feature",
      "geometry": {
        "type": "Point",
        "coordinates": [
          -55.0262731,
          -26.8095531
        ]
      },
      "properties": {
        "Base": "Bases Misiones 2",
        "base": "Bases Misiones 2",
        "cliente": "SEIDEL CONSTRUCCIONES S.R.L.",
        "nombre": "SEIDEL CONSTRUCCIONES S.R.L.",
        "cuit": "30711667454",
        "rubro": "21 - SUMINISTRO DE AGUA, CLOACAS, GESTIÓN DE RESIDUOS Y RECUPERACIÓN DE MATERIALES Y SANEAMIENTO PÚBLICO",
        "direccion": "PUERTO RICO - AVDA SAN MARTIN 2745",
        "localidad": "PUERTO RICO",
        "provincia": "Misiones",
        "email": "seidelconstrucciones@hotmail.com",
        "telefono": "3743421481",
        "Estado AFIP": "ok",
        "CRM": "NO",
        "relevado": "-"
      }
    },
    {
      "type": "Feature",
      "geometry": {
        "type": "Point",
        "coordinates": [
          -55.894295,
          -27.3664824
        ]
      },
      "properties": {
        "Base": "Bases Misiones 2",
        "base": "Bases Misiones 2",
        "cliente": "SEISHIJOS SA",
        "nombre": "SEISHIJOS SA",
        "cuit": "30708845538",
        "rubro": "21 - SUMINISTRO DE AGUA, CLOACAS, GESTIÓN DE RESIDUOS Y RECUPERACIÓN DE MATERIALES Y SANEAMIENTO PÚBLICO",
        "direccion": "POSADAS - GENERAL PAZ 2203 Piso:1",
        "localidad": "POSADAS",
        "provincia": "Misiones",
        "email": "admin_contable@crediser.com.ar",
        "telefono": "03764441212",
        "Estado AFIP": "ok",
        "CRM": "NO",
        "relevado": "-"
      }
    },
    {
      "type": "Feature",
      "geometry": {
        "type": "Point",
        "coordinates": [
          -55.894295,
          -27.3664824
        ]
      },
      "properties": {
        "Base": "Bases Misiones 2",
        "base": "Bases Misiones 2",
        "cliente": "SERVICIOS EL LUCERO S.R.L.",
        "nombre": "SERVICIOS EL LUCERO S.R.L.",
        "cuit": "30714197386",
        "rubro": "21 - SUMINISTRO DE AGUA, CLOACAS, GESTIÓN DE RESIDUOS Y RECUPERACIÓN DE MATERIALES Y SANEAMIENTO PÚBLICO",
        "direccion": "POSADAS - BERON DE ASTRADA 3505",
        "localidad": "POSADAS",
        "provincia": "Misiones",
        "email": "serviciosellucero@gmail.com",
        "telefono": "3764729780",
        "Estado AFIP": "ok",
        "CRM": "NO",
        "relevado": "-"
      }
    },
    {
      "type": "Feature",
      "geometry": {
        "type": "Point",
        "coordinates": [
          -55.894295,
          -27.3664824
        ]
      },
      "properties": {
        "Base": "Bases Misiones 2",
        "base": "Bases Misiones 2",
        "cliente": "SERVICIOS PARA LA CONSTRUCCION S.R.L.",
        "nombre": "SERVICIOS PARA LA CONSTRUCCION S.R.L.",
        "cuit": "30708350857",
        "rubro": "21 - SUMINISTRO DE AGUA, CLOACAS, GESTIÓN DE RESIDUOS Y RECUPERACIÓN DE MATERIALES Y SANEAMIENTO PÚBLICO",
        "direccion": "POSADAS - AV. QUARANTA Nº 7491",
        "localidad": "POSADAS",
        "provincia": "Misiones",
        "email": "spc-victorlarumbe@hotmail.com",
        "telefono": "376 - 4467395",
        "Estado AFIP": "ok",
        "CRM": "NO",
        "relevado": "-"
      }
    },
    {
      "type": "Feature",
      "geometry": {
        "type": "Point",
        "coordinates": [
          -54.6113389,
          -26.4107633
        ]
      },
      "properties": {
        "Base": "Bases Misiones 2",
        "base": "Bases Misiones 2",
        "cliente": "SILVA SANTIAGO MARTIN",
        "nombre": "SILVA SANTIAGO MARTIN",
        "cuit": "20430081005",
        "rubro": "21 - SUMINISTRO DE AGUA, CLOACAS, GESTIÓN DE RESIDUOS Y RECUPERACIÓN DE MATERIALES Y SANEAMIENTO PÚBLICO",
        "direccion": "ELDORADO - PARAGUAY 745",
        "localidad": "ELDORADO",
        "provincia": "Misiones",
        "email": "santtiimarttiin@gmail.com",
        "telefono": "",
        "Estado AFIP": "ok",
        "CRM": "NO",
        "relevado": "-"
      }
    },
    {
      "type": "Feature",
      "geometry": {
        "type": "Point",
        "coordinates": [
          -55.8963586,
          -27.3849857
        ]
      },
      "properties": {
        "Base": "Bases Misiones 2",
        "base": "Bases Misiones 2",
        "cliente": "SORIA HUGO ARIEL",
        "nombre": "SORIA HUGO ARIEL",
        "cuit": "20294418254",
        "rubro": "21 - SUMINISTRO DE AGUA, CLOACAS, GESTIÓN DE RESIDUOS Y RECUPERACIÓN DE MATERIALES Y SANEAMIENTO PÚBLICO",
        "direccion": "POSADAS - AV. RADEMACHER 3092, POSADAS, Misiones",
        "localidad": "POSADAS",
        "provincia": "Misiones",
        "email": "ferrariestcontable@gmail.com",
        "telefono": "03764436870",
        "Estado AFIP": "ok",
        "CRM": "NO",
        "relevado": "-"
      }
    },
    {
      "type": "Feature",
      "geometry": {
        "type": "Point",
        "coordinates": [
          -55.9064181,
          -27.3771557
        ]
      },
      "properties": {
        "Base": "Bases Misiones 2",
        "base": "Bases Misiones 2",
        "cliente": "STAR SERVICIOS EMPRESARIOS SA.",
        "nombre": "STAR SERVICIOS EMPRESARIOS SA.",
        "cuit": "30669713408",
        "rubro": "21 - SUMINISTRO DE AGUA, CLOACAS, GESTIÓN DE RESIDUOS Y RECUPERACIÓN DE MATERIALES Y SANEAMIENTO PÚBLICO",
        "direccion": "POSADAS - LAVALLE 5636",
        "localidad": "RESISTENCIA",
        "provincia": "Misiones",
        "email": "lfuentecilla@vcf.com.ar",
        "telefono": "4426955",
        "Estado AFIP": "ok",
        "CRM": "NO",
        "relevado": "-"
      }
    },
    {
      "type": "Feature",
      "geometry": {
        "type": "Point",
        "coordinates": [
          -55.8940511,
          -27.3948923
        ]
      },
      "properties": {
        "Base": "Bases Misiones 2",
        "base": "Bases Misiones 2",
        "cliente": "TORRES CONSTRUCCIONES S.A.",
        "nombre": "TORRES CONSTRUCCIONES S.A.",
        "cuit": "30715863827",
        "rubro": "21 - SUMINISTRO DE AGUA, CLOACAS, GESTIÓN DE RESIDUOS Y RECUPERACIÓN DE MATERIALES Y SANEAMIENTO PÚBLICO",
        "direccion": "POSADAS - AV.LOPEZ TORRES 2944",
        "localidad": "POSADAS",
        "provincia": "Misiones",
        "email": "estudio@cignas.com.ar",
        "telefono": "",
        "Estado AFIP": "ok",
        "CRM": "NO",
        "relevado": "-"
      }
    },
    {
      "type": "Feature",
      "geometry": {
        "type": "Point",
        "coordinates": [
          -55.9148368,
          -27.4017053
        ]
      },
      "properties": {
        "Base": "Bases Misiones 2",
        "base": "Bases Misiones 2",
        "cliente": "TRUJILLO CLAUDIO GERONIMO R",
        "nombre": "TRUJILLO CLAUDIO GERONIMO R",
        "cuit": "20243242968",
        "rubro": "21 - SUMINISTRO DE AGUA, CLOACAS, GESTIÓN DE RESIDUOS Y RECUPERACIÓN DE MATERIALES Y SANEAMIENTO PÚBLICO",
        "direccion": "POSADAS - AV SANTA CATALINA 2380, POSADAS, Misiones",
        "localidad": "POSADAS",
        "provincia": "Misiones",
        "email": "estudiorocabert@gmail.com",
        "telefono": "3764909200",
        "Estado AFIP": "ok",
        "CRM": "NO",
        "relevado": "-"
      }
    },
    {
      "type": "Feature",
      "geometry": {
        "type": "Point",
        "coordinates": [
          -55.894295,
          -27.3664824
        ]
      },
      "properties": {
        "Base": "Bases Misiones 2",
        "base": "Bases Misiones 2",
        "cliente": "TRUJILLO RODOLFO EDELMIRO",
        "nombre": "TRUJILLO RODOLFO EDELMIRO",
        "cuit": "20267931918",
        "rubro": "21 - SUMINISTRO DE AGUA, CLOACAS, GESTIÓN DE RESIDUOS Y RECUPERACIÓN DE MATERIALES Y SANEAMIENTO PÚBLICO",
        "direccion": "POSADAS - AV. L.N. ALEM 5777",
        "localidad": "POSADAS",
        "provincia": "Misiones",
        "email": "ortopediasancristobalgerencia@gmail.com",
        "telefono": "",
        "Estado AFIP": "ok",
        "CRM": "NO",
        "relevado": "-"
      }
    },
    {
      "type": "Feature",
      "geometry": {
        "type": "Point",
        "coordinates": [
          -55.894295,
          -27.3664824
        ]
      },
      "properties": {
        "Base": "Bases Misiones 2",
        "base": "Bases Misiones 2",
        "cliente": "UGMA S.R.L",
        "nombre": "UGMA S.R.L",
        "cuit": "30710205732",
        "rubro": "21 - SUMINISTRO DE AGUA, CLOACAS, GESTIÓN DE RESIDUOS Y RECUPERACIÓN DE MATERIALES Y SANEAMIENTO PÚBLICO",
        "direccion": "POSADAS - AMBROSETTI Nº1865",
        "localidad": "POSADAS",
        "provincia": "Misiones",
        "email": "ugmasrloficial@gmail.com",
        "telefono": "3764424513",
        "Estado AFIP": "ok",
        "CRM": "NO",
        "relevado": "-"
      }
    },
    {
      "type": "Feature",
      "geometry": {
        "type": "Point",
        "coordinates": [
          -55.8981034,
          -27.3723019
        ]
      },
      "properties": {
        "Base": "Bases Misiones 2",
        "base": "Bases Misiones 2",
        "cliente": "WELSH SEBASTIAN PATRICIO",
        "nombre": "WELSH SEBASTIAN PATRICIO",
        "cuit": "20300844376",
        "rubro": "21 - SUMINISTRO DE AGUA, CLOACAS, GESTIÓN DE RESIDUOS Y RECUPERACIÓN DE MATERIALES Y SANEAMIENTO PÚBLICO",
        "direccion": "POSADAS - TUCUMAN 1343",
        "localidad": "POSADAS",
        "provincia": "Misiones",
        "email": "sebastianpwelsh.spw@gmail.com",
        "telefono": "",
        "Estado AFIP": "ok",
        "CRM": "NO",
        "relevado": "-"
      }
    },
    {
      "type": "Feature",
      "geometry": {
        "type": "Point",
        "coordinates": [
          -55.898123,
          -27.3842024
        ]
      },
      "properties": {
        "Base": "Bases Misiones 2",
        "base": "Bases Misiones 2",
        "cliente": "WMG SRL",
        "nombre": "WMG SRL",
        "cuit": "30717069273",
        "rubro": "21 - SUMINISTRO DE AGUA, CLOACAS, GESTIÓN DE RESIDUOS Y RECUPERACIÓN DE MATERIALES Y SANEAMIENTO PÚBLICO",
        "direccion": "POSADAS - AVENIDA CABRED 1841",
        "localidad": "POSADAS",
        "provincia": "Misiones",
        "email": "wmgsrladm@gmail.com",
        "telefono": "4439556",
        "Estado AFIP": "ok",
        "CRM": "SI",
        "relevado": "NO"
      }
    },
    {
      "type": "Feature",
      "geometry": {
        "type": "Point",
        "coordinates": [
          -55.894295,
          -27.3664824
        ]
      },
      "properties": {
        "Base": "Bases Misiones 2",
        "base": "Bases Misiones 2",
        "cliente": "YUNIS CONSTRUCCIONES S.R.L.",
        "nombre": "YUNIS CONSTRUCCIONES S.R.L.",
        "cuit": "30710030819",
        "rubro": "21 - SUMINISTRO DE AGUA, CLOACAS, GESTIÓN DE RESIDUOS Y RECUPERACIÓN DE MATERIALES Y SANEAMIENTO PÚBLICO",
        "direccion": "POSADAS - YRIGOYEN 2720 Piso:PB",
        "localidad": "POSADAS",
        "provincia": "Misiones",
        "email": "vasselsueldos@gmail.com",
        "telefono": "22222222",
        "Estado AFIP": "ok",
        "CRM": "NO",
        "relevado": "-"
      }
    },
    {
      "type": "Feature",
      "geometry": {
        "type": "Point",
        "coordinates": [
          -55.894295,
          -27.3664824
        ]
      },
      "properties": {
        "Base": "Bases Misiones 2",
        "base": "Bases Misiones 2",
        "cliente": "A G B CONSTRUCCIONES SRL",
        "nombre": "A G B CONSTRUCCIONES SRL",
        "cuit": "30687887804",
        "rubro": "3 - AGRICULTURA, GANADERÍA, CAZA, SILVICULTURA Y PESCA",
        "direccion": "POSADAS - LUIS PASTEUR 2330",
        "localidad": "POSADAS",
        "provincia": "Misiones",
        "email": "administracion@agbconstrucciones.com.ar",
        "telefono": "376435036",
        "Estado AFIP": "ok",
        "CRM": "SI",
        "relevado": "SI"
      }
    },
    {
      "type": "Feature",
      "geometry": {
        "type": "Point",
        "coordinates": [
          -55.1281847,
          -27.5025753
        ]
      },
      "properties": {
        "Base": "Bases Misiones 2",
        "base": "Bases Misiones 2",
        "cliente": "ABATI S.A.",
        "nombre": "ABATI S.A.",
        "cuit": "30666753891",
        "rubro": "3 - AGRICULTURA, GANADERÍA, CAZA, SILVICULTURA Y PESCA",
        "direccion": "POSADAS - RUTA 8 KM. 5",
        "localidad": "PERGAMINO",
        "provincia": "Misiones",
        "email": "abaticontaduria@gmail.com",
        "telefono": "2477-660760",
        "Estado AFIP": "ok",
        "CRM": "NO",
        "relevado": "-"
      }
    },
    {
      "type": "Feature",
      "geometry": {
        "type": "Point",
        "coordinates": [
          -55.894295,
          -27.3664824
        ]
      },
      "properties": {
        "Base": "Bases Misiones 2",
        "base": "Bases Misiones 2",
        "cliente": "AGRO HEN  SRL",
        "nombre": "AGRO HEN  SRL",
        "cuit": "30711901465",
        "rubro": "3 - AGRICULTURA, GANADERÍA, CAZA, SILVICULTURA Y PESCA",
        "direccion": "PUERTO RICO - LINEA PARANA 20",
        "localidad": "POSADAS",
        "provincia": "Misiones",
        "email": "comercialnico@hotmail.com",
        "telefono": "420658",
        "Estado AFIP": "ok",
        "CRM": "NO",
        "relevado": "-"
      }
    },
    {
      "type": "Feature",
      "geometry": {
        "type": "Point",
        "coordinates": [
          -55.894295,
          -27.3664824
        ]
      },
      "properties": {
        "Base": "Bases Misiones 2",
        "base": "Bases Misiones 2",
        "cliente": "AGROSERVICIOS DEL NEA S.R.L.",
        "nombre": "AGROSERVICIOS DEL NEA S.R.L.",
        "cuit": "30708876166",
        "rubro": "3 - AGRICULTURA, GANADERÍA, CAZA, SILVICULTURA Y PESCA",
        "direccion": "POSADAS - R 12 KM 55 M CENTRAL 2261",
        "localidad": "POSADAS",
        "provincia": "Misiones",
        "email": "ymessinger@agroserviciosdelnea.com.ar",
        "telefono": "03764656302",
        "Estado AFIP": "ok",
        "CRM": "NO",
        "relevado": "-"
      }
    },
    {
      "type": "Feature",
      "geometry": {
        "type": "Point",
        "coordinates": [
          -55.8959477,
          -27.3734695
        ]
      },
      "properties": {
        "Base": "Bases Misiones 2",
        "base": "Bases Misiones 2",
        "cliente": "ALOE K COMPANY SRL",
        "nombre": "ALOE K COMPANY SRL",
        "cuit": "30709490083",
        "rubro": "3 - AGRICULTURA, GANADERÍA, CAZA, SILVICULTURA Y PESCA",
        "direccion": "POSADAS - SANTIAGO DEL ESTERO 1465",
        "localidad": "CORRIENTES",
        "provincia": "Misiones",
        "email": "ANALIA2581@GMAIL.COM",
        "telefono": "3794067933",
        "Estado AFIP": "ok",
        "CRM": "NO",
        "relevado": "-"
      }
    },
    {
      "type": "Feature",
      "geometry": {
        "type": "Point",
        "coordinates": [
          -54.6262079,
          -26.4048555
        ]
      },
      "properties": {
        "Base": "Bases Misiones 2",
        "base": "Bases Misiones 2",
        "cliente": "ALTA TERRITORIAL SRL",
        "nombre": "ALTA TERRITORIAL SRL",
        "cuit": "30710316259",
        "rubro": "3 - AGRICULTURA, GANADERÍA, CAZA, SILVICULTURA Y PESCA",
        "direccion": "ELDORADO - CALLE KENNEDY Nº 180-3º PISO - DPTO. 11",
        "localidad": "ELDORADO",
        "provincia": "Misiones",
        "email": "cgproveedores@misiones.gov.ar",
        "telefono": "03751 - 427093",
        "Estado AFIP": "ok",
        "CRM": "NO",
        "relevado": "-"
      }
    },
    {
      "type": "Feature",
      "geometry": {
        "type": "Point",
        "coordinates": [
          -54.5696922,
          -25.9693011
        ]
      },
      "properties": {
        "Base": "Bases Misiones 2",
        "base": "Bases Misiones 2",
        "cliente": "AQUINO NORBERTO NICOLAS",
        "nombre": "AQUINO NORBERTO NICOLAS",
        "cuit": "20295348608",
        "rubro": "3 - AGRICULTURA, GANADERÍA, CAZA, SILVICULTURA Y PESCA",
        "direccion": "CAPIOVÍ - AVDA LOS PROCERES 0",
        "localidad": "WANDA",
        "provincia": "Misiones",
        "email": "demisionessrl@hotmail.com",
        "telefono": "",
        "Estado AFIP": "ok",
        "CRM": "NO",
        "relevado": "-"
      }
    },
    {
      "type": "Feature",
      "geometry": {
        "type": "Point",
        "coordinates": [
          -54.5861439,
          -25.6009429
        ]
      },
      "properties": {
        "Base": "Bases Misiones 2",
        "base": "Bases Misiones 2",
        "cliente": "BAMBOO S.A.",
        "nombre": "BAMBOO S.A.",
        "cuit": "33709909229",
        "rubro": "3 - AGRICULTURA, GANADERÍA, CAZA, SILVICULTURA Y PESCA",
        "direccion": "GARUPÁ - ruta nac 12 km 9.500",
        "localidad": "CORRIENTES",
        "provincia": "Misiones",
        "email": "rlautarovega@gmail.com",
        "telefono": "3794565996",
        "Estado AFIP": "ok",
        "CRM": "NO",
        "relevado": "-"
      }
    },
    {
      "type": "Feature",
      "geometry": {
        "type": "Point",
        "coordinates": [
          -55.8953837,
          -27.3743001
        ]
      },
      "properties": {
        "Base": "Bases Misiones 2",
        "base": "Bases Misiones 2",
        "cliente": "BELLO JORGE ALBERTO",
        "nombre": "BELLO JORGE ALBERTO",
        "cuit": "20172961003",
        "rubro": "3 - AGRICULTURA, GANADERÍA, CAZA, SILVICULTURA Y PESCA",
        "direccion": "POSADAS - AV. MITRE 2409",
        "localidad": "POSADAS",
        "provincia": "Misiones",
        "email": "bellojorgea@gmail.com",
        "telefono": "4430918",
        "Estado AFIP": "ok",
        "CRM": "NO",
        "relevado": "-"
      }
    },
    {
      "type": "Feature",
      "geometry": {
        "type": "Point",
        "coordinates": [
          -55.0573222,
          -26.928266700000002
        ]
      },
      "properties": {
        "Base": "Bases Misiones 2",
        "base": "Bases Misiones 2",
        "cliente": "BREMM KONZEN MARLICE INES",
        "nombre": "BREMM KONZEN MARLICE INES",
        "cuit": "27920797615",
        "rubro": "3 - AGRICULTURA, GANADERÍA, CAZA, SILVICULTURA Y PESCA",
        "direccion": "CAPIOVÍ - uuu",
        "localidad": "CAPIOVÍ",
        "provincia": "Misiones",
        "email": "marlicekonzen@yahoo.com.ar",
        "telefono": "",
        "Estado AFIP": "ok",
        "CRM": "NO",
        "relevado": "-"
      }
    },
    {
      "type": "Feature",
      "geometry": {
        "type": "Point",
        "coordinates": [
          -55.2271966,
          -27.0430577
        ]
      },
      "properties": {
        "Base": "Bases Misiones 2",
        "base": "Bases Misiones 2",
        "cliente": "CARLOS MURNER",
        "nombre": "CARLOS MURNER",
        "cuit": "20050936768",
        "rubro": "3 - AGRICULTURA, GANADERÍA, CAZA, SILVICULTURA Y PESCA",
        "direccion": "JARDÍN AMÉRICA - AV. LIBERTAD  Nº  575",
        "localidad": "JARDÍN AMÉRICA",
        "provincia": "Misiones",
        "email": "dariocarlosmurner@yahoo.com.ar",
        "telefono": "03743 - 460252",
        "Estado AFIP": "ok",
        "CRM": "SI",
        "relevado": "NO"
      }
    },
    {
      "type": "Feature",
      "geometry": {
        "type": "Point",
        "coordinates": [
          -55.894295,
          -27.3664824
        ]
      },
      "properties": {
        "Base": "Bases Misiones 2",
        "base": "Bases Misiones 2",
        "cliente": "CONSTRUCTORA PINDOI SRL",
        "nombre": "CONSTRUCTORA PINDOI SRL",
        "cuit": "30710896921",
        "rubro": "3 - AGRICULTURA, GANADERÍA, CAZA, SILVICULTURA Y PESCA",
        "direccion": "POSADAS - SUECIA 1936",
        "localidad": "POSADAS",
        "provincia": "Misiones",
        "email": "pindoi.adm@gmail.com",
        "telefono": "4450747",
        "Estado AFIP": "ok",
        "CRM": "SI",
        "relevado": "SI"
      }
    },
    {
      "type": "Feature",
      "geometry": {
        "type": "Point",
        "coordinates": [
          -54.6737698,
          -26.4029914
        ]
      },
      "properties": {
        "Base": "Bases Misiones 2",
        "base": "Bases Misiones 2",
        "cliente": "COOPERATIVA DE TRABAJO CARLOS ALMIRON LTDA",
        "nombre": "COOPERATIVA DE TRABAJO CARLOS ALMIRON LTDA",
        "cuit": "30711224129",
        "rubro": "3 - AGRICULTURA, GANADERÍA, CAZA, SILVICULTURA Y PESCA",
        "direccion": "AZARA - SANTA LIBRADA Y SAN RAMON BARRIO SAN LORENZO",
        "localidad": "FLORENCIO VARELA",
        "provincia": "Misiones",
        "email": "carlosalmironoficina@gmail.com",
        "telefono": "-01155847663",
        "Estado AFIP": "ok",
        "CRM": "NO",
        "relevado": "-"
      }
    },
    {
      "type": "Feature",
      "geometry": {
        "type": "Point",
        "coordinates": [
          -55.4971519,
          -27.633535
        ]
      },
      "properties": {
        "Base": "Bases Misiones 2",
        "base": "Bases Misiones 2",
        "cliente": "CRISTIAN  IVAN SMIGUEL",
        "nombre": "CRISTIAN  IVAN SMIGUEL",
        "cuit": "20333967007",
        "rubro": "3 - AGRICULTURA, GANADERÍA, CAZA, SILVICULTURA Y PESCA",
        "direccion": "CERRO AZUL - LOTE 117 PICADA BELGRANO",
        "localidad": "CERRO AZUL",
        "provincia": "Misiones",
        "email": "administracion@agroazul.com.ar",
        "telefono": "3764656517",
        "Estado AFIP": "ok",
        "CRM": "SI",
        "relevado": "NO"
      }
    },
    {
      "type": "Feature",
      "geometry": {
        "type": "Point",
        "coordinates": [
          -55.0573222,
          -26.928266700000002
        ]
      },
      "properties": {
        "Base": "Bases Misiones 2",
        "base": "Bases Misiones 2",
        "cliente": "DEHLE ROBIN EDMUNDO",
        "nombre": "DEHLE ROBIN EDMUNDO",
        "cuit": "20177518841",
        "rubro": "3 - AGRICULTURA, GANADERÍA, CAZA, SILVICULTURA Y PESCA",
        "direccion": "CAPIOVÍ - njj",
        "localidad": "CAPIOVÍ",
        "provincia": "Misiones",
        "email": "dehlerobin@gmail.com",
        "telefono": "",
        "Estado AFIP": "ok",
        "CRM": "NO",
        "relevado": "-"
      }
    },
    {
      "type": "Feature",
      "geometry": {
        "type": "Point",
        "coordinates": [
          -55.894295,
          -27.3664824
        ]
      },
      "properties": {
        "Base": "Bases Misiones 2",
        "base": "Bases Misiones 2",
        "cliente": "DUARTE JUAN MANUEL",
        "nombre": "DUARTE JUAN MANUEL",
        "cuit": "20288183253",
        "rubro": "3 - AGRICULTURA, GANADERÍA, CAZA, SILVICULTURA Y PESCA",
        "direccion": "POSADAS - AV RADEMACHER 3715 Piso:5",
        "localidad": "POSADAS",
        "provincia": "Misiones",
        "email": "biriduarte@yahoo.com",
        "telefono": "4439556",
        "Estado AFIP": "ok",
        "CRM": "NO",
        "relevado": "-"
      }
    },
    {
      "type": "Feature",
      "geometry": {
        "type": "Point",
        "coordinates": [
          -54.7590379,
          -26.5674207
        ]
      },
      "properties": {
        "Base": "Bases Misiones 2",
        "base": "Bases Misiones 2",
        "cliente": "ERNESTO WALTERIO TRUMPP",
        "nombre": "ERNESTO WALTERIO TRUMPP",
        "cuit": "20183406125",
        "rubro": "3 - AGRICULTURA, GANADERÍA, CAZA, SILVICULTURA Y PESCA",
        "direccion": "MONTECARLO - CALLE S/N BARRIO GENDARMERIA",
        "localidad": "MONTECARLO",
        "provincia": "Misiones",
        "email": "serviciosforestalesisla9@gmail.com",
        "telefono": "3751480297",
        "Estado AFIP": "ok",
        "CRM": "SI",
        "relevado": "NO"
      }
    },
    {
      "type": "Feature",
      "geometry": {
        "type": "Point",
        "coordinates": [
          -55.8979311,
          -27.3669731
        ]
      },
      "properties": {
        "Base": "Bases Misiones 2",
        "base": "Bases Misiones 2",
        "cliente": "ESTEBAN NICOLAS BOZZOLO",
        "nombre": "ESTEBAN NICOLAS BOZZOLO",
        "cuit": "20344509035",
        "rubro": "3 - AGRICULTURA, GANADERÍA, CAZA, SILVICULTURA Y PESCA",
        "direccion": "POSADAS - JUNIN 1205",
        "localidad": "POSADAS",
        "provincia": "Misiones",
        "email": "sabrinascheiber92@gmail.com",
        "telefono": "3764864791",
        "Estado AFIP": "ok",
        "CRM": "NO",
        "relevado": "-"
      }
    },
    {
      "type": "Feature",
      "geometry": {
        "type": "Point",
        "coordinates": [
          -54.8327637,
          -27.0858081
        ]
      },
      "properties": {
        "Base": "Bases Misiones 2",
        "base": "Bases Misiones 2",
        "cliente": "EVECAR S.R.L.",
        "nombre": "EVECAR S.R.L.",
        "cuit": "30710624395",
        "rubro": "3 - AGRICULTURA, GANADERÍA, CAZA, SILVICULTURA Y PESCA",
        "direccion": "SALTO ENCANTADO - AV. 8 DE SEPTIEMBRE Y COLON 0 M:K",
        "localidad": "SALTO ENCANTADO",
        "provincia": "Misiones",
        "email": "qas.estudiocontable@gmail.com",
        "telefono": "3755229655",
        "Estado AFIP": "ok",
        "CRM": "SI",
        "relevado": "SI"
      }
    },
    {
      "type": "Feature",
      "geometry": {
        "type": "Point",
        "coordinates": [
          -54.1111534,
          -26.624054
        ]
      },
      "properties": {
        "Base": "Bases Misiones 2",
        "base": "Bases Misiones 2",
        "cliente": "FABIO DARIO FONTANA",
        "nombre": "FABIO DARIO FONTANA",
        "cuit": "20251235814",
        "rubro": "3 - AGRICULTURA, GANADERÍA, CAZA, SILVICULTURA Y PESCA",
        "direccion": "SAN PEDRO - LOTE 111 - MZ- 1  – BARRIO: SANTA ROSA",
        "localidad": "SAN PEDRO",
        "provincia": "Misiones",
        "email": "donflorentin@hotamil.com",
        "telefono": "3751-415757",
        "Estado AFIP": "ok",
        "CRM": "NO",
        "relevado": "-"
      }
    },
    {
      "type": "Feature",
      "geometry": {
        "type": "Point",
        "coordinates": [
          -53.7341764,
          -26.0573302
        ]
      },
      "properties": {
        "Base": "Bases Misiones 2",
        "base": "Bases Misiones 2",
        "cliente": "FONSECA VALENTIN",
        "nombre": "FONSECA VALENTIN",
        "cuit": "20076664510",
        "rubro": "3 - AGRICULTURA, GANADERÍA, CAZA, SILVICULTURA Y PESCA",
        "direccion": "SAN ANTONIO - GDOR LANUSSE - CASA 16",
        "localidad": "SAN ANTONIO",
        "provincia": "Misiones",
        "email": "cragribaudojulieta@gmail.com",
        "telefono": "",
        "Estado AFIP": "ok",
        "CRM": "NO",
        "relevado": "-"
      }
    },
    {
      "type": "Feature",
      "geometry": {
        "type": "Point",
        "coordinates": [
          -55.9172061,
          -27.4017576
        ]
      },
      "properties": {
        "Base": "Bases Misiones 2",
        "base": "Bases Misiones 2",
        "cliente": "GALARZA GUSTAVO DANIEL",
        "nombre": "GALARZA GUSTAVO DANIEL",
        "cuit": "20174529885",
        "rubro": "3 - AGRICULTURA, GANADERÍA, CAZA, SILVICULTURA Y PESCA",
        "direccion": "POSADAS - BRASIL 3229, POSADAS, Misiones",
        "localidad": "SAN ISIDRO",
        "provincia": "Misiones",
        "email": "urbanisas2023@gmail.com",
        "telefono": "",
        "Estado AFIP": "ok",
        "CRM": "NO",
        "relevado": "-"
      }
    },
    {
      "type": "Feature",
      "geometry": {
        "type": "Point",
        "coordinates": [
          -55.7549174,
          -27.9139657
        ]
      },
      "properties": {
        "Base": "Bases Misiones 2",
        "base": "Bases Misiones 2",
        "cliente": "HREÑUK SA",
        "nombre": "HREÑUK SA",
        "cuit": "30522250356",
        "rubro": "3 - AGRICULTURA, GANADERÍA, CAZA, SILVICULTURA Y PESCA",
        "direccion": "APÓSTOLES - LOTE AGRICOLA 52",
        "localidad": "APÓSTOLES",
        "provincia": "Misiones",
        "email": "contador@rosamonte.com.ar",
        "telefono": "3758422220",
        "Estado AFIP": "ok",
        "CRM": "SI",
        "relevado": "SI"
      }
    },
    {
      "type": "Feature",
      "geometry": {
        "type": "Point",
        "coordinates": [
          -55.9038978,
          -27.366788
        ]
      },
      "properties": {
        "Base": "Bases Misiones 2",
        "base": "Bases Misiones 2",
        "cliente": "IDEAS MISIONERAS S.A.S",
        "nombre": "IDEAS MISIONERAS S.A.S",
        "cuit": "30717205738",
        "rubro": "3 - AGRICULTURA, GANADERÍA, CAZA, SILVICULTURA Y PESCA",
        "direccion": "POSADAS - AV CENTENARIO 4393",
        "localidad": "POSADAS",
        "provincia": "Misiones",
        "email": "gueninalberto@hotmail.com",
        "telefono": "3764866193",
        "Estado AFIP": "ok",
        "CRM": "NO",
        "relevado": "-"
      }
    },
    {
      "type": "Feature",
      "geometry": {
        "type": "Point",
        "coordinates": [
          -54.6108029,
          -26.0210433
        ]
      },
      "properties": {
        "Base": "Bases Misiones 2",
        "base": "Bases Misiones 2",
        "cliente": "JUAN BORJA",
        "nombre": "JUAN BORJA",
        "cuit": "20077077384",
        "rubro": "3 - AGRICULTURA, GANADERÍA, CAZA, SILVICULTURA Y PESCA",
        "direccion": "PUERTO ESPERANZA - RIO URUGUAY Nº 387",
        "localidad": "PUERTO ESPERANZA",
        "provincia": "Misiones",
        "email": "eliz-bor@hotmail.com.ar",
        "telefono": "3757480853",
        "Estado AFIP": "ok",
        "CRM": "NO",
        "relevado": "-"
      }
    },
    {
      "type": "Feature",
      "geometry": {
        "type": "Point",
        "coordinates": [
          -55.3170233,
          -27.6076365
        ]
      },
      "properties": {
        "Base": "Bases Misiones 2",
        "base": "Bases Misiones 2",
        "cliente": "MACEVA SA",
        "nombre": "MACEVA SA",
        "cuit": "30502556106",
        "rubro": "3 - AGRICULTURA, GANADERÍA, CAZA, SILVICULTURA Y PESCA",
        "direccion": "POSADAS - AV. LEANDRO N. ALEM 3995",
        "localidad": "POSADAS",
        "provincia": "Misiones",
        "email": "macevasa@gmail.com",
        "telefono": "03764461235",
        "Estado AFIP": "ok",
        "CRM": "NO",
        "relevado": "-"
      }
    },
    {
      "type": "Feature",
      "geometry": {
        "type": "Point",
        "coordinates": [
          -55.894295,
          -27.3664824
        ]
      },
      "properties": {
        "Base": "Bases Misiones 2",
        "base": "Bases Misiones 2",
        "cliente": "MACRO INGENIERIA SOCIEDAD DE HECHO DE CELIA ELENA GALEANO Y MAURICIO DANIEL MELGAREJO",
        "nombre": "MACRO INGENIERIA SOCIEDAD DE HECHO DE CELIA ELENA GALEANO Y MAURICIO DANIEL MELGAREJO",
        "cuit": "30714822000",
        "rubro": "3 - AGRICULTURA, GANADERÍA, CAZA, SILVICULTURA Y PESCA",
        "direccion": "POSADAS - TIERRA DEL FUEGO 1491 Piso:- Dpto:- S:- T:- M:-",
        "localidad": "POSADAS",
        "provincia": "Misiones",
        "email": "juanpomar@hotmail.com",
        "telefono": "3764616251",
        "Estado AFIP": "ok",
        "CRM": "NO",
        "relevado": "-"
      }
    },
    {
      "type": "Feature",
      "geometry": {
        "type": "Point",
        "coordinates": [
          -55.894295,
          -27.3664824
        ]
      },
      "properties": {
        "Base": "Bases Misiones 2",
        "base": "Bases Misiones 2",
        "cliente": "MAZUREK CARLOS EDUARDO",
        "nombre": "MAZUREK CARLOS EDUARDO",
        "cuit": "23123120469",
        "rubro": "3 - AGRICULTURA, GANADERÍA, CAZA, SILVICULTURA Y PESCA",
        "direccion": "POSADAS - 43 LIBANO 4820",
        "localidad": "POSADAS",
        "provincia": "Misiones",
        "email": "leandromartinez1091@gmail.com",
        "telefono": "",
        "Estado AFIP": "ok",
        "CRM": "NO",
        "relevado": "-"
      }
    },
    {
      "type": "Feature",
      "geometry": {
        "type": "Point",
        "coordinates": [
          -55.894295,
          -27.3664824
        ]
      },
      "properties": {
        "Base": "Bases Misiones 2",
        "base": "Bases Misiones 2",
        "cliente": "MOEBIUS-IT S.R.L.",
        "nombre": "MOEBIUS-IT S.R.L.",
        "cuit": "30711961026",
        "rubro": "3 - AGRICULTURA, GANADERÍA, CAZA, SILVICULTURA Y PESCA",
        "direccion": "POSADAS - PDRE J. SERRANO 2462 Piso:1",
        "localidad": "POSADAS",
        "provincia": "Misiones",
        "email": "tamisyasociados@outlook.com",
        "telefono": "4432965",
        "Estado AFIP": "ok",
        "CRM": "NO",
        "relevado": "-"
      }
    },
    {
      "type": "Feature",
      "geometry": {
        "type": "Point",
        "coordinates": [
          -55.0311407,
          -26.8133063
        ]
      },
      "properties": {
        "Base": "Bases Misiones 2",
        "base": "Bases Misiones 2",
        "cliente": "MONTEJANO FRANCISCO ANSELMO",
        "nombre": "MONTEJANO FRANCISCO ANSELMO",
        "cuit": "20920404503",
        "rubro": "3 - AGRICULTURA, GANADERÍA, CAZA, SILVICULTURA Y PESCA",
        "direccion": "POSADAS - av san martin 3813",
        "localidad": "POSADAS",
        "provincia": "Misiones",
        "email": "lfmontejano@gmail.com",
        "telefono": "03764660000",
        "Estado AFIP": "ok",
        "CRM": "NO",
        "relevado": "-"
      }
    },
    {
      "type": "Feature",
      "geometry": {
        "type": "Point",
        "coordinates": [
          -55.894295,
          -27.3664824
        ]
      },
      "properties": {
        "Base": "Bases Misiones 2",
        "base": "Bases Misiones 2",
        "cliente": "MONTEJANO MIRYAM ROXANA",
        "nombre": "MONTEJANO MIRYAM ROXANA",
        "cuit": "27350096391",
        "rubro": "3 - AGRICULTURA, GANADERÍA, CAZA, SILVICULTURA Y PESCA",
        "direccion": "POSADAS - 124 - ENTRE CALLE 95 Y 93 - N° 4621",
        "localidad": "POSADAS",
        "provincia": "Misiones",
        "email": "felipe_montejano38@hotmail.com",
        "telefono": "3764541929",
        "Estado AFIP": "ok",
        "CRM": "NO",
        "relevado": "-"
      }
    },
    {
      "type": "Feature",
      "geometry": {
        "type": "Point",
        "coordinates": [
          -54.6262079,
          -26.4048555
        ]
      },
      "properties": {
        "Base": "Bases Misiones 2",
        "base": "Bases Misiones 2",
        "cliente": "NAZARENO RODRIGO FARA",
        "nombre": "NAZARENO RODRIGO FARA",
        "cuit": "20228596923",
        "rubro": "3 - AGRICULTURA, GANADERÍA, CAZA, SILVICULTURA Y PESCA",
        "direccion": "ELDORADO - CERVANTES 938",
        "localidad": "ELDORADO",
        "provincia": "Misiones",
        "email": "nazarenofara@gmail.com",
        "telefono": "3751562991",
        "Estado AFIP": "ok",
        "CRM": "NO",
        "relevado": "-"
      }
    },
    {
      "type": "Feature",
      "geometry": {
        "type": "Point",
        "coordinates": [
          -55.9405514,
          -27.3997056
        ]
      },
      "properties": {
        "Base": "Bases Misiones 2",
        "base": "Bases Misiones 2",
        "cliente": "NORDESTE BATERIAS S.R.L.",
        "nombre": "NORDESTE BATERIAS S.R.L.",
        "cuit": "30708583436",
        "rubro": "3 - AGRICULTURA, GANADERÍA, CAZA, SILVICULTURA Y PESCA",
        "direccion": "POSADAS - AV. QUARANTA 5501",
        "localidad": "POSADAS",
        "provincia": "Misiones",
        "email": "maurobarcp@gmail.com",
        "telefono": "4454476",
        "Estado AFIP": "ok",
        "CRM": "NO",
        "relevado": "-"
      }
    },
    {
      "type": "Feature",
      "geometry": {
        "type": "Point",
        "coordinates": [
          -55.894295,
          -27.3664824
        ]
      },
      "properties": {
        "Base": "Bases Misiones 2",
        "base": "Bases Misiones 2",
        "cliente": "RANCHO GRANDE S A",
        "nombre": "RANCHO GRANDE S A",
        "cuit": "30698041370",
        "rubro": "3 - AGRICULTURA, GANADERÍA, CAZA, SILVICULTURA Y PESCA",
        "direccion": "POSADAS - CATAMARCA 2004 Piso:3 Dpto:B, POSADAS, Misiones",
        "localidad": "POSADAS",
        "provincia": "Misiones",
        "email": "ranchogrande_sa@hotmail.com",
        "telefono": "3764665358",
        "Estado AFIP": "ok",
        "CRM": "NO",
        "relevado": "-"
      }
    },
    {
      "type": "Feature",
      "geometry": {
        "type": "Point",
        "coordinates": [
          -54.4866356,
          -26.9932723
        ]
      },
      "properties": {
        "Base": "Bases Misiones 2",
        "base": "Bases Misiones 2",
        "cliente": "RICARDO ALBERTO SCHMIT",
        "nombre": "RICARDO ALBERTO SCHMIT",
        "cuit": "20076663271",
        "rubro": "3 - AGRICULTURA, GANADERÍA, CAZA, SILVICULTURA Y PESCA",
        "direccion": "SAN VICENTE - RUTA 13 Y JOSE INGENIEROS",
        "localidad": "SAN VICENTE",
        "provincia": "Misiones",
        "email": "materialesruta13@hotmail.com",
        "telefono": "37553090000",
        "Estado AFIP": "ok",
        "CRM": "NO",
        "relevado": "-"
      }
    },
    {
      "type": "Feature",
      "geometry": {
        "type": "Point",
        "coordinates": [
          -54.9581018,
          -26.8190332
        ]
      },
      "properties": {
        "Base": "Bases Misiones 2",
        "base": "Bases Misiones 2",
        "cliente": "SERVIFOR SRL",
        "nombre": "SERVIFOR SRL",
        "cuit": "30712343482",
        "rubro": "3 - AGRICULTURA, GANADERÍA, CAZA, SILVICULTURA Y PESCA",
        "direccion": "GARUHAPÉ - ISRAEL S/N",
        "localidad": "GARUHAPÉ",
        "provincia": "Misiones",
        "email": "arnohillebrand@prico.com.ar",
        "telefono": "3743491177",
        "Estado AFIP": "ok",
        "CRM": "NO",
        "relevado": "-"
      }
    },
    {
      "type": "Feature",
      "geometry": {
        "type": "Point",
        "coordinates": [
          -54.6262079,
          -26.4048555
        ]
      },
      "properties": {
        "Base": "Bases Misiones 2",
        "base": "Bases Misiones 2",
        "cliente": "SILVINA VALERIA URBANEK",
        "nombre": "SILVINA VALERIA URBANEK",
        "cuit": "23306334174",
        "rubro": "3 - AGRICULTURA, GANADERÍA, CAZA, SILVICULTURA Y PESCA",
        "direccion": "ELDORADO - PIONERO ARENHARDT 98 KM 10",
        "localidad": "ELDORADO",
        "provincia": "Misiones",
        "email": "eldocontable@gmail.com",
        "telefono": "3751603500",
        "Estado AFIP": "ok",
        "CRM": "NO",
        "relevado": "-"
      }
    },
    {
      "type": "Feature",
      "geometry": {
        "type": "Point",
        "coordinates": [
          -54.5696922,
          -25.9693011
        ]
      },
      "properties": {
        "Base": "Bases Misiones 2",
        "base": "Bases Misiones 2",
        "cliente": "TUPIENA S A",
        "nombre": "TUPIENA S A",
        "cuit": "30660811261",
        "rubro": "3 - AGRICULTURA, GANADERÍA, CAZA, SILVICULTURA Y PESCA",
        "direccion": "COLONIA WANDA - HIPOLITO IRIGOYEN 0",
        "localidad": "COLONIA WANDA",
        "provincia": "Misiones",
        "email": "marcela_benitez20@hotmail.com",
        "telefono": "3751595945",
        "Estado AFIP": "ok",
        "CRM": "SI",
        "relevado": "SI"
      }
    },
    {
      "type": "Feature",
      "geometry": {
        "type": "Point",
        "coordinates": [
          -54.6177554,
          -26.4047413
        ]
      },
      "properties": {
        "Base": "Bases Misiones 2",
        "base": "Bases Misiones 2",
        "cliente": "VERONICA S.A.C.I.A.F E I",
        "nombre": "VERONICA S.A.C.I.A.F E I",
        "cuit": "30500979824",
        "rubro": "3 - AGRICULTURA, GANADERÍA, CAZA, SILVICULTURA Y PESCA",
        "direccion": "POSADAS - -",
        "localidad": "ROSARIO",
        "provincia": "Misiones",
        "email": "distrinea@hotmail.com",
        "telefono": "4396332",
        "Estado AFIP": "ok",
        "CRM": "SI",
        "relevado": "NO"
      }
    },
    {
      "type": "Feature",
      "geometry": {
        "type": "Point",
        "coordinates": [
          -55.8935466,
          -27.3544087
        ]
      },
      "properties": {
        "Base": "Bases Misiones 2",
        "base": "Bases Misiones 2",
        "cliente": "VILLALBA ELIAS ANTONIO",
        "nombre": "VILLALBA ELIAS ANTONIO",
        "cuit": "20324359231",
        "rubro": "3 - AGRICULTURA, GANADERÍA, CAZA, SILVICULTURA Y PESCA",
        "direccion": "POSADAS - SARGENTO CABRAL 2493",
        "localidad": "POSADAS",
        "provincia": "Misiones",
        "email": "estudiopulguer@gmail.com",
        "telefono": "3764624974",
        "Estado AFIP": "ok",
        "CRM": "NO",
        "relevado": "-"
      }
    },
    {
      "type": "Feature",
      "geometry": {
        "type": "Point",
        "coordinates": [
          -55.894295,
          -27.3664824
        ]
      },
      "properties": {
        "Base": "Bases Misiones 2",
        "base": "Bases Misiones 2",
        "cliente": "RODRIGO IVAN OTTO",
        "nombre": "RODRIGO IVAN OTTO",
        "cuit": "20364077794",
        "rubro": "5 - CONSTRUCCIÓN",
        "direccion": "POSADAS - GDOR.JOAQUIN SORIA Nº 2666",
        "localidad": "POSADAS",
        "provincia": "Misiones",
        "email": "OTTOCONSTRUCCIONES17@OUTLOOK.COM",
        "telefono": "0376-44602540",
        "Estado AFIP": "ok",
        "CRM": "NO",
        "relevado": "-"
      }
    },
    {
      "type": "Feature",
      "geometry": {
        "type": "Point",
        "coordinates": [
          -55.894295,
          -27.3664824
        ]
      },
      "properties": {
        "Base": "Bases Misiones 2",
        "base": "Bases Misiones 2",
        "cliente": "A G B CONSTRUCCIONES SRL",
        "nombre": "A G B CONSTRUCCIONES SRL",
        "cuit": "30687887804",
        "rubro": "5 - CONSTRUCCIÓN",
        "direccion": "POSADAS - LUIS PASTEUR 2330",
        "localidad": "POSADAS",
        "provincia": "Misiones",
        "email": "administracion@agbconstrucciones.com.ar",
        "telefono": "376435036",
        "Estado AFIP": "ok",
        "CRM": "SI",
        "relevado": "SI"
      }
    },
    {
      "type": "Feature",
      "geometry": {
        "type": "Point",
        "coordinates": [
          -55.9344398,
          -27.4248349
        ]
      },
      "properties": {
        "Base": "Bases Misiones 2",
        "base": "Bases Misiones 2",
        "cliente": "A S.R.L.",
        "nombre": "A S.R.L.",
        "cuit": "30711367590",
        "rubro": "5 - CONSTRUCCIÓN",
        "direccion": "POSADAS - AVENIDA ALICIA MOREAU DE JUSTO 8468",
        "localidad": "POSADAS",
        "provincia": "Misiones",
        "email": "estudiorojasf@gmail.com",
        "telefono": "3764603317",
        "Estado AFIP": "ok",
        "CRM": "NO",
        "relevado": "-"
      }
    },
    {
      "type": "Feature",
      "geometry": {
        "type": "Point",
        "coordinates": [
          -54.4866356,
          -26.9932723
        ]
      },
      "properties": {
        "Base": "Bases Misiones 2",
        "base": "Bases Misiones 2",
        "cliente": "ABALLAY LUCAS EZEQUIEL",
        "nombre": "ABALLAY LUCAS EZEQUIEL",
        "cuit": "20386123463",
        "rubro": "5 - CONSTRUCCIÓN",
        "direccion": "SAN VICENTE - TUCÁN 92",
        "localidad": "SAN VICENTE",
        "provincia": "Misiones",
        "email": "Notificacionprivada100@hotmail.com",
        "telefono": "",
        "Estado AFIP": "ok",
        "CRM": "NO",
        "relevado": "-"
      }
    },
    {
      "type": "Feature",
      "geometry": {
        "type": "Point",
        "coordinates": [
          -55.9035748,
          -27.3693944
        ]
      },
      "properties": {
        "Base": "Bases Misiones 2",
        "base": "Bases Misiones 2",
        "cliente": "ACOSTA HUGO EDELIO",
        "nombre": "ACOSTA HUGO EDELIO",
        "cuit": "20134445913",
        "rubro": "5 - CONSTRUCCIÓN",
        "direccion": "PUERTO CAROLINA - RUTA NACIONAL 12  KM.1587 0 Piso:0 Dpto:0 S:0 T:0",
        "localidad": "22 DE DICIEMBRE",
        "provincia": "Misiones",
        "email": "hugoacostaconstrucciones@gmail.com",
        "telefono": "03757480281",
        "Estado AFIP": "ok",
        "CRM": "SI",
        "relevado": "SI"
      }
    },
    {
      "type": "Feature",
      "geometry": {
        "type": "Point",
        "coordinates": [
          -55.894295,
          -27.3664824
        ]
      },
      "properties": {
        "Base": "Bases Misiones 2",
        "base": "Bases Misiones 2",
        "cliente": "AGRO-RIEGOS SOCIEDAD ANONIMA",
        "nombre": "AGRO-RIEGOS SOCIEDAD ANONIMA",
        "cuit": "30711506582",
        "rubro": "5 - CONSTRUCCIÓN",
        "direccion": "POSADAS - PADRE SERRANO 2511",
        "localidad": "POSADAS",
        "provincia": "Misiones",
        "email": "agroriegosadm@gmail.com",
        "telefono": "03764597209",
        "Estado AFIP": "ok",
        "CRM": "NO",
        "relevado": "-"
      }
    },
    {
      "type": "Feature",
      "geometry": {
        "type": "Point",
        "coordinates": [
          -54.8935248,
          -27.099185
        ]
      },
      "properties": {
        "Base": "Bases Misiones 2",
        "base": "Bases Misiones 2",
        "cliente": "AGROVALLE SOCIEDAD ANONIMA",
        "nombre": "AGROVALLE SOCIEDAD ANONIMA",
        "cuit": "30590248718",
        "rubro": "5 - CONSTRUCCIÓN",
        "direccion": "GARUPÁ - Av. de las Américas y Ruta 7",
        "localidad": "ARISTÓBULO DEL VALLE",
        "provincia": "Misiones",
        "email": "contablevalle@hotmail.com",
        "telefono": "03755580042",
        "Estado AFIP": "ok",
        "CRM": "NO",
        "relevado": "-"
      }
    },
    {
      "type": "Feature",
      "geometry": {
        "type": "Point",
        "coordinates": [
          -55.9148368,
          -27.4017053
        ]
      },
      "properties": {
        "Base": "Bases Misiones 2",
        "base": "Bases Misiones 2",
        "cliente": "AIRA SRL",
        "nombre": "AIRA SRL",
        "cuit": "30709884553",
        "rubro": "5 - CONSTRUCCIÓN",
        "direccion": "POSADAS - AV. SANTA CATALINA 2680",
        "localidad": "POSADAS",
        "provincia": "Misiones",
        "email": "impuestos.estudiointegral@gmail.com",
        "telefono": "3764436777",
        "Estado AFIP": "ok",
        "CRM": "NO",
        "relevado": "-"
      }
    },
    {
      "type": "Feature",
      "geometry": {
        "type": "Point",
        "coordinates": [
          -55.894295,
          -27.3664824
        ]
      },
      "properties": {
        "Base": "Bases Misiones 2",
        "base": "Bases Misiones 2",
        "cliente": "ALAN DAVID KALITKO",
        "nombre": "ALAN DAVID KALITKO",
        "cuit": "20379508317",
        "rubro": "5 - CONSTRUCCIÓN",
        "direccion": "POSADAS - CALLE 022 CASA 6423",
        "localidad": "POSADAS",
        "provincia": "Misiones",
        "email": "sabrinascheiber92@gmail.com",
        "telefono": "3741400049",
        "Estado AFIP": "ok",
        "CRM": "NO",
        "relevado": "-"
      }
    },
    {
      "type": "Feature",
      "geometry": {
        "type": "Point",
        "coordinates": [
          -55.894295,
          -27.3664824
        ]
      },
      "properties": {
        "Base": "Bases Misiones 2",
        "base": "Bases Misiones 2",
        "cliente": "ALAN GUILLERMO NUÑEZ.",
        "nombre": "ALAN GUILLERMO NUÑEZ.",
        "cuit": "20928879799",
        "rubro": "5 - CONSTRUCCIÓN",
        "direccion": "POSADAS - AV. LOS HORNEROS - 118C Nº5863",
        "localidad": "POSADAS",
        "provincia": "Misiones",
        "email": "cgproveedores@misiones.gov.ar",
        "telefono": "362154540412",
        "Estado AFIP": "ok",
        "CRM": "NO",
        "relevado": "-"
      }
    },
    {
      "type": "Feature",
      "geometry": {
        "type": "Point",
        "coordinates": [
          -55.894295,
          -27.3664824
        ]
      },
      "properties": {
        "Base": "Bases Misiones 2",
        "base": "Bases Misiones 2",
        "cliente": "ALEJANDRA JANET RIOBOO",
        "nombre": "ALEJANDRA JANET RIOBOO",
        "cuit": "27319116074",
        "rubro": "5 - CONSTRUCCIÓN",
        "direccion": "POSADAS - FORMOSA 3350",
        "localidad": "POSADAS",
        "provincia": "Misiones",
        "email": "arioboo@live.com.ar",
        "telefono": "3751669888",
        "Estado AFIP": "ok",
        "CRM": "NO",
        "relevado": "-"
      }
    },
    {
      "type": "Feature",
      "geometry": {
        "type": "Point",
        "coordinates": [
          -55.894295,
          -27.3664824
        ]
      },
      "properties": {
        "Base": "Bases Misiones 2",
        "base": "Bases Misiones 2",
        "cliente": "ALEJANDRO SABASTIAN BARRIO",
        "nombre": "ALEJANDRO SABASTIAN BARRIO",
        "cuit": "20301204001",
        "rubro": "5 - CONSTRUCCIÓN",
        "direccion": "POSADAS - NEUQUEN 2301",
        "localidad": "POSADAS",
        "provincia": "Misiones",
        "email": "contadoresnea@gmail.com",
        "telefono": "03764275388",
        "Estado AFIP": "ok",
        "CRM": "NO",
        "relevado": "-"
      }
    },
    {
      "type": "Feature",
      "geometry": {
        "type": "Point",
        "coordinates": [
          -55.9001593,
          -27.3847409
        ]
      },
      "properties": {
        "Base": "Bases Misiones 2",
        "base": "Bases Misiones 2",
        "cliente": "ALMAR S.A.",
        "nombre": "ALMAR S.A.",
        "cuit": "30715865390",
        "rubro": "5 - CONSTRUCCIÓN",
        "direccion": "POSADAS - AV. URUGUAY 3875",
        "localidad": "POSADAS",
        "provincia": "Misiones",
        "email": "marianasclepek@gmail.com",
        "telefono": "",
        "Estado AFIP": "ok",
        "CRM": "NO",
        "relevado": "-"
      }
    },
    {
      "type": "Feature",
      "geometry": {
        "type": "Point",
        "coordinates": [
          -54.4864656,
          -26.9964974
        ]
      },
      "properties": {
        "Base": "Bases Misiones 2",
        "base": "Bases Misiones 2",
        "cliente": "ALTO URUGUAY CONSTRUCCIONES SRL",
        "nombre": "ALTO URUGUAY CONSTRUCCIONES SRL",
        "cuit": "30713341602",
        "rubro": "5 - CONSTRUCCIÓN",
        "direccion": "SAN VICENTE - AV. LIBERTADOR 651",
        "localidad": "SAN VICENTE",
        "provincia": "Misiones",
        "email": "expresoprox.contable@hotmail.com",
        "telefono": "3755647854",
        "Estado AFIP": "ok",
        "CRM": "NO",
        "relevado": "-"
      }
    },
    {
      "type": "Feature",
      "geometry": {
        "type": "Point",
        "coordinates": [
          -55.894295,
          -27.3664824
        ]
      },
      "properties": {
        "Base": "Bases Misiones 2",
        "base": "Bases Misiones 2",
        "cliente": "ALVAREZ JORGE ANTONIO",
        "nombre": "ALVAREZ JORGE ANTONIO",
        "cuit": "20255358457",
        "rubro": "5 - CONSTRUCCIÓN",
        "direccion": "POSADAS - FRANKLIN 5544",
        "localidad": "POSADAS",
        "provincia": "Misiones",
        "email": "contadormariovicente@gmail.com",
        "telefono": "4438389",
        "Estado AFIP": "ok",
        "CRM": "NO",
        "relevado": "-"
      }
    },
    {
      "type": "Feature",
      "geometry": {
        "type": "Point",
        "coordinates": [
          -54.1963432,
          -27.29549
        ]
      },
      "properties": {
        "Base": "Bases Misiones 2",
        "base": "Bases Misiones 2",
        "cliente": "ANGELA JULIANA DE MELLO",
        "nombre": "ANGELA JULIANA DE MELLO",
        "cuit": "27321187221",
        "rubro": "5 - CONSTRUCCIÓN",
        "direccion": "EL SOBERBIO - BARRIO IPRODHA CASA 20",
        "localidad": "EL SOBERBIO",
        "provincia": "Misiones",
        "email": "evelingerlach@hotmail.com",
        "telefono": "3755553577",
        "Estado AFIP": "ok",
        "CRM": "NO",
        "relevado": "-"
      }
    },
    {
      "type": "Feature",
      "geometry": {
        "type": "Point",
        "coordinates": [
          -55.894295,
          -27.3664824
        ]
      },
      "properties": {
        "Base": "Bases Misiones 2",
        "base": "Bases Misiones 2",
        "cliente": "ANIBAL OMAR CLARO",
        "nombre": "ANIBAL OMAR CLARO",
        "cuit": "20201173753",
        "rubro": "5 - CONSTRUCCIÓN",
        "direccion": "POSADAS - 184 A-B.180 VIVIENDAS  BARRIO GIOVINAZO 4230",
        "localidad": "POSADAS",
        "provincia": "Misiones",
        "email": "claroomar@hotmail.com",
        "telefono": "482327",
        "Estado AFIP": "ok",
        "CRM": "NO",
        "relevado": "-"
      }
    },
    {
      "type": "Feature",
      "geometry": {
        "type": "Point",
        "coordinates": [
          -54.5696922,
          -25.9693011
        ]
      },
      "properties": {
        "Base": "Bases Misiones 2",
        "base": "Bases Misiones 2",
        "cliente": "AQUINO NORBERTO NICOLAS",
        "nombre": "AQUINO NORBERTO NICOLAS",
        "cuit": "20295348608",
        "rubro": "5 - CONSTRUCCIÓN",
        "direccion": "CAPIOVÍ - AVDA LOS PROCERES 0",
        "localidad": "WANDA",
        "provincia": "Misiones",
        "email": "demisionessrl@hotmail.com",
        "telefono": "",
        "Estado AFIP": "ok",
        "CRM": "NO",
        "relevado": "-"
      }
    },
    {
      "type": "Feature",
      "geometry": {
        "type": "Point",
        "coordinates": [
          -55.9497118,
          -27.4035083
        ]
      },
      "properties": {
        "Base": "Bases Misiones 2",
        "base": "Bases Misiones 2",
        "cliente": "ARCION S.R.L.",
        "nombre": "ARCION S.R.L.",
        "cuit": "30716907836",
        "rubro": "5 - CONSTRUCCIÓN",
        "direccion": "POSADAS - 198 6632",
        "localidad": "POSADAS",
        "provincia": "Misiones",
        "email": "juanfernandoramirez@hotmail.com.ar",
        "telefono": "3764171742",
        "Estado AFIP": "ok",
        "CRM": "NO",
        "relevado": "-"
      }
    },
    {
      "type": "Feature",
      "geometry": {
        "type": "Point",
        "coordinates": [
          -55.894295,
          -27.3664824
        ]
      },
      "properties": {
        "Base": "Bases Misiones 2",
        "base": "Bases Misiones 2",
        "cliente": "AREVALO CONSTRUCCIONES S.R.L.",
        "nombre": "AREVALO CONSTRUCCIONES S.R.L.",
        "cuit": "30714286818",
        "rubro": "5 - CONSTRUCCIÓN",
        "direccion": "POSADAS - AV. LUCAS BRAULIO ARECO Nº 2465(AV.115)",
        "localidad": "POSADAS",
        "provincia": "Misiones",
        "email": "arevalo_construcciones@hotmail.com",
        "telefono": "3764 - 4465821",
        "Estado AFIP": "ok",
        "CRM": "NO",
        "relevado": "-"
      }
    },
    {
      "type": "Feature",
      "geometry": {
        "type": "Point",
        "coordinates": [
          -55.8296552,
          -27.4837122
        ]
      },
      "properties": {
        "Base": "Bases Misiones 2",
        "base": "Bases Misiones 2",
        "cliente": "ARVAL SAS",
        "nombre": "ARVAL SAS",
        "cuit": "30716315939",
        "rubro": "5 - CONSTRUCCIÓN",
        "direccion": "GARUPA - TALAVERA Y LAS AMERICAS 0",
        "localidad": "GARUPA",
        "provincia": "Misiones",
        "email": "estudiobranco@gmail.com",
        "telefono": "",
        "Estado AFIP": "ok",
        "CRM": "NO",
        "relevado": "-"
      }
    },
    {
      "type": "Feature",
      "geometry": {
        "type": "Point",
        "coordinates": [
          -55.894295,
          -27.3664824
        ]
      },
      "properties": {
        "Base": "Bases Misiones 2",
        "base": "Bases Misiones 2",
        "cliente": "ASCENSORES GUILLEMIN S.R.L.",
        "nombre": "ASCENSORES GUILLEMIN S.R.L.",
        "cuit": "30707785876",
        "rubro": "5 - CONSTRUCCIÓN",
        "direccion": "POSADAS - CDTE. MIÑO Y CALLE 24 0",
        "localidad": "POSADAS",
        "provincia": "Misiones",
        "email": "estudio4568@gmail.com",
        "telefono": "3764842067",
        "Estado AFIP": "ok",
        "CRM": "NO",
        "relevado": "-"
      }
    },
    {
      "type": "Feature",
      "geometry": {
        "type": "Point",
        "coordinates": [
          -54.6829617,
          -26.4249213
        ]
      },
      "properties": {
        "Base": "Bases Misiones 2",
        "base": "Bases Misiones 2",
        "cliente": "AUTOMOTORES HAEDO S.A.",
        "nombre": "AUTOMOTORES HAEDO S.A.",
        "cuit": "30539510890",
        "rubro": "5 - CONSTRUCCIÓN",
        "direccion": "POSADAS - AV. RADEMACHERNº 3759",
        "localidad": "MORÓN",
        "provincia": "Misiones",
        "email": "mbenitez@authaedo.com.ar",
        "telefono": "011-4489-1083",
        "Estado AFIP": "ok",
        "CRM": "NO",
        "relevado": "-"
      }
    },
    {
      "type": "Feature",
      "geometry": {
        "type": "Point",
        "coordinates": [
          -55.4659916,
          -27.187426
        ]
      },
      "properties": {
        "Base": "Bases Misiones 2",
        "base": "Bases Misiones 2",
        "cliente": "BA & BA S.R.L.",
        "nombre": "BA & BA S.R.L.",
        "cuit": "30717058441",
        "rubro": "5 - CONSTRUCCIÓN",
        "direccion": "GOBERNADOR ROCA - AV. SAN MARTIN 2480",
        "localidad": "GOBERNADOR ROCA",
        "provincia": "Misiones",
        "email": "babagobernadorroca@hotmail.com",
        "telefono": "3764695290",
        "Estado AFIP": "ok",
        "CRM": "NO",
        "relevado": "-"
      }
    },
    {
      "type": "Feature",
      "geometry": {
        "type": "Point",
        "coordinates": [
          -54.8935248,
          -27.099185
        ]
      },
      "properties": {
        "Base": "Bases Misiones 2",
        "base": "Bases Misiones 2",
        "cliente": "BASILE ALEJANDRO OSCAR",
        "nombre": "BASILE ALEJANDRO OSCAR",
        "cuit": "20122079555",
        "rubro": "5 - CONSTRUCCIÓN",
        "direccion": "ARISTÓBULO DEL VALLE - MARIANO MORENO N°526",
        "localidad": "ARISTÓBULO DEL VALLE",
        "provincia": "Misiones",
        "email": "rendon_jonathan@hotmail.com",
        "telefono": "3755661073",
        "Estado AFIP": "ok",
        "CRM": "NO",
        "relevado": "-"
      }
    },
    {
      "type": "Feature",
      "geometry": {
        "type": "Point",
        "coordinates": [
          -55.5392216,
          -27.2583992
        ]
      },
      "properties": {
        "Base": "Bases Misiones 2",
        "base": "Bases Misiones 2",
        "cliente": "BASILUK SRL",
        "nombre": "BASILUK SRL",
        "cuit": "30716860090",
        "rubro": "5 - CONSTRUCCIÓN",
        "direccion": "SAN IGNACIO - HORACIO QUIROGA 20 Bº JUAN MANUEL DE ROSAS",
        "localidad": "SAN IGNACIO",
        "provincia": "Misiones",
        "email": "basiluksrl@gmail.com",
        "telefono": "3764873092",
        "Estado AFIP": "ok",
        "CRM": "NO",
        "relevado": "-"
      }
    },
    {
      "type": "Feature",
      "geometry": {
        "type": "Point",
        "coordinates": [
          -54.6361286,
          -27.3184329
        ]
      },
      "properties": {
        "Base": "Bases Misiones 2",
        "base": "Bases Misiones 2",
        "cliente": "BECHA S.A.",
        "nombre": "BECHA S.A.",
        "cuit": "30707950869",
        "rubro": "5 - CONSTRUCCIÓN",
        "direccion": "POSADAS - Av. Fco. de Haro 2745, POSADAS, Misiones",
        "localidad": "DESCONOCIDO",
        "provincia": "Misiones",
        "email": "florenciar@econtablecasiello.com.ar",
        "telefono": "",
        "Estado AFIP": "ok",
        "CRM": "NO",
        "relevado": "-"
      }
    },
    {
      "type": "Feature",
      "geometry": {
        "type": "Point",
        "coordinates": [
          -55.8953837,
          -27.3743001
        ]
      },
      "properties": {
        "Base": "Bases Misiones 2",
        "base": "Bases Misiones 2",
        "cliente": "BELLO JORGE ALBERTO",
        "nombre": "BELLO JORGE ALBERTO",
        "cuit": "20172961003",
        "rubro": "5 - CONSTRUCCIÓN",
        "direccion": "POSADAS - AV. MITRE 2409",
        "localidad": "POSADAS",
        "provincia": "Misiones",
        "email": "bellojorgea@gmail.com",
        "telefono": "4430918",
        "Estado AFIP": "ok",
        "CRM": "NO",
        "relevado": "-"
      }
    },
    {
      "type": "Feature",
      "geometry": {
        "type": "Point",
        "coordinates": [
          -55.894295,
          -27.3664824
        ]
      },
      "properties": {
        "Base": "Bases Misiones 2",
        "base": "Bases Misiones 2",
        "cliente": "BERMUDES HERMINIO CESAR",
        "nombre": "BERMUDES HERMINIO CESAR",
        "cuit": "20946593681",
        "rubro": "5 - CONSTRUCCIÓN",
        "direccion": "POSADAS - APOSTOLES 4026     M:16",
        "localidad": "POSADAS",
        "provincia": "Misiones",
        "email": "cpvivi.roniski@gmail.com",
        "telefono": "",
        "Estado AFIP": "ok",
        "CRM": "NO",
        "relevado": "-"
      }
    },
    {
      "type": "Feature",
      "geometry": {
        "type": "Point",
        "coordinates": [
          -55.894295,
          -27.3664824
        ]
      },
      "properties": {
        "Base": "Bases Misiones 2",
        "base": "Bases Misiones 2",
        "cliente": "BERMUDEZ SAUL ANIBAL",
        "nombre": "BERMUDEZ SAUL ANIBAL",
        "cuit": "20284035675",
        "rubro": "5 - CONSTRUCCIÓN",
        "direccion": "POSADAS - AV. M. DE ANDREA 2189",
        "localidad": "POSADAS",
        "provincia": "Misiones",
        "email": "tamisyasociados@outlook.com",
        "telefono": "",
        "Estado AFIP": "ok",
        "CRM": "NO",
        "relevado": "-"
      }
    },
    {
      "type": "Feature",
      "geometry": {
        "type": "Point",
        "coordinates": [
          -54.896844,
          -27.0961875
        ]
      },
      "properties": {
        "Base": "Bases Misiones 2",
        "base": "Bases Misiones 2",
        "cliente": "BM SRL",
        "nombre": "BM SRL",
        "cuit": "30715081098",
        "rubro": "5 - CONSTRUCCIÓN",
        "direccion": "ARISTÓBULO DEL VALLE - MARIANO MORENO N 753",
        "localidad": "ARISTÓBULO DEL VALLE",
        "provincia": "Misiones",
        "email": "admcontablebmsrl@gmail.com",
        "telefono": "470190",
        "Estado AFIP": "ok",
        "CRM": "NO",
        "relevado": "-"
      }
    },
    {
      "type": "Feature",
      "geometry": {
        "type": "Point",
        "coordinates": [
          -55.894295,
          -27.3664824
        ]
      },
      "properties": {
        "Base": "Bases Misiones 2",
        "base": "Bases Misiones 2",
        "cliente": "BOR COM  SOCIEDAD ANONIMA",
        "nombre": "BOR COM  SOCIEDAD ANONIMA",
        "cuit": "33672410199",
        "rubro": "5 - CONSTRUCCIÓN",
        "direccion": "POSADAS - CATAMARCA 1415 Piso:0 Dpto:0 S:0 T:0 M:0",
        "localidad": "POSADAS",
        "provincia": "Misiones",
        "email": "GUILLERMOROSSLER@HOTMAIL.COM",
        "telefono": "0376-4468100",
        "Estado AFIP": "ok",
        "CRM": "SI",
        "relevado": "SI"
      }
    },
    {
      "type": "Feature",
      "geometry": {
        "type": "Point",
        "coordinates": [
          -55.894295,
          -27.3664824
        ]
      },
      "properties": {
        "Base": "Bases Misiones 2",
        "base": "Bases Misiones 2",
        "cliente": "BORCONSTRUCCIONES SRL",
        "nombre": "BORCONSTRUCCIONES SRL",
        "cuit": "33710529049",
        "rubro": "5 - CONSTRUCCIÓN",
        "direccion": "POSADAS - C ATAMARCA N°1415",
        "localidad": "POSADAS",
        "provincia": "Misiones",
        "email": "nancy@zamoracastano.com.ar",
        "telefono": "3764423684",
        "Estado AFIP": "ok",
        "CRM": "NO",
        "relevado": "-"
      }
    },
    {
      "type": "Feature",
      "geometry": {
        "type": "Point",
        "coordinates": [
          -54.6361286,
          -27.3184329
        ]
      },
      "properties": {
        "Base": "Bases Misiones 2",
        "base": "Bases Misiones 2",
        "cliente": "BUTIUK FERNANDO RAUL",
        "nombre": "BUTIUK FERNANDO RAUL",
        "cuit": "20169340804",
        "rubro": "5 - CONSTRUCCIÓN",
        "direccion": "DESCONOCIDO - ALVEAR 1453, APOSTOLES, Misiones",
        "localidad": "DESCONOCIDO",
        "provincia": "Misiones",
        "email": "cp_felipe@hotmail.com",
        "telefono": "03758-613250",
        "Estado AFIP": "ok",
        "CRM": "NO",
        "relevado": "-"
      }
    },
    {
      "type": "Feature",
      "geometry": {
        "type": "Point",
        "coordinates": [
          -55.8296552,
          -27.4837122
        ]
      },
      "properties": {
        "Base": "Bases Misiones 2",
        "base": "Bases Misiones 2",
        "cliente": "CABRERA KUHLE ALBERTO GABRIEL",
        "nombre": "CABRERA KUHLE ALBERTO GABRIEL",
        "cuit": "20387780832",
        "rubro": "5 - CONSTRUCCIÓN",
        "direccion": "GARUPA - AGUIRRE 4025",
        "localidad": "GARUPA",
        "provincia": "Misiones",
        "email": "liendoteresita@gmail.com",
        "telefono": "",
        "Estado AFIP": "ok",
        "CRM": "NO",
        "relevado": "-"
      }
    },
    {
      "type": "Feature",
      "geometry": {
        "type": "Point",
        "coordinates": [
          -55.2743019,
          -27.4674544
        ]
      },
      "properties": {
        "Base": "Bases Misiones 2",
        "base": "Bases Misiones 2",
        "cliente": "CANTERA SAN MARTIN S.R.L.",
        "nombre": "CANTERA SAN MARTIN S.R.L.",
        "cuit": "33637314519",
        "rubro": "5 - CONSTRUCCIÓN",
        "direccion": "OBERÁ - LEANDRO N ALEM N° 1035",
        "localidad": "SAN MARTÍN",
        "provincia": "Misiones",
        "email": "canterasanmartinsrl@gmail.com",
        "telefono": "3755-15-583601",
        "Estado AFIP": "ok",
        "CRM": "SI",
        "relevado": "NO"
      }
    },
    {
      "type": "Feature",
      "geometry": {
        "type": "Point",
        "coordinates": [
          -55.894295,
          -27.3664824
        ]
      },
      "properties": {
        "Base": "Bases Misiones 2",
        "base": "Bases Misiones 2",
        "cliente": "CANTILLANA SEBASTIAN AGUSTIN",
        "nombre": "CANTILLANA SEBASTIAN AGUSTIN",
        "cuit": "20398211058",
        "rubro": "5 - CONSTRUCCIÓN",
        "direccion": "POSADAS - 109 4 Piso:0 Dpto:0   M:G",
        "localidad": "POSADAS",
        "provincia": "Misiones",
        "email": "sac2.9.sc@gmail.com",
        "telefono": "",
        "Estado AFIP": "ok",
        "CRM": "NO",
        "relevado": "-"
      }
    },
    {
      "type": "Feature",
      "geometry": {
        "type": "Point",
        "coordinates": [
          -54.6262079,
          -26.4048555
        ]
      },
      "properties": {
        "Base": "Bases Misiones 2",
        "base": "Bases Misiones 2",
        "cliente": "CARBALLO MOISES",
        "nombre": "CARBALLO MOISES",
        "cuit": "23128484329",
        "rubro": "5 - CONSTRUCCIÓN",
        "direccion": "ELDORADO - ALVAR NUÑEZ  KM2 2803",
        "localidad": "ELDORADO",
        "provincia": "Misiones",
        "email": "estudioeriksen@gmail.com",
        "telefono": "03751421319",
        "Estado AFIP": "ok",
        "CRM": "NO",
        "relevado": "-"
      }
    },
    {
      "type": "Feature",
      "geometry": {
        "type": "Point",
        "coordinates": [
          -54.5696922,
          -25.9693011
        ]
      },
      "properties": {
        "Base": "Bases Misiones 2",
        "base": "Bases Misiones 2",
        "cliente": "CARLOS DANIEL MORALES",
        "nombre": "CARLOS DANIEL MORALES",
        "cuit": "23324441409",
        "rubro": "5 - CONSTRUCCIÓN",
        "direccion": "COLONIA WANDA - CHACABUCO 224",
        "localidad": "COLONIA WANDA",
        "provincia": "Misiones",
        "email": "cpgimenez@hotmail.com",
        "telefono": "3757444624",
        "Estado AFIP": "ok",
        "CRM": "SI",
        "relevado": "NO"
      }
    },
    {
      "type": "Feature",
      "geometry": {
        "type": "Point",
        "coordinates": [
          -55.894295,
          -27.3664824
        ]
      },
      "properties": {
        "Base": "Bases Misiones 2",
        "base": "Bases Misiones 2",
        "cliente": "CARLOS E ENRIQUEZ SA",
        "nombre": "CARLOS E ENRIQUEZ SA",
        "cuit": "30507171814",
        "rubro": "5 - CONSTRUCCIÓN",
        "direccion": "POSADAS - Coronel Lopez N 3335",
        "localidad": "POSADAS",
        "provincia": "Misiones",
        "email": "victor.s@ceeenriquez.com",
        "telefono": "3764424500",
        "Estado AFIP": "ok",
        "CRM": "SI",
        "relevado": "NO"
      }
    },
    {
      "type": "Feature",
      "geometry": {
        "type": "Point",
        "coordinates": [
          -55.2271966,
          -27.0430577
        ]
      },
      "properties": {
        "Base": "Bases Misiones 2",
        "base": "Bases Misiones 2",
        "cliente": "CARLOS MURNER",
        "nombre": "CARLOS MURNER",
        "cuit": "20050936768",
        "rubro": "5 - CONSTRUCCIÓN",
        "direccion": "JARDÍN AMÉRICA - AV. LIBERTAD  Nº  575",
        "localidad": "JARDÍN AMÉRICA",
        "provincia": "Misiones",
        "email": "dariocarlosmurner@yahoo.com.ar",
        "telefono": "03743 - 460252",
        "Estado AFIP": "ok",
        "CRM": "SI",
        "relevado": "NO"
      }
    },
    {
      "type": "Feature",
      "geometry": {
        "type": "Point",
        "coordinates": [
          -55.894295,
          -27.3664824
        ]
      },
      "properties": {
        "Base": "Bases Misiones 2",
        "base": "Bases Misiones 2",
        "cliente": "CELERITY S.R.L.",
        "nombre": "CELERITY S.R.L.",
        "cuit": "30716060930",
        "rubro": "5 - CONSTRUCCIÓN",
        "direccion": "POSADAS - SAN MARTIN 2078 Piso:2 Dpto:A",
        "localidad": "POSADAS",
        "provincia": "Misiones",
        "email": "administracion.2@celeritysrl.com.ar",
        "telefono": "",
        "Estado AFIP": "ok",
        "CRM": "NO",
        "relevado": "-"
      }
    },
    {
      "type": "Feature",
      "geometry": {
        "type": "Point",
        "coordinates": [
          -55.894295,
          -27.3664824
        ]
      },
      "properties": {
        "Base": "Bases Misiones 2",
        "base": "Bases Misiones 2",
        "cliente": "CEMENTOS S.R.L.",
        "nombre": "CEMENTOS S.R.L.",
        "cuit": "30670175088",
        "rubro": "5 - CONSTRUCCIÓN",
        "direccion": "POSADAS - -",
        "localidad": "GOYA",
        "provincia": "Misiones",
        "email": "sccvilas@goyanet.com.ar",
        "telefono": "03777-421591",
        "Estado AFIP": "ok",
        "CRM": "SI",
        "relevado": "NO"
      }
    },
    {
      "type": "Feature",
      "geometry": {
        "type": "Point",
        "coordinates": [
          -54.6645921,
          -26.4068278
        ]
      },
      "properties": {
        "Base": "Bases Misiones 2",
        "base": "Bases Misiones 2",
        "cliente": "CHRIMO SRL",
        "nombre": "CHRIMO SRL",
        "cuit": "33558463819",
        "rubro": "5 - CONSTRUCCIÓN",
        "direccion": "ELDORADO - CHRISTIANSEN 147",
        "localidad": "ELDORADO",
        "provincia": "Misiones",
        "email": "info@estudiosesin.com.ar",
        "telefono": "",
        "Estado AFIP": "ok",
        "CRM": "NO",
        "relevado": "-"
      }
    },
    {
      "type": "Feature",
      "geometry": {
        "type": "Point",
        "coordinates": [
          -55.894295,
          -27.3664824
        ]
      },
      "properties": {
        "Base": "Bases Misiones 2",
        "base": "Bases Misiones 2",
        "cliente": "COMERCIO INTEGRAL S. R. L.",
        "nombre": "COMERCIO INTEGRAL S. R. L.",
        "cuit": "30718170121",
        "rubro": "5 - CONSTRUCCIÓN",
        "direccion": "POSADAS - CALLE 129     M:D Casa 33 chacra 245 B° luz y fuerza",
        "localidad": "POSADAS",
        "provincia": "Misiones",
        "email": "comerciointegralsrl@gmail.com",
        "telefono": "",
        "Estado AFIP": "ok",
        "CRM": "NO",
        "relevado": "-"
      }
    },
    {
      "type": "Feature",
      "geometry": {
        "type": "Point",
        "coordinates": [
          -55.894295,
          -27.3664824
        ]
      },
      "properties": {
        "Base": "Bases Misiones 2",
        "base": "Bases Misiones 2",
        "cliente": "COMPAÑIA ARGENTINA DE NEGOCIOS S.A.",
        "nombre": "COMPAÑIA ARGENTINA DE NEGOCIOS S.A.",
        "cuit": "33710357779",
        "rubro": "5 - CONSTRUCCIÓN",
        "direccion": "POSADAS - SARMIENTO 2318 Piso:3",
        "localidad": "POSADAS",
        "provincia": "Misiones",
        "email": "contadormiranda@yahoo.com.ar",
        "telefono": "4428869",
        "Estado AFIP": "ok",
        "CRM": "NO",
        "relevado": "-"
      }
    },
    {
      "type": "Feature",
      "geometry": {
        "type": "Point",
        "coordinates": [
          -55.1032449,
          -27.4909077
        ]
      },
      "properties": {
        "Base": "Bases Misiones 2",
        "base": "Bases Misiones 2",
        "cliente": "COMPAÑIA ELECTRICA SRL",
        "nombre": "COMPAÑIA ELECTRICA SRL",
        "cuit": "30716512149",
        "rubro": "5 - CONSTRUCCIÓN",
        "direccion": "OBERÁ - AVENIDA BELTRAME 1208",
        "localidad": "OBERÁ",
        "provincia": "Misiones",
        "email": "cra.lorena@neaelectrica.com.ar",
        "telefono": "37555414276",
        "Estado AFIP": "ok",
        "CRM": "NO",
        "relevado": "-"
      }
    },
    {
      "type": "Feature",
      "geometry": {
        "type": "Point",
        "coordinates": [
          -55.894295,
          -27.3664824
        ]
      },
      "properties": {
        "Base": "Bases Misiones 2",
        "base": "Bases Misiones 2",
        "cliente": "CONARZA SRL",
        "nombre": "CONARZA SRL",
        "cuit": "33716062509",
        "rubro": "5 - CONSTRUCCIÓN",
        "direccion": "POSADAS - HUNGRIA 2971",
        "localidad": "POSADAS",
        "provincia": "Misiones",
        "email": "maximilianoordo@gmail.com",
        "telefono": "",
        "Estado AFIP": "ok",
        "CRM": "NO",
        "relevado": "-"
      }
    },
    {
      "type": "Feature",
      "geometry": {
        "type": "Point",
        "coordinates": [
          -55.0266912,
          -26.8167893
        ]
      },
      "properties": {
        "Base": "Bases Misiones 2",
        "base": "Bases Misiones 2",
        "cliente": "CONCRETAR S.R.L.",
        "nombre": "CONCRETAR S.R.L.",
        "cuit": "30709399817",
        "rubro": "5 - CONSTRUCCIÓN",
        "direccion": "PUERTO RICO - LOTE 22 \"B\" ACC. NORTE 0",
        "localidad": "PUERTO RICO",
        "provincia": "Misiones",
        "email": "karinascherf@gmail.com",
        "telefono": "0374315474713",
        "Estado AFIP": "ok",
        "CRM": "SI",
        "relevado": "SI"
      }
    },
    {
      "type": "Feature",
      "geometry": {
        "type": "Point",
        "coordinates": [
          -54.6262079,
          -26.4048555
        ]
      },
      "properties": {
        "Base": "Bases Misiones 2",
        "base": "Bases Misiones 2",
        "cliente": "CONCRETO SOC DE RESP LTDA S. R. L.",
        "nombre": "CONCRETO SOC DE RESP LTDA S. R. L.",
        "cuit": "30672444140",
        "rubro": "5 - CONSTRUCCIÓN",
        "direccion": "ELDORADO - H IRIGOYEN 0",
        "localidad": "ELDORADO",
        "provincia": "Misiones",
        "email": "concretoeldoradosrl@gmail.com",
        "telefono": "",
        "Estado AFIP": "ok",
        "CRM": "NO",
        "relevado": "-"
      }
    },
    {
      "type": "Feature",
      "geometry": {
        "type": "Point",
        "coordinates": [
          -55.9497118,
          -27.4035083
        ]
      },
      "properties": {
        "Base": "Bases Misiones 2",
        "base": "Bases Misiones 2",
        "cliente": "CONINAR S.R.L.",
        "nombre": "CONINAR S.R.L.",
        "cuit": "30711565570",
        "rubro": "5 - CONSTRUCCIÓN",
        "direccion": "POSADAS - 135 A 2495",
        "localidad": "POSADAS",
        "provincia": "Misiones",
        "email": "andreaquiroz77@hotmail.com",
        "telefono": "03764874671",
        "Estado AFIP": "ok",
        "CRM": "NO",
        "relevado": "-"
      }
    },
    {
      "type": "Feature",
      "geometry": {
        "type": "Point",
        "coordinates": [
          -54.6842665,
          -27.0197207
        ]
      },
      "properties": {
        "Base": "Bases Misiones 2",
        "base": "Bases Misiones 2",
        "cliente": "CONSTRUCTORA ANDRESITO S.R.L.",
        "nombre": "CONSTRUCTORA ANDRESITO S.R.L.",
        "cuit": "30714543187",
        "rubro": "5 - CONSTRUCCIÓN",
        "direccion": "DOS DE MAYO - EL TIMBO",
        "localidad": "DOS DE MAYO",
        "provincia": "Misiones",
        "email": "estudiopraxis@gmail.com",
        "telefono": "3755650000",
        "Estado AFIP": "ok",
        "CRM": "NO",
        "relevado": "-"
      }
    },
    {
      "type": "Feature",
      "geometry": {
        "type": "Point",
        "coordinates": [
          -55.2338495,
          -27.0308215
        ]
      },
      "properties": {
        "Base": "Bases Misiones 2",
        "base": "Bases Misiones 2",
        "cliente": "CONSTRUCTORA EL JESUITA SRL",
        "nombre": "CONSTRUCTORA EL JESUITA SRL",
        "cuit": "30716425319",
        "rubro": "5 - CONSTRUCCIÓN",
        "direccion": "SAN IGNACIO - BELGRANO 50",
        "localidad": "SAN IGNACIO",
        "provincia": "Misiones",
        "email": "cpncaceres@hotmail.com",
        "telefono": "3764214084",
        "Estado AFIP": "ok",
        "CRM": "NO",
        "relevado": "-"
      }
    },
    {
      "type": "Feature",
      "geometry": {
        "type": "Point",
        "coordinates": [
          -55.894295,
          -27.3664824
        ]
      },
      "properties": {
        "Base": "Bases Misiones 2",
        "base": "Bases Misiones 2",
        "cliente": "CONSTRUCTORA NORDECO S.A.",
        "nombre": "CONSTRUCTORA NORDECO S.A.",
        "cuit": "30710585098",
        "rubro": "5 - CONSTRUCCIÓN",
        "direccion": "POSADAS - AV. JUAN MAZA 3390",
        "localidad": "POSADAS",
        "provincia": "Misiones",
        "email": "conorsa10@hotmail.com",
        "telefono": "3764597177",
        "Estado AFIP": "ok",
        "CRM": "SI",
        "relevado": "SI"
      }
    },
    {
      "type": "Feature",
      "geometry": {
        "type": "Point",
        "coordinates": [
          -55.894295,
          -27.3664824
        ]
      },
      "properties": {
        "Base": "Bases Misiones 2",
        "base": "Bases Misiones 2",
        "cliente": "CONSTRUCTORA VICARIO SRL",
        "nombre": "CONSTRUCTORA VICARIO SRL",
        "cuit": "30714141119",
        "rubro": "5 - CONSTRUCCIÓN",
        "direccion": "POSADAS - ESPAÑA Nº 3362",
        "localidad": "POSADAS",
        "provincia": "Misiones",
        "email": "constructora.vicario.srl@gmail.com",
        "telefono": "03764878581",
        "Estado AFIP": "ok",
        "CRM": "NO",
        "relevado": "-"
      }
    },
    {
      "type": "Feature",
      "geometry": {
        "type": "Point",
        "coordinates": [
          -55.9148368,
          -27.4017053
        ]
      },
      "properties": {
        "Base": "Bases Misiones 2",
        "base": "Bases Misiones 2",
        "cliente": "CONSULTORA PARINO Y ASOCIADOS S.A.",
        "nombre": "CONSULTORA PARINO Y ASOCIADOS S.A.",
        "cuit": "30710268335",
        "rubro": "5 - CONSTRUCCIÓN",
        "direccion": "POSADAS - Avenida Santa Catalina 4672",
        "localidad": "RESISTENCIA",
        "provincia": "Misiones",
        "email": "estudiogz.veronica@gmail.com",
        "telefono": "",
        "Estado AFIP": "ok",
        "CRM": "NO",
        "relevado": "-"
      }
    },
    {
      "type": "Feature",
      "geometry": {
        "type": "Point",
        "coordinates": [
          -54.6361286,
          -27.3184329
        ]
      },
      "properties": {
        "Base": "Bases Misiones 2",
        "base": "Bases Misiones 2",
        "cliente": "COOPERATIVA DE TRABAJO EDEN LIMITADA",
        "nombre": "COOPERATIVA DE TRABAJO EDEN LIMITADA",
        "cuit": "30717764885",
        "rubro": "5 - CONSTRUCCIÓN",
        "direccion": "DESCONOCIDO - Colon 555, COLONIA ORO VERDE, Misiones",
        "localidad": "DESCONOCIDO",
        "provincia": "Misiones",
        "email": "cooperativa.edenba@gmail.com",
        "telefono": "",
        "Estado AFIP": "ok",
        "CRM": "NO",
        "relevado": "-"
      }
    },
    {
      "type": "Feature",
      "geometry": {
        "type": "Point",
        "coordinates": [
          -55.894295,
          -27.3664824
        ]
      },
      "properties": {
        "Base": "Bases Misiones 2",
        "base": "Bases Misiones 2",
        "cliente": "COOPERATIVA DE TRABAJO EL BUEN AIRE LIMITADA",
        "nombre": "COOPERATIVA DE TRABAJO EL BUEN AIRE LIMITADA",
        "cuit": "30716268442",
        "rubro": "5 - CONSTRUCCIÓN",
        "direccion": "POSADAS - BALCARCE 2146",
        "localidad": "POSADAS",
        "provincia": "Misiones",
        "email": "veraherrerayasociados@gmail.com",
        "telefono": "0376154372368",
        "Estado AFIP": "ok",
        "CRM": "NO",
        "relevado": "-"
      }
    },
    {
      "type": "Feature",
      "geometry": {
        "type": "Point",
        "coordinates": [
          -55.894295,
          -27.3664824
        ]
      },
      "properties": {
        "Base": "Bases Misiones 2",
        "base": "Bases Misiones 2",
        "cliente": "COOPERATIVA DE TRABAJO EL SOL LIMITADA",
        "nombre": "COOPERATIVA DE TRABAJO EL SOL LIMITADA",
        "cuit": "30714660655",
        "rubro": "5 - CONSTRUCCIÓN",
        "direccion": "POSADAS - CALLE 136 N° 7076",
        "localidad": "POSADAS",
        "provincia": "Misiones",
        "email": "arguelloscar@hotmail.com",
        "telefono": "03764722088",
        "Estado AFIP": "ok",
        "CRM": "NO",
        "relevado": "-"
      }
    },
    {
      "type": "Feature",
      "geometry": {
        "type": "Point",
        "coordinates": [
          -54.5537325,
          -27.0205791
        ]
      },
      "properties": {
        "Base": "Bases Misiones 2",
        "base": "Bases Misiones 2",
        "cliente": "COOPERATIVA DE TRABAJO PICADA ZULMA LTDA",
        "nombre": "COOPERATIVA DE TRABAJO PICADA ZULMA LTDA",
        "cuit": "30711948089",
        "rubro": "5 - CONSTRUCCIÓN",
        "direccion": "SAN VICENTE - RUTA 14 KM 1263",
        "localidad": "SAN VICENTE",
        "provincia": "Misiones",
        "email": "coop.trabpicadazulma@yahoo.com.ar",
        "telefono": "3755 - 15655485",
        "Estado AFIP": "ok",
        "CRM": "NO",
        "relevado": "-"
      }
    },
    {
      "type": "Feature",
      "geometry": {
        "type": "Point",
        "coordinates": [
          -55.9423901,
          -27.3913251
        ]
      },
      "properties": {
        "Base": "Bases Misiones 2",
        "base": "Bases Misiones 2",
        "cliente": "COOPERATIVA DE TRABAJO Y CONSUMO GENTE PORA LIMITADA",
        "nombre": "COOPERATIVA DE TRABAJO Y CONSUMO GENTE PORA LIMITADA",
        "cuit": "30709576980",
        "rubro": "5 - CONSTRUCCIÓN",
        "direccion": "POSADAS - AVDA ARTURO JAURETCHE 1693",
        "localidad": "POSADAS",
        "provincia": "Misiones",
        "email": "estudiocontable_tauasociados@yahoo.com.ar",
        "telefono": "3764575770",
        "Estado AFIP": "ok",
        "CRM": "NO",
        "relevado": "-"
      }
    },
    {
      "type": "Feature",
      "geometry": {
        "type": "Point",
        "coordinates": [
          -55.894295,
          -27.3664824
        ]
      },
      "properties": {
        "Base": "Bases Misiones 2",
        "base": "Bases Misiones 2",
        "cliente": "CORA DIR S.A",
        "nombre": "CORA DIR S.A",
        "cuit": "30673380162",
        "rubro": "5 - CONSTRUCCIÓN",
        "direccion": "POSADAS - Calle 44 5642",
        "localidad": "SAN LUIS",
        "provincia": "Misiones",
        "email": "comex@coradir.com.ar",
        "telefono": "1133164612",
        "Estado AFIP": "ok",
        "CRM": "NO",
        "relevado": "-"
      }
    },
    {
      "type": "Feature",
      "geometry": {
        "type": "Point",
        "coordinates": [
          -55.894295,
          -27.3664824
        ]
      },
      "properties": {
        "Base": "Bases Misiones 2",
        "base": "Bases Misiones 2",
        "cliente": "CORTI RAUL ORLANDO",
        "nombre": "CORTI RAUL ORLANDO",
        "cuit": "20109553507",
        "rubro": "5 - CONSTRUCCIÓN",
        "direccion": "POSADAS - AV ALEM 3871 Piso:00 Dpto:00 S:00 T:00 M:00, POSADAS, Misiones",
        "localidad": "POSADAS",
        "provincia": "Misiones",
        "email": "lowgregorio@gmail.com",
        "telefono": "",
        "Estado AFIP": "ok",
        "CRM": "SI",
        "relevado": "NO"
      }
    },
    {
      "type": "Feature",
      "geometry": {
        "type": "Point",
        "coordinates": [
          -55.0164273,
          -26.7984021
        ]
      },
      "properties": {
        "Base": "Bases Misiones 2",
        "base": "Bases Misiones 2",
        "cliente": "COR-VIAL S.A.",
        "nombre": "COR-VIAL S.A.",
        "cuit": "30711406995",
        "rubro": "5 - CONSTRUCCIÓN",
        "direccion": "ELDORADO - av san martin 716",
        "localidad": "CIUDAD AUTONOMA BUENOS AIRES",
        "provincia": "Misiones",
        "email": "info@corvial.com.ar",
        "telefono": "3512023508",
        "Estado AFIP": "ok",
        "CRM": "NO",
        "relevado": "-"
      }
    },
    {
      "type": "Feature",
      "geometry": {
        "type": "Point",
        "coordinates": [
          -55.3235338,
          -27.603636
        ]
      },
      "properties": {
        "Base": "Bases Misiones 2",
        "base": "Bases Misiones 2",
        "cliente": "CRISTIAN MARIO KOSACHEK",
        "nombre": "CRISTIAN MARIO KOSACHEK",
        "cuit": "20274988240",
        "rubro": "5 - CONSTRUCCIÓN",
        "direccion": "LEANDRO N. ALEM - RULOFF 430",
        "localidad": "LEANDRO N. ALEM",
        "provincia": "Misiones",
        "email": "metalkosachek@live.com.ar",
        "telefono": "3754660438",
        "Estado AFIP": "ok",
        "CRM": "NO",
        "relevado": "-"
      }
    },
    {
      "type": "Feature",
      "geometry": {
        "type": "Point",
        "coordinates": [
          -55.894295,
          -27.3664824
        ]
      },
      "properties": {
        "Base": "Bases Misiones 2",
        "base": "Bases Misiones 2",
        "cliente": "CRISTIAN SEBASTIAN GALARZA",
        "nombre": "CRISTIAN SEBASTIAN GALARZA",
        "cuit": "20330149982",
        "rubro": "5 - CONSTRUCCIÓN",
        "direccion": "POSADAS - 66-CASA K N° 12",
        "localidad": "POSADAS",
        "provincia": "Misiones",
        "email": "nicolas_romero_85@hotmail.com",
        "telefono": "3764210597",
        "Estado AFIP": "ok",
        "CRM": "NO",
        "relevado": "-"
      }
    },
    {
      "type": "Feature",
      "geometry": {
        "type": "Point",
        "coordinates": [
          -55.894295,
          -27.3664824
        ]
      },
      "properties": {
        "Base": "Bases Misiones 2",
        "base": "Bases Misiones 2",
        "cliente": "CRONOS S,A",
        "nombre": "CRONOS S,A",
        "cuit": "30710273703",
        "rubro": "5 - CONSTRUCCIÓN",
        "direccion": "POSADAS - CALLE 65-N° 3776  ENTRE CALLE: M FIERRO Y CALLE 76",
        "localidad": "POSADAS",
        "provincia": "Misiones",
        "email": "danieldyundi@gmail.com",
        "telefono": "3764433649",
        "Estado AFIP": "ok",
        "CRM": "NO",
        "relevado": "-"
      }
    },
    {
      "type": "Feature",
      "geometry": {
        "type": "Point",
        "coordinates": [
          -55.894295,
          -27.3664824
        ]
      },
      "properties": {
        "Base": "Bases Misiones 2",
        "base": "Bases Misiones 2",
        "cliente": "CUPEC S.R.L.",
        "nombre": "CUPEC S.R.L.",
        "cuit": "30708366648",
        "rubro": "5 - CONSTRUCCIÓN",
        "direccion": "POSADAS - ROQUE SAENZ PEÑA 2596",
        "localidad": "POSADAS",
        "provincia": "Misiones",
        "email": "cupecsrlposadas@gmail.com",
        "telefono": "3764225074",
        "Estado AFIP": "ok",
        "CRM": "SI",
        "relevado": "NO"
      }
    },
    {
      "type": "Feature",
      "geometry": {
        "type": "Point",
        "coordinates": [
          -55.894295,
          -27.3664824
        ]
      },
      "properties": {
        "Base": "Bases Misiones 2",
        "base": "Bases Misiones 2",
        "cliente": "DANIEL FRANCO",
        "nombre": "DANIEL FRANCO",
        "cuit": "20184384877",
        "rubro": "5 - CONSTRUCCIÓN",
        "direccion": "POSADAS - CALLE 59 - CASA Nº 189",
        "localidad": "POSADAS",
        "provincia": "Misiones",
        "email": "arguelloscar@hotmail.com",
        "telefono": "376 - 4690475",
        "Estado AFIP": "ok",
        "CRM": "NO",
        "relevado": "-"
      }
    },
    {
      "type": "Feature",
      "geometry": {
        "type": "Point",
        "coordinates": [
          -54.522025,
          -27.0110189
        ]
      },
      "properties": {
        "Base": "Bases Misiones 2",
        "base": "Bases Misiones 2",
        "cliente": "DE NACIMENTO JORGE RAUL",
        "nombre": "DE NACIMENTO JORGE RAUL",
        "cuit": "20291095217",
        "rubro": "5 - CONSTRUCCIÓN",
        "direccion": "SAN VICENTE - RUTA 14 1263",
        "localidad": "SAN VICENTE",
        "provincia": "Misiones",
        "email": "estudiopraxis@gmail.com",
        "telefono": "649314",
        "Estado AFIP": "ok",
        "CRM": "NO",
        "relevado": "-"
      }
    },
    {
      "type": "Feature",
      "geometry": {
        "type": "Point",
        "coordinates": [
          -54.10564,
          -26.6225301
        ]
      },
      "properties": {
        "Base": "Bases Misiones 2",
        "base": "Bases Misiones 2",
        "cliente": "DELTA V S.A.",
        "nombre": "DELTA V S.A.",
        "cuit": "30711226059",
        "rubro": "5 - CONSTRUCCIÓN",
        "direccion": "SAN PEDRO - San Jurjo 425",
        "localidad": "CIUDAD AUTONOMA BUENOS AIRES",
        "provincia": "Misiones",
        "email": "rrhh@estudiocontablesaba.com.ar",
        "telefono": "",
        "Estado AFIP": "ok",
        "CRM": "NO",
        "relevado": "-"
      }
    },
    {
      "type": "Feature",
      "geometry": {
        "type": "Point",
        "coordinates": [
          -54.9148948,
          -27.7223
        ]
      },
      "properties": {
        "Base": "Bases Misiones 2",
        "base": "Bases Misiones 2",
        "cliente": "DIAZ JUAN CARLOS",
        "nombre": "DIAZ JUAN CARLOS",
        "cuit": "20337364528",
        "rubro": "5 - CONSTRUCCIÓN",
        "direccion": "PANAMBI - PUERTO PANAMBI 0",
        "localidad": "PANAMBI",
        "provincia": "Misiones",
        "email": "estudiohernangrosso@hotmail.com",
        "telefono": "",
        "Estado AFIP": "ok",
        "CRM": "NO",
        "relevado": "-"
      }
    },
    {
      "type": "Feature",
      "geometry": {
        "type": "Point",
        "coordinates": [
          -55.894295,
          -27.3664824
        ]
      },
      "properties": {
        "Base": "Bases Misiones 2",
        "base": "Bases Misiones 2",
        "cliente": "DIEGO ARMANDO SOTELO",
        "nombre": "DIEGO ARMANDO SOTELO",
        "cuit": "20245739398",
        "rubro": "5 - CONSTRUCCIÓN",
        "direccion": "POSADAS - AV.LOPEZ Y PLANES Nº 4.255",
        "localidad": "POSADAS",
        "provincia": "Misiones",
        "email": "diegoasotelo@gmail.com",
        "telefono": "376 - 154686333",
        "Estado AFIP": "ok",
        "CRM": "NO",
        "relevado": "-"
      }
    },
    {
      "type": "Feature",
      "geometry": {
        "type": "Point",
        "coordinates": [
          -55.8935446,
          -27.3652528
        ]
      },
      "properties": {
        "Base": "Bases Misiones 2",
        "base": "Bases Misiones 2",
        "cliente": "DIMABE SRL",
        "nombre": "DIMABE SRL",
        "cuit": "33707097219",
        "rubro": "5 - CONSTRUCCIÓN",
        "direccion": "POSADAS - SARMIENTO 1688",
        "localidad": "POSADAS",
        "provincia": "Misiones",
        "email": "administracion@dimabesrl.com.ar",
        "telefono": "3764438644",
        "Estado AFIP": "ok",
        "CRM": "NO",
        "relevado": "-"
      }
    },
    {
      "type": "Feature",
      "geometry": {
        "type": "Point",
        "coordinates": [
          -55.894295,
          -27.3664824
        ]
      },
      "properties": {
        "Base": "Bases Misiones 2",
        "base": "Bases Misiones 2",
        "cliente": "DIPSA SRL",
        "nombre": "DIPSA SRL",
        "cuit": "30687868907",
        "rubro": "5 - CONSTRUCCIÓN",
        "direccion": "POSADAS - AV URQUIZA 3316 Piso:PB",
        "localidad": "POSADAS",
        "provincia": "Misiones",
        "email": "jorgecastuariense@gmail.com",
        "telefono": "",
        "Estado AFIP": "ok",
        "CRM": "NO",
        "relevado": "-"
      }
    },
    {
      "type": "Feature",
      "geometry": {
        "type": "Point",
        "coordinates": [
          -55.3235338,
          -27.603636
        ]
      },
      "properties": {
        "Base": "Bases Misiones 2",
        "base": "Bases Misiones 2",
        "cliente": "DOBLEK S.R.L.",
        "nombre": "DOBLEK S.R.L.",
        "cuit": "30711599173",
        "rubro": "5 - CONSTRUCCIÓN",
        "direccion": "LEANDRO N. ALEM - JUAN JOSE PASO 438",
        "localidad": "LEANDRO N. ALEM",
        "provincia": "Misiones",
        "email": "karina@nodoalem.com.ar",
        "telefono": "499444",
        "Estado AFIP": "ok",
        "CRM": "NO",
        "relevado": "-"
      }
    },
    {
      "type": "Feature",
      "geometry": {
        "type": "Point",
        "coordinates": [
          -55.894295,
          -27.3664824
        ]
      },
      "properties": {
        "Base": "Bases Misiones 2",
        "base": "Bases Misiones 2",
        "cliente": "DORREGO ARMANDO EMANUEL",
        "nombre": "DORREGO ARMANDO EMANUEL",
        "cuit": "20332172418",
        "rubro": "5 - CONSTRUCCIÓN",
        "direccion": "POSADAS - 198 A-CASA 15   S:6  M:130",
        "localidad": "POSADAS",
        "provincia": "Misiones",
        "email": "serviciocontablemcd@hotmail.com",
        "telefono": "4617671",
        "Estado AFIP": "ok",
        "CRM": "NO",
        "relevado": "-"
      }
    },
    {
      "type": "Feature",
      "geometry": {
        "type": "Point",
        "coordinates": [
          -55.894295,
          -27.3664824
        ]
      },
      "properties": {
        "Base": "Bases Misiones 2",
        "base": "Bases Misiones 2",
        "cliente": "DP&DP S. R. L.",
        "nombre": "DP&DP S. R. L.",
        "cuit": "30717786293",
        "rubro": "5 - CONSTRUCCIÓN",
        "direccion": "POSADAS - GOBERNADOR BERMUDEZ 2147",
        "localidad": "POSADAS",
        "provincia": "Misiones",
        "email": "cpdanielpereyra@gmail.com",
        "telefono": "3764602235",
        "Estado AFIP": "ok",
        "CRM": "NO",
        "relevado": "-"
      }
    },
    {
      "type": "Feature",
      "geometry": {
        "type": "Point",
        "coordinates": [
          -55.8965046,
          -27.3685149
        ]
      },
      "properties": {
        "Base": "Bases Misiones 2",
        "base": "Bases Misiones 2",
        "cliente": "DRI Y DRI INGENIERIA S.R.L.",
        "nombre": "DRI Y DRI INGENIERIA S.R.L.",
        "cuit": "30711570205",
        "rubro": "5 - CONSTRUCCIÓN",
        "direccion": "POSADAS - RIOJA 2340",
        "localidad": "RESISTENCIA",
        "provincia": "Misiones",
        "email": "driingenieria@yahoo.com.ar",
        "telefono": "03624466896",
        "Estado AFIP": "ok",
        "CRM": "NO",
        "relevado": "-"
      }
    },
    {
      "type": "Feature",
      "geometry": {
        "type": "Point",
        "coordinates": [
          -55.894295,
          -27.3664824
        ]
      },
      "properties": {
        "Base": "Bases Misiones 2",
        "base": "Bases Misiones 2",
        "cliente": "DUARTE JUAN MANUEL",
        "nombre": "DUARTE JUAN MANUEL",
        "cuit": "20288183253",
        "rubro": "5 - CONSTRUCCIÓN",
        "direccion": "POSADAS - AV RADEMACHER 3715 Piso:5",
        "localidad": "POSADAS",
        "provincia": "Misiones",
        "email": "biriduarte@yahoo.com",
        "telefono": "4439556",
        "Estado AFIP": "ok",
        "CRM": "NO",
        "relevado": "-"
      }
    },
    {
      "type": "Feature",
      "geometry": {
        "type": "Point",
        "coordinates": [
          -55.894295,
          -27.3664824
        ]
      },
      "properties": {
        "Base": "Bases Misiones 2",
        "base": "Bases Misiones 2",
        "cliente": "DUCRI SRL",
        "nombre": "DUCRI SRL",
        "cuit": "30711644284",
        "rubro": "5 - CONSTRUCCIÓN",
        "direccion": "POSADAS - AGUADO 2137",
        "localidad": "POSADAS",
        "provincia": "Misiones",
        "email": "pedrokruel@hotmail.com",
        "telefono": "3764607503",
        "Estado AFIP": "ok",
        "CRM": "NO",
        "relevado": "-"
      }
    },
    {
      "type": "Feature",
      "geometry": {
        "type": "Point",
        "coordinates": [
          -54.6361286,
          -27.3184329
        ]
      },
      "properties": {
        "Base": "Bases Misiones 2",
        "base": "Bases Misiones 2",
        "cliente": "EBLAGON MARCOS JOSE",
        "nombre": "EBLAGON MARCOS JOSE",
        "cuit": "20246295892",
        "rubro": "5 - CONSTRUCCIÓN",
        "direccion": "SAN VICENTE - Padre Jorge Maniak Nº 170, SAN VICENTE, Misiones",
        "localidad": "DESCONOCIDO",
        "provincia": "Misiones",
        "email": "impuestos2@guitmanyasoc.com.ar",
        "telefono": "3755344760",
        "Estado AFIP": "ok",
        "CRM": "SI",
        "relevado": "SI"
      }
    },
    {
      "type": "Feature",
      "geometry": {
        "type": "Point",
        "coordinates": [
          -55.894295,
          -27.3664824
        ]
      },
      "properties": {
        "Base": "Bases Misiones 2",
        "base": "Bases Misiones 2",
        "cliente": "ECIM SRL",
        "nombre": "ECIM SRL",
        "cuit": "30687861732",
        "rubro": "5 - CONSTRUCCIÓN",
        "direccion": "POSADAS - ITUZAINGO 3593",
        "localidad": "POSADAS",
        "provincia": "Misiones",
        "email": "tecnicaecim@gmail.com",
        "telefono": "01131119222",
        "Estado AFIP": "ok",
        "CRM": "NO",
        "relevado": "-"
      }
    },
    {
      "type": "Feature",
      "geometry": {
        "type": "Point",
        "coordinates": [
          -55.894295,
          -27.3664824
        ]
      },
      "properties": {
        "Base": "Bases Misiones 2",
        "base": "Bases Misiones 2",
        "cliente": "ECOHIDRO S. A. S.",
        "nombre": "ECOHIDRO S. A. S.",
        "cuit": "30718384741",
        "rubro": "5 - CONSTRUCCIÓN",
        "direccion": "POSADAS - SUIZA 2391",
        "localidad": "POSADAS",
        "provincia": "Misiones",
        "email": "martinfleitasestudiocontable@gmail.com",
        "telefono": "",
        "Estado AFIP": "ok",
        "CRM": "NO",
        "relevado": "-"
      }
    },
    {
      "type": "Feature",
      "geometry": {
        "type": "Point",
        "coordinates": [
          -55.894295,
          -27.3664824
        ]
      },
      "properties": {
        "Base": "Bases Misiones 2",
        "base": "Bases Misiones 2",
        "cliente": "EDUARDO GERMAN AYALA",
        "nombre": "EDUARDO GERMAN AYALA",
        "cuit": "20245735821",
        "rubro": "5 - CONSTRUCCIÓN",
        "direccion": "POSADAS - MONSEÑOR DE ANDREA 4023",
        "localidad": "POSADAS",
        "provincia": "Misiones",
        "email": "infotributario2018@gmail.com",
        "telefono": "03764425930",
        "Estado AFIP": "ok",
        "CRM": "NO",
        "relevado": "-"
      }
    },
    {
      "type": "Feature",
      "geometry": {
        "type": "Point",
        "coordinates": [
          -54.6262079,
          -26.4048555
        ]
      },
      "properties": {
        "Base": "Bases Misiones 2",
        "base": "Bases Misiones 2",
        "cliente": "EL BAUTISTA DISTRIBUIDORA S. A. S.",
        "nombre": "EL BAUTISTA DISTRIBUIDORA S. A. S.",
        "cuit": "30718568729",
        "rubro": "5 - CONSTRUCCIÓN",
        "direccion": "ELDORADO - LARRAGUE 67",
        "localidad": "ELDORADO",
        "provincia": "Misiones",
        "email": "diegopostai@hotmail.com",
        "telefono": "",
        "Estado AFIP": "ok",
        "CRM": "NO",
        "relevado": "-"
      }
    },
    {
      "type": "Feature",
      "geometry": {
        "type": "Point",
        "coordinates": [
          -55.9323974,
          -27.3702679
        ]
      },
      "properties": {
        "Base": "Bases Misiones 2",
        "base": "Bases Misiones 2",
        "cliente": "EL UNO S.R.L.",
        "nombre": "EL UNO S.R.L.",
        "cuit": "30711598231",
        "rubro": "5 - CONSTRUCCIÓN",
        "direccion": "POSADAS - AV LUCAS BRAULIO ARECO (AV 115) 2208, POSADAS, Misiones",
        "localidad": "POSADAS",
        "provincia": "Misiones",
        "email": "estudiopastori_asoc@hotmail.com.ar",
        "telefono": "3764438361",
        "Estado AFIP": "ok",
        "CRM": "NO",
        "relevado": "-"
      }
    },
    {
      "type": "Feature",
      "geometry": {
        "type": "Point",
        "coordinates": [
          -54.1111534,
          -26.624054
        ]
      },
      "properties": {
        "Base": "Bases Misiones 2",
        "base": "Bases Misiones 2",
        "cliente": "EL WOODY SRL",
        "nombre": "EL WOODY SRL",
        "cuit": "33714819149",
        "rubro": "5 - CONSTRUCCIÓN",
        "direccion": "SAN PEDRO - LOTE 43 Y 44 0",
        "localidad": "SAN PEDRO",
        "provincia": "Misiones",
        "email": "jorgevetter@hotmail.com",
        "telefono": "410336",
        "Estado AFIP": "ok",
        "CRM": "NO",
        "relevado": "-"
      }
    },
    {
      "type": "Feature",
      "geometry": {
        "type": "Point",
        "coordinates": [
          -55.8979311,
          -27.3669731
        ]
      },
      "properties": {
        "Base": "Bases Misiones 2",
        "base": "Bases Misiones 2",
        "cliente": "ELECTRO MISIONES SA",
        "nombre": "ELECTRO MISIONES SA",
        "cuit": "30615402040",
        "rubro": "5 - CONSTRUCCIÓN",
        "direccion": "POSADAS - JUNIN 2550",
        "localidad": "POSADAS",
        "provincia": "Misiones",
        "email": "carlos@electro.com.ar",
        "telefono": "3764429000",
        "Estado AFIP": "ok",
        "CRM": "SI",
        "relevado": "SI"
      }
    },
    {
      "type": "Feature",
      "geometry": {
        "type": "Point",
        "coordinates": [
          -55.894295,
          -27.3664824
        ]
      },
      "properties": {
        "Base": "Bases Misiones 2",
        "base": "Bases Misiones 2",
        "cliente": "ELICEO MARIANO VAZQUEZ",
        "nombre": "ELICEO MARIANO VAZQUEZ",
        "cuit": "20206120410",
        "rubro": "5 - CONSTRUCCIÓN",
        "direccion": "POSADAS - AV. JAURECHE 4424",
        "localidad": "POSADAS",
        "provincia": "Misiones",
        "email": "estudiodona@gmail.com",
        "telefono": "3764131866",
        "Estado AFIP": "ok",
        "CRM": "NO",
        "relevado": "-"
      }
    },
    {
      "type": "Feature",
      "geometry": {
        "type": "Point",
        "coordinates": [
          -55.894295,
          -27.3664824
        ]
      },
      "properties": {
        "Base": "Bases Misiones 2",
        "base": "Bases Misiones 2",
        "cliente": "EMDE SRL",
        "nombre": "EMDE SRL",
        "cuit": "30709431842",
        "rubro": "5 - CONSTRUCCIÓN",
        "direccion": "POSADAS - ALVEAR 1635 Piso:1",
        "localidad": "POSADAS",
        "provincia": "Misiones",
        "email": "estudio@cignas.com.ar",
        "telefono": "376-4512140",
        "Estado AFIP": "ok",
        "CRM": "NO",
        "relevado": "-"
      }
    },
    {
      "type": "Feature",
      "geometry": {
        "type": "Point",
        "coordinates": [
          -55.9423901,
          -27.3913251
        ]
      },
      "properties": {
        "Base": "Bases Misiones 2",
        "base": "Bases Misiones 2",
        "cliente": "EMEL S.R.L.",
        "nombre": "EMEL S.R.L.",
        "cuit": "30713706104",
        "rubro": "5 - CONSTRUCCIÓN",
        "direccion": "POSADAS - AV. JAURETCHE 5505",
        "localidad": "POSADAS",
        "provincia": "Misiones",
        "email": "ricardo@estudioroy.com.ar",
        "telefono": "3764457600",
        "Estado AFIP": "ok",
        "CRM": "NO",
        "relevado": "-"
      }
    },
    {
      "type": "Feature",
      "geometry": {
        "type": "Point",
        "coordinates": [
          -55.8952216,
          -27.3670217
        ]
      },
      "properties": {
        "Base": "Bases Misiones 2",
        "base": "Bases Misiones 2",
        "cliente": "EMPECOR S.R.L.",
        "nombre": "EMPECOR S.R.L.",
        "cuit": "30707742743",
        "rubro": "5 - CONSTRUCCIÓN",
        "direccion": "POSADAS - BOLIVAR 1341",
        "localidad": "POSADAS",
        "provincia": "Misiones",
        "email": "carrizoa@cignas.com.ar",
        "telefono": "3764431157",
        "Estado AFIP": "ok",
        "CRM": "SI",
        "relevado": "SI"
      }
    },
    {
      "type": "Feature",
      "geometry": {
        "type": "Point",
        "coordinates": [
          -54.7590379,
          -26.5674207
        ]
      },
      "properties": {
        "Base": "Bases Misiones 2",
        "base": "Bases Misiones 2",
        "cliente": "ERNESTO WALTERIO TRUMPP",
        "nombre": "ERNESTO WALTERIO TRUMPP",
        "cuit": "20183406125",
        "rubro": "5 - CONSTRUCCIÓN",
        "direccion": "MONTECARLO - CALLE S/N BARRIO GENDARMERIA",
        "localidad": "MONTECARLO",
        "provincia": "Misiones",
        "email": "serviciosforestalesisla9@gmail.com",
        "telefono": "3751480297",
        "Estado AFIP": "ok",
        "CRM": "SI",
        "relevado": "NO"
      }
    },
    {
      "type": "Feature",
      "geometry": {
        "type": "Point",
        "coordinates": [
          -54.9796933,
          -27.2079446
        ]
      },
      "properties": {
        "Base": "Bases Misiones 2",
        "base": "Bases Misiones 2",
        "cliente": "ESCALANTE ADOLFO HERNAN",
        "nombre": "ESCALANTE ADOLFO HERNAN",
        "cuit": "20261410754",
        "rubro": "5 - CONSTRUCCIÓN",
        "direccion": "CAMPO GRANDE - BARRIO MUNICIPAL 0     M:101, CAMPO GRANDE, Misiones",
        "localidad": "CAMPO GRANDE",
        "provincia": "Misiones",
        "email": "consegur.contable@gmail.com",
        "telefono": "2323233223",
        "Estado AFIP": "ok",
        "CRM": "NO",
        "relevado": "-"
      }
    },
    {
      "type": "Feature",
      "geometry": {
        "type": "Point",
        "coordinates": [
          -55.5392216,
          -27.2583992
        ]
      },
      "properties": {
        "Base": "Bases Misiones 2",
        "base": "Bases Misiones 2",
        "cliente": "EVELYN MAGALY HARMUT",
        "nombre": "EVELYN MAGALY HARMUT",
        "cuit": "27382638684",
        "rubro": "5 - CONSTRUCCIÓN",
        "direccion": "SAN IGNACIO - CASA 11     M:I   B° VIRGEN DE ITATI",
        "localidad": "SAN IGNACIO",
        "provincia": "Misiones",
        "email": "evelynemmaa@gmail.com",
        "telefono": "3764158000",
        "Estado AFIP": "ok",
        "CRM": "NO",
        "relevado": "-"
      }
    },
    {
      "type": "Feature",
      "geometry": {
        "type": "Point",
        "coordinates": [
          -55.894295,
          -27.3664824
        ]
      },
      "properties": {
        "Base": "Bases Misiones 2",
        "base": "Bases Misiones 2",
        "cliente": "EXCALIBUR S.R.L.",
        "nombre": "EXCALIBUR S.R.L.",
        "cuit": "33714075999",
        "rubro": "5 - CONSTRUCCIÓN",
        "direccion": "POSADAS - ALMAFUERTE N°2510, PISO 1, OF. \"A\"",
        "localidad": "POSADAS",
        "provincia": "Misiones",
        "email": "excalibursrlposadas@gmail.com",
        "telefono": "376 - 4913312",
        "Estado AFIP": "ok",
        "CRM": "SI",
        "relevado": "NO"
      }
    },
    {
      "type": "Feature",
      "geometry": {
        "type": "Point",
        "coordinates": [
          -55.894295,
          -27.3664824
        ]
      },
      "properties": {
        "Base": "Bases Misiones 2",
        "base": "Bases Misiones 2",
        "cliente": "FABIANA CAROLINA GAMEZ",
        "nombre": "FABIANA CAROLINA GAMEZ",
        "cuit": "27225827244",
        "rubro": "5 - CONSTRUCCIÓN",
        "direccion": "POSADAS - Bº.LUZ Y FUERZA CHACRA 137 - MZNA H - CASA 19",
        "localidad": "POSADAS",
        "provincia": "Misiones",
        "email": "pablodalinger@hotmail.com",
        "telefono": "0341 6420520",
        "Estado AFIP": "ok",
        "CRM": "NO",
        "relevado": "-"
      }
    },
    {
      "type": "Feature",
      "geometry": {
        "type": "Point",
        "coordinates": [
          -54.1111534,
          -26.624054
        ]
      },
      "properties": {
        "Base": "Bases Misiones 2",
        "base": "Bases Misiones 2",
        "cliente": "FABIO DARIO FONTANA",
        "nombre": "FABIO DARIO FONTANA",
        "cuit": "20251235814",
        "rubro": "5 - CONSTRUCCIÓN",
        "direccion": "SAN PEDRO - LOTE 111 - MZ- 1  – BARRIO: SANTA ROSA",
        "localidad": "SAN PEDRO",
        "provincia": "Misiones",
        "email": "donflorentin@hotamil.com",
        "telefono": "3751-415757",
        "Estado AFIP": "ok",
        "CRM": "NO",
        "relevado": "-"
      }
    },
    {
      "type": "Feature",
      "geometry": {
        "type": "Point",
        "coordinates": [
          -55.894295,
          -27.3664824
        ]
      },
      "properties": {
        "Base": "Bases Misiones 2",
        "base": "Bases Misiones 2",
        "cliente": "FAZIO LEONARDO MATIAS",
        "nombre": "FAZIO LEONARDO MATIAS",
        "cuit": "20327938577",
        "rubro": "5 - CONSTRUCCIÓN",
        "direccion": "POSADAS - AV. URUGUAY 4915 Piso:2 Dpto:A",
        "localidad": "POSADAS",
        "provincia": "Misiones",
        "email": "sonidovgs@hotmail.com",
        "telefono": "03764397196",
        "Estado AFIP": "ok",
        "CRM": "NO",
        "relevado": "-"
      }
    },
    {
      "type": "Feature",
      "geometry": {
        "type": "Point",
        "coordinates": [
          -55.9257292,
          -27.3924552
        ]
      },
      "properties": {
        "Base": "Bases Misiones 2",
        "base": "Bases Misiones 2",
        "cliente": "FELIPE AGUSTIN NUÑEZ MARTINEZ",
        "nombre": "FELIPE AGUSTIN NUÑEZ MARTINEZ",
        "cuit": "20948029686",
        "rubro": "5 - CONSTRUCCIÓN",
        "direccion": "POSADAS - Calle 49",
        "localidad": "POSADAS",
        "provincia": "Misiones",
        "email": "nfelipeagustin@yahoo.com",
        "telefono": "3764697710",
        "Estado AFIP": "ok",
        "CRM": "NO",
        "relevado": "-"
      }
    },
    {
      "type": "Feature",
      "geometry": {
        "type": "Point",
        "coordinates": [
          -55.1016605,
          -27.492838
        ]
      },
      "properties": {
        "Base": "Bases Misiones 2",
        "base": "Bases Misiones 2",
        "cliente": "FER.GUS S.R.L.",
        "nombre": "FER.GUS S.R.L.",
        "cuit": "30710072694",
        "rubro": "5 - CONSTRUCCIÓN",
        "direccion": "OBERÁ - BEATO ROQUE GONZALEZ 838",
        "localidad": "OBERÁ",
        "provincia": "Misiones",
        "email": "fergusconstructora@celobera.com.ar",
        "telefono": "03755-408035",
        "Estado AFIP": "ok",
        "CRM": "NO",
        "relevado": "-"
      }
    },
    {
      "type": "Feature",
      "geometry": {
        "type": "Point",
        "coordinates": [
          -55.894295,
          -27.3664824
        ]
      },
      "properties": {
        "Base": "Bases Misiones 2",
        "base": "Bases Misiones 2",
        "cliente": "FERBE S.R.L.",
        "nombre": "FERBE S.R.L.",
        "cuit": "30712304983",
        "rubro": "5 - CONSTRUCCIÓN",
        "direccion": "POSADAS - BOLIVAR 2017 Piso:1 Dpto:9",
        "localidad": "POSADAS",
        "provincia": "Misiones",
        "email": "ferbesrl@gmail.com",
        "telefono": "03764510100",
        "Estado AFIP": "ok",
        "CRM": "NO",
        "relevado": "-"
      }
    },
    {
      "type": "Feature",
      "geometry": {
        "type": "Point",
        "coordinates": [
          -55.8920679,
          -27.3682001
        ]
      },
      "properties": {
        "Base": "Bases Misiones 2",
        "base": "Bases Misiones 2",
        "cliente": "FERNANDO BUREK E HIJOS S.R.L.",
        "nombre": "FERNANDO BUREK E HIJOS S.R.L.",
        "cuit": "33709033889",
        "rubro": "5 - CONSTRUCCIÓN",
        "direccion": "POSADAS - CORDOBA 2458",
        "localidad": "POSADAS",
        "provincia": "Misiones",
        "email": "contadormiranda@yahoo.com.ar",
        "telefono": "3764952421",
        "Estado AFIP": "ok",
        "CRM": "NO",
        "relevado": "-"
      }
    },
    {
      "type": "Feature",
      "geometry": {
        "type": "Point",
        "coordinates": [
          -55.8985642,
          -27.387936
        ]
      },
      "properties": {
        "Base": "Bases Misiones 2",
        "base": "Bases Misiones 2",
        "cliente": "FERNANDO OSCAR CABALLERO",
        "nombre": "FERNANDO OSCAR CABALLERO",
        "cuit": "20296328317",
        "rubro": "5 - CONSTRUCCIÓN",
        "direccion": "POSADAS - MAIPU 1491",
        "localidad": "POSADAS",
        "provincia": "Misiones",
        "email": "cpmarioecheverria@gmail.com",
        "telefono": "3764729108",
        "Estado AFIP": "ok",
        "CRM": "NO",
        "relevado": "-"
      }
    },
    {
      "type": "Feature",
      "geometry": {
        "type": "Point",
        "coordinates": [
          -55.9051172,
          -27.3954045
        ]
      },
      "properties": {
        "Base": "Bases Misiones 2",
        "base": "Bases Misiones 2",
        "cliente": "FIANI AUTOMOTORES SA",
        "nombre": "FIANI AUTOMOTORES SA",
        "cuit": "30715705032",
        "rubro": "5 - CONSTRUCCIÓN",
        "direccion": "POSADAS - FRANCISCO DE HARO 5741",
        "localidad": "SALTA",
        "provincia": "Misiones",
        "email": "svallica@yahoo.com",
        "telefono": "4690535",
        "Estado AFIP": "ok",
        "CRM": "NO",
        "relevado": "-"
      }
    },
    {
      "type": "Feature",
      "geometry": {
        "type": "Point",
        "coordinates": [
          -54.8935248,
          -27.099185
        ]
      },
      "properties": {
        "Base": "Bases Misiones 2",
        "base": "Bases Misiones 2",
        "cliente": "FINKE HECTOR NORBERTO",
        "nombre": "FINKE HECTOR NORBERTO",
        "cuit": "20204959774",
        "rubro": "5 - CONSTRUCCIÓN",
        "direccion": "ARISTÓBULO DEL VALLE - RUTA NAC 14 KM 930,5",
        "localidad": "ARISTÓBULO DEL VALLE",
        "provincia": "Misiones",
        "email": "mabel.conde@hotmail.com",
        "telefono": "3755470265",
        "Estado AFIP": "ok",
        "CRM": "NO",
        "relevado": "-"
      }
    },
    {
      "type": "Feature",
      "geometry": {
        "type": "Point",
        "coordinates": [
          -54.6262079,
          -26.4048555
        ]
      },
      "properties": {
        "Base": "Bases Misiones 2",
        "base": "Bases Misiones 2",
        "cliente": "FLEITA MATIAS ALEJANDRO",
        "nombre": "FLEITA MATIAS ALEJANDRO",
        "cuit": "20433562357",
        "rubro": "5 - CONSTRUCCIÓN",
        "direccion": "ELDORADO - LA PAMPA 1265",
        "localidad": "ELDORADO",
        "provincia": "Misiones",
        "email": "mfleita107@gmail.com",
        "telefono": "",
        "Estado AFIP": "ok",
        "CRM": "NO",
        "relevado": "-"
      }
    },
    {
      "type": "Feature",
      "geometry": {
        "type": "Point",
        "coordinates": [
          -54.6262079,
          -26.4048555
        ]
      },
      "properties": {
        "Base": "Bases Misiones 2",
        "base": "Bases Misiones 2",
        "cliente": "FLORES LUCIO ANDRES",
        "nombre": "FLORES LUCIO ANDRES",
        "cuit": "20331219909",
        "rubro": "5 - CONSTRUCCIÓN",
        "direccion": "ELDORADO - RIO GUALEYAN 851",
        "localidad": "ELDORADO",
        "provincia": "Misiones",
        "email": "hancicardozo27@gmail.com",
        "telefono": "",
        "Estado AFIP": "ok",
        "CRM": "NO",
        "relevado": "-"
      }
    },
    {
      "type": "Feature",
      "geometry": {
        "type": "Point",
        "coordinates": [
          -55.894295,
          -27.3664824
        ]
      },
      "properties": {
        "Base": "Bases Misiones 2",
        "base": "Bases Misiones 2",
        "cliente": "FORC S.R.L.",
        "nombre": "FORC S.R.L.",
        "cuit": "30709532428",
        "rubro": "5 - CONSTRUCCIÓN",
        "direccion": "POSADAS - JUJUY Nº  2281",
        "localidad": "POSADAS",
        "provincia": "Misiones",
        "email": "cgproveedores@misiones.gov.ar",
        "telefono": "-",
        "Estado AFIP": "ok",
        "CRM": "NO",
        "relevado": "-"
      }
    },
    {
      "type": "Feature",
      "geometry": {
        "type": "Point",
        "coordinates": [
          -55.894295,
          -27.3664824
        ]
      },
      "properties": {
        "Base": "Bases Misiones 2",
        "base": "Bases Misiones 2",
        "cliente": "FORESTAL LA RAMA SOCIEDAD ANONIMA",
        "nombre": "FORESTAL LA RAMA SOCIEDAD ANONIMA",
        "cuit": "30604194551",
        "rubro": "5 - CONSTRUCCIÓN",
        "direccion": "POSADAS - AV ALICIA M DE JUSTO 8091",
        "localidad": "POSADAS",
        "provincia": "Misiones",
        "email": "estudiopadoanleyes@gmail.com",
        "telefono": "154730370",
        "Estado AFIP": "ok",
        "CRM": "SI",
        "relevado": "SI"
      }
    },
    {
      "type": "Feature",
      "geometry": {
        "type": "Point",
        "coordinates": [
          -55.8296552,
          -27.4837122
        ]
      },
      "properties": {
        "Base": "Bases Misiones 2",
        "base": "Bases Misiones 2",
        "cliente": "FRANCO FERNANDO ARIEL",
        "nombre": "FRANCO FERNANDO ARIEL",
        "cuit": "20273041940",
        "rubro": "5 - CONSTRUCCIÓN",
        "direccion": "GARUPA - ALMADA 0",
        "localidad": "GARUPA",
        "provincia": "Misiones",
        "email": "estudioavellaneda13@yahoo.com.ar",
        "telefono": "374518946",
        "Estado AFIP": "ok",
        "CRM": "NO",
        "relevado": "-"
      }
    },
    {
      "type": "Feature",
      "geometry": {
        "type": "Point",
        "coordinates": [
          -55.894295,
          -27.3664824
        ]
      },
      "properties": {
        "Base": "Bases Misiones 2",
        "base": "Bases Misiones 2",
        "cliente": "GENERA GROUP S. R. L.",
        "nombre": "GENERA GROUP S. R. L.",
        "cuit": "30719352754",
        "rubro": "5 - CONSTRUCCIÓN",
        "direccion": "POSADAS - ESPAÑA 3975 Piso:PB Dpto:1",
        "localidad": "POSADAS",
        "provincia": "Misiones",
        "email": "cpignaciomartinez@gmail.com",
        "telefono": "",
        "Estado AFIP": "ok",
        "CRM": "NO",
        "relevado": "-"
      }
    },
    {
      "type": "Feature",
      "geometry": {
        "type": "Point",
        "coordinates": [
          -55.9258823,
          -27.41909
        ]
      },
      "properties": {
        "Base": "Bases Misiones 2",
        "base": "Bases Misiones 2",
        "cliente": "GEOID S R L",
        "nombre": "GEOID S R L",
        "cuit": "30698084673",
        "rubro": "5 - CONSTRUCCIÓN",
        "direccion": "POSADAS - AV. PUEYRREDON 3934",
        "localidad": "POSADAS",
        "provincia": "Misiones",
        "email": "geoidsrl@gmail.com",
        "telefono": "3764597356",
        "Estado AFIP": "ok",
        "CRM": "SI",
        "relevado": "SI"
      }
    },
    {
      "type": "Feature",
      "geometry": {
        "type": "Point",
        "coordinates": [
          -55.894295,
          -27.3664824
        ]
      },
      "properties": {
        "Base": "Bases Misiones 2",
        "base": "Bases Misiones 2",
        "cliente": "GERHARD ARIEL GROSS",
        "nombre": "GERHARD ARIEL GROSS",
        "cuit": "20245374268",
        "rubro": "5 - CONSTRUCCIÓN",
        "direccion": "POSADAS - AV. M. DE JUSTO 6373",
        "localidad": "POSADAS",
        "provincia": "Misiones",
        "email": "andresjuank88@hotmail.com",
        "telefono": "03764358042",
        "Estado AFIP": "ok",
        "CRM": "NO",
        "relevado": "-"
      }
    },
    {
      "type": "Feature",
      "geometry": {
        "type": "Point",
        "coordinates": [
          -55.5392216,
          -27.2583992
        ]
      },
      "properties": {
        "Base": "Bases Misiones 2",
        "base": "Bases Misiones 2",
        "cliente": "GERMAN LUIS COMITINI",
        "nombre": "GERMAN LUIS COMITINI",
        "cuit": "20255831144",
        "rubro": "5 - CONSTRUCCIÓN",
        "direccion": "SAN IGNACIO - ROQUE SAENZ PEÑA 673",
        "localidad": "SAN IGNACIO",
        "provincia": "Misiones",
        "email": "logisticamovimientocomitini@gmail.com",
        "telefono": "3765102474",
        "Estado AFIP": "ok",
        "CRM": "NO",
        "relevado": "-"
      }
    },
    {
      "type": "Feature",
      "geometry": {
        "type": "Point",
        "coordinates": [
          -55.0573222,
          -26.928266700000002
        ]
      },
      "properties": {
        "Base": "Bases Misiones 2",
        "base": "Bases Misiones 2",
        "cliente": "GISELA MARIA WEBER",
        "nombre": "GISELA MARIA WEBER",
        "cuit": "27179522123",
        "rubro": "5 - CONSTRUCCIÓN",
        "direccion": "CAPIOVÍ - AV. SAN ALBERTO 64",
        "localidad": "CAPIOVÍ",
        "provincia": "Misiones",
        "email": "guillermomohr@hotmail.com",
        "telefono": "3743520956",
        "Estado AFIP": "ok",
        "CRM": "NO",
        "relevado": "-"
      }
    },
    {
      "type": "Feature",
      "geometry": {
        "type": "Point",
        "coordinates": [
          -55.894295,
          -27.3664824
        ]
      },
      "properties": {
        "Base": "Bases Misiones 2",
        "base": "Bases Misiones 2",
        "cliente": "GMR S. A. S.",
        "nombre": "GMR S. A. S.",
        "cuit": "30719239478",
        "rubro": "5 - CONSTRUCCIÓN",
        "direccion": "POSADAS - CATAMARCA 1817",
        "localidad": "POSADAS",
        "provincia": "Misiones",
        "email": "gmrposadas@gmail.com",
        "telefono": "",
        "Estado AFIP": "ok",
        "CRM": "NO",
        "relevado": "-"
      }
    },
    {
      "type": "Feature",
      "geometry": {
        "type": "Point",
        "coordinates": [
          -55.894295,
          -27.3664824
        ]
      },
      "properties": {
        "Base": "Bases Misiones 2",
        "base": "Bases Misiones 2",
        "cliente": "GONZALEZ AUTOMOVILES S A",
        "nombre": "GONZALEZ AUTOMOVILES S A",
        "cuit": "30683247150",
        "rubro": "5 - CONSTRUCCIÓN",
        "direccion": "POSADAS - 166 -  RUTA 12  KM. 5, 5",
        "localidad": "POSADAS",
        "provincia": "Misiones",
        "email": "administracion@gonzalezautomoviles.com.ar",
        "telefono": "3764481800",
        "Estado AFIP": "ok",
        "CRM": "SI",
        "relevado": "NO"
      }
    },
    {
      "type": "Feature",
      "geometry": {
        "type": "Point",
        "coordinates": [
          -55.894295,
          -27.3664824
        ]
      },
      "properties": {
        "Base": "Bases Misiones 2",
        "base": "Bases Misiones 2",
        "cliente": "GROUPMAD SRL",
        "nombre": "GROUPMAD SRL",
        "cuit": "30714596035",
        "rubro": "5 - CONSTRUCCIÓN",
        "direccion": "POSADAS - AV.LAVALLE 2565 Piso:0",
        "localidad": "POSADAS",
        "provincia": "Misiones",
        "email": "groupmadsrl@gmail.com",
        "telefono": "3764632020",
        "Estado AFIP": "ok",
        "CRM": "NO",
        "relevado": "-"
      }
    },
    {
      "type": "Feature",
      "geometry": {
        "type": "Point",
        "coordinates": [
          -55.894295,
          -27.3664824
        ]
      },
      "properties": {
        "Base": "Bases Misiones 2",
        "base": "Bases Misiones 2",
        "cliente": "GRUPO ARSA SRL.",
        "nombre": "GRUPO ARSA SRL.",
        "cuit": "30715019562",
        "rubro": "5 - CONSTRUCCIÓN",
        "direccion": "OBERA - ESTRADA 29 Piso:0 Dpto:0 S:0 T:0 M:0",
        "localidad": "POSADAS",
        "provincia": "Misiones",
        "email": "marianavillamayornercolini@gmail.com",
        "telefono": "3755-559594",
        "Estado AFIP": "ok",
        "CRM": "NO",
        "relevado": "-"
      }
    },
    {
      "type": "Feature",
      "geometry": {
        "type": "Point",
        "coordinates": [
          -55.894295,
          -27.3664824
        ]
      },
      "properties": {
        "Base": "Bases Misiones 2",
        "base": "Bases Misiones 2",
        "cliente": "GRUPO CUBIK S. R. L.",
        "nombre": "GRUPO CUBIK S. R. L.",
        "cuit": "30718127013",
        "rubro": "5 - CONSTRUCCIÓN",
        "direccion": "POSADAS - FLORENCIO SANCHEZ 3435 Piso:1",
        "localidad": "POSADAS",
        "provincia": "Misiones",
        "email": "juanheuer@gmail.com",
        "telefono": "",
        "Estado AFIP": "ok",
        "CRM": "NO",
        "relevado": "-"
      }
    },
    {
      "type": "Feature",
      "geometry": {
        "type": "Point",
        "coordinates": [
          -54.8874322,
          -27.0976006
        ]
      },
      "properties": {
        "Base": "Bases Misiones 2",
        "base": "Bases Misiones 2",
        "cliente": "GRUPO ONE S.R.L.",
        "nombre": "GRUPO ONE S.R.L.",
        "cuit": "30714469947",
        "rubro": "5 - CONSTRUCCIÓN",
        "direccion": "ARISTOBULO DEL VALLE - REPUBLICA 1135",
        "localidad": "ARISTOBULO DEL VALLE",
        "provincia": "Misiones",
        "email": "cpnsergiomartinez@gmail.com",
        "telefono": "",
        "Estado AFIP": "ok",
        "CRM": "NO",
        "relevado": "-"
      }
    },
    {
      "type": "Feature",
      "geometry": {
        "type": "Point",
        "coordinates": [
          -55.894295,
          -27.3664824
        ]
      },
      "properties": {
        "Base": "Bases Misiones 2",
        "base": "Bases Misiones 2",
        "cliente": "GRUPO VITALIS SOCIEDAD SIMPLE DE TRUJILLO EDELMIRO RODOLFO Y GALARZA GERARDO GASTON SECCION IV CAPITULO II S. CAP I SECC IV",
        "nombre": "GRUPO VITALIS SOCIEDAD SIMPLE DE TRUJILLO EDELMIRO RODOLFO Y GALARZA GERARDO GASTON SECCION IV CAPITULO II S. CAP I SECC IV",
        "cuit": "30718410599",
        "rubro": "5 - CONSTRUCCIÓN",
        "direccion": "POSADAS - RAMON LISTA 1160 3300 Piso:1 Dpto:I",
        "localidad": "POSADAS",
        "provincia": "Misiones",
        "email": "vitalisgerencia1@gmail.com",
        "telefono": "",
        "Estado AFIP": "ok",
        "CRM": "NO",
        "relevado": "-"
      }
    },
    {
      "type": "Feature",
      "geometry": {
        "type": "Point",
        "coordinates": [
          -55.894295,
          -27.3664824
        ]
      },
      "properties": {
        "Base": "Bases Misiones 2",
        "base": "Bases Misiones 2",
        "cliente": "GS TALLER DE ARQUITECTURA SRL",
        "nombre": "GS TALLER DE ARQUITECTURA SRL",
        "cuit": "30714874140",
        "rubro": "5 - CONSTRUCCIÓN",
        "direccion": "IGUAZÚ - FRAY MAMERTO ESQUIU 261",
        "localidad": "POSADAS",
        "provincia": "Misiones",
        "email": "cdordanielebalances@hotmail.com",
        "telefono": "3764513622",
        "Estado AFIP": "ok",
        "CRM": "NO",
        "relevado": "-"
      }
    },
    {
      "type": "Feature",
      "geometry": {
        "type": "Point",
        "coordinates": [
          -55.894295,
          -27.3664824
        ]
      },
      "properties": {
        "Base": "Bases Misiones 2",
        "base": "Bases Misiones 2",
        "cliente": "HANDICAP S.R.L.",
        "nombre": "HANDICAP S.R.L.",
        "cuit": "30710674201",
        "rubro": "5 - CONSTRUCCIÓN",
        "direccion": "POSADAS - MORITAN 1687 Piso:0 Dpto:0, POSADAS, Misiones",
        "localidad": "POSADAS",
        "provincia": "Misiones",
        "email": "impuestos@arnestudio.com",
        "telefono": "03764621000",
        "Estado AFIP": "ok",
        "CRM": "NO",
        "relevado": "-"
      }
    },
    {
      "type": "Feature",
      "geometry": {
        "type": "Point",
        "coordinates": [
          -55.894295,
          -27.3664824
        ]
      },
      "properties": {
        "Base": "Bases Misiones 2",
        "base": "Bases Misiones 2",
        "cliente": "HECTOR BENJAMIN YVANISZYN",
        "nombre": "HECTOR BENJAMIN YVANISZYN",
        "cuit": "20302337137",
        "rubro": "5 - CONSTRUCCIÓN",
        "direccion": "POSADAS - AVDA LAVALLE 4480 Piso:PB Dpto:B",
        "localidad": "POSADAS",
        "provincia": "Misiones",
        "email": "tamisyasociados@outlook.com",
        "telefono": "4432965",
        "Estado AFIP": "ok",
        "CRM": "SI",
        "relevado": "SI"
      }
    },
    {
      "type": "Feature",
      "geometry": {
        "type": "Point",
        "coordinates": [
          -55.894295,
          -27.3664824
        ]
      },
      "properties": {
        "Base": "Bases Misiones 2",
        "base": "Bases Misiones 2",
        "cliente": "HERMES CONSTRUCCIONES Y SERVICIOS S. R. L.",
        "nombre": "HERMES CONSTRUCCIONES Y SERVICIOS S. R. L.",
        "cuit": "30717338851",
        "rubro": "5 - CONSTRUCCIÓN",
        "direccion": "POSADAS - FORMOSA 3950",
        "localidad": "POSADAS",
        "provincia": "Misiones",
        "email": "estudioymaz@hotmail.com",
        "telefono": "3764335416",
        "Estado AFIP": "ok",
        "CRM": "NO",
        "relevado": "-"
      }
    },
    {
      "type": "Feature",
      "geometry": {
        "type": "Point",
        "coordinates": [
          -55.9269577,
          -27.4406616
        ]
      },
      "properties": {
        "Base": "Bases Misiones 2",
        "base": "Bases Misiones 2",
        "cliente": "HIDRA S.R.L.",
        "nombre": "HIDRA S.R.L.",
        "cuit": "30712471197",
        "rubro": "5 - CONSTRUCCIÓN",
        "direccion": "POSADAS - AV. COCOMAROLA 6550",
        "localidad": "POSADAS",
        "provincia": "Misiones",
        "email": "marielam@activosrl.com.ar",
        "telefono": "03764459025",
        "Estado AFIP": "ok",
        "CRM": "NO",
        "relevado": "-"
      }
    },
    {
      "type": "Feature",
      "geometry": {
        "type": "Point",
        "coordinates": [
          -55.9051172,
          -27.3954045
        ]
      },
      "properties": {
        "Base": "Bases Misiones 2",
        "base": "Bases Misiones 2",
        "cliente": "HIDROCON S.R.L.",
        "nombre": "HIDROCON S.R.L.",
        "cuit": "30708768606",
        "rubro": "5 - CONSTRUCCIÓN",
        "direccion": "POSADAS - AV. FRANCISCO DE HARO 4983",
        "localidad": "POSADAS",
        "provincia": "Misiones",
        "email": "impuestos@arnestudio.com",
        "telefono": "4597304",
        "Estado AFIP": "ok",
        "CRM": "NO",
        "relevado": "-"
      }
    },
    {
      "type": "Feature",
      "geometry": {
        "type": "Point",
        "coordinates": [
          -55.8981034,
          -27.3723019
        ]
      },
      "properties": {
        "Base": "Bases Misiones 2",
        "base": "Bases Misiones 2",
        "cliente": "HORMICON S.R.L.",
        "nombre": "HORMICON S.R.L.",
        "cuit": "30708086726",
        "rubro": "5 - CONSTRUCCIÓN",
        "direccion": "POSADAS - TUCUMAN 2266",
        "localidad": "POSADAS",
        "provincia": "Misiones",
        "email": "administracion@hormiconsrl.com.ar",
        "telefono": "4441113",
        "Estado AFIP": "ok",
        "CRM": "SI",
        "relevado": "NO"
      }
    },
    {
      "type": "Feature",
      "geometry": {
        "type": "Point",
        "coordinates": [
          -55.894295,
          -27.3664824
        ]
      },
      "properties": {
        "Base": "Bases Misiones 2",
        "base": "Bases Misiones 2",
        "cliente": "HORMIGONERA EL NOCHERO SA",
        "nombre": "HORMIGONERA EL NOCHERO SA",
        "cuit": "30615429038",
        "rubro": "5 - CONSTRUCCIÓN",
        "direccion": "POSADAS - RUTA NAC 12 6718",
        "localidad": "POSADAS",
        "provincia": "Misiones",
        "email": "contable@elnocherosa.com.ar",
        "telefono": "03764454200",
        "Estado AFIP": "ok",
        "CRM": "NO",
        "relevado": "-"
      }
    },
    {
      "type": "Feature",
      "geometry": {
        "type": "Point",
        "coordinates": [
          -55.9079379,
          -27.4033553
        ]
      },
      "properties": {
        "Base": "Bases Misiones 2",
        "base": "Bases Misiones 2",
        "cliente": "IGARRETA S A C I",
        "nombre": "IGARRETA S A C I",
        "cuit": "33538766769",
        "rubro": "5 - CONSTRUCCIÓN",
        "direccion": "POSADAS - Av. Quaranta 2655",
        "localidad": "CIUDAD AUTÓNOMA DE BUENOS AIRES",
        "provincia": "Misiones",
        "email": "abiondi@igarreta.com.ar",
        "telefono": "01143030291",
        "Estado AFIP": "ok",
        "CRM": "NO",
        "relevado": "-"
      }
    },
    {
      "type": "Feature",
      "geometry": {
        "type": "Point",
        "coordinates": [
          -55.8952216,
          -27.3670217
        ]
      },
      "properties": {
        "Base": "Bases Misiones 2",
        "base": "Bases Misiones 2",
        "cliente": "IMPEX ARGENTINA S R L",
        "nombre": "IMPEX ARGENTINA S R L",
        "cuit": "30682291407",
        "rubro": "5 - CONSTRUCCIÓN",
        "direccion": "POSADAS - Bolivar 1949",
        "localidad": "CORDOBA",
        "provincia": "Misiones",
        "email": "administracion@impexar.com.ar",
        "telefono": "3515167304",
        "Estado AFIP": "ok",
        "CRM": "NO",
        "relevado": "-"
      }
    },
    {
      "type": "Feature",
      "geometry": {
        "type": "Point",
        "coordinates": [
          -55.9497118,
          -27.4035083
        ]
      },
      "properties": {
        "Base": "Bases Misiones 2",
        "base": "Bases Misiones 2",
        "cliente": "INDO S.A.",
        "nombre": "INDO S.A.",
        "cuit": "30710350678",
        "rubro": "5 - CONSTRUCCIÓN",
        "direccion": "POSADAS - 64 4473",
        "localidad": "POSADAS",
        "provincia": "Misiones",
        "email": "nv2606@yahoo.es",
        "telefono": "3764467136",
        "Estado AFIP": "ok",
        "CRM": "NO",
        "relevado": "-"
      }
    },
    {
      "type": "Feature",
      "geometry": {
        "type": "Point",
        "coordinates": [
          -55.894295,
          -27.3664824
        ]
      },
      "properties": {
        "Base": "Bases Misiones 2",
        "base": "Bases Misiones 2",
        "cliente": "ING LAZARTE CONSTRUCCIONES SRL",
        "nombre": "ING LAZARTE CONSTRUCCIONES SRL",
        "cuit": "30683253053",
        "rubro": "5 - CONSTRUCCIÓN",
        "direccion": "POSADAS - BERMUDEZ 1848",
        "localidad": "POSADAS",
        "provincia": "Misiones",
        "email": "contable@inglazarte.com.ar",
        "telefono": "3764672781",
        "Estado AFIP": "ok",
        "CRM": "NO",
        "relevado": "-"
      }
    },
    {
      "type": "Feature",
      "geometry": {
        "type": "Point",
        "coordinates": [
          -55.894295,
          -27.3664824
        ]
      },
      "properties": {
        "Base": "Bases Misiones 2",
        "base": "Bases Misiones 2",
        "cliente": "ING. RESEK Y CIA S.R.L.",
        "nombre": "ING. RESEK Y CIA S.R.L.",
        "cuit": "30710482310",
        "rubro": "5 - CONSTRUCCIÓN",
        "direccion": "POSADAS - SARMIENTO Nº 2057",
        "localidad": "POSADAS",
        "provincia": "Misiones",
        "email": "info@constructoraresek.com",
        "telefono": "376 - 4427197",
        "Estado AFIP": "ok",
        "CRM": "NO",
        "relevado": "-"
      }
    },
    {
      "type": "Feature",
      "geometry": {
        "type": "Point",
        "coordinates": [
          -55.3170233,
          -27.6076365
        ]
      },
      "properties": {
        "Base": "Bases Misiones 2",
        "base": "Bases Misiones 2",
        "cliente": "INGAR SA",
        "nombre": "INGAR SA",
        "cuit": "30570851868",
        "rubro": "5 - CONSTRUCCIÓN",
        "direccion": "POSADAS - AV. LEANDRO N ALEM 2707",
        "localidad": "POSADAS",
        "provincia": "Misiones",
        "email": "administracion@ingarsa.com.ar",
        "telefono": "4427308",
        "Estado AFIP": "ok",
        "CRM": "SI",
        "relevado": "NO"
      }
    },
    {
      "type": "Feature",
      "geometry": {
        "type": "Point",
        "coordinates": [
          -55.8296552,
          -27.4837122
        ]
      },
      "properties": {
        "Base": "Bases Misiones 2",
        "base": "Bases Misiones 2",
        "cliente": "INGELECT S.R.L.",
        "nombre": "INGELECT S.R.L.",
        "cuit": "33715857869",
        "rubro": "5 - CONSTRUCCIÓN",
        "direccion": "GARUPÁ - ITATI 78",
        "localidad": "GARUPÁ",
        "provincia": "Misiones",
        "email": "ingelectsrl@gmail.com",
        "telefono": "3772469796",
        "Estado AFIP": "ok",
        "CRM": "NO",
        "relevado": "-"
      }
    },
    {
      "type": "Feature",
      "geometry": {
        "type": "Point",
        "coordinates": [
          -55.9323974,
          -27.3702679
        ]
      },
      "properties": {
        "Base": "Bases Misiones 2",
        "base": "Bases Misiones 2",
        "cliente": "INGENIERIA NEA",
        "nombre": "INGENIERIA NEA",
        "cuit": "30716705214",
        "rubro": "5 - CONSTRUCCIÓN",
        "direccion": "POSADAS - Av. Lucas Braulio Areco 4935",
        "localidad": "CORRIENTES",
        "provincia": "Misiones",
        "email": "infonea@yahoo.com.ar",
        "telefono": "1133403785",
        "Estado AFIP": "ok",
        "CRM": "NO",
        "relevado": "-"
      }
    },
    {
      "type": "Feature",
      "geometry": {
        "type": "Point",
        "coordinates": [
          -55.894295,
          -27.3664824
        ]
      },
      "properties": {
        "Base": "Bases Misiones 2",
        "base": "Bases Misiones 2",
        "cliente": "INGENIEROS & CIA S.A.",
        "nombre": "INGENIEROS & CIA S.A.",
        "cuit": "30553877039",
        "rubro": "5 - CONSTRUCCIÓN",
        "direccion": "POSADAS - AV.URUGUAY Nº 5557-PISO: 1 - OF. B",
        "localidad": "POSADAS",
        "provincia": "Misiones",
        "email": "ingenierosycompañia@gmail.com",
        "telefono": "0376-4453314",
        "Estado AFIP": "ok",
        "CRM": "NO",
        "relevado": "-"
      }
    },
    {
      "type": "Feature",
      "geometry": {
        "type": "Point",
        "coordinates": [
          -55.894295,
          -27.3664824
        ]
      },
      "properties": {
        "Base": "Bases Misiones 2",
        "base": "Bases Misiones 2",
        "cliente": "INGIENERIA DEL NORDESTE SRL",
        "nombre": "INGIENERIA DEL NORDESTE SRL",
        "cuit": "30715518267",
        "rubro": "5 - CONSTRUCCIÓN",
        "direccion": "POSADAS - RIVADAVIA 1642 Piso:3 Dpto:D",
        "localidad": "POSADAS",
        "provincia": "Misiones",
        "email": "veronicamveron@gmail.com",
        "telefono": "3764361188",
        "Estado AFIP": "ok",
        "CRM": "NO",
        "relevado": "-"
      }
    },
    {
      "type": "Feature",
      "geometry": {
        "type": "Point",
        "coordinates": [
          -55.1204226,
          -27.5037819
        ]
      },
      "properties": {
        "Base": "Bases Misiones 2",
        "base": "Bases Misiones 2",
        "cliente": "INTERCOM S.R.L.",
        "nombre": "INTERCOM S.R.L.",
        "cuit": "33715464409",
        "rubro": "5 - CONSTRUCCIÓN",
        "direccion": "OBERÁ - AV. ITALIA 742",
        "localidad": "OBERÁ",
        "provincia": "Misiones",
        "email": "kuz-eduardo@hotmail.com",
        "telefono": "3755641330",
        "Estado AFIP": "ok",
        "CRM": "NO",
        "relevado": "-"
      }
    },
    {
      "type": "Feature",
      "geometry": {
        "type": "Point",
        "coordinates": [
          -55.894295,
          -27.3664824
        ]
      },
      "properties": {
        "Base": "Bases Misiones 2",
        "base": "Bases Misiones 2",
        "cliente": "INZHENER SAS",
        "nombre": "INZHENER SAS",
        "cuit": "30717034739",
        "rubro": "5 - CONSTRUCCIÓN",
        "direccion": "POSADAS - AVENIDA ALEM 2806 Piso:5 Dpto:B",
        "localidad": "POSADAS",
        "provincia": "Misiones",
        "email": "inzhenersolucionesciviles@gmail.com",
        "telefono": "0375515507877",
        "Estado AFIP": "ok",
        "CRM": "SI",
        "relevado": "SI"
      }
    },
    {
      "type": "Feature",
      "geometry": {
        "type": "Point",
        "coordinates": [
          -55.5218103,
          -27.1063871
        ]
      },
      "properties": {
        "Base": "Bases Misiones 2",
        "base": "Bases Misiones 2",
        "cliente": "IZZI INGENIERIA SRL",
        "nombre": "IZZI INGENIERIA SRL",
        "cuit": "30707009884",
        "rubro": "5 - CONSTRUCCIÓN",
        "direccion": "CORPUS - SANTIAGO DEL ESTERO 1383",
        "localidad": "CORPUS",
        "provincia": "Misiones",
        "email": "izzi.ingenieria@gmail.com",
        "telefono": "4440270",
        "Estado AFIP": "ok",
        "CRM": "NO",
        "relevado": "-"
      }
    },
    {
      "type": "Feature",
      "geometry": {
        "type": "Point",
        "coordinates": [
          -55.894295,
          -27.3664824
        ]
      },
      "properties": {
        "Base": "Bases Misiones 2",
        "base": "Bases Misiones 2",
        "cliente": "JAVIER ANTONIO PEREIRA",
        "nombre": "JAVIER ANTONIO PEREIRA",
        "cuit": "20300937722",
        "rubro": "5 - CONSTRUCCIÓN",
        "direccion": "POSADAS - CHACRA 138 EDIFICIO 9 ESCALERA 23 0 Piso:2 Dpto:5",
        "localidad": "POSADAS",
        "provincia": "Misiones",
        "email": "veraherrerayasociados@gmail.com",
        "telefono": "0376154372368",
        "Estado AFIP": "ok",
        "CRM": "NO",
        "relevado": "-"
      }
    },
    {
      "type": "Feature",
      "geometry": {
        "type": "Point",
        "coordinates": [
          -55.0266912,
          -26.8167893
        ]
      },
      "properties": {
        "Base": "Bases Misiones 2",
        "base": "Bases Misiones 2",
        "cliente": "JAVIER HUTMANN",
        "nombre": "JAVIER HUTMANN",
        "cuit": "20307179041",
        "rubro": "5 - CONSTRUCCIÓN",
        "direccion": "PUERTO RICO - JUAN XXIII N° 200",
        "localidad": "PUERTO RICO",
        "provincia": "Misiones",
        "email": "rigips_prico@hotmail.com",
        "telefono": "3743479163",
        "Estado AFIP": "ok",
        "CRM": "NO",
        "relevado": "-"
      }
    },
    {
      "type": "Feature",
      "geometry": {
        "type": "Point",
        "coordinates": [
          -54.4866356,
          -26.9932723
        ]
      },
      "properties": {
        "Base": "Bases Misiones 2",
        "base": "Bases Misiones 2",
        "cliente": "JM CONSTRUCCIONES SRL",
        "nombre": "JM CONSTRUCCIONES SRL",
        "cuit": "30710122446",
        "rubro": "5 - CONSTRUCCIÓN",
        "direccion": "SAN VICENTE - LOTE 16-MZ D-A PALACIOS 0",
        "localidad": "SAN VICENTE",
        "provincia": "Misiones",
        "email": "koppegon@gmail.com",
        "telefono": "0375515392805",
        "Estado AFIP": "ok",
        "CRM": "NO",
        "relevado": "-"
      }
    },
    {
      "type": "Feature",
      "geometry": {
        "type": "Point",
        "coordinates": [
          -55.894295,
          -27.3664824
        ]
      },
      "properties": {
        "Base": "Bases Misiones 2",
        "base": "Bases Misiones 2",
        "cliente": "JORGE RICARDO KACHUK",
        "nombre": "JORGE RICARDO KACHUK",
        "cuit": "20149464086",
        "rubro": "5 - CONSTRUCCIÓN",
        "direccion": "POSADAS - REBOLLO Nº 2478",
        "localidad": "POSADAS",
        "provincia": "Misiones",
        "email": "jrkconstrucciones@gmail.com",
        "telefono": "376 - 4521507",
        "Estado AFIP": "ok",
        "CRM": "NO",
        "relevado": "-"
      }
    },
    {
      "type": "Feature",
      "geometry": {
        "type": "Point",
        "coordinates": [
          -54.8935248,
          -27.099185
        ]
      },
      "properties": {
        "Base": "Bases Misiones 2",
        "base": "Bases Misiones 2",
        "cliente": "JOSE LUCAS FERREIRA",
        "nombre": "JOSE LUCAS FERREIRA",
        "cuit": "20336389489",
        "rubro": "5 - CONSTRUCCIÓN",
        "direccion": "ARISTÓBULO DEL VALLE - GOBERNADOR LOPEZ  Nº 000",
        "localidad": "ARISTÓBULO DEL VALLE",
        "provincia": "Misiones",
        "email": "cgproveedores@misiones.gov.ar",
        "telefono": "-",
        "Estado AFIP": "ok",
        "CRM": "NO",
        "relevado": "-"
      }
    },
    {
      "type": "Feature",
      "geometry": {
        "type": "Point",
        "coordinates": [
          -55.9148368,
          -27.4017053
        ]
      },
      "properties": {
        "Base": "Bases Misiones 2",
        "base": "Bases Misiones 2",
        "cliente": "JOSE LUIS GAUTO",
        "nombre": "JOSE LUIS GAUTO",
        "cuit": "20235562082",
        "rubro": "5 - CONSTRUCCIÓN",
        "direccion": "POSADAS - SANTA CATALINA 1656",
        "localidad": "POSADAS",
        "provincia": "Misiones",
        "email": "obrasgauto@gmail.com",
        "telefono": "3764603317",
        "Estado AFIP": "ok",
        "CRM": "NO",
        "relevado": "-"
      }
    },
    {
      "type": "Feature",
      "geometry": {
        "type": "Point",
        "coordinates": [
          -55.5401352,
          -27.2575052
        ]
      },
      "properties": {
        "Base": "Bases Misiones 2",
        "base": "Bases Misiones 2",
        "cliente": "JOSE LUIS MONJES",
        "nombre": "JOSE LUIS MONJES",
        "cuit": "20271098120",
        "rubro": "5 - CONSTRUCCIÓN",
        "direccion": "SAN IGNACIO - LAVALLE 547",
        "localidad": "SAN IGNACIO",
        "provincia": "Misiones",
        "email": "victorescobar01@hotmail.com",
        "telefono": "3764421570",
        "Estado AFIP": "ok",
        "CRM": "NO",
        "relevado": "-"
      }
    },
    {
      "type": "Feature",
      "geometry": {
        "type": "Point",
        "coordinates": [
          -55.9326512,
          -27.4252379
        ]
      },
      "properties": {
        "Base": "Bases Misiones 2",
        "base": "Bases Misiones 2",
        "cliente": "JUAN ANTONIO BENITEZ",
        "nombre": "JUAN ANTONIO BENITEZ",
        "cuit": "20129329794",
        "rubro": "5 - CONSTRUCCIÓN",
        "direccion": "POSADAS - Cabo de Hornos 3368",
        "localidad": "POSADAS",
        "provincia": "Misiones",
        "email": "veraherrerayasociados@gmail.com",
        "telefono": "03764372368",
        "Estado AFIP": "ok",
        "CRM": "NO",
        "relevado": "-"
      }
    },
    {
      "type": "Feature",
      "geometry": {
        "type": "Point",
        "coordinates": [
          -54.6108029,
          -26.0210433
        ]
      },
      "properties": {
        "Base": "Bases Misiones 2",
        "base": "Bases Misiones 2",
        "cliente": "JUAN BORJA",
        "nombre": "JUAN BORJA",
        "cuit": "20077077384",
        "rubro": "5 - CONSTRUCCIÓN",
        "direccion": "PUERTO ESPERANZA - RIO URUGUAY Nº 387",
        "localidad": "PUERTO ESPERANZA",
        "provincia": "Misiones",
        "email": "eliz-bor@hotmail.com.ar",
        "telefono": "3757480853",
        "Estado AFIP": "ok",
        "CRM": "NO",
        "relevado": "-"
      }
    },
    {
      "type": "Feature",
      "geometry": {
        "type": "Point",
        "coordinates": [
          -55.7549174,
          -27.9139657
        ]
      },
      "properties": {
        "Base": "Bases Misiones 2",
        "base": "Bases Misiones 2",
        "cliente": "JUAN CARLOS BUTIUK",
        "nombre": "JUAN CARLOS BUTIUK",
        "cuit": "20147458879",
        "rubro": "5 - CONSTRUCCIÓN",
        "direccion": "APÓSTOLES - ALVEAR Nº1247",
        "localidad": "APÓSTOLES",
        "provincia": "Misiones",
        "email": "juancabutiuk@yahoo.com.ar",
        "telefono": "3764-426252",
        "Estado AFIP": "ok",
        "CRM": "NO",
        "relevado": "-"
      }
    },
    {
      "type": "Feature",
      "geometry": {
        "type": "Point",
        "coordinates": [
          -54.6035599,
          -26.4082468
        ]
      },
      "properties": {
        "Base": "Bases Misiones 2",
        "base": "Bases Misiones 2",
        "cliente": "KAPUSI MARCELO SEBASTIAN",
        "nombre": "KAPUSI MARCELO SEBASTIAN",
        "cuit": "20282167116",
        "rubro": "5 - CONSTRUCCIÓN",
        "direccion": "ELDORADO - AV. SAN MARTIN E 2290",
        "localidad": "ELDORADO",
        "provincia": "Misiones",
        "email": "marcekapusi@gmail.com",
        "telefono": "",
        "Estado AFIP": "ok",
        "CRM": "NO",
        "relevado": "-"
      }
    },
    {
      "type": "Feature",
      "geometry": {
        "type": "Point",
        "coordinates": [
          -55.9017879,
          -27.3942171
        ]
      },
      "properties": {
        "Base": "Bases Misiones 2",
        "base": "Bases Misiones 2",
        "cliente": "KLEKAILO WALTER HORACIO",
        "nombre": "KLEKAILO WALTER HORACIO",
        "cuit": "23176304359",
        "rubro": "5 - CONSTRUCCIÓN",
        "direccion": "POSADAS - COMANDANTE ROSALES 2061, POSADAS, Misiones",
        "localidad": "POSADAS",
        "provincia": "Misiones",
        "email": "contablekbl@gmail.com",
        "telefono": "",
        "Estado AFIP": "ok",
        "CRM": "NO",
        "relevado": "-"
      }
    },
    {
      "type": "Feature",
      "geometry": {
        "type": "Point",
        "coordinates": [
          -55.894295,
          -27.3664824
        ]
      },
      "properties": {
        "Base": "Bases Misiones 2",
        "base": "Bases Misiones 2",
        "cliente": "KOVIA S. A.",
        "nombre": "KOVIA S. A.",
        "cuit": "30719064082",
        "rubro": "5 - CONSTRUCCIÓN",
        "direccion": "POSADAS - FLORENCIO SANCHEZ 2234",
        "localidad": "POSADAS",
        "provincia": "Misiones",
        "email": "estudiocontablesclepek@gmail.com",
        "telefono": "",
        "Estado AFIP": "ok",
        "CRM": "NO",
        "relevado": "-"
      }
    },
    {
      "type": "Feature",
      "geometry": {
        "type": "Point",
        "coordinates": [
          -54.6361286,
          -27.3184329
        ]
      },
      "properties": {
        "Base": "Bases Misiones 2",
        "base": "Bases Misiones 2",
        "cliente": "KRIEGER ALBERTO NICOLAS",
        "nombre": "KRIEGER ALBERTO NICOLAS",
        "cuit": "20323052353",
        "rubro": "5 - CONSTRUCCIÓN",
        "direccion": "DESCONOCIDO - B° CRUZ DEL GALLO MANZ 608 CASA 5, APOSTOLES, Misiones",
        "localidad": "DESCONOCIDO",
        "provincia": "Misiones",
        "email": "cesar_golemba@yahoo.com.ar",
        "telefono": "",
        "Estado AFIP": "ok",
        "CRM": "NO",
        "relevado": "-"
      }
    },
    {
      "type": "Feature",
      "geometry": {
        "type": "Point",
        "coordinates": [
          -55.8296552,
          -27.4837122
        ]
      },
      "properties": {
        "Base": "Bases Misiones 2",
        "base": "Bases Misiones 2",
        "cliente": "KUHLE GRISELDA VANESA",
        "nombre": "KUHLE GRISELDA VANESA",
        "cuit": "27224884716",
        "rubro": "5 - CONSTRUCCIÓN",
        "direccion": "GARUPÁ - AGUIRRE 4025-B° VILLALONGA - GARUPA - MISIONES",
        "localidad": "GARUPÁ",
        "provincia": "Misiones",
        "email": "liendoteresita@gmail.com",
        "telefono": "",
        "Estado AFIP": "ok",
        "CRM": "SI",
        "relevado": "NO"
      }
    },
    {
      "type": "Feature",
      "geometry": {
        "type": "Point",
        "coordinates": [
          -55.9001593,
          -27.3847409
        ]
      },
      "properties": {
        "Base": "Bases Misiones 2",
        "base": "Bases Misiones 2",
        "cliente": "LA CASA DEL ENCENDIDO S.R.L.",
        "nombre": "LA CASA DEL ENCENDIDO S.R.L.",
        "cuit": "33541547849",
        "rubro": "5 - CONSTRUCCIÓN",
        "direccion": "POSADAS - AV URUGUAY 5750",
        "localidad": "POSADAS",
        "provincia": "Misiones",
        "email": "cuentas@elencendido.com.ar",
        "telefono": "4471015",
        "Estado AFIP": "ok",
        "CRM": "NO",
        "relevado": "-"
      }
    },
    {
      "type": "Feature",
      "geometry": {
        "type": "Point",
        "coordinates": [
          -55.1264875,
          -27.4931843
        ]
      },
      "properties": {
        "Base": "Bases Misiones 2",
        "base": "Bases Misiones 2",
        "cliente": "LA CONCORDE  SA",
        "nombre": "LA CONCORDE  SA",
        "cuit": "30707274561",
        "rubro": "5 - CONSTRUCCIÓN",
        "direccion": "POSADAS - Av. Lavalle Nº 3135",
        "localidad": "CONCORDIA",
        "provincia": "Misiones",
        "email": "admin@laconcorde.com.ar",
        "telefono": "525252525",
        "Estado AFIP": "ok",
        "CRM": "NO",
        "relevado": "-"
      }
    },
    {
      "type": "Feature",
      "geometry": {
        "type": "Point",
        "coordinates": [
          -55.894295,
          -27.3664824
        ]
      },
      "properties": {
        "Base": "Bases Misiones 2",
        "base": "Bases Misiones 2",
        "cliente": "LA SOLITA S.R.L.",
        "nombre": "LA SOLITA S.R.L.",
        "cuit": "30711720258",
        "rubro": "5 - CONSTRUCCIÓN",
        "direccion": "POSADAS - FELIX DE AZARA 1635 PISO:-ALTA DPTO:20 S:- T:- M:-",
        "localidad": "POSADAS",
        "provincia": "Misiones",
        "email": "paola.estudiointegral@gmail.com",
        "telefono": "4716952",
        "Estado AFIP": "ok",
        "CRM": "NO",
        "relevado": "-"
      }
    },
    {
      "type": "Feature",
      "geometry": {
        "type": "Point",
        "coordinates": [
          -55.894295,
          -27.3664824
        ]
      },
      "properties": {
        "Base": "Bases Misiones 2",
        "base": "Bases Misiones 2",
        "cliente": "LEZCANO HECTOR EVELIO",
        "nombre": "LEZCANO HECTOR EVELIO",
        "cuit": "20229171284",
        "rubro": "5 - CONSTRUCCIÓN",
        "direccion": "POSADAS - AV. LOPEZ TORRES 4331 PISO:0 DPTO:0 S:0 T:0 M:0",
        "localidad": "POSADAS",
        "provincia": "Misiones",
        "email": "karla_lezcano@hotmail.com",
        "telefono": "4453009",
        "Estado AFIP": "ok",
        "CRM": "NO",
        "relevado": "-"
      }
    },
    {
      "type": "Feature",
      "geometry": {
        "type": "Point",
        "coordinates": [
          -55.8969303,
          -27.3671553
        ]
      },
      "properties": {
        "Base": "Bases Misiones 2",
        "base": "Bases Misiones 2",
        "cliente": "LIBUTTI JOSE LUIS",
        "nombre": "LIBUTTI JOSE LUIS",
        "cuit": "20228354768",
        "rubro": "5 - CONSTRUCCIÓN",
        "direccion": "POSADAS - AYACUCHO 618",
        "localidad": "POSADAS",
        "provincia": "Misiones",
        "email": "ascontablecp@outlook.com",
        "telefono": "03764431113",
        "Estado AFIP": "ok",
        "CRM": "NO",
        "relevado": "-"
      }
    },
    {
      "type": "Feature",
      "geometry": {
        "type": "Point",
        "coordinates": [
          -55.8296552,
          -27.4837122
        ]
      },
      "properties": {
        "Base": "Bases Misiones 2",
        "base": "Bases Misiones 2",
        "cliente": "LITORCOL S. A. S.",
        "nombre": "LITORCOL S. A. S.",
        "cuit": "30717432610",
        "rubro": "5 - CONSTRUCCIÓN",
        "direccion": "GARUPA - MINERAL 3656",
        "localidad": "GARUPA",
        "provincia": "Misiones",
        "email": "impuestos.estudiointegral@gmail.com",
        "telefono": "",
        "Estado AFIP": "ok",
        "CRM": "NO",
        "relevado": "-"
      }
    },
    {
      "type": "Feature",
      "geometry": {
        "type": "Point",
        "coordinates": [
          -55.898123,
          -27.3842024
        ]
      },
      "properties": {
        "Base": "Bases Misiones 2",
        "base": "Bases Misiones 2",
        "cliente": "LOCACIONES Y SUMINISTROS SRL",
        "nombre": "LOCACIONES Y SUMINISTROS SRL",
        "cuit": "30717775135",
        "rubro": "5 - CONSTRUCCIÓN",
        "direccion": "POSADAS - Av. Cabred 1865",
        "localidad": "CIUDAD AUTONOMA BUENOS AIRES",
        "provincia": "Misiones",
        "email": "gustavopaez@hercman.com.ar",
        "telefono": "",
        "Estado AFIP": "ok",
        "CRM": "NO",
        "relevado": "-"
      }
    },
    {
      "type": "Feature",
      "geometry": {
        "type": "Point",
        "coordinates": [
          -54.6404715,
          -26.406069
        ]
      },
      "properties": {
        "Base": "Bases Misiones 2",
        "base": "Bases Misiones 2",
        "cliente": "LOWE SA",
        "nombre": "LOWE SA",
        "cuit": "30710827555",
        "rubro": "5 - CONSTRUCCIÓN",
        "direccion": "ELDORADO - AVDA SAN MARTIN \"O\" 879",
        "localidad": "ELDORADO",
        "provincia": "Misiones",
        "email": "CONTADURIA@LOWEYCIA.com.ar",
        "telefono": "3751563508",
        "Estado AFIP": "ok",
        "CRM": "NO",
        "relevado": "-"
      }
    },
    {
      "type": "Feature",
      "geometry": {
        "type": "Point",
        "coordinates": [
          -54.6262079,
          -26.4048555
        ]
      },
      "properties": {
        "Base": "Bases Misiones 2",
        "base": "Bases Misiones 2",
        "cliente": "LOWE Y CIA S A",
        "nombre": "LOWE Y CIA S A",
        "cuit": "30518137960",
        "rubro": "5 - CONSTRUCCIÓN",
        "direccion": "ELDORADO - AV SAN MARTIN \"O\" 873/ 879",
        "localidad": "ELDORADO",
        "provincia": "Misiones",
        "email": "rangeremilio02@gmail.com",
        "telefono": "5515165151",
        "Estado AFIP": "ok",
        "CRM": "NO",
        "relevado": "-"
      }
    },
    {
      "type": "Feature",
      "geometry": {
        "type": "Point",
        "coordinates": [
          -55.8920679,
          -27.3682001
        ]
      },
      "properties": {
        "Base": "Bases Misiones 2",
        "base": "Bases Misiones 2",
        "cliente": "LUCAS EZEQUIEL GONZALEZ",
        "nombre": "LUCAS EZEQUIEL GONZALEZ",
        "cuit": "20322288507",
        "rubro": "5 - CONSTRUCCIÓN",
        "direccion": "POSADAS - CORDOBA 2230",
        "localidad": "POSADAS",
        "provincia": "Misiones",
        "email": "rofigueredo2620@gmail.com",
        "telefono": "03764628571",
        "Estado AFIP": "ok",
        "CRM": "NO",
        "relevado": "-"
      }
    },
    {
      "type": "Feature",
      "geometry": {
        "type": "Point",
        "coordinates": [
          -53.6467366,
          -26.2553959
        ]
      },
      "properties": {
        "Base": "Bases Misiones 2",
        "base": "Bases Misiones 2",
        "cliente": "LUCAS HERNAN BOLOGNA",
        "nombre": "LUCAS HERNAN BOLOGNA",
        "cuit": "20284208294",
        "rubro": "5 - CONSTRUCCIÓN",
        "direccion": "BERNARDO DE IRIGOYEN - CASA 8 - MZ. 53 - Bº SOBERANIA",
        "localidad": "BERNARDO DE IRIGOYEN",
        "provincia": "Misiones",
        "email": "bolognalucas@hotmail.com",
        "telefono": "3741404291",
        "Estado AFIP": "ok",
        "CRM": "NO",
        "relevado": "-"
      }
    },
    {
      "type": "Feature",
      "geometry": {
        "type": "Point",
        "coordinates": [
          -55.3170304,
          -27.6111333
        ]
      },
      "properties": {
        "Base": "Bases Misiones 2",
        "base": "Bases Misiones 2",
        "cliente": "LUCAS JEREMIAS SOTO ACTIS",
        "nombre": "LUCAS JEREMIAS SOTO ACTIS",
        "cuit": "20304839296",
        "rubro": "5 - CONSTRUCCIÓN",
        "direccion": "POSADAS - CALLE 24  NRO 4824",
        "localidad": "ITUZAINGÓ",
        "provincia": "Misiones",
        "email": "viviana_ngomez@hotmail.com",
        "telefono": "03764542478",
        "Estado AFIP": "ok",
        "CRM": "NO",
        "relevado": "-"
      }
    },
    {
      "type": "Feature",
      "geometry": {
        "type": "Point",
        "coordinates": [
          -54.4866356,
          -26.9932723
        ]
      },
      "properties": {
        "Base": "Bases Misiones 2",
        "base": "Bases Misiones 2",
        "cliente": "LUIS ALBERTO YVANISZYN",
        "nombre": "LUIS ALBERTO YVANISZYN",
        "cuit": "20235310385",
        "rubro": "5 - CONSTRUCCIÓN",
        "direccion": "SAN VICENTE - LELOIR 119",
        "localidad": "SAN VICENTE",
        "provincia": "Misiones",
        "email": "zestudiocontable@gmail.com",
        "telefono": "03743460597",
        "Estado AFIP": "ok",
        "CRM": "SI",
        "relevado": "NO"
      }
    },
    {
      "type": "Feature",
      "geometry": {
        "type": "Point",
        "coordinates": [
          -55.894295,
          -27.3664824
        ]
      },
      "properties": {
        "Base": "Bases Misiones 2",
        "base": "Bases Misiones 2",
        "cliente": "M.T.E. CONSTRUCCIONES S.R.L.",
        "nombre": "M.T.E. CONSTRUCCIONES S.R.L.",
        "cuit": "30716597969",
        "rubro": "5 - CONSTRUCCIÓN",
        "direccion": "POSADAS - CALLE 182, CASA 6712 0",
        "localidad": "POSADAS",
        "provincia": "Misiones",
        "email": "paola.estudiointegral@gmail.com",
        "telefono": "4773316",
        "Estado AFIP": "ok",
        "CRM": "NO",
        "relevado": "-"
      }
    },
    {
      "type": "Feature",
      "geometry": {
        "type": "Point",
        "coordinates": [
          -55.3170233,
          -27.6076365
        ]
      },
      "properties": {
        "Base": "Bases Misiones 2",
        "base": "Bases Misiones 2",
        "cliente": "MACEVA SA",
        "nombre": "MACEVA SA",
        "cuit": "30502556106",
        "rubro": "5 - CONSTRUCCIÓN",
        "direccion": "POSADAS - AV. LEANDRO N. ALEM 3995",
        "localidad": "POSADAS",
        "provincia": "Misiones",
        "email": "macevasa@gmail.com",
        "telefono": "03764461235",
        "Estado AFIP": "ok",
        "CRM": "NO",
        "relevado": "-"
      }
    },
    {
      "type": "Feature",
      "geometry": {
        "type": "Point",
        "coordinates": [
          -55.894295,
          -27.3664824
        ]
      },
      "properties": {
        "Base": "Bases Misiones 2",
        "base": "Bases Misiones 2",
        "cliente": "MACRO INGENIERIA SOCIEDAD DE HECHO DE CELIA ELENA GALEANO Y MAURICIO DANIEL MELGAREJO",
        "nombre": "MACRO INGENIERIA SOCIEDAD DE HECHO DE CELIA ELENA GALEANO Y MAURICIO DANIEL MELGAREJO",
        "cuit": "30714822000",
        "rubro": "5 - CONSTRUCCIÓN",
        "direccion": "POSADAS - TIERRA DEL FUEGO 1491 Piso:- Dpto:- S:- T:- M:-",
        "localidad": "POSADAS",
        "provincia": "Misiones",
        "email": "juanpomar@hotmail.com",
        "telefono": "3764616251",
        "Estado AFIP": "ok",
        "CRM": "NO",
        "relevado": "-"
      }
    },
    {
      "type": "Feature",
      "geometry": {
        "type": "Point",
        "coordinates": [
          -55.894295,
          -27.3664824
        ]
      },
      "properties": {
        "Base": "Bases Misiones 2",
        "base": "Bases Misiones 2",
        "cliente": "MANGLAR CONSTRUCCIONES S.R.L.",
        "nombre": "MANGLAR CONSTRUCCIONES S.R.L.",
        "cuit": "30715077643",
        "rubro": "5 - CONSTRUCCIÓN",
        "direccion": "POSADAS - MORITAN Nº 2145",
        "localidad": "POSADAS",
        "provincia": "Misiones",
        "email": "cgproveedores@misiones.gov.ar",
        "telefono": "0376-4431113",
        "Estado AFIP": "ok",
        "CRM": "NO",
        "relevado": "-"
      }
    },
    {
      "type": "Feature",
      "geometry": {
        "type": "Point",
        "coordinates": [
          -55.894295,
          -27.3664824
        ]
      },
      "properties": {
        "Base": "Bases Misiones 2",
        "base": "Bases Misiones 2",
        "cliente": "MARCELO MANUEL PIRES",
        "nombre": "MARCELO MANUEL PIRES",
        "cuit": "20292103329",
        "rubro": "5 - CONSTRUCCIÓN",
        "direccion": "POSADAS - FRANCIA 3910",
        "localidad": "POSADAS",
        "provincia": "Misiones",
        "email": "florentinsol@hotmail.com",
        "telefono": "3764331558",
        "Estado AFIP": "ok",
        "CRM": "SI",
        "relevado": "NO"
      }
    },
    {
      "type": "Feature",
      "geometry": {
        "type": "Point",
        "coordinates": [
          -55.894295,
          -27.3664824
        ]
      },
      "properties": {
        "Base": "Bases Misiones 2",
        "base": "Bases Misiones 2",
        "cliente": "MARCHENA S. A.",
        "nombre": "MARCHENA S. A.",
        "cuit": "30717251942",
        "rubro": "5 - CONSTRUCCIÓN",
        "direccion": "POSADAS - SUECIA 2915",
        "localidad": "POSADAS",
        "provincia": "Misiones",
        "email": "mauricio.pizzuti@automision.com.ar",
        "telefono": "",
        "Estado AFIP": "ok",
        "CRM": "NO",
        "relevado": "-"
      }
    },
    {
      "type": "Feature",
      "geometry": {
        "type": "Point",
        "coordinates": [
          -55.7801147,
          -27.7700457
        ]
      },
      "properties": {
        "Base": "Bases Misiones 2",
        "base": "Bases Misiones 2",
        "cliente": "MARCOS PEDRO CATALDO",
        "nombre": "MARCOS PEDRO CATALDO",
        "cuit": "20106749400",
        "rubro": "5 - CONSTRUCCIÓN",
        "direccion": "SAN JOSÉ - QUINTA Nº 8 - Bª DON BOSCO",
        "localidad": "SAN JOSÉ",
        "provincia": "Misiones",
        "email": "astasociados@gmail.com",
        "telefono": "0376-4866083",
        "Estado AFIP": "ok",
        "CRM": "NO",
        "relevado": "-"
      }
    },
    {
      "type": "Feature",
      "geometry": {
        "type": "Point",
        "coordinates": [
          -55.1202965,
          -27.4849798
        ]
      },
      "properties": {
        "Base": "Bases Misiones 2",
        "base": "Bases Misiones 2",
        "cliente": "MARDIROSSIAN ALEJANDRO GABRIEL",
        "nombre": "MARDIROSSIAN ALEJANDRO GABRIEL",
        "cuit": "20318349070",
        "rubro": "5 - CONSTRUCCIÓN",
        "direccion": "OBERA - SALTO ESCONDIDO 76",
        "localidad": "OBERA",
        "provincia": "Misiones",
        "email": "marianavillamayornercolini@gmail.com",
        "telefono": "",
        "Estado AFIP": "ok",
        "CRM": "NO",
        "relevado": "-"
      }
    },
    {
      "type": "Feature",
      "geometry": {
        "type": "Point",
        "coordinates": [
          -55.5392216,
          -27.2583992
        ]
      },
      "properties": {
        "Base": "Bases Misiones 2",
        "base": "Bases Misiones 2",
        "cliente": "MARIA ELISABET KARABIN",
        "nombre": "MARIA ELISABET KARABIN",
        "cuit": "27310974051",
        "rubro": "5 - CONSTRUCCIÓN",
        "direccion": "SAN IGNACIO - BELGRANO 0 Piso:0 Dpto:0",
        "localidad": "SAN IGNACIO",
        "provincia": "Misiones",
        "email": "gestionestudioshc@gmail.com",
        "telefono": "3764540787",
        "Estado AFIP": "ok",
        "CRM": "NO",
        "relevado": "-"
      }
    },
    {
      "type": "Feature",
      "geometry": {
        "type": "Point",
        "coordinates": [
          -55.894295,
          -27.3664824
        ]
      },
      "properties": {
        "Base": "Bases Misiones 2",
        "base": "Bases Misiones 2",
        "cliente": "MARTA ALICIA CAPKO",
        "nombre": "MARTA ALICIA CAPKO",
        "cuit": "23213036424",
        "rubro": "5 - CONSTRUCCIÓN",
        "direccion": "POSADAS - LUCHO PEREZ 121 2340 Piso:0 Dpto:0 S:0 T:0 M:0",
        "localidad": "POSADAS",
        "provincia": "Misiones",
        "email": "panificadossalinas@gmail.com",
        "telefono": "3764893519",
        "Estado AFIP": "ok",
        "CRM": "NO",
        "relevado": "-"
      }
    },
    {
      "type": "Feature",
      "geometry": {
        "type": "Point",
        "coordinates": [
          -55.884823,
          -27.4263208
        ]
      },
      "properties": {
        "Base": "Bases Misiones 2",
        "base": "Bases Misiones 2",
        "cliente": "MATA NEGRA  SOCIEDAD ANONIMA",
        "nombre": "MATA NEGRA  SOCIEDAD ANONIMA",
        "cuit": "30708152680",
        "rubro": "5 - CONSTRUCCIÓN",
        "direccion": "POSADAS - YAPEGUAY 3866",
        "localidad": "RÍO GALLEGOS",
        "provincia": "Misiones",
        "email": "info@i-contable.com.ar",
        "telefono": "308808",
        "Estado AFIP": "ok",
        "CRM": "NO",
        "relevado": "-"
      }
    },
    {
      "type": "Feature",
      "geometry": {
        "type": "Point",
        "coordinates": [
          -54.6029663,
          -26.2360274
        ]
      },
      "properties": {
        "Base": "Bases Misiones 2",
        "base": "Bases Misiones 2",
        "cliente": "MATIAS RAMON SOSA",
        "nombre": "MATIAS RAMON SOSA",
        "cuit": "20350156691",
        "rubro": "5 - CONSTRUCCIÓN",
        "direccion": "COLONIA DELICIA - EX - RUTA 12 - Bº AMISTAD",
        "localidad": "COLONIA DELICIA",
        "provincia": "Misiones",
        "email": "matisosa@live.com.ar",
        "telefono": "3751 - 662636",
        "Estado AFIP": "ok",
        "CRM": "NO",
        "relevado": "-"
      }
    },
    {
      "type": "Feature",
      "geometry": {
        "type": "Point",
        "coordinates": [
          -55.894295,
          -27.3664824
        ]
      },
      "properties": {
        "Base": "Bases Misiones 2",
        "base": "Bases Misiones 2",
        "cliente": "MAXIMILIANO ARIEL ESPINOLA",
        "nombre": "MAXIMILIANO ARIEL ESPINOLA",
        "cuit": "20330120100",
        "rubro": "5 - CONSTRUCCIÓN",
        "direccion": "POSADAS - NEUQUEN 4261",
        "localidad": "POSADAS",
        "provincia": "Misiones",
        "email": "maximiliano.espinola@gmail.com",
        "telefono": "3517640339",
        "Estado AFIP": "ok",
        "CRM": "NO",
        "relevado": "-"
      }
    },
    {
      "type": "Feature",
      "geometry": {
        "type": "Point",
        "coordinates": [
          -55.898123,
          -27.3842024
        ]
      },
      "properties": {
        "Base": "Bases Misiones 2",
        "base": "Bases Misiones 2",
        "cliente": "MEGA SEGURIDAD SRL",
        "nombre": "MEGA SEGURIDAD SRL",
        "cuit": "30714285854",
        "rubro": "5 - CONSTRUCCIÓN",
        "direccion": "POSADAS - AV. CABRED 2372",
        "localidad": "POSADAS",
        "provincia": "Misiones",
        "email": "andujarestudio@gmail.com",
        "telefono": "3764420930",
        "Estado AFIP": "ok",
        "CRM": "NO",
        "relevado": "-"
      }
    },
    {
      "type": "Feature",
      "geometry": {
        "type": "Point",
        "coordinates": [
          -54.6361286,
          -27.3184329
        ]
      },
      "properties": {
        "Base": "Bases Misiones 2",
        "base": "Bases Misiones 2",
        "cliente": "MELENZANE S A",
        "nombre": "MELENZANE S A",
        "cuit": "30637175706",
        "rubro": "5 - CONSTRUCCIÓN",
        "direccion": "POSADAS - AV.ROQUE PEREZ 2444 - PISO 2 , POSADAS, Misiones",
        "localidad": "DESCONOCIDO",
        "provincia": "Misiones",
        "email": "clientescefiro@gmail.com",
        "telefono": "01146422400",
        "Estado AFIP": "ok",
        "CRM": "NO",
        "relevado": "-"
      }
    },
    {
      "type": "Feature",
      "geometry": {
        "type": "Point",
        "coordinates": [
          -55.894295,
          -27.3664824
        ]
      },
      "properties": {
        "Base": "Bases Misiones 2",
        "base": "Bases Misiones 2",
        "cliente": "MENDOZA CONSTRUCCIONES S.R.L.",
        "nombre": "MENDOZA CONSTRUCCIONES S.R.L.",
        "cuit": "30714212652",
        "rubro": "5 - CONSTRUCCIÓN",
        "direccion": "POSADAS - ISLA SAN PEDRO 9569",
        "localidad": "POSADAS",
        "provincia": "Misiones",
        "email": "mendozaconstrucciones.srl@gmail.com",
        "telefono": "376711416",
        "Estado AFIP": "ok",
        "CRM": "NO",
        "relevado": "-"
      }
    },
    {
      "type": "Feature",
      "geometry": {
        "type": "Point",
        "coordinates": [
          -55.894295,
          -27.3664824
        ]
      },
      "properties": {
        "Base": "Bases Misiones 2",
        "base": "Bases Misiones 2",
        "cliente": "METALGRAF SRL",
        "nombre": "METALGRAF SRL",
        "cuit": "30714035181",
        "rubro": "5 - CONSTRUCCIÓN",
        "direccion": "POSADAS - YERBAL 4861",
        "localidad": "POSADAS",
        "provincia": "Misiones",
        "email": "germansimes@gmail.com",
        "telefono": "4429616",
        "Estado AFIP": "ok",
        "CRM": "NO",
        "relevado": "-"
      }
    },
    {
      "type": "Feature",
      "geometry": {
        "type": "Point",
        "coordinates": [
          -55.7549174,
          -27.9139657
        ]
      },
      "properties": {
        "Base": "Bases Misiones 2",
        "base": "Bases Misiones 2",
        "cliente": "MEZA RUBEN DAVID",
        "nombre": "MEZA RUBEN DAVID",
        "cuit": "20115264630",
        "rubro": "5 - CONSTRUCCIÓN",
        "direccion": "APÓSTOLES - UCRANIA 1216, APOSTOLES, Misiones",
        "localidad": "APÓSTOLES",
        "provincia": "Misiones",
        "email": "jlsafran@hotmail.com",
        "telefono": "03758482845",
        "Estado AFIP": "ok",
        "CRM": "NO",
        "relevado": "-"
      }
    },
    {
      "type": "Feature",
      "geometry": {
        "type": "Point",
        "coordinates": [
          -55.2296101,
          -27.0384763
        ]
      },
      "properties": {
        "Base": "Bases Misiones 2",
        "base": "Bases Misiones 2",
        "cliente": "MF S.R.L.",
        "nombre": "MF S.R.L.",
        "cuit": "30715959166",
        "rubro": "5 - CONSTRUCCIÓN",
        "direccion": "JARDÍN AMÉRICA - ACONCAGUA 115",
        "localidad": "JARDÍN AMÉRICA",
        "provincia": "Misiones",
        "email": "laurarodriguez2691@gmail.com",
        "telefono": "03764605326",
        "Estado AFIP": "ok",
        "CRM": "NO",
        "relevado": "-"
      }
    },
    {
      "type": "Feature",
      "geometry": {
        "type": "Point",
        "coordinates": [
          -55.894295,
          -27.3664824
        ]
      },
      "properties": {
        "Base": "Bases Misiones 2",
        "base": "Bases Misiones 2",
        "cliente": "MIGUEL ANGEL BRESKA",
        "nombre": "MIGUEL ANGEL BRESKA",
        "cuit": "20201175608",
        "rubro": "5 - CONSTRUCCIÓN",
        "direccion": "POSADAS - CH.150 - DPTO. 9 P.B.",
        "localidad": "POSADAS",
        "provincia": "Misiones",
        "email": "miguelbreska@hotmail.com",
        "telefono": "3764 - 378343",
        "Estado AFIP": "ok",
        "CRM": "NO",
        "relevado": "-"
      }
    },
    {
      "type": "Feature",
      "geometry": {
        "type": "Point",
        "coordinates": [
          -55.894295,
          -27.3664824
        ]
      },
      "properties": {
        "Base": "Bases Misiones 2",
        "base": "Bases Misiones 2",
        "cliente": "MIGUEL ANGEL CIEJOVICZ",
        "nombre": "MIGUEL ANGEL CIEJOVICZ",
        "cuit": "20142588987",
        "rubro": "5 - CONSTRUCCIÓN",
        "direccion": "POSADAS - SALTA 2275 (EX 112)",
        "localidad": "POSADAS",
        "provincia": "Misiones",
        "email": "maciejo_adm@hotmail.com",
        "telefono": "3764205246",
        "Estado AFIP": "ok",
        "CRM": "NO",
        "relevado": "-"
      }
    },
    {
      "type": "Feature",
      "geometry": {
        "type": "Point",
        "coordinates": [
          -55.894295,
          -27.3664824
        ]
      },
      "properties": {
        "Base": "Bases Misiones 2",
        "base": "Bases Misiones 2",
        "cliente": "MILKO IVAN HALBERSTADT",
        "nombre": "MILKO IVAN HALBERSTADT",
        "cuit": "23221074319",
        "rubro": "5 - CONSTRUCCIÓN",
        "direccion": "POSADAS - RUTA 14 SN",
        "localidad": "POSADAS",
        "provincia": "Misiones",
        "email": "oficinarrz@gmail.com",
        "telefono": "3764252743",
        "Estado AFIP": "ok",
        "CRM": "NO",
        "relevado": "-"
      }
    },
    {
      "type": "Feature",
      "geometry": {
        "type": "Point",
        "coordinates": [
          -55.894295,
          -27.3664824
        ]
      },
      "properties": {
        "Base": "Bases Misiones 2",
        "base": "Bases Misiones 2",
        "cliente": "MISIOCORP SRL",
        "nombre": "MISIOCORP SRL",
        "cuit": "30712369007",
        "rubro": "5 - CONSTRUCCIÓN",
        "direccion": "POSADAS - SAN JUAN 1897 Piso:0 Dpto:0 S:0 T:0 M:0",
        "localidad": "POSADAS",
        "provincia": "Misiones",
        "email": "misiocorp-cataratas@hotmail.com",
        "telefono": "3764565572",
        "Estado AFIP": "ok",
        "CRM": "NO",
        "relevado": "-"
      }
    },
    {
      "type": "Feature",
      "geometry": {
        "type": "Point",
        "coordinates": [
          -54.5861439,
          -25.6009429
        ]
      },
      "properties": {
        "Base": "Bases Misiones 2",
        "base": "Bases Misiones 2",
        "cliente": "N.E.A. SERVICIOS INTEGRALES S.R.L.",
        "nombre": "N.E.A. SERVICIOS INTEGRALES S.R.L.",
        "cuit": "30709257311",
        "rubro": "5 - CONSTRUCCIÓN",
        "direccion": "POSADAS - pasaje 68B 1795 1ro A, POSADAS, Misiones",
        "localidad": "CORRIENTES",
        "provincia": "Misiones",
        "email": "dfe.liber@gmail.com",
        "telefono": "3794342787",
        "Estado AFIP": "ok",
        "CRM": "NO",
        "relevado": "-"
      }
    },
    {
      "type": "Feature",
      "geometry": {
        "type": "Point",
        "coordinates": [
          -54.6262079,
          -26.4048555
        ]
      },
      "properties": {
        "Base": "Bases Misiones 2",
        "base": "Bases Misiones 2",
        "cliente": "NARCISO LUIS ALBERTO",
        "nombre": "NARCISO LUIS ALBERTO",
        "cuit": "20253155869",
        "rubro": "5 - CONSTRUCCIÓN",
        "direccion": "ELDORADO - MATIENZO 145 Piso:0 Dpto:0",
        "localidad": "ELDORADO",
        "provincia": "Misiones",
        "email": "crackarinagonzalez@gmail.com",
        "telefono": "",
        "Estado AFIP": "ok",
        "CRM": "NO",
        "relevado": "-"
      }
    },
    {
      "type": "Feature",
      "geometry": {
        "type": "Point",
        "coordinates": [
          -54.8150234,
          -26.6750074
        ]
      },
      "properties": {
        "Base": "Bases Misiones 2",
        "base": "Bases Misiones 2",
        "cliente": "NELSON JORGE HARTWIG",
        "nombre": "NELSON JORGE HARTWIG",
        "cuit": "20109280101",
        "rubro": "5 - CONSTRUCCIÓN",
        "direccion": "EL ALCÁZAR - RUTA 11",
        "localidad": "EL ALCÁZAR",
        "provincia": "Misiones",
        "email": "estudio.estudiomeili@gmail.com",
        "telefono": "3751541190",
        "Estado AFIP": "ok",
        "CRM": "SI",
        "relevado": "NO"
      }
    },
    {
      "type": "Feature",
      "geometry": {
        "type": "Point",
        "coordinates": [
          -55.1121801,
          -27.5041319
        ]
      },
      "properties": {
        "Base": "Bases Misiones 2",
        "base": "Bases Misiones 2",
        "cliente": "NEUENDORF CRISTIAN EDUARDO",
        "nombre": "NEUENDORF CRISTIAN EDUARDO",
        "cuit": "20323202169",
        "rubro": "5 - CONSTRUCCIÓN",
        "direccion": "OBERA - UCRANIA 1150",
        "localidad": "OBERA",
        "provincia": "Misiones",
        "email": "energen.obera@gmail.com",
        "telefono": "3755681908",
        "Estado AFIP": "ok",
        "CRM": "SI",
        "relevado": "SI"
      }
    },
    {
      "type": "Feature",
      "geometry": {
        "type": "Point",
        "coordinates": [
          -55.894295,
          -27.3664824
        ]
      },
      "properties": {
        "Base": "Bases Misiones 2",
        "base": "Bases Misiones 2",
        "cliente": "NIETOS CONSTRUCCIONES S.R.L.",
        "nombre": "NIETOS CONSTRUCCIONES S.R.L.",
        "cuit": "30716364689",
        "rubro": "5 - CONSTRUCCIÓN",
        "direccion": "POSADAS - AV. BLAS PARERA N°3751",
        "localidad": "POSADAS",
        "provincia": "Misiones",
        "email": "nietoconstruccionessrl@gmail.com",
        "telefono": "376-4655777",
        "Estado AFIP": "ok",
        "CRM": "NO",
        "relevado": "-"
      }
    },
    {
      "type": "Feature",
      "geometry": {
        "type": "Point",
        "coordinates": [
          -54.4866356,
          -26.9932723
        ]
      },
      "properties": {
        "Base": "Bases Misiones 2",
        "base": "Bases Misiones 2",
        "cliente": "NILOH S. R. L.",
        "nombre": "NILOH S. R. L.",
        "cuit": "30712723307",
        "rubro": "5 - CONSTRUCCIÓN",
        "direccion": "SAN VICENTE - FALUCHO 1100  Dpto:1",
        "localidad": "SAN VICENTE",
        "provincia": "Misiones",
        "email": "nilohsanvicente@gmail.com",
        "telefono": "",
        "Estado AFIP": "ok",
        "CRM": "NO",
        "relevado": "-"
      }
    },
    {
      "type": "Feature",
      "geometry": {
        "type": "Point",
        "coordinates": [
          -55.8959477,
          -27.3734695
        ]
      },
      "properties": {
        "Base": "Bases Misiones 2",
        "base": "Bases Misiones 2",
        "cliente": "NORDESTE PERFORACIONES SRL",
        "nombre": "NORDESTE PERFORACIONES SRL",
        "cuit": "30709938378",
        "rubro": "5 - CONSTRUCCIÓN",
        "direccion": "POSADAS - SANTIAGO DEL ESTERO 1709",
        "localidad": "POSADAS",
        "provincia": "Misiones",
        "email": "estudiopadoanleyes@gmail.com",
        "telefono": "3764723330",
        "Estado AFIP": "ok",
        "CRM": "NO",
        "relevado": "-"
      }
    },
    {
      "type": "Feature",
      "geometry": {
        "type": "Point",
        "coordinates": [
          -55.1433931,
          -27.4942886
        ]
      },
      "properties": {
        "Base": "Bases Misiones 2",
        "base": "Bases Misiones 2",
        "cliente": "NORTE RODADOS S.A.",
        "nombre": "NORTE RODADOS S.A.",
        "cuit": "30708489731",
        "rubro": "5 - CONSTRUCCIÓN",
        "direccion": "GARUPÁ - RUTA NACIONAL Nº 12 - KM.12 -SECC 005- MZ 197 - PARC 1",
        "localidad": "RESISTENCIA",
        "provincia": "Misiones",
        "email": "administracionmisiones@norterodadossa.com.ar",
        "telefono": "0376 - 4599264",
        "Estado AFIP": "ok",
        "CRM": "SI",
        "relevado": "NO"
      }
    },
    {
      "type": "Feature",
      "geometry": {
        "type": "Point",
        "coordinates": [
          -55.894295,
          -27.3664824
        ]
      },
      "properties": {
        "Base": "Bases Misiones 2",
        "base": "Bases Misiones 2",
        "cliente": "NR CONSTRUCCIONES SA",
        "nombre": "NR CONSTRUCCIONES SA",
        "cuit": "33629395429",
        "rubro": "5 - CONSTRUCCIÓN",
        "direccion": "POSADAS - MONSEÑOR DE ANDREA Nº 4345",
        "localidad": "POSADAS",
        "provincia": "Misiones",
        "email": "nrconstrucciones2015@gmail.com",
        "telefono": "03764476600",
        "Estado AFIP": "ok",
        "CRM": "SI",
        "relevado": "SI"
      }
    },
    {
      "type": "Feature",
      "geometry": {
        "type": "Point",
        "coordinates": [
          -55.894295,
          -27.3664824
        ]
      },
      "properties": {
        "Base": "Bases Misiones 2",
        "base": "Bases Misiones 2",
        "cliente": "OASIS SA",
        "nombre": "OASIS SA",
        "cuit": "30672391667",
        "rubro": "5 - CONSTRUCCIÓN",
        "direccion": "POSADAS - FELIX DE AZARA 1872 Piso:15 Dpto:D",
        "localidad": "POSADAS",
        "provincia": "Misiones",
        "email": "nelsonspotorno@icloud.com",
        "telefono": "3764-439458",
        "Estado AFIP": "ok",
        "CRM": "NO",
        "relevado": "-"
      }
    },
    {
      "type": "Feature",
      "geometry": {
        "type": "Point",
        "coordinates": [
          -55.894295,
          -27.3664824
        ]
      },
      "properties": {
        "Base": "Bases Misiones 2",
        "base": "Bases Misiones 2",
        "cliente": "OMROS S. A. S.",
        "nombre": "OMROS S. A. S.",
        "cuit": "30719070899",
        "rubro": "5 - CONSTRUCCIÓN",
        "direccion": "POSADAS - AVENIDA ZAPIOLA Y AVENIDA CENTENARIO 0",
        "localidad": "POSADAS",
        "provincia": "Misiones",
        "email": "contadora.aldanaforlenza@gmail.com",
        "telefono": "",
        "Estado AFIP": "ok",
        "CRM": "NO",
        "relevado": "-"
      }
    },
    {
      "type": "Feature",
      "geometry": {
        "type": "Point",
        "coordinates": [
          -54.6262079,
          -26.4048555
        ]
      },
      "properties": {
        "Base": "Bases Misiones 2",
        "base": "Bases Misiones 2",
        "cliente": "ORUE LEILA AGUSTINA",
        "nombre": "ORUE LEILA AGUSTINA",
        "cuit": "27430415676",
        "rubro": "5 - CONSTRUCCIÓN",
        "direccion": "ELDORADO - CARACAS 1060",
        "localidad": "ELDORADO",
        "provincia": "Misiones",
        "email": "leluorue19@gmail.com",
        "telefono": "",
        "Estado AFIP": "ok",
        "CRM": "NO",
        "relevado": "-"
      }
    },
    {
      "type": "Feature",
      "geometry": {
        "type": "Point",
        "coordinates": [
          -55.894295,
          -27.3664824
        ]
      },
      "properties": {
        "Base": "Bases Misiones 2",
        "base": "Bases Misiones 2",
        "cliente": "PABLO JAVIER ANDRUSYSZYN",
        "nombre": "PABLO JAVIER ANDRUSYSZYN",
        "cuit": "20240081947",
        "rubro": "5 - CONSTRUCCIÓN",
        "direccion": "POSADAS - ESTADO DE ISRAEL Nº 5771",
        "localidad": "POSADAS",
        "provincia": "Misiones",
        "email": "cgproveedores@misiones.gov.ar",
        "telefono": "0376-4451783",
        "Estado AFIP": "ok",
        "CRM": "NO",
        "relevado": "-"
      }
    },
    {
      "type": "Feature",
      "geometry": {
        "type": "Point",
        "coordinates": [
          -55.8296552,
          -27.4837122
        ]
      },
      "properties": {
        "Base": "Bases Misiones 2",
        "base": "Bases Misiones 2",
        "cliente": "PAEZ CLAUDIA ELIZABETH",
        "nombre": "PAEZ CLAUDIA ELIZABETH",
        "cuit": "23251994544",
        "rubro": "5 - CONSTRUCCIÓN",
        "direccion": "GARUPÁ - AV. PERON - LOTE 5",
        "localidad": "GARUPÁ",
        "provincia": "Misiones",
        "email": "estudioschubert@gmail.com",
        "telefono": "3765131975",
        "Estado AFIP": "ok",
        "CRM": "NO",
        "relevado": "-"
      }
    },
    {
      "type": "Feature",
      "geometry": {
        "type": "Point",
        "coordinates": [
          -55.1202965,
          -27.4849798
        ]
      },
      "properties": {
        "Base": "Bases Misiones 2",
        "base": "Bases Misiones 2",
        "cliente": "PANICON S.R.L.",
        "nombre": "PANICON S.R.L.",
        "cuit": "30716311461",
        "rubro": "5 - CONSTRUCCIÓN",
        "direccion": "OBERÁ - CODIGO 891 N° 925",
        "localidad": "OBERÁ",
        "provincia": "Misiones",
        "email": "leonardodanielblanco@gmail.com",
        "telefono": "3755-552502",
        "Estado AFIP": "ok",
        "CRM": "NO",
        "relevado": "-"
      }
    },
    {
      "type": "Feature",
      "geometry": {
        "type": "Point",
        "coordinates": [
          -55.894295,
          -27.3664824
        ]
      },
      "properties": {
        "Base": "Bases Misiones 2",
        "base": "Bases Misiones 2",
        "cliente": "PECHA DIEGO CESAR",
        "nombre": "PECHA DIEGO CESAR",
        "cuit": "20173780630",
        "rubro": "5 - CONSTRUCCIÓN",
        "direccion": "POSADAS - CMDTE MIÑO 3560, POSADAS, Misiones",
        "localidad": "POSADAS",
        "provincia": "Misiones",
        "email": "saracho_ramon54@hotmail.com",
        "telefono": "03764652387",
        "Estado AFIP": "ok",
        "CRM": "NO",
        "relevado": "-"
      }
    },
    {
      "type": "Feature",
      "geometry": {
        "type": "Point",
        "coordinates": [
          -55.894295,
          -27.3664824
        ]
      },
      "properties": {
        "Base": "Bases Misiones 2",
        "base": "Bases Misiones 2",
        "cliente": "PEDRO VICTOR CLAROS ESCALADA",
        "nombre": "PEDRO VICTOR CLAROS ESCALADA",
        "cuit": "24188144469",
        "rubro": "5 - CONSTRUCCIÓN",
        "direccion": "POSADAS - CORDOBA 2173 Piso:9 Dpto:B",
        "localidad": "POSADAS",
        "provincia": "Misiones",
        "email": "pedroclaros@hotmail.com",
        "telefono": "3764767609",
        "Estado AFIP": "ok",
        "CRM": "NO",
        "relevado": "-"
      }
    },
    {
      "type": "Feature",
      "geometry": {
        "type": "Point",
        "coordinates": [
          -55.8296552,
          -27.4837122
        ]
      },
      "properties": {
        "Base": "Bases Misiones 2",
        "base": "Bases Misiones 2",
        "cliente": "PEREIRA RAMOS GABRIELA NEREA",
        "nombre": "PEREIRA RAMOS GABRIELA NEREA",
        "cuit": "27348957665",
        "rubro": "5 - CONSTRUCCIÓN",
        "direccion": "GARUPA - AMBAY 112  Dpto:15   M:63",
        "localidad": "GARUPA",
        "provincia": "Misiones",
        "email": "coopcitgarupaltda@gmail.com",
        "telefono": "",
        "Estado AFIP": "ok",
        "CRM": "NO",
        "relevado": "-"
      }
    },
    {
      "type": "Feature",
      "geometry": {
        "type": "Point",
        "coordinates": [
          -55.894295,
          -27.3664824
        ]
      },
      "properties": {
        "Base": "Bases Misiones 2",
        "base": "Bases Misiones 2",
        "cliente": "PLANOBRAS SRL",
        "nombre": "PLANOBRAS SRL",
        "cuit": "30709846767",
        "rubro": "5 - CONSTRUCCIÓN",
        "direccion": "POSADAS - LLAMAS 6838",
        "localidad": "POSADAS",
        "provincia": "Misiones",
        "email": "planobrasrl@gmail.com",
        "telefono": "376469001",
        "Estado AFIP": "ok",
        "CRM": "NO",
        "relevado": "-"
      }
    },
    {
      "type": "Feature",
      "geometry": {
        "type": "Point",
        "coordinates": [
          -55.894295,
          -27.3664824
        ]
      },
      "properties": {
        "Base": "Bases Misiones 2",
        "base": "Bases Misiones 2",
        "cliente": "POSSETTO DARIO HECTOR",
        "nombre": "POSSETTO DARIO HECTOR",
        "cuit": "20288971715",
        "rubro": "5 - CONSTRUCCIÓN",
        "direccion": "POSADAS - EL CURUPI - 85 7873",
        "localidad": "POSADAS",
        "provincia": "Misiones",
        "email": "settoconstrucciones@gmail.com",
        "telefono": "3764580644",
        "Estado AFIP": "ok",
        "CRM": "NO",
        "relevado": "-"
      }
    },
    {
      "type": "Feature",
      "geometry": {
        "type": "Point",
        "coordinates": [
          -55.2338495,
          -27.0308215
        ]
      },
      "properties": {
        "Base": "Bases Misiones 2",
        "base": "Bases Misiones 2",
        "cliente": "PRANA S. R. L.",
        "nombre": "PRANA S. R. L.",
        "cuit": "30717371395",
        "rubro": "5 - CONSTRUCCIÓN",
        "direccion": "SAN IGNACIO - BELGRANO 748",
        "localidad": "SAN IGNACIO",
        "provincia": "Misiones",
        "email": "gestionestudioshc@gmail.com",
        "telefono": "3764540787",
        "Estado AFIP": "ok",
        "CRM": "NO",
        "relevado": "-"
      }
    },
    {
      "type": "Feature",
      "geometry": {
        "type": "Point",
        "coordinates": [
          -55.894295,
          -27.3664824
        ]
      },
      "properties": {
        "Base": "Bases Misiones 2",
        "base": "Bases Misiones 2",
        "cliente": "PRAT SRL",
        "nombre": "PRAT SRL",
        "cuit": "30638257250",
        "rubro": "5 - CONSTRUCCIÓN",
        "direccion": "POSADAS - MORITAN 1511",
        "localidad": "POSADAS",
        "provincia": "Misiones",
        "email": "angel_aiv@hotmail.com",
        "telefono": "376339747",
        "Estado AFIP": "ok",
        "CRM": "NO",
        "relevado": "-"
      }
    },
    {
      "type": "Feature",
      "geometry": {
        "type": "Point",
        "coordinates": [
          -55.894295,
          -27.3664824
        ]
      },
      "properties": {
        "Base": "Bases Misiones 2",
        "base": "Bases Misiones 2",
        "cliente": "PRINOS S.R.L.",
        "nombre": "PRINOS S.R.L.",
        "cuit": "30710566824",
        "rubro": "5 - CONSTRUCCIÓN",
        "direccion": "POSADAS - 3 DE FEBRERO 2307, POSADAS, Misiones",
        "localidad": "POSADAS",
        "provincia": "Misiones",
        "email": "info@prinos.com.ar",
        "telefono": "3764532753",
        "Estado AFIP": "ok",
        "CRM": "NO",
        "relevado": "-"
      }
    },
    {
      "type": "Feature",
      "geometry": {
        "type": "Point",
        "coordinates": [
          -55.8991919,
          -27.3679345
        ]
      },
      "properties": {
        "Base": "Bases Misiones 2",
        "base": "Bases Misiones 2",
        "cliente": "PROOBRA S.A.",
        "nombre": "PROOBRA S.A.",
        "cuit": "30631029163",
        "rubro": "5 - CONSTRUCCIÓN",
        "direccion": "POSADAS - SAN LUIS 1345",
        "localidad": "POSADAS",
        "provincia": "Misiones",
        "email": "administrativo@proobrasa.com.ar",
        "telefono": "4424999",
        "Estado AFIP": "ok",
        "CRM": "SI",
        "relevado": "NO"
      }
    },
    {
      "type": "Feature",
      "geometry": {
        "type": "Point",
        "coordinates": [
          -55.894295,
          -27.3664824
        ]
      },
      "properties": {
        "Base": "Bases Misiones 2",
        "base": "Bases Misiones 2",
        "cliente": "PROSARG S. A.",
        "nombre": "PROSARG S. A.",
        "cuit": "30717027759",
        "rubro": "5 - CONSTRUCCIÓN",
        "direccion": "POSADAS - CALLE 147 8299  Dpto:17",
        "localidad": "POSADAS",
        "provincia": "Misiones",
        "email": "info@prosarg.com",
        "telefono": "",
        "Estado AFIP": "ok",
        "CRM": "NO",
        "relevado": "-"
      }
    },
    {
      "type": "Feature",
      "geometry": {
        "type": "Point",
        "coordinates": [
          -55.894295,
          -27.3664824
        ]
      },
      "properties": {
        "Base": "Bases Misiones 2",
        "base": "Bases Misiones 2",
        "cliente": "PUCARA  SRL",
        "nombre": "PUCARA  SRL",
        "cuit": "30710665156",
        "rubro": "5 - CONSTRUCCIÓN",
        "direccion": "POSADAS - AVENIDA COMANDANTE ESPORA 1957 Piso:PB Dpto:0 S:0 T:0 M:0",
        "localidad": "POSADAS",
        "provincia": "Misiones",
        "email": "estudio@cignas.com.ar",
        "telefono": "3764434210",
        "Estado AFIP": "ok",
        "CRM": "NO",
        "relevado": "-"
      }
    },
    {
      "type": "Feature",
      "geometry": {
        "type": "Point",
        "coordinates": [
          -55.1202965,
          -27.4849798
        ]
      },
      "properties": {
        "Base": "Bases Misiones 2",
        "base": "Bases Misiones 2",
        "cliente": "R & R GROUP SRL",
        "nombre": "R & R GROUP SRL",
        "cuit": "30710866437",
        "rubro": "5 - CONSTRUCCIÓN",
        "direccion": "OBERÁ - AVENIDA DE LOS INMIGRANTES 4830",
        "localidad": "OBERÁ",
        "provincia": "Misiones",
        "email": "adm.ryrgroup@gmail.com",
        "telefono": "3764865082",
        "Estado AFIP": "ok",
        "CRM": "NO",
        "relevado": "-"
      }
    },
    {
      "type": "Feature",
      "geometry": {
        "type": "Point",
        "coordinates": [
          -55.1202965,
          -27.4849798
        ]
      },
      "properties": {
        "Base": "Bases Misiones 2",
        "base": "Bases Misiones 2",
        "cliente": "RASE SRL",
        "nombre": "RASE SRL",
        "cuit": "30715151223",
        "rubro": "5 - CONSTRUCCIÓN",
        "direccion": "OBERA - BOGOTA 1850 Piso:. Dpto:. S:. T:. M:.",
        "localidad": "OBERA",
        "provincia": "Misiones",
        "email": "guacurariviajesyturismo@gmail.com",
        "telefono": "",
        "Estado AFIP": "ok",
        "CRM": "NO",
        "relevado": "-"
      }
    },
    {
      "type": "Feature",
      "geometry": {
        "type": "Point",
        "coordinates": [
          -55.894295,
          -27.3664824
        ]
      },
      "properties": {
        "Base": "Bases Misiones 2",
        "base": "Bases Misiones 2",
        "cliente": "RATTI CONSTRUCCIONES SA",
        "nombre": "RATTI CONSTRUCCIONES SA",
        "cuit": "30646666283",
        "rubro": "5 - CONSTRUCCIÓN",
        "direccion": "POSADAS - CORONEL LOPEZ Nº 2138",
        "localidad": "POSADAS",
        "provincia": "Misiones",
        "email": "administracion@ratticonstrucciones.com.ar",
        "telefono": "3764586841",
        "Estado AFIP": "ok",
        "CRM": "SI",
        "relevado": "NO"
      }
    },
    {
      "type": "Feature",
      "geometry": {
        "type": "Point",
        "coordinates": [
          -55.5392216,
          -27.2583992
        ]
      },
      "properties": {
        "Base": "Bases Misiones 2",
        "base": "Bases Misiones 2",
        "cliente": "REDUCCIONES S. A. S.",
        "nombre": "REDUCCIONES S. A. S.",
        "cuit": "30717711226",
        "rubro": "5 - CONSTRUCCIÓN",
        "direccion": "SAN IGNACIO - LOTE 2 MANZANA 25 B° J.D.PERON 0",
        "localidad": "SAN IGNACIO",
        "provincia": "Misiones",
        "email": "julioeloys@yahoo.com.ar",
        "telefono": "3764634386",
        "Estado AFIP": "ok",
        "CRM": "NO",
        "relevado": "-"
      }
    },
    {
      "type": "Feature",
      "geometry": {
        "type": "Point",
        "coordinates": [
          -55.894295,
          -27.3664824
        ]
      },
      "properties": {
        "Base": "Bases Misiones 2",
        "base": "Bases Misiones 2",
        "cliente": "REJ CONSTRUCCIONES S.R.L.",
        "nombre": "REJ CONSTRUCCIONES S.R.L.",
        "cuit": "30715206389",
        "rubro": "5 - CONSTRUCCIÓN",
        "direccion": "POSADAS - JOSE HERNANDEZ 2025 Piso:1 Dpto:A",
        "localidad": "POSADAS",
        "provincia": "Misiones",
        "email": "rominaepelbaum@hotmail.com",
        "telefono": "3764423381",
        "Estado AFIP": "ok",
        "CRM": "SI",
        "relevado": "SI"
      }
    },
    {
      "type": "Feature",
      "geometry": {
        "type": "Point",
        "coordinates": [
          -54.4866356,
          -26.9932723
        ]
      },
      "properties": {
        "Base": "Bases Misiones 2",
        "base": "Bases Misiones 2",
        "cliente": "RICARDO ALBERTO SCHMIT",
        "nombre": "RICARDO ALBERTO SCHMIT",
        "cuit": "20076663271",
        "rubro": "5 - CONSTRUCCIÓN",
        "direccion": "SAN VICENTE - RUTA 13 Y JOSE INGENIEROS",
        "localidad": "SAN VICENTE",
        "provincia": "Misiones",
        "email": "materialesruta13@hotmail.com",
        "telefono": "37553090000",
        "Estado AFIP": "ok",
        "CRM": "NO",
        "relevado": "-"
      }
    },
    {
      "type": "Feature",
      "geometry": {
        "type": "Point",
        "coordinates": [
          -54.6842665,
          -27.0197207
        ]
      },
      "properties": {
        "Base": "Bases Misiones 2",
        "base": "Bases Misiones 2",
        "cliente": "RICARDO ENRIQUE WEBER",
        "nombre": "RICARDO ENRIQUE WEBER",
        "cuit": "20170903820",
        "rubro": "5 - CONSTRUCCIÓN",
        "direccion": "DOS DE MAYO - RUTA 14 Y ROTONDA",
        "localidad": "DOS DE MAYO",
        "provincia": "Misiones",
        "email": "estaciondeservicioslawer@yahoo.com",
        "telefono": "-",
        "Estado AFIP": "ok",
        "CRM": "NO",
        "relevado": "-"
      }
    },
    {
      "type": "Feature",
      "geometry": {
        "type": "Point",
        "coordinates": [
          -55.4971519,
          -27.633535
        ]
      },
      "properties": {
        "Base": "Bases Misiones 2",
        "base": "Bases Misiones 2",
        "cliente": "ROBERTO ESTEBAN KUBISEN",
        "nombre": "ROBERTO ESTEBAN KUBISEN",
        "cuit": "20307395119",
        "rubro": "5 - CONSTRUCCIÓN",
        "direccion": "CERRO AZUL - PUEYRREDON Nº 606",
        "localidad": "CERRO AZUL",
        "provincia": "Misiones",
        "email": "cgproveedores@misiones.gov.ar",
        "telefono": "",
        "Estado AFIP": "ok",
        "CRM": "NO",
        "relevado": "-"
      }
    },
    {
      "type": "Feature",
      "geometry": {
        "type": "Point",
        "coordinates": [
          -55.8296552,
          -27.4837122
        ]
      },
      "properties": {
        "Base": "Bases Misiones 2",
        "base": "Bases Misiones 2",
        "cliente": "ROBERTS SRL",
        "nombre": "ROBERTS SRL",
        "cuit": "30710134916",
        "rubro": "5 - CONSTRUCCIÓN",
        "direccion": "POSADAS - EMPALME LOS LAURELES-P.25 0",
        "localidad": "GARUPÁ",
        "provincia": "Misiones",
        "email": "andreaquiroz77@hotmail.com",
        "telefono": "03764874671",
        "Estado AFIP": "ok",
        "CRM": "NO",
        "relevado": "-"
      }
    },
    {
      "type": "Feature",
      "geometry": {
        "type": "Point",
        "coordinates": [
          -55.894295,
          -27.3664824
        ]
      },
      "properties": {
        "Base": "Bases Misiones 2",
        "base": "Bases Misiones 2",
        "cliente": "RODRIGUEZ GERARDO ABEL",
        "nombre": "RODRIGUEZ GERARDO ABEL",
        "cuit": "20343664002",
        "rubro": "5 - CONSTRUCCIÓN",
        "direccion": "POSADAS - 49-A-CASA 8457",
        "localidad": "POSADAS",
        "provincia": "Misiones",
        "email": "gerardo_eling@hotmail.com",
        "telefono": "543764699494",
        "Estado AFIP": "ok",
        "CRM": "NO",
        "relevado": "-"
      }
    },
    {
      "type": "Feature",
      "geometry": {
        "type": "Point",
        "coordinates": [
          -54.6262079,
          -26.4048555
        ]
      },
      "properties": {
        "Base": "Bases Misiones 2",
        "base": "Bases Misiones 2",
        "cliente": "RODRIGUEZ GONZALO MARTIN",
        "nombre": "RODRIGUEZ GONZALO MARTIN",
        "cuit": "20313815138",
        "rubro": "5 - CONSTRUCCIÓN",
        "direccion": "ELDORADO - BRASILIA 3077",
        "localidad": "ELDORADO",
        "provincia": "Misiones",
        "email": "ingegmr@gmail.com",
        "telefono": "",
        "Estado AFIP": "ok",
        "CRM": "NO",
        "relevado": "-"
      }
    },
    {
      "type": "Feature",
      "geometry": {
        "type": "Point",
        "coordinates": [
          -55.9079379,
          -27.4033553
        ]
      },
      "properties": {
        "Base": "Bases Misiones 2",
        "base": "Bases Misiones 2",
        "cliente": "ROF S.R.L.",
        "nombre": "ROF S.R.L.",
        "cuit": "30715803379",
        "rubro": "5 - CONSTRUCCIÓN",
        "direccion": "POSADAS - AV. QUARANTA 4067",
        "localidad": "POSADAS",
        "provincia": "Misiones",
        "email": "gestionfinten@gmail.com",
        "telefono": "4650113",
        "Estado AFIP": "ok",
        "CRM": "NO",
        "relevado": "-"
      }
    },
    {
      "type": "Feature",
      "geometry": {
        "type": "Point",
        "coordinates": [
          -55.894295,
          -27.3664824
        ]
      },
      "properties": {
        "Base": "Bases Misiones 2",
        "base": "Bases Misiones 2",
        "cliente": "ROMACO SA",
        "nombre": "ROMACO SA",
        "cuit": "30710145187",
        "rubro": "5 - CONSTRUCCIÓN",
        "direccion": "POSADAS - RAMIREZ 5570",
        "localidad": "POSADAS",
        "provincia": "Misiones",
        "email": "construcciones_romaco@hotmail.com",
        "telefono": "4440301",
        "Estado AFIP": "ok",
        "CRM": "SI",
        "relevado": "NO"
      }
    },
    {
      "type": "Feature",
      "geometry": {
        "type": "Point",
        "coordinates": [
          -55.8296552,
          -27.4837122
        ]
      },
      "properties": {
        "Base": "Bases Misiones 2",
        "base": "Bases Misiones 2",
        "cliente": "RUPA SRL",
        "nombre": "RUPA SRL",
        "cuit": "30711379327",
        "rubro": "5 - CONSTRUCCIÓN",
        "direccion": "GARUHAPÉ - LEONARDO FAVIO 4744",
        "localidad": "GARUPÁ",
        "provincia": "Misiones",
        "email": "rupasrladm@gmail.com",
        "telefono": "3764642160",
        "Estado AFIP": "ok",
        "CRM": "NO",
        "relevado": "-"
      }
    },
    {
      "type": "Feature",
      "geometry": {
        "type": "Point",
        "coordinates": [
          -54.6262079,
          -26.4048555
        ]
      },
      "properties": {
        "Base": "Bases Misiones 2",
        "base": "Bases Misiones 2",
        "cliente": "SANTIAGO RAMON BARUA",
        "nombre": "SANTIAGO RAMON BARUA",
        "cuit": "20308652506",
        "rubro": "5 - CONSTRUCCIÓN",
        "direccion": "ELDORADO - ITALIA Nº300",
        "localidad": "ELDORADO",
        "provincia": "Misiones",
        "email": "gabrielabarua18@hotmail.com",
        "telefono": "3751-574452",
        "Estado AFIP": "ok",
        "CRM": "NO",
        "relevado": "-"
      }
    },
    {
      "type": "Feature",
      "geometry": {
        "type": "Point",
        "coordinates": [
          -55.894295,
          -27.3664824
        ]
      },
      "properties": {
        "Base": "Bases Misiones 2",
        "base": "Bases Misiones 2",
        "cliente": "SARUBBI ENRIQUE ALEJANDRO",
        "nombre": "SARUBBI ENRIQUE ALEJANDRO",
        "cuit": "20265403841",
        "rubro": "5 - CONSTRUCCIÓN",
        "direccion": "POSADAS - ESPAÑA N°3112",
        "localidad": "POSADAS",
        "provincia": "Misiones",
        "email": "estudio@cignas.com.ar",
        "telefono": "3764712248",
        "Estado AFIP": "ok",
        "CRM": "NO",
        "relevado": "-"
      }
    },
    {
      "type": "Feature",
      "geometry": {
        "type": "Point",
        "coordinates": [
          -55.894295,
          -27.3664824
        ]
      },
      "properties": {
        "Base": "Bases Misiones 2",
        "base": "Bases Misiones 2",
        "cliente": "SEEWALD AUTO S A",
        "nombre": "SEEWALD AUTO S A",
        "cuit": "30672510275",
        "rubro": "5 - CONSTRUCCIÓN",
        "direccion": "POSADAS - AV. LAVALLE Y BUSTAMANTE 2914",
        "localidad": "POSADAS",
        "provincia": "Misiones",
        "email": "marianasclepek@gmail.com",
        "telefono": "0374459200",
        "Estado AFIP": "ok",
        "CRM": "SI",
        "relevado": "NO"
      }
    },
    {
      "type": "Feature",
      "geometry": {
        "type": "Point",
        "coordinates": [
          -55.0266912,
          -26.8167893
        ]
      },
      "properties": {
        "Base": "Bases Misiones 2",
        "base": "Bases Misiones 2",
        "cliente": "SEEWALD AUTOMOVILES S. A.",
        "nombre": "SEEWALD AUTOMOVILES S. A.",
        "cuit": "30707657029",
        "rubro": "5 - CONSTRUCCIÓN",
        "direccion": "PUERTO RICO - AV. SAN MARTIN 2860",
        "localidad": "PUERTO RICO",
        "provincia": "Misiones",
        "email": "marianasclepek@gmail.com",
        "telefono": "3764441200",
        "Estado AFIP": "ok",
        "CRM": "NO",
        "relevado": "-"
      }
    },
    {
      "type": "Feature",
      "geometry": {
        "type": "Point",
        "coordinates": [
          -55.0266912,
          -26.8167893
        ]
      },
      "properties": {
        "Base": "Bases Misiones 2",
        "base": "Bases Misiones 2",
        "cliente": "SEEWALD Y CIA S.A.",
        "nombre": "SEEWALD Y CIA S.A.",
        "cuit": "30588881977",
        "rubro": "5 - CONSTRUCCIÓN",
        "direccion": "PUERTO RICO - AV SAN MARTIN 2860",
        "localidad": "PUERTO RICO",
        "provincia": "Misiones",
        "email": "auditoriaycalidad@seewaldycia.com.ar",
        "telefono": "3743509550",
        "Estado AFIP": "ok",
        "CRM": "NO",
        "relevado": "-"
      }
    },
    {
      "type": "Feature",
      "geometry": {
        "type": "Point",
        "coordinates": [
          -55.0262731,
          -26.8095531
        ]
      },
      "properties": {
        "Base": "Bases Misiones 2",
        "base": "Bases Misiones 2",
        "cliente": "SEIDEL CONSTRUCCIONES S.R.L.",
        "nombre": "SEIDEL CONSTRUCCIONES S.R.L.",
        "cuit": "30711667454",
        "rubro": "5 - CONSTRUCCIÓN",
        "direccion": "PUERTO RICO - AVDA SAN MARTIN 2745",
        "localidad": "PUERTO RICO",
        "provincia": "Misiones",
        "email": "seidelconstrucciones@hotmail.com",
        "telefono": "3743421481",
        "Estado AFIP": "ok",
        "CRM": "NO",
        "relevado": "-"
      }
    },
    {
      "type": "Feature",
      "geometry": {
        "type": "Point",
        "coordinates": [
          -55.894295,
          -27.3664824
        ]
      },
      "properties": {
        "Base": "Bases Misiones 2",
        "base": "Bases Misiones 2",
        "cliente": "SEISHIJOS SA",
        "nombre": "SEISHIJOS SA",
        "cuit": "30708845538",
        "rubro": "5 - CONSTRUCCIÓN",
        "direccion": "POSADAS - GENERAL PAZ 2203 Piso:1",
        "localidad": "POSADAS",
        "provincia": "Misiones",
        "email": "admin_contable@crediser.com.ar",
        "telefono": "03764441212",
        "Estado AFIP": "ok",
        "CRM": "NO",
        "relevado": "-"
      }
    },
    {
      "type": "Feature",
      "geometry": {
        "type": "Point",
        "coordinates": [
          -55.9079379,
          -27.4033553
        ]
      },
      "properties": {
        "Base": "Bases Misiones 2",
        "base": "Bases Misiones 2",
        "cliente": "SELVA S A",
        "nombre": "SELVA S A",
        "cuit": "30707246576",
        "rubro": "5 - CONSTRUCCIÓN",
        "direccion": "POSADAS - AVDA QUARANTA 2655",
        "localidad": "POSADAS",
        "provincia": "Misiones",
        "email": "pauluk@selvasa.com",
        "telefono": "3764451100",
        "Estado AFIP": "ok",
        "CRM": "SI",
        "relevado": "NO"
      }
    },
    {
      "type": "Feature",
      "geometry": {
        "type": "Point",
        "coordinates": [
          -55.894295,
          -27.3664824
        ]
      },
      "properties": {
        "Base": "Bases Misiones 2",
        "base": "Bases Misiones 2",
        "cliente": "SENAB S. A. S.",
        "nombre": "SENAB S. A. S.",
        "cuit": "30717446042",
        "rubro": "5 - CONSTRUCCIÓN",
        "direccion": "POSADAS - AV ALICIA M DE JUSTO 6220",
        "localidad": "POSADAS",
        "provincia": "Misiones",
        "email": "senabposadas@gmail.com",
        "telefono": "",
        "Estado AFIP": "ok",
        "CRM": "NO",
        "relevado": "-"
      }
    },
    {
      "type": "Feature",
      "geometry": {
        "type": "Point",
        "coordinates": [
          -54.680832,
          -26.425723
        ]
      },
      "properties": {
        "Base": "Bases Misiones 2",
        "base": "Bases Misiones 2",
        "cliente": "SERGIO HORACIO CAZZANIGA",
        "nombre": "SERGIO HORACIO CAZZANIGA",
        "cuit": "20134867850",
        "rubro": "5 - CONSTRUCCIÓN",
        "direccion": "LORETO - Lote 39 Fraccion",
        "localidad": "LA PLATA",
        "provincia": "Misiones",
        "email": "sergiohcazzaniga@hotmail.com",
        "telefono": "2215715458",
        "Estado AFIP": "ok",
        "CRM": "NO",
        "relevado": "-"
      }
    },
    {
      "type": "Feature",
      "geometry": {
        "type": "Point",
        "coordinates": [
          -55.9497118,
          -27.4035083
        ]
      },
      "properties": {
        "Base": "Bases Misiones 2",
        "base": "Bases Misiones 2",
        "cliente": "SERVANDO MENOR S.A.",
        "nombre": "SERVANDO MENOR S.A.",
        "cuit": "30708800836",
        "rubro": "5 - CONSTRUCCIÓN",
        "direccion": "POSADAS - 45 6325",
        "localidad": "POSADAS",
        "provincia": "Misiones",
        "email": "javiermenor@servandomenorsa.com.ar",
        "telefono": "03764313684",
        "Estado AFIP": "ok",
        "CRM": "SI",
        "relevado": "NO"
      }
    },
    {
      "type": "Feature",
      "geometry": {
        "type": "Point",
        "coordinates": [
          -55.894295,
          -27.3664824
        ]
      },
      "properties": {
        "Base": "Bases Misiones 2",
        "base": "Bases Misiones 2",
        "cliente": "SERVICIOS EL LUCERO S.R.L.",
        "nombre": "SERVICIOS EL LUCERO S.R.L.",
        "cuit": "30714197386",
        "rubro": "5 - CONSTRUCCIÓN",
        "direccion": "POSADAS - BERON DE ASTRADA 3505",
        "localidad": "POSADAS",
        "provincia": "Misiones",
        "email": "serviciosellucero@gmail.com",
        "telefono": "3764729780",
        "Estado AFIP": "ok",
        "CRM": "NO",
        "relevado": "-"
      }
    },
    {
      "type": "Feature",
      "geometry": {
        "type": "Point",
        "coordinates": [
          -55.894295,
          -27.3664824
        ]
      },
      "properties": {
        "Base": "Bases Misiones 2",
        "base": "Bases Misiones 2",
        "cliente": "SERVICIOS PARA LA CONSTRUCCION S.R.L.",
        "nombre": "SERVICIOS PARA LA CONSTRUCCION S.R.L.",
        "cuit": "30708350857",
        "rubro": "5 - CONSTRUCCIÓN",
        "direccion": "POSADAS - AV. QUARANTA Nº 7491",
        "localidad": "POSADAS",
        "provincia": "Misiones",
        "email": "spc-victorlarumbe@hotmail.com",
        "telefono": "376 - 4467395",
        "Estado AFIP": "ok",
        "CRM": "NO",
        "relevado": "-"
      }
    },
    {
      "type": "Feature",
      "geometry": {
        "type": "Point",
        "coordinates": [
          -54.9581018,
          -26.8190332
        ]
      },
      "properties": {
        "Base": "Bases Misiones 2",
        "base": "Bases Misiones 2",
        "cliente": "SERVIFOR SRL",
        "nombre": "SERVIFOR SRL",
        "cuit": "30712343482",
        "rubro": "5 - CONSTRUCCIÓN",
        "direccion": "GARUHAPÉ - ISRAEL S/N",
        "localidad": "GARUHAPÉ",
        "provincia": "Misiones",
        "email": "arnohillebrand@prico.com.ar",
        "telefono": "3743491177",
        "Estado AFIP": "ok",
        "CRM": "NO",
        "relevado": "-"
      }
    },
    {
      "type": "Feature",
      "geometry": {
        "type": "Point",
        "coordinates": [
          -55.1202965,
          -27.4849798
        ]
      },
      "properties": {
        "Base": "Bases Misiones 2",
        "base": "Bases Misiones 2",
        "cliente": "SERVIMAT S.R.L.",
        "nombre": "SERVIMAT S.R.L.",
        "cuit": "30708411562",
        "rubro": "5 - CONSTRUCCIÓN",
        "direccion": "OBERÁ - 9 DE JULIO Nº 1166",
        "localidad": "OBERÁ",
        "provincia": "Misiones",
        "email": "gerencia@servimatsrl.com.ar",
        "telefono": "03755-407500",
        "Estado AFIP": "ok",
        "CRM": "NO",
        "relevado": "-"
      }
    },
    {
      "type": "Feature",
      "geometry": {
        "type": "Point",
        "coordinates": [
          -54.6113389,
          -26.4107633
        ]
      },
      "properties": {
        "Base": "Bases Misiones 2",
        "base": "Bases Misiones 2",
        "cliente": "SILVA SANTIAGO MARTIN",
        "nombre": "SILVA SANTIAGO MARTIN",
        "cuit": "20430081005",
        "rubro": "5 - CONSTRUCCIÓN",
        "direccion": "ELDORADO - PARAGUAY 745",
        "localidad": "ELDORADO",
        "provincia": "Misiones",
        "email": "santtiimarttiin@gmail.com",
        "telefono": "",
        "Estado AFIP": "ok",
        "CRM": "NO",
        "relevado": "-"
      }
    },
    {
      "type": "Feature",
      "geometry": {
        "type": "Point",
        "coordinates": [
          -55.894295,
          -27.3664824
        ]
      },
      "properties": {
        "Base": "Bases Misiones 2",
        "base": "Bases Misiones 2",
        "cliente": "SILVERO SANTIAGO JAVIER",
        "nombre": "SILVERO SANTIAGO JAVIER",
        "cuit": "20433322844",
        "rubro": "5 - CONSTRUCCIÓN",
        "direccion": "POSADAS - AV. JUAN DOMINGO PERON Nº1043, POSADAS, Misiones",
        "localidad": "POSADAS",
        "provincia": "Misiones",
        "email": "santisilvero4@gmail.com",
        "telefono": "3764623124",
        "Estado AFIP": "ok",
        "CRM": "NO",
        "relevado": "-"
      }
    },
    {
      "type": "Feature",
      "geometry": {
        "type": "Point",
        "coordinates": [
          -55.894295,
          -27.3664824
        ]
      },
      "properties": {
        "Base": "Bases Misiones 2",
        "base": "Bases Misiones 2",
        "cliente": "SILVESTRI MARTA INES",
        "nombre": "SILVESTRI MARTA INES",
        "cuit": "27227209300",
        "rubro": "5 - CONSTRUCCIÓN",
        "direccion": "POSADAS - COLON 2208 PISO:12 DPTO:B",
        "localidad": "POSADAS",
        "provincia": "Misiones",
        "email": "yaninanizuyda@hotmail.com",
        "telefono": "4885009",
        "Estado AFIP": "ok",
        "CRM": "NO",
        "relevado": "-"
      }
    },
    {
      "type": "Feature",
      "geometry": {
        "type": "Point",
        "coordinates": [
          -55.3235338,
          -27.603636
        ]
      },
      "properties": {
        "Base": "Bases Misiones 2",
        "base": "Bases Misiones 2",
        "cliente": "SILVIA LIANA SUAREZ",
        "nombre": "SILVIA LIANA SUAREZ",
        "cuit": "27160796869",
        "rubro": "5 - CONSTRUCCIÓN",
        "direccion": "LEANDRO N. ALEM - AV. GUEMES Nº 1027",
        "localidad": "LEANDRO N. ALEM",
        "provincia": "Misiones",
        "email": "helard02@hotmail.com",
        "telefono": "3764 - 402931",
        "Estado AFIP": "ok",
        "CRM": "NO",
        "relevado": "-"
      }
    },
    {
      "type": "Feature",
      "geometry": {
        "type": "Point",
        "coordinates": [
          -55.0309202,
          -26.8136865
        ]
      },
      "properties": {
        "Base": "Bases Misiones 2",
        "base": "Bases Misiones 2",
        "cliente": "SIMSA AIRE ACONDICIONADO S R L",
        "nombre": "SIMSA AIRE ACONDICIONADO S R L",
        "cuit": "30623412020",
        "rubro": "5 - CONSTRUCCIÓN",
        "direccion": "POSADAS - Av. San Martin 3642",
        "localidad": "CORDOBA",
        "provincia": "Misiones",
        "email": "viviana@estudiorodriguez.com",
        "telefono": "0376-4476767",
        "Estado AFIP": "ok",
        "CRM": "NO",
        "relevado": "-"
      }
    },
    {
      "type": "Feature",
      "geometry": {
        "type": "Point",
        "coordinates": [
          -55.894295,
          -27.3664824
        ]
      },
      "properties": {
        "Base": "Bases Misiones 2",
        "base": "Bases Misiones 2",
        "cliente": "SINERGIA INDUSTRIAL S.R.L.",
        "nombre": "SINERGIA INDUSTRIAL S.R.L.",
        "cuit": "33710457749",
        "rubro": "5 - CONSTRUCCIÓN",
        "direccion": "POSADAS - MARTIN FIERRO 2578 Piso:0 Dpto:0 S:0 T:0 M:0",
        "localidad": "POSADAS",
        "provincia": "Misiones",
        "email": "goldschmitdyasociados@gmail.com",
        "telefono": "3764603566",
        "Estado AFIP": "ok",
        "CRM": "NO",
        "relevado": "-"
      }
    },
    {
      "type": "Feature",
      "geometry": {
        "type": "Point",
        "coordinates": [
          -55.894295,
          -27.3664824
        ]
      },
      "properties": {
        "Base": "Bases Misiones 2",
        "base": "Bases Misiones 2",
        "cliente": "SOLMET SRL",
        "nombre": "SOLMET SRL",
        "cuit": "30713127503",
        "rubro": "5 - CONSTRUCCIÓN",
        "direccion": "POSADAS - AV. COMANDANTE ESPORA 2415, POSADAS, Misiones",
        "localidad": "POSADAS",
        "provincia": "Misiones",
        "email": "estudio@cignas.com.ar",
        "telefono": "",
        "Estado AFIP": "ok",
        "CRM": "NO",
        "relevado": "-"
      }
    },
    {
      "type": "Feature",
      "geometry": {
        "type": "Point",
        "coordinates": [
          -54.5874091,
          -26.4089974
        ]
      },
      "properties": {
        "Base": "Bases Misiones 2",
        "base": "Bases Misiones 2",
        "cliente": "SOTO ENZO GABRIEL",
        "nombre": "SOTO ENZO GABRIEL",
        "cuit": "20309567774",
        "rubro": "5 - CONSTRUCCIÓN",
        "direccion": "ELDORADO - AVDA SAN MARTIN 1992",
        "localidad": "ELDORADO",
        "provincia": "Misiones",
        "email": "diegopostai@hotmail.com",
        "telefono": "",
        "Estado AFIP": "ok",
        "CRM": "NO",
        "relevado": "-"
      }
    },
    {
      "type": "Feature",
      "geometry": {
        "type": "Point",
        "coordinates": [
          -55.9060864,
          -27.4026423
        ]
      },
      "properties": {
        "Base": "Bases Misiones 2",
        "base": "Bases Misiones 2",
        "cliente": "SOWIC S.A.",
        "nombre": "SOWIC S.A.",
        "cuit": "30710959095",
        "rubro": "5 - CONSTRUCCIÓN",
        "direccion": "POSADAS - Francisco de Haro 3840",
        "localidad": "CORDOBA",
        "provincia": "Misiones",
        "email": "emanuel.benavidez@sowic.com.ar",
        "telefono": "",
        "Estado AFIP": "ok",
        "CRM": "SI",
        "relevado": "NO"
      }
    },
    {
      "type": "Feature",
      "geometry": {
        "type": "Point",
        "coordinates": [
          -55.9064181,
          -27.3771557
        ]
      },
      "properties": {
        "Base": "Bases Misiones 2",
        "base": "Bases Misiones 2",
        "cliente": "STAR SERVICIOS EMPRESARIOS SA.",
        "nombre": "STAR SERVICIOS EMPRESARIOS SA.",
        "cuit": "30669713408",
        "rubro": "5 - CONSTRUCCIÓN",
        "direccion": "POSADAS - LAVALLE 5636",
        "localidad": "RESISTENCIA",
        "provincia": "Misiones",
        "email": "lfuentecilla@vcf.com.ar",
        "telefono": "4426955",
        "Estado AFIP": "ok",
        "CRM": "NO",
        "relevado": "-"
      }
    },
    {
      "type": "Feature",
      "geometry": {
        "type": "Point",
        "coordinates": [
          -55.9497118,
          -27.4035083
        ]
      },
      "properties": {
        "Base": "Bases Misiones 2",
        "base": "Bases Misiones 2",
        "cliente": "STELLA EDUARDO JAVIER",
        "nombre": "STELLA EDUARDO JAVIER",
        "cuit": "23286759939",
        "rubro": "5 - CONSTRUCCIÓN",
        "direccion": "POSADAS - 141 2169",
        "localidad": "POSADAS",
        "provincia": "Misiones",
        "email": "edujavi72@gmail.com",
        "telefono": "",
        "Estado AFIP": "ok",
        "CRM": "NO",
        "relevado": "-"
      }
    },
    {
      "type": "Feature",
      "geometry": {
        "type": "Point",
        "coordinates": [
          -55.894295,
          -27.3664824
        ]
      },
      "properties": {
        "Base": "Bases Misiones 2",
        "base": "Bases Misiones 2",
        "cliente": "SUCESIÓN DE AGUIRRE CESAR GUSTAVO",
        "nombre": "SUCESIÓN DE AGUIRRE CESAR GUSTAVO",
        "cuit": "20202596119",
        "rubro": "5 - CONSTRUCCIÓN",
        "direccion": "POSADAS - IVANOWSKI Nº 2383",
        "localidad": "POSADAS",
        "provincia": "Misiones",
        "email": "estudiod@fibertel.com",
        "telefono": "0376-4426198",
        "Estado AFIP": "ok",
        "CRM": "NO",
        "relevado": "-"
      }
    },
    {
      "type": "Feature",
      "geometry": {
        "type": "Point",
        "coordinates": [
          -55.1203185,
          -27.4996131
        ]
      },
      "properties": {
        "Base": "Bases Misiones 2",
        "base": "Bases Misiones 2",
        "cliente": "SUPER CHAPA SRTL",
        "nombre": "SUPER CHAPA SRTL",
        "cuit": "30669864074",
        "rubro": "5 - CONSTRUCCIÓN",
        "direccion": "POSADAS - 458",
        "localidad": "GOYA",
        "provincia": "Misiones",
        "email": "sccvilas@goyanet.com.ar",
        "telefono": "03777-15528084",
        "Estado AFIP": "ok",
        "CRM": "NO",
        "relevado": "-"
      }
    },
    {
      "type": "Feature",
      "geometry": {
        "type": "Point",
        "coordinates": [
          -55.9001593,
          -27.3847409
        ]
      },
      "properties": {
        "Base": "Bases Misiones 2",
        "base": "Bases Misiones 2",
        "cliente": "T M SA",
        "nombre": "T M SA",
        "cuit": "33672337629",
        "rubro": "5 - CONSTRUCCIÓN",
        "direccion": "POSADAS - AV URUGUAY 5550",
        "localidad": "POSADAS",
        "provincia": "Misiones",
        "email": "eruiz@grupometropol.com.ar",
        "telefono": "3764318609",
        "Estado AFIP": "ok",
        "CRM": "SI",
        "relevado": "NO"
      }
    },
    {
      "type": "Feature",
      "geometry": {
        "type": "Point",
        "coordinates": [
          -55.894295,
          -27.3664824
        ]
      },
      "properties": {
        "Base": "Bases Misiones 2",
        "base": "Bases Misiones 2",
        "cliente": "TANSKI JULIO ANDRES",
        "nombre": "TANSKI JULIO ANDRES",
        "cuit": "20149462210",
        "rubro": "5 - CONSTRUCCIÓN",
        "direccion": "POSADAS - TIERRA DEL FUEGO 536",
        "localidad": "POSADAS",
        "provincia": "Misiones",
        "email": "julioandrestanski@gmail.com",
        "telefono": "3764692571",
        "Estado AFIP": "ok",
        "CRM": "SI",
        "relevado": "SI"
      }
    },
    {
      "type": "Feature",
      "geometry": {
        "type": "Point",
        "coordinates": [
          -55.898099,
          -27.3637467
        ]
      },
      "properties": {
        "Base": "Bases Misiones 2",
        "base": "Bases Misiones 2",
        "cliente": "TECHNOLOGY BUREAU S A",
        "nombre": "TECHNOLOGY BUREAU S A",
        "cuit": "30646479645",
        "rubro": "5 - CONSTRUCCIÓN",
        "direccion": "POSADAS - Santa fe 1222",
        "localidad": "CIUDAD AUTÓNOMA DE BUENOS AIRES",
        "provincia": "Misiones",
        "email": "jcbaira@tb.com.ar",
        "telefono": "54.11.5070.9000",
        "Estado AFIP": "ok",
        "CRM": "NO",
        "relevado": "-"
      }
    },
    {
      "type": "Feature",
      "geometry": {
        "type": "Point",
        "coordinates": [
          -55.894295,
          -27.3664824
        ]
      },
      "properties": {
        "Base": "Bases Misiones 2",
        "base": "Bases Misiones 2",
        "cliente": "TEMBIAPO S.A.",
        "nombre": "TEMBIAPO S.A.",
        "cuit": "30709933619",
        "rubro": "5 - CONSTRUCCIÓN",
        "direccion": "POSADAS - BUCHARDO 2383",
        "localidad": "POSADAS",
        "provincia": "Misiones",
        "email": "tembiaposa@gmail.com",
        "telefono": "03764596266",
        "Estado AFIP": "ok",
        "CRM": "NO",
        "relevado": "-"
      }
    },
    {
      "type": "Feature",
      "geometry": {
        "type": "Point",
        "coordinates": [
          -55.901156,
          -27.3685721
        ]
      },
      "properties": {
        "Base": "Bases Misiones 2",
        "base": "Bases Misiones 2",
        "cliente": "TRIWE S.R.L.",
        "nombre": "TRIWE S.R.L.",
        "cuit": "30714743445",
        "rubro": "5 - CONSTRUCCIÓN",
        "direccion": "POSADAS - AV. CORRIENTES 1432",
        "localidad": "POSADAS",
        "provincia": "Misiones",
        "email": "estudiocontablemg1@gmail.com",
        "telefono": "3764586841",
        "Estado AFIP": "ok",
        "CRM": "NO",
        "relevado": "-"
      }
    },
    {
      "type": "Feature",
      "geometry": {
        "type": "Point",
        "coordinates": [
          -55.894295,
          -27.3664824
        ]
      },
      "properties": {
        "Base": "Bases Misiones 2",
        "base": "Bases Misiones 2",
        "cliente": "TRUJILLO RODOLFO EDELMIRO",
        "nombre": "TRUJILLO RODOLFO EDELMIRO",
        "cuit": "20267931918",
        "rubro": "5 - CONSTRUCCIÓN",
        "direccion": "POSADAS - AV. L.N. ALEM 5777",
        "localidad": "POSADAS",
        "provincia": "Misiones",
        "email": "ortopediasancristobalgerencia@gmail.com",
        "telefono": "",
        "Estado AFIP": "ok",
        "CRM": "NO",
        "relevado": "-"
      }
    },
    {
      "type": "Feature",
      "geometry": {
        "type": "Point",
        "coordinates": [
          -54.5696922,
          -25.9693011
        ]
      },
      "properties": {
        "Base": "Bases Misiones 2",
        "base": "Bases Misiones 2",
        "cliente": "TUPIENA S A",
        "nombre": "TUPIENA S A",
        "cuit": "30660811261",
        "rubro": "5 - CONSTRUCCIÓN",
        "direccion": "COLONIA WANDA - HIPOLITO IRIGOYEN 0",
        "localidad": "COLONIA WANDA",
        "provincia": "Misiones",
        "email": "marcela_benitez20@hotmail.com",
        "telefono": "3751595945",
        "Estado AFIP": "ok",
        "CRM": "SI",
        "relevado": "SI"
      }
    },
    {
      "type": "Feature",
      "geometry": {
        "type": "Point",
        "coordinates": [
          -55.8985642,
          -27.387936
        ]
      },
      "properties": {
        "Base": "Bases Misiones 2",
        "base": "Bases Misiones 2",
        "cliente": "TYMAQ S R L",
        "nombre": "TYMAQ S R L",
        "cuit": "30640661832",
        "rubro": "5 - CONSTRUCCIÓN",
        "direccion": "POSADAS - AV MAIPU 2454",
        "localidad": "POSADAS",
        "provincia": "Misiones",
        "email": "gabriela.timmer@tymaq.com.ar",
        "telefono": "3764431033",
        "Estado AFIP": "ok",
        "CRM": "NO",
        "relevado": "-"
      }
    },
    {
      "type": "Feature",
      "geometry": {
        "type": "Point",
        "coordinates": [
          -55.894295,
          -27.3664824
        ]
      },
      "properties": {
        "Base": "Bases Misiones 2",
        "base": "Bases Misiones 2",
        "cliente": "UGMA S.R.L",
        "nombre": "UGMA S.R.L",
        "cuit": "30710205732",
        "rubro": "5 - CONSTRUCCIÓN",
        "direccion": "POSADAS - AMBROSETTI Nº1865",
        "localidad": "POSADAS",
        "provincia": "Misiones",
        "email": "ugmasrloficial@gmail.com",
        "telefono": "3764424513",
        "Estado AFIP": "ok",
        "CRM": "NO",
        "relevado": "-"
      }
    },
    {
      "type": "Feature",
      "geometry": {
        "type": "Point",
        "coordinates": [
          -55.894295,
          -27.3664824
        ]
      },
      "properties": {
        "Base": "Bases Misiones 2",
        "base": "Bases Misiones 2",
        "cliente": "VANNELA VIVIAN LAGO",
        "nombre": "VANNELA VIVIAN LAGO",
        "cuit": "27287459047",
        "rubro": "5 - CONSTRUCCIÓN",
        "direccion": "POSADAS - GRAL. E. MOSCONI Nº  6549",
        "localidad": "POSADAS",
        "provincia": "Misiones",
        "email": "DISTRIGVR_MISIONES@HOTMAIL.COM",
        "telefono": "3764--4272325",
        "Estado AFIP": "ok",
        "CRM": "NO",
        "relevado": "-"
      }
    },
    {
      "type": "Feature",
      "geometry": {
        "type": "Point",
        "coordinates": [
          -54.4660386,
          -26.4300506
        ]
      },
      "properties": {
        "Base": "Bases Misiones 2",
        "base": "Bases Misiones 2",
        "cliente": "VAZQUEZ MARCELO AGUSTIN",
        "nombre": "VAZQUEZ MARCELO AGUSTIN",
        "cuit": "20340165668",
        "rubro": "5 - CONSTRUCCIÓN",
        "direccion": "9 DE JULIO - JUAN JOSE PASO 0",
        "localidad": "9 DE JULIO",
        "provincia": "Misiones",
        "email": "marceloagu33@gmail.com",
        "telefono": "",
        "Estado AFIP": "ok",
        "CRM": "NO",
        "relevado": "-"
      }
    },
    {
      "type": "Feature",
      "geometry": {
        "type": "Point",
        "coordinates": [
          -55.8961882,
          -27.3681494
        ]
      },
      "properties": {
        "Base": "Bases Misiones 2",
        "base": "Bases Misiones 2",
        "cliente": "VIALERG S.A.",
        "nombre": "VIALERG S.A.",
        "cuit": "30716241870",
        "rubro": "5 - CONSTRUCCIÓN",
        "direccion": "POSADAS - san lorenzo 2208",
        "localidad": "CIUDAD AUTONOMA BUENOS AIRES",
        "provincia": "Misiones",
        "email": "vialergsa@gmail.com",
        "telefono": "01143722993",
        "Estado AFIP": "ok",
        "CRM": "NO",
        "relevado": "-"
      }
    },
    {
      "type": "Feature",
      "geometry": {
        "type": "Point",
        "coordinates": [
          -55.894295,
          -27.3664824
        ]
      },
      "properties": {
        "Base": "Bases Misiones 2",
        "base": "Bases Misiones 2",
        "cliente": "VICTOR ANDRES MARTINEZ",
        "nombre": "VICTOR ANDRES MARTINEZ",
        "cuit": "20135160408",
        "rubro": "5 - CONSTRUCCIÓN",
        "direccion": "POSADAS - EUGENIO RAMIREZ 1113 Piso:11 Dpto:F",
        "localidad": "POSADAS",
        "provincia": "Misiones",
        "email": "cenemi@live.com.ar",
        "telefono": "3764688401",
        "Estado AFIP": "ok",
        "CRM": "NO",
        "relevado": "-"
      }
    },
    {
      "type": "Feature",
      "geometry": {
        "type": "Point",
        "coordinates": [
          -55.8296552,
          -27.4837122
        ]
      },
      "properties": {
        "Base": "Bases Misiones 2",
        "base": "Bases Misiones 2",
        "cliente": "VILLALONGA INDUSTRIAL Y COMERCIAL SRL",
        "nombre": "VILLALONGA INDUSTRIAL Y COMERCIAL SRL",
        "cuit": "30709938343",
        "rubro": "5 - CONSTRUCCIÓN",
        "direccion": "GARUPÁ - LOTE 12 M:29",
        "localidad": "GARUPÁ",
        "provincia": "Misiones",
        "email": "villalongaindustrial@hotmail.com",
        "telefono": "",
        "Estado AFIP": "ok",
        "CRM": "NO",
        "relevado": "-"
      }
    },
    {
      "type": "Feature",
      "geometry": {
        "type": "Point",
        "coordinates": [
          -53.6467366,
          -26.2553959
        ]
      },
      "properties": {
        "Base": "Bases Misiones 2",
        "base": "Bases Misiones 2",
        "cliente": "VIRGINIA LUJAN FARIAS",
        "nombre": "VIRGINIA LUJAN FARIAS",
        "cuit": "23161965634",
        "rubro": "5 - CONSTRUCCIÓN",
        "direccion": "BERNARDO DE IRIGOYEN - AV, LIBERTADOR Nº180",
        "localidad": "BERNARDO DE IRIGOYEN",
        "provincia": "Misiones",
        "email": "vila.forte@gmail.com",
        "telefono": "3741420314",
        "Estado AFIP": "ok",
        "CRM": "NO",
        "relevado": "-"
      }
    },
    {
      "type": "Feature",
      "geometry": {
        "type": "Point",
        "coordinates": [
          -55.9229947,
          -27.3716427
        ]
      },
      "properties": {
        "Base": "Bases Misiones 2",
        "base": "Bases Misiones 2",
        "cliente": "VOLADURAS EL LITORAL SRL",
        "nombre": "VOLADURAS EL LITORAL SRL",
        "cuit": "30672356527",
        "rubro": "5 - CONSTRUCCIÓN",
        "direccion": "POSADAS - LOPEZ Y PLANES 3017",
        "localidad": "POSADAS",
        "provincia": "Misiones",
        "email": "hectorbordon@estudiokaraben.com.ar",
        "telefono": "3764281111",
        "Estado AFIP": "ok",
        "CRM": "NO",
        "relevado": "-"
      }
    },
    {
      "type": "Feature",
      "geometry": {
        "type": "Point",
        "coordinates": [
          -55.1202965,
          -27.4849798
        ]
      },
      "properties": {
        "Base": "Bases Misiones 2",
        "base": "Bases Misiones 2",
        "cliente": "WALTER EZEQUIEL RUIZ DMITROWICZ",
        "nombre": "WALTER EZEQUIEL RUIZ DMITROWICZ",
        "cuit": "20356946775",
        "rubro": "5 - CONSTRUCCIÓN",
        "direccion": "OBERÁ - TUCUMAN 646",
        "localidad": "OBERÁ",
        "provincia": "Misiones",
        "email": "walter.ruiz91@hotmail.com",
        "telefono": "0375515635201",
        "Estado AFIP": "ok",
        "CRM": "NO",
        "relevado": "-"
      }
    },
    {
      "type": "Feature",
      "geometry": {
        "type": "Point",
        "coordinates": [
          -55.898123,
          -27.3842024
        ]
      },
      "properties": {
        "Base": "Bases Misiones 2",
        "base": "Bases Misiones 2",
        "cliente": "WMG SRL",
        "nombre": "WMG SRL",
        "cuit": "30717069273",
        "rubro": "5 - CONSTRUCCIÓN",
        "direccion": "POSADAS - AVENIDA CABRED 1841",
        "localidad": "POSADAS",
        "provincia": "Misiones",
        "email": "wmgsrladm@gmail.com",
        "telefono": "4439556",
        "Estado AFIP": "ok",
        "CRM": "SI",
        "relevado": "NO"
      }
    },
    {
      "type": "Feature",
      "geometry": {
        "type": "Point",
        "coordinates": [
          -55.894295,
          -27.3664824
        ]
      },
      "properties": {
        "Base": "Bases Misiones 2",
        "base": "Bases Misiones 2",
        "cliente": "YAKARO  S.A.",
        "nombre": "YAKARO  S.A.",
        "cuit": "30711392161",
        "rubro": "5 - CONSTRUCCIÓN",
        "direccion": "POSADAS - CATAMARCA 536",
        "localidad": "POSADAS",
        "provincia": "Misiones",
        "email": "javieryakinczuk@icloud.com",
        "telefono": "3765296014",
        "Estado AFIP": "ok",
        "CRM": "NO",
        "relevado": "-"
      }
    },
    {
      "type": "Feature",
      "geometry": {
        "type": "Point",
        "coordinates": [
          -55.894295,
          -27.3664824
        ]
      },
      "properties": {
        "Base": "Bases Misiones 2",
        "base": "Bases Misiones 2",
        "cliente": "YUNIS CONSTRUCCIONES S.R.L.",
        "nombre": "YUNIS CONSTRUCCIONES S.R.L.",
        "cuit": "30710030819",
        "rubro": "5 - CONSTRUCCIÓN",
        "direccion": "POSADAS - YRIGOYEN 2720 Piso:PB",
        "localidad": "POSADAS",
        "provincia": "Misiones",
        "email": "vasselsueldos@gmail.com",
        "telefono": "22222222",
        "Estado AFIP": "ok",
        "CRM": "NO",
        "relevado": "-"
      }
    },
    {
      "type": "Feature",
      "geometry": {
        "type": "Point",
        "coordinates": [
          -55.1202965,
          -27.4849798
        ]
      },
      "properties": {
        "Base": "Bases Misiones 2",
        "base": "Bases Misiones 2",
        "cliente": "YVY PORA S.R.L.",
        "nombre": "YVY PORA S.R.L.",
        "cuit": "30712441549",
        "rubro": "5 - CONSTRUCCIÓN",
        "direccion": "OBERÁ - GOBERNADOR BARREYRO Nº 1257",
        "localidad": "OBERÁ",
        "provincia": "Misiones",
        "email": "ARQUITECTOMINOURA@GMAIL.COM",
        "telefono": "0355 - 421653",
        "Estado AFIP": "ok",
        "CRM": "NO",
        "relevado": "-"
      }
    },
    {
      "type": "Feature",
      "geometry": {
        "type": "Point",
        "coordinates": [
          -55.894295,
          -27.3664824
        ]
      },
      "properties": {
        "Base": "Bases Misiones 2",
        "base": "Bases Misiones 2",
        "cliente": "BOR COM  SOCIEDAD ANONIMA",
        "nombre": "BOR COM  SOCIEDAD ANONIMA",
        "cuit": "33672410199",
        "rubro": "7 - EXPLOTACIÓN DE MINAS Y CANTERAS",
        "direccion": "POSADAS - CATAMARCA 1415 Piso:0 Dpto:0 S:0 T:0 M:0",
        "localidad": "POSADAS",
        "provincia": "Misiones",
        "email": "GUILLERMOROSSLER@HOTMAIL.COM",
        "telefono": "0376-4468100",
        "Estado AFIP": "ok",
        "CRM": "SI",
        "relevado": "SI"
      }
    },
    {
      "type": "Feature",
      "geometry": {
        "type": "Point",
        "coordinates": [
          -54.6262079,
          -26.4048555
        ]
      },
      "properties": {
        "Base": "Bases Misiones 2",
        "base": "Bases Misiones 2",
        "cliente": "CANTERA ELDORADO SA",
        "nombre": "CANTERA ELDORADO SA",
        "cuit": "30591882038",
        "rubro": "7 - EXPLOTACIÓN DE MINAS Y CANTERAS",
        "direccion": "ELDORADO - RUTA NACIONAL 12 KM.1547,60 0",
        "localidad": "ELDORADO",
        "provincia": "Misiones",
        "email": "administracion@canteraeldoradosa.com",
        "telefono": "3751421189",
        "Estado AFIP": "ok",
        "CRM": "NO",
        "relevado": "-"
      }
    },
    {
      "type": "Feature",
      "geometry": {
        "type": "Point",
        "coordinates": [
          -55.2743019,
          -27.4674544
        ]
      },
      "properties": {
        "Base": "Bases Misiones 2",
        "base": "Bases Misiones 2",
        "cliente": "CANTERA SAN MARTIN S.R.L.",
        "nombre": "CANTERA SAN MARTIN S.R.L.",
        "cuit": "33637314519",
        "rubro": "7 - EXPLOTACIÓN DE MINAS Y CANTERAS",
        "direccion": "OBERÁ - LEANDRO N ALEM N° 1035",
        "localidad": "SAN MARTÍN",
        "provincia": "Misiones",
        "email": "canterasanmartinsrl@gmail.com",
        "telefono": "3755-15-583601",
        "Estado AFIP": "ok",
        "CRM": "SI",
        "relevado": "NO"
      }
    },
    {
      "type": "Feature",
      "geometry": {
        "type": "Point",
        "coordinates": [
          -55.894295,
          -27.3664824
        ]
      },
      "properties": {
        "Base": "Bases Misiones 2",
        "base": "Bases Misiones 2",
        "cliente": "CARLOS E ENRIQUEZ SA",
        "nombre": "CARLOS E ENRIQUEZ SA",
        "cuit": "30507171814",
        "rubro": "7 - EXPLOTACIÓN DE MINAS Y CANTERAS",
        "direccion": "POSADAS - Coronel Lopez N 3335",
        "localidad": "POSADAS",
        "provincia": "Misiones",
        "email": "victor.s@ceeenriquez.com",
        "telefono": "3764424500",
        "Estado AFIP": "ok",
        "CRM": "SI",
        "relevado": "NO"
      }
    },
    {
      "type": "Feature",
      "geometry": {
        "type": "Point",
        "coordinates": [
          -55.0266912,
          -26.8167893
        ]
      },
      "properties": {
        "Base": "Bases Misiones 2",
        "base": "Bases Misiones 2",
        "cliente": "CONCRETAR S.R.L.",
        "nombre": "CONCRETAR S.R.L.",
        "cuit": "30709399817",
        "rubro": "7 - EXPLOTACIÓN DE MINAS Y CANTERAS",
        "direccion": "PUERTO RICO - LOTE 22 \"B\" ACC. NORTE 0",
        "localidad": "PUERTO RICO",
        "provincia": "Misiones",
        "email": "karinascherf@gmail.com",
        "telefono": "0374315474713",
        "Estado AFIP": "ok",
        "CRM": "SI",
        "relevado": "SI"
      }
    },
    {
      "type": "Feature",
      "geometry": {
        "type": "Point",
        "coordinates": [
          -55.894295,
          -27.3664824
        ]
      },
      "properties": {
        "Base": "Bases Misiones 2",
        "base": "Bases Misiones 2",
        "cliente": "CONSTRUCTORA NORDECO S.A.",
        "nombre": "CONSTRUCTORA NORDECO S.A.",
        "cuit": "30710585098",
        "rubro": "7 - EXPLOTACIÓN DE MINAS Y CANTERAS",
        "direccion": "POSADAS - AV. JUAN MAZA 3390",
        "localidad": "POSADAS",
        "provincia": "Misiones",
        "email": "conorsa10@hotmail.com",
        "telefono": "3764597177",
        "Estado AFIP": "ok",
        "CRM": "SI",
        "relevado": "SI"
      }
    },
    {
      "type": "Feature",
      "geometry": {
        "type": "Point",
        "coordinates": [
          -55.894295,
          -27.3664824
        ]
      },
      "properties": {
        "Base": "Bases Misiones 2",
        "base": "Bases Misiones 2",
        "cliente": "HORMIGONERA EL NOCHERO SA",
        "nombre": "HORMIGONERA EL NOCHERO SA",
        "cuit": "30615429038",
        "rubro": "7 - EXPLOTACIÓN DE MINAS Y CANTERAS",
        "direccion": "POSADAS - RUTA NAC 12 6718",
        "localidad": "POSADAS",
        "provincia": "Misiones",
        "email": "contable@elnocherosa.com.ar",
        "telefono": "03764454200",
        "Estado AFIP": "ok",
        "CRM": "NO",
        "relevado": "-"
      }
    },
    {
      "type": "Feature",
      "geometry": {
        "type": "Point",
        "coordinates": [
          -55.4800919,
          -27.4854462
        ]
      },
      "properties": {
        "Base": "Bases Misiones 2",
        "base": "Bases Misiones 2",
        "cliente": "JUAN CARLOS ALMEIDA",
        "nombre": "JUAN CARLOS ALMEIDA",
        "cuit": "20310771180",
        "rubro": "7 - EXPLOTACIÓN DE MINAS Y CANTERAS",
        "direccion": "BONPLAND - FRACCION B  LOTE 139",
        "localidad": "BONPLAND",
        "provincia": "Misiones",
        "email": "silviaggross@yahoo.com.ar",
        "telefono": "03754476381",
        "Estado AFIP": "ok",
        "CRM": "NO",
        "relevado": "-"
      }
    },
    {
      "type": "Feature",
      "geometry": {
        "type": "Point",
        "coordinates": [
          -55.4800919,
          -27.4854462
        ]
      },
      "properties": {
        "Base": "Bases Misiones 2",
        "base": "Bases Misiones 2",
        "cliente": "KELI ESTER GLAUCHE",
        "nombre": "KELI ESTER GLAUCHE",
        "cuit": "27137618694",
        "rubro": "7 - EXPLOTACIÓN DE MINAS Y CANTERAS",
        "direccion": "BONPLAND - LOTE 139",
        "localidad": "BONPLAND",
        "provincia": "Misiones",
        "email": "silviaggross@yahoo.com.ar",
        "telefono": "3754476381",
        "Estado AFIP": "ok",
        "CRM": "NO",
        "relevado": "-"
      }
    },
    {
      "type": "Feature",
      "geometry": {
        "type": "Point",
        "coordinates": [
          -55.894295,
          -27.3664824
        ]
      },
      "properties": {
        "Base": "Bases Misiones 2",
        "base": "Bases Misiones 2",
        "cliente": "LA SOLITA S.R.L.",
        "nombre": "LA SOLITA S.R.L.",
        "cuit": "30711720258",
        "rubro": "7 - EXPLOTACIÓN DE MINAS Y CANTERAS",
        "direccion": "POSADAS - FELIX DE AZARA 1635 PISO:-ALTA DPTO:20 S:- T:- M:-",
        "localidad": "POSADAS",
        "provincia": "Misiones",
        "email": "paola.estudiointegral@gmail.com",
        "telefono": "4716952",
        "Estado AFIP": "ok",
        "CRM": "NO",
        "relevado": "-"
      }
    },
    {
      "type": "Feature",
      "geometry": {
        "type": "Point",
        "coordinates": [
          -55.894295,
          -27.3664824
        ]
      },
      "properties": {
        "Base": "Bases Misiones 2",
        "base": "Bases Misiones 2",
        "cliente": "MUNIAGURRIA JORGE DANIEL",
        "nombre": "MUNIAGURRIA JORGE DANIEL",
        "cuit": "20130041842",
        "rubro": "7 - EXPLOTACIÓN DE MINAS Y CANTERAS",
        "direccion": "POSADAS - AV. TRINCHERA DE SAN JOSE 1180, POSADAS, Misiones",
        "localidad": "POSADAS",
        "provincia": "Misiones",
        "email": "javierbritez@yahoo.es",
        "telefono": "---------------",
        "Estado AFIP": "ok",
        "CRM": "SI",
        "relevado": "NO"
      }
    },
    {
      "type": "Feature",
      "geometry": {
        "type": "Point",
        "coordinates": [
          -55.0266912,
          -26.8167893
        ]
      },
      "properties": {
        "Base": "Bases Misiones 2",
        "base": "Bases Misiones 2",
        "cliente": "NEDEL GERARDO JORGE",
        "nombre": "NEDEL GERARDO JORGE",
        "cuit": "20175075675",
        "rubro": "7 - EXPLOTACIÓN DE MINAS Y CANTERAS",
        "direccion": "PUERTO RICO - PARAJE QUINTA 106 N",
        "localidad": "PUERTO RICO",
        "provincia": "Misiones",
        "email": "estudiorcsyasoc@hotmail.com.ar",
        "telefono": "",
        "Estado AFIP": "ok",
        "CRM": "NO",
        "relevado": "-"
      }
    },
    {
      "type": "Feature",
      "geometry": {
        "type": "Point",
        "coordinates": [
          -55.1202965,
          -27.4849798
        ]
      },
      "properties": {
        "Base": "Bases Misiones 2",
        "base": "Bases Misiones 2",
        "cliente": "SIMON CARLOS ALBERTO",
        "nombre": "SIMON CARLOS ALBERTO",
        "cuit": "20177051226",
        "rubro": "7 - EXPLOTACIÓN DE MINAS Y CANTERAS",
        "direccion": "OBERÁ - SENDERO DE LA MUJER Y SAN AGU 1781",
        "localidad": "OBERÁ",
        "provincia": "Misiones",
        "email": "estudiocontableobera@gmail.com",
        "telefono": "422484",
        "Estado AFIP": "ok",
        "CRM": "NO",
        "relevado": "-"
      }
    },
    {
      "type": "Feature",
      "geometry": {
        "type": "Point",
        "coordinates": [
          -55.894295,
          -27.3664824
        ]
      },
      "properties": {
        "Base": "Bases Misiones 2",
        "base": "Bases Misiones 2",
        "cliente": "TEMBIAPO S.A.",
        "nombre": "TEMBIAPO S.A.",
        "cuit": "30709933619",
        "rubro": "7 - EXPLOTACIÓN DE MINAS Y CANTERAS",
        "direccion": "POSADAS - BUCHARDO 2383",
        "localidad": "POSADAS",
        "provincia": "Misiones",
        "email": "tembiaposa@gmail.com",
        "telefono": "03764596266",
        "Estado AFIP": "ok",
        "CRM": "NO",
        "relevado": "-"
      }
    },
    {
      "type": "Feature",
      "geometry": {
        "type": "Point",
        "coordinates": [
          -54.4866356,
          -26.9932723
        ]
      },
      "properties": {
        "Base": "Bases Misiones 2",
        "base": "Bases Misiones 2",
        "cliente": "TORNERIA TONY S.R.L.",
        "nombre": "TORNERIA TONY S.R.L.",
        "cuit": "30708875003",
        "rubro": "7 - EXPLOTACIÓN DE MINAS Y CANTERAS",
        "direccion": "SAN VICENTE - LOTE 116 SUBD LOTE  C 3",
        "localidad": "SAN VICENTE",
        "provincia": "Misiones",
        "email": "torneriatonysrlcantera@gmail.com",
        "telefono": "0375515392805",
        "Estado AFIP": "ok",
        "CRM": "NO",
        "relevado": "-"
      }
    },
    {
      "type": "Feature",
      "geometry": {
        "type": "Point",
        "coordinates": [
          -55.1281847,
          -27.5025753
        ]
      },
      "properties": {
        "Base": "Bases Misiones 2",
        "base": "Bases Misiones 2",
        "cliente": "ABATI S.A.",
        "nombre": "ABATI S.A.",
        "cuit": "30666753891",
        "rubro": "8 - INDUSTRIA MANUFACTURERA",
        "direccion": "POSADAS - RUTA 8 KM. 5",
        "localidad": "PERGAMINO",
        "provincia": "Misiones",
        "email": "abaticontaduria@gmail.com",
        "telefono": "2477-660760",
        "Estado AFIP": "ok",
        "CRM": "NO",
        "relevado": "-"
      }
    },
    {
      "type": "Feature",
      "geometry": {
        "type": "Point",
        "coordinates": [
          -55.894295,
          -27.3664824
        ]
      },
      "properties": {
        "Base": "Bases Misiones 2",
        "base": "Bases Misiones 2",
        "cliente": "ADRIAN NORBERTO PALAMARCHUK",
        "nombre": "ADRIAN NORBERTO PALAMARCHUK",
        "cuit": "20311103971",
        "rubro": "8 - INDUSTRIA MANUFACTURERA",
        "direccion": "POSADAS - JUAN JOSE PASO Y JOSE A CABRERA N° 3599",
        "localidad": "POSADAS",
        "provincia": "Misiones",
        "email": "fibraspalamarchuk@hotmail.com",
        "telefono": "376 - 4284365",
        "Estado AFIP": "ok",
        "CRM": "NO",
        "relevado": "-"
      }
    },
    {
      "type": "Feature",
      "geometry": {
        "type": "Point",
        "coordinates": [
          -55.7549174,
          -27.9139657
        ]
      },
      "properties": {
        "Base": "Bases Misiones 2",
        "base": "Bases Misiones 2",
        "cliente": "AFTARCZUK SERGIO",
        "nombre": "AFTARCZUK SERGIO",
        "cuit": "24263428605",
        "rubro": "8 - INDUSTRIA MANUFACTURERA",
        "direccion": "APOSTOLES - INTENDENTE WARENYCIA 388",
        "localidad": "APOSTOLES",
        "provincia": "Misiones",
        "email": "estudiocontablejls@gmail.com",
        "telefono": "1154080557",
        "Estado AFIP": "ok",
        "CRM": "NO",
        "relevado": "-"
      }
    },
    {
      "type": "Feature",
      "geometry": {
        "type": "Point",
        "coordinates": [
          -55.8919015,
          -27.3565374
        ]
      },
      "properties": {
        "Base": "Bases Misiones 2",
        "base": "Bases Misiones 2",
        "cliente": "AGRO CHACO SRL",
        "nombre": "AGRO CHACO SRL",
        "cuit": "30551845024",
        "rubro": "8 - INDUSTRIA MANUFACTURERA",
        "direccion": "POSADAS - RUTA 12 KM 5,5",
        "localidad": "VILLA ANGELA",
        "provincia": "Misiones",
        "email": "vazquez_patri@hotmail.com",
        "telefono": "3624446443",
        "Estado AFIP": "ok",
        "CRM": "NO",
        "relevado": "-"
      }
    },
    {
      "type": "Feature",
      "geometry": {
        "type": "Point",
        "coordinates": [
          -55.894295,
          -27.3664824
        ]
      },
      "properties": {
        "Base": "Bases Misiones 2",
        "base": "Bases Misiones 2",
        "cliente": "ALBERTO J. MAZZONI S.A.",
        "nombre": "ALBERTO J. MAZZONI S.A.",
        "cuit": "33711102359",
        "rubro": "8 - INDUSTRIA MANUFACTURERA",
        "direccion": "POSADAS - AV. MITRE N°2371",
        "localidad": "POSADAS",
        "provincia": "Misiones",
        "email": "areacontable@albertomazzoni.com.ar",
        "telefono": "0376-4436649",
        "Estado AFIP": "ok",
        "CRM": "NO",
        "relevado": "-"
      }
    },
    {
      "type": "Feature",
      "geometry": {
        "type": "Point",
        "coordinates": [
          -55.894295,
          -27.3664824
        ]
      },
      "properties": {
        "Base": "Bases Misiones 2",
        "base": "Bases Misiones 2",
        "cliente": "ALEJANDRO MIGUEL VILLAMAYOR",
        "nombre": "ALEJANDRO MIGUEL VILLAMAYOR",
        "cuit": "20311102584",
        "rubro": "8 - INDUSTRIA MANUFACTURERA",
        "direccion": "POSADAS - DUTRA Nº 3369",
        "localidad": "POSADAS",
        "provincia": "Misiones",
        "email": "info@graficalibertad.com.ar",
        "telefono": "0376-4433406",
        "Estado AFIP": "ok",
        "CRM": "NO",
        "relevado": "-"
      }
    },
    {
      "type": "Feature",
      "geometry": {
        "type": "Point",
        "coordinates": [
          -55.8959477,
          -27.3734695
        ]
      },
      "properties": {
        "Base": "Bases Misiones 2",
        "base": "Bases Misiones 2",
        "cliente": "ALOE K COMPANY SRL",
        "nombre": "ALOE K COMPANY SRL",
        "cuit": "30709490083",
        "rubro": "8 - INDUSTRIA MANUFACTURERA",
        "direccion": "POSADAS - SANTIAGO DEL ESTERO 1465",
        "localidad": "CORRIENTES",
        "provincia": "Misiones",
        "email": "ANALIA2581@GMAIL.COM",
        "telefono": "3794067933",
        "Estado AFIP": "ok",
        "CRM": "NO",
        "relevado": "-"
      }
    },
    {
      "type": "Feature",
      "geometry": {
        "type": "Point",
        "coordinates": [
          -54.1963432,
          -27.29549
        ]
      },
      "properties": {
        "Base": "Bases Misiones 2",
        "base": "Bases Misiones 2",
        "cliente": "ANGELA JULIANA DE MELLO",
        "nombre": "ANGELA JULIANA DE MELLO",
        "cuit": "27321187221",
        "rubro": "8 - INDUSTRIA MANUFACTURERA",
        "direccion": "EL SOBERBIO - BARRIO IPRODHA CASA 20",
        "localidad": "EL SOBERBIO",
        "provincia": "Misiones",
        "email": "evelingerlach@hotmail.com",
        "telefono": "3755553577",
        "Estado AFIP": "ok",
        "CRM": "NO",
        "relevado": "-"
      }
    },
    {
      "type": "Feature",
      "geometry": {
        "type": "Point",
        "coordinates": [
          -55.894295,
          -27.3664824
        ]
      },
      "properties": {
        "Base": "Bases Misiones 2",
        "base": "Bases Misiones 2",
        "cliente": "ARCANA SRL",
        "nombre": "ARCANA SRL",
        "cuit": "30709859311",
        "rubro": "8 - INDUSTRIA MANUFACTURERA",
        "direccion": "POSADAS - FELIX AGUIRRE 2163 Piso:0 Dpto:0 S:0 T:0 M:0",
        "localidad": "POSADAS",
        "provincia": "Misiones",
        "email": "tributario.concursal@tconcursal.com.ar",
        "telefono": "",
        "Estado AFIP": "ok",
        "CRM": "NO",
        "relevado": "-"
      }
    },
    {
      "type": "Feature",
      "geometry": {
        "type": "Point",
        "coordinates": [
          -55.0164273,
          -26.7984021
        ]
      },
      "properties": {
        "Base": "Bases Misiones 2",
        "base": "Bases Misiones 2",
        "cliente": "ARGELTRA SA",
        "nombre": "ARGELTRA SA",
        "cuit": "30661361308",
        "rubro": "8 - INDUSTRIA MANUFACTURERA",
        "direccion": "ELDORADO - San martin 302",
        "localidad": "LA TABLADA",
        "provincia": "Misiones",
        "email": "contable@argeltra.com.ar",
        "telefono": "01146520520",
        "Estado AFIP": "ok",
        "CRM": "NO",
        "relevado": "-"
      }
    },
    {
      "type": "Feature",
      "geometry": {
        "type": "Point",
        "coordinates": [
          -55.894295,
          -27.3664824
        ]
      },
      "properties": {
        "Base": "Bases Misiones 2",
        "base": "Bases Misiones 2",
        "cliente": "ARME SA",
        "nombre": "ARME SA",
        "cuit": "33707506909",
        "rubro": "8 - INDUSTRIA MANUFACTURERA",
        "direccion": "POSADAS - CALLE136 N° 6676",
        "localidad": "POSADAS",
        "provincia": "Misiones",
        "email": "arme@arme-sa.com.ar",
        "telefono": "0376-4400225",
        "Estado AFIP": "ok",
        "CRM": "NO",
        "relevado": "-"
      }
    },
    {
      "type": "Feature",
      "geometry": {
        "type": "Point",
        "coordinates": [
          -55.894295,
          -27.3664824
        ]
      },
      "properties": {
        "Base": "Bases Misiones 2",
        "base": "Bases Misiones 2",
        "cliente": "ARQUIMIA S.A.",
        "nombre": "ARQUIMIA S.A.",
        "cuit": "30622819402",
        "rubro": "8 - INDUSTRIA MANUFACTURERA",
        "direccion": "POSADAS - -",
        "localidad": "FLORENCIO VARELA",
        "provincia": "Misiones",
        "email": "arquimia@cbl.com.ar",
        "telefono": "02229-491390",
        "Estado AFIP": "ok",
        "CRM": "NO",
        "relevado": "-"
      }
    },
    {
      "type": "Feature",
      "geometry": {
        "type": "Point",
        "coordinates": [
          -55.894295,
          -27.3664824
        ]
      },
      "properties": {
        "Base": "Bases Misiones 2",
        "base": "Bases Misiones 2",
        "cliente": "ARTRANS S.A.",
        "nombre": "ARTRANS S.A.",
        "cuit": "30593730413",
        "rubro": "8 - INDUSTRIA MANUFACTURERA",
        "direccion": "POSADAS - -",
        "localidad": "LUJÁN DE CUYO",
        "provincia": "Misiones",
        "email": "cgproveedores@misiones.gov.ar",
        "telefono": "",
        "Estado AFIP": "ok",
        "CRM": "NO",
        "relevado": "-"
      }
    },
    {
      "type": "Feature",
      "geometry": {
        "type": "Point",
        "coordinates": [
          -55.894295,
          -27.3664824
        ]
      },
      "properties": {
        "Base": "Bases Misiones 2",
        "base": "Bases Misiones 2",
        "cliente": "ASCENSORES GUILLEMIN S.R.L.",
        "nombre": "ASCENSORES GUILLEMIN S.R.L.",
        "cuit": "30707785876",
        "rubro": "8 - INDUSTRIA MANUFACTURERA",
        "direccion": "POSADAS - CDTE. MIÑO Y CALLE 24 0",
        "localidad": "POSADAS",
        "provincia": "Misiones",
        "email": "estudio4568@gmail.com",
        "telefono": "3764842067",
        "Estado AFIP": "ok",
        "CRM": "NO",
        "relevado": "-"
      }
    },
    {
      "type": "Feature",
      "geometry": {
        "type": "Point",
        "coordinates": [
          -55.8971326,
          -27.3676684
        ]
      },
      "properties": {
        "Base": "Bases Misiones 2",
        "base": "Bases Misiones 2",
        "cliente": "ASFALTOS TRINIDAD SA",
        "nombre": "ASFALTOS TRINIDAD SA",
        "cuit": "33708182279",
        "rubro": "8 - INDUSTRIA MANUFACTURERA",
        "direccion": "POSADAS - cordoba 3025",
        "localidad": "SAUCE VIEJO",
        "provincia": "Misiones",
        "email": "lucasyanantuoni@gmail.com",
        "telefono": "3425035808",
        "Estado AFIP": "ok",
        "CRM": "SI",
        "relevado": "NO"
      }
    },
    {
      "type": "Feature",
      "geometry": {
        "type": "Point",
        "coordinates": [
          -55.8838273,
          -27.4306959
        ]
      },
      "properties": {
        "Base": "Bases Misiones 2",
        "base": "Bases Misiones 2",
        "cliente": "AXION S.A.",
        "nombre": "AXION S.A.",
        "cuit": "30711521050",
        "rubro": "8 - INDUSTRIA MANUFACTURERA",
        "direccion": "POSADAS - Juan Perón 678",
        "localidad": "SAN FRANCISCO",
        "provincia": "Misiones",
        "email": "y.walker@axionlift.com",
        "telefono": "",
        "Estado AFIP": "ok",
        "CRM": "NO",
        "relevado": "-"
      }
    },
    {
      "type": "Feature",
      "geometry": {
        "type": "Point",
        "coordinates": [
          -55.0266912,
          -26.8167893
        ]
      },
      "properties": {
        "Base": "Bases Misiones 2",
        "base": "Bases Misiones 2",
        "cliente": "BAREIRO CRISTOBAL OSVALDO",
        "nombre": "BAREIRO CRISTOBAL OSVALDO",
        "cuit": "20119257345",
        "rubro": "8 - INDUSTRIA MANUFACTURERA",
        "direccion": "PUERTO RICO - YERBAL 62  Dpto:2",
        "localidad": "PUERTO RICO",
        "provincia": "Misiones",
        "email": "cpmilenaocampo@gmail.com",
        "telefono": "3743412372",
        "Estado AFIP": "ok",
        "CRM": "NO",
        "relevado": "-"
      }
    },
    {
      "type": "Feature",
      "geometry": {
        "type": "Point",
        "coordinates": [
          -55.8943233,
          -27.3652207
        ]
      },
      "properties": {
        "Base": "Bases Misiones 2",
        "base": "Bases Misiones 2",
        "cliente": "BARRIENTOS RICARDO FABIAN",
        "nombre": "BARRIENTOS RICARDO FABIAN",
        "cuit": "20247273655",
        "rubro": "8 - INDUSTRIA MANUFACTURERA",
        "direccion": "POSADAS - COLON 2412",
        "localidad": "POSADAS",
        "provincia": "Misiones",
        "email": "juan_heuer@hotmail.com",
        "telefono": "0376-4353573",
        "Estado AFIP": "ok",
        "CRM": "NO",
        "relevado": "-"
      }
    },
    {
      "type": "Feature",
      "geometry": {
        "type": "Point",
        "coordinates": [
          -54.8935248,
          -27.099185
        ]
      },
      "properties": {
        "Base": "Bases Misiones 2",
        "base": "Bases Misiones 2",
        "cliente": "BASILE ALEJANDRO OSCAR",
        "nombre": "BASILE ALEJANDRO OSCAR",
        "cuit": "20122079555",
        "rubro": "8 - INDUSTRIA MANUFACTURERA",
        "direccion": "ARISTÓBULO DEL VALLE - MARIANO MORENO N°526",
        "localidad": "ARISTÓBULO DEL VALLE",
        "provincia": "Misiones",
        "email": "rendon_jonathan@hotmail.com",
        "telefono": "3755661073",
        "Estado AFIP": "ok",
        "CRM": "NO",
        "relevado": "-"
      }
    },
    {
      "type": "Feature",
      "geometry": {
        "type": "Point",
        "coordinates": [
          -54.6361286,
          -27.3184329
        ]
      },
      "properties": {
        "Base": "Bases Misiones 2",
        "base": "Bases Misiones 2",
        "cliente": "BECHA S.A.",
        "nombre": "BECHA S.A.",
        "cuit": "30707950869",
        "rubro": "8 - INDUSTRIA MANUFACTURERA",
        "direccion": "POSADAS - Av. Fco. de Haro 2745, POSADAS, Misiones",
        "localidad": "DESCONOCIDO",
        "provincia": "Misiones",
        "email": "florenciar@econtablecasiello.com.ar",
        "telefono": "",
        "Estado AFIP": "ok",
        "CRM": "NO",
        "relevado": "-"
      }
    },
    {
      "type": "Feature",
      "geometry": {
        "type": "Point",
        "coordinates": [
          -55.894295,
          -27.3664824
        ]
      },
      "properties": {
        "Base": "Bases Misiones 2",
        "base": "Bases Misiones 2",
        "cliente": "BEHAR VIOLETA SUSANA",
        "nombre": "BEHAR VIOLETA SUSANA",
        "cuit": "27118508446",
        "rubro": "8 - INDUSTRIA MANUFACTURERA",
        "direccion": "POSADAS - DERQUI 1475, POSADAS, Misiones",
        "localidad": "POSADAS",
        "provincia": "Misiones",
        "email": "susanavioletabehar@gmail.com",
        "telefono": "3764564849",
        "Estado AFIP": "ok",
        "CRM": "NO",
        "relevado": "-"
      }
    },
    {
      "type": "Feature",
      "geometry": {
        "type": "Point",
        "coordinates": [
          -55.894295,
          -27.3664824
        ]
      },
      "properties": {
        "Base": "Bases Misiones 2",
        "base": "Bases Misiones 2",
        "cliente": "BEM SRL",
        "nombre": "BEM SRL",
        "cuit": "30714923753",
        "rubro": "8 - INDUSTRIA MANUFACTURERA",
        "direccion": "POSADAS - NICOMEDES CASTRO 627",
        "localidad": "POSADAS",
        "provincia": "Misiones",
        "email": "bemsrl9@gmail.com",
        "telefono": "3764659302",
        "Estado AFIP": "ok",
        "CRM": "NO",
        "relevado": "-"
      }
    },
    {
      "type": "Feature",
      "geometry": {
        "type": "Point",
        "coordinates": [
          -55.894295,
          -27.3664824
        ]
      },
      "properties": {
        "Base": "Bases Misiones 2",
        "base": "Bases Misiones 2",
        "cliente": "BERMUDES HERMINIO CESAR",
        "nombre": "BERMUDES HERMINIO CESAR",
        "cuit": "20946593681",
        "rubro": "8 - INDUSTRIA MANUFACTURERA",
        "direccion": "POSADAS - APOSTOLES 4026     M:16",
        "localidad": "POSADAS",
        "provincia": "Misiones",
        "email": "cpvivi.roniski@gmail.com",
        "telefono": "",
        "Estado AFIP": "ok",
        "CRM": "NO",
        "relevado": "-"
      }
    },
    {
      "type": "Feature",
      "geometry": {
        "type": "Point",
        "coordinates": [
          -54.896844,
          -27.0961875
        ]
      },
      "properties": {
        "Base": "Bases Misiones 2",
        "base": "Bases Misiones 2",
        "cliente": "BM SRL",
        "nombre": "BM SRL",
        "cuit": "30715081098",
        "rubro": "8 - INDUSTRIA MANUFACTURERA",
        "direccion": "ARISTÓBULO DEL VALLE - MARIANO MORENO N 753",
        "localidad": "ARISTÓBULO DEL VALLE",
        "provincia": "Misiones",
        "email": "admcontablebmsrl@gmail.com",
        "telefono": "470190",
        "Estado AFIP": "ok",
        "CRM": "NO",
        "relevado": "-"
      }
    },
    {
      "type": "Feature",
      "geometry": {
        "type": "Point",
        "coordinates": [
          -54.5861439,
          -25.6009429
        ]
      },
      "properties": {
        "Base": "Bases Misiones 2",
        "base": "Bases Misiones 2",
        "cliente": "BRAMAQ SRL",
        "nombre": "BRAMAQ SRL",
        "cuit": "30639620480",
        "rubro": "8 - INDUSTRIA MANUFACTURERA",
        "direccion": "GARUPÁ - ruta nac 12 km 9.500",
        "localidad": "CORRIENTES",
        "provincia": "Misiones",
        "email": "nelida_rios@hotmail.com",
        "telefono": "3794565996",
        "Estado AFIP": "ok",
        "CRM": "NO",
        "relevado": "-"
      }
    },
    {
      "type": "Feature",
      "geometry": {
        "type": "Point",
        "coordinates": [
          -54.6262079,
          -26.4048555
        ]
      },
      "properties": {
        "Base": "Bases Misiones 2",
        "base": "Bases Misiones 2",
        "cliente": "CABRERA RAMON HIPOLITO",
        "nombre": "CABRERA RAMON HIPOLITO",
        "cuit": "20149469762",
        "rubro": "8 - INDUSTRIA MANUFACTURERA",
        "direccion": "ELDORADO - LA PAMPA 1295",
        "localidad": "ELDORADO",
        "provincia": "Misiones",
        "email": "clientesestudio548@gmail.com",
        "telefono": "",
        "Estado AFIP": "ok",
        "CRM": "NO",
        "relevado": "-"
      }
    },
    {
      "type": "Feature",
      "geometry": {
        "type": "Point",
        "coordinates": [
          -55.9303178,
          -27.370791
        ]
      },
      "properties": {
        "Base": "Bases Misiones 2",
        "base": "Bases Misiones 2",
        "cliente": "CARROCERIAS NAVARRO HNOS. S.R.L.",
        "nombre": "CARROCERIAS NAVARRO HNOS. S.R.L.",
        "cuit": "30556861699",
        "rubro": "8 - INDUSTRIA MANUFACTURERA",
        "direccion": "POSADAS - AV. FRANCISCO DE ARO N° 5471",
        "localidad": "VICENTE LÓPEZ",
        "provincia": "Misiones",
        "email": "ventas@carroceriasnavarro.com",
        "telefono": "011 4709 6062",
        "Estado AFIP": "ok",
        "CRM": "NO",
        "relevado": "-"
      }
    },
    {
      "type": "Feature",
      "geometry": {
        "type": "Point",
        "coordinates": [
          -55.894295,
          -27.3664824
        ]
      },
      "properties": {
        "Base": "Bases Misiones 2",
        "base": "Bases Misiones 2",
        "cliente": "CASIMIRO ZBIKOSKI S A",
        "nombre": "CASIMIRO ZBIKOSKI S A",
        "cuit": "30571968734",
        "rubro": "8 - INDUSTRIA MANUFACTURERA",
        "direccion": "POSADAS - 71-CASA 8515",
        "localidad": "POSADAS",
        "provincia": "Misiones",
        "email": "sgarcia@russellbedford.com.ar",
        "telefono": "03764400888",
        "Estado AFIP": "ok",
        "CRM": "SI",
        "relevado": "NO"
      }
    },
    {
      "type": "Feature",
      "geometry": {
        "type": "Point",
        "coordinates": [
          -55.894295,
          -27.3664824
        ]
      },
      "properties": {
        "Base": "Bases Misiones 2",
        "base": "Bases Misiones 2",
        "cliente": "CEMENTOS S.R.L.",
        "nombre": "CEMENTOS S.R.L.",
        "cuit": "30670175088",
        "rubro": "8 - INDUSTRIA MANUFACTURERA",
        "direccion": "POSADAS - -",
        "localidad": "GOYA",
        "provincia": "Misiones",
        "email": "sccvilas@goyanet.com.ar",
        "telefono": "03777-421591",
        "Estado AFIP": "ok",
        "CRM": "SI",
        "relevado": "NO"
      }
    },
    {
      "type": "Feature",
      "geometry": {
        "type": "Point",
        "coordinates": [
          -55.8991919,
          -27.3679345
        ]
      },
      "properties": {
        "Base": "Bases Misiones 2",
        "base": "Bases Misiones 2",
        "cliente": "CESAR AUGUSTO DUARTE",
        "nombre": "CESAR AUGUSTO DUARTE",
        "cuit": "20281632435",
        "rubro": "8 - INDUSTRIA MANUFACTURERA",
        "direccion": "POSADAS - SAN LUIS 2249",
        "localidad": "POSADAS",
        "provincia": "Misiones",
        "email": "cesarad1980@gmail.com",
        "telefono": "1165981500",
        "Estado AFIP": "ok",
        "CRM": "NO",
        "relevado": "-"
      }
    },
    {
      "type": "Feature",
      "geometry": {
        "type": "Point",
        "coordinates": [
          -55.9303178,
          -27.370791
        ]
      },
      "properties": {
        "Base": "Bases Misiones 2",
        "base": "Bases Misiones 2",
        "cliente": "CLINICALAR S.A.",
        "nombre": "CLINICALAR S.A.",
        "cuit": "30710591071",
        "rubro": "8 - INDUSTRIA MANUFACTURERA",
        "direccion": "POSADAS - FELIX BOGADO N°1476",
        "localidad": "VICENTE LÓPEZ",
        "provincia": "Misiones",
        "email": "licitaciones@clinicalar.com.ar",
        "telefono": "011-4762 - 6424",
        "Estado AFIP": "ok",
        "CRM": "NO",
        "relevado": "-"
      }
    },
    {
      "type": "Feature",
      "geometry": {
        "type": "Point",
        "coordinates": [
          -55.9001593,
          -27.3847409
        ]
      },
      "properties": {
        "Base": "Bases Misiones 2",
        "base": "Bases Misiones 2",
        "cliente": "COHPAFLEX S.A.U.",
        "nombre": "COHPAFLEX S.A.U.",
        "cuit": "30715598880",
        "rubro": "8 - INDUSTRIA MANUFACTURERA",
        "direccion": "POSADAS - AV. URUGUAY 5019",
        "localidad": "POSADAS",
        "provincia": "Misiones",
        "email": "yaninahahn@cohpaflex.com",
        "telefono": "509270",
        "Estado AFIP": "ok",
        "CRM": "NO",
        "relevado": "-"
      }
    },
    {
      "type": "Feature",
      "geometry": {
        "type": "Point",
        "coordinates": [
          -55.894295,
          -27.3664824
        ]
      },
      "properties": {
        "Base": "Bases Misiones 2",
        "base": "Bases Misiones 2",
        "cliente": "COMERCIO INTEGRAL S. R. L.",
        "nombre": "COMERCIO INTEGRAL S. R. L.",
        "cuit": "30718170121",
        "rubro": "8 - INDUSTRIA MANUFACTURERA",
        "direccion": "POSADAS - CALLE 129     M:D Casa 33 chacra 245 B° luz y fuerza",
        "localidad": "POSADAS",
        "provincia": "Misiones",
        "email": "comerciointegralsrl@gmail.com",
        "telefono": "",
        "Estado AFIP": "ok",
        "CRM": "NO",
        "relevado": "-"
      }
    },
    {
      "type": "Feature",
      "geometry": {
        "type": "Point",
        "coordinates": [
          -55.0266912,
          -26.8167893
        ]
      },
      "properties": {
        "Base": "Bases Misiones 2",
        "base": "Bases Misiones 2",
        "cliente": "CONCRETAR S.R.L.",
        "nombre": "CONCRETAR S.R.L.",
        "cuit": "30709399817",
        "rubro": "8 - INDUSTRIA MANUFACTURERA",
        "direccion": "PUERTO RICO - LOTE 22 \"B\" ACC. NORTE 0",
        "localidad": "PUERTO RICO",
        "provincia": "Misiones",
        "email": "karinascherf@gmail.com",
        "telefono": "0374315474713",
        "Estado AFIP": "ok",
        "CRM": "SI",
        "relevado": "SI"
      }
    },
    {
      "type": "Feature",
      "geometry": {
        "type": "Point",
        "coordinates": [
          -55.9497118,
          -27.4035083
        ]
      },
      "properties": {
        "Base": "Bases Misiones 2",
        "base": "Bases Misiones 2",
        "cliente": "CONCRETO S.A.S.",
        "nombre": "CONCRETO S.A.S.",
        "cuit": "30717081265",
        "rubro": "8 - INDUSTRIA MANUFACTURERA",
        "direccion": "POSADAS - 77B 7743",
        "localidad": "POSADAS",
        "provincia": "Misiones",
        "email": "estudiomeza2017@gmail.com",
        "telefono": "3764276210",
        "Estado AFIP": "ok",
        "CRM": "NO",
        "relevado": "-"
      }
    },
    {
      "type": "Feature",
      "geometry": {
        "type": "Point",
        "coordinates": [
          -54.6262079,
          -26.4048555
        ]
      },
      "properties": {
        "Base": "Bases Misiones 2",
        "base": "Bases Misiones 2",
        "cliente": "CONCRETO SOC DE RESP LTDA S. R. L.",
        "nombre": "CONCRETO SOC DE RESP LTDA S. R. L.",
        "cuit": "30672444140",
        "rubro": "8 - INDUSTRIA MANUFACTURERA",
        "direccion": "ELDORADO - H IRIGOYEN 0",
        "localidad": "ELDORADO",
        "provincia": "Misiones",
        "email": "concretoeldoradosrl@gmail.com",
        "telefono": "",
        "Estado AFIP": "ok",
        "CRM": "NO",
        "relevado": "-"
      }
    },
    {
      "type": "Feature",
      "geometry": {
        "type": "Point",
        "coordinates": [
          -55.894295,
          -27.3664824
        ]
      },
      "properties": {
        "Base": "Bases Misiones 2",
        "base": "Bases Misiones 2",
        "cliente": "CONECTAR VERDE S.A.",
        "nombre": "CONECTAR VERDE S.A.",
        "cuit": "30716663562",
        "rubro": "8 - INDUSTRIA MANUFACTURERA",
        "direccion": "POSADAS - RUTA NACIONAL 105 (COLECTORA POSADAS) 2732, POSADAS, Misiones",
        "localidad": "POSADAS",
        "provincia": "Misiones",
        "email": "mt@estudiobau.com.ar",
        "telefono": "037644484579",
        "Estado AFIP": "ok",
        "CRM": "SI",
        "relevado": "SI"
      }
    },
    {
      "type": "Feature",
      "geometry": {
        "type": "Point",
        "coordinates": [
          -55.8961882,
          -27.3681494
        ]
      },
      "properties": {
        "Base": "Bases Misiones 2",
        "base": "Bases Misiones 2",
        "cliente": "CONFECCIONES JOSE CONTARTESE Y COMPAÑIA SOCIEDAD DE RESPONSABILIDAD LIMITADA",
        "nombre": "CONFECCIONES JOSE CONTARTESE Y COMPAÑIA SOCIEDAD DE RESPONSABILIDAD LIMITADA",
        "cuit": "30521417311",
        "rubro": "8 - INDUSTRIA MANUFACTURERA",
        "direccion": "POSADAS - SAN LORENZO 2208",
        "localidad": "CIUDAD AUTONOMA BUENOS AIRES",
        "provincia": "Misiones",
        "email": "info@contartese.com.ar",
        "telefono": "",
        "Estado AFIP": "ok",
        "CRM": "NO",
        "relevado": "-"
      }
    },
    {
      "type": "Feature",
      "geometry": {
        "type": "Point",
        "coordinates": [
          -55.9148368,
          -27.4017053
        ]
      },
      "properties": {
        "Base": "Bases Misiones 2",
        "base": "Bases Misiones 2",
        "cliente": "CONSULTORA PARINO Y ASOCIADOS S.A.",
        "nombre": "CONSULTORA PARINO Y ASOCIADOS S.A.",
        "cuit": "30710268335",
        "rubro": "8 - INDUSTRIA MANUFACTURERA",
        "direccion": "POSADAS - Avenida Santa Catalina 4672",
        "localidad": "RESISTENCIA",
        "provincia": "Misiones",
        "email": "estudiogz.veronica@gmail.com",
        "telefono": "",
        "Estado AFIP": "ok",
        "CRM": "NO",
        "relevado": "-"
      }
    },
    {
      "type": "Feature",
      "geometry": {
        "type": "Point",
        "coordinates": [
          -54.6118255,
          -26.4067477
        ]
      },
      "properties": {
        "Base": "Bases Misiones 2",
        "base": "Bases Misiones 2",
        "cliente": "COOPERATIVA DE ELECTRICIDAD DE ELDORADO LIMITADA",
        "nombre": "COOPERATIVA DE ELECTRICIDAD DE ELDORADO LIMITADA",
        "cuit": "30545737368",
        "rubro": "8 - INDUSTRIA MANUFACTURERA",
        "direccion": "ELDORADO - AV SAN MARTIN 1403",
        "localidad": "ELDORADO",
        "provincia": "Misiones",
        "email": "chaketole@hotmail.com",
        "telefono": "03751619562",
        "Estado AFIP": "ok",
        "CRM": "NO",
        "relevado": "-"
      }
    },
    {
      "type": "Feature",
      "geometry": {
        "type": "Point",
        "coordinates": [
          -55.3235338,
          -27.603636
        ]
      },
      "properties": {
        "Base": "Bases Misiones 2",
        "base": "Bases Misiones 2",
        "cliente": "COOPERATIVA DE ELECTRICIDAD Y OTROS SERVICIOS PUBLICOS LTDA DE LEANDRO N ALEM MS",
        "nombre": "COOPERATIVA DE ELECTRICIDAD Y OTROS SERVICIOS PUBLICOS LTDA DE LEANDRO N ALEM MS",
        "cuit": "30545702491",
        "rubro": "8 - INDUSTRIA MANUFACTURERA",
        "direccion": "LEANDRO N. ALEM - HILARIA M DE GRUBERT SN",
        "localidad": "LEANDRO N. ALEM",
        "provincia": "Misiones",
        "email": "celacontaduria@nodoalem.com.ar",
        "telefono": "3754420282",
        "Estado AFIP": "ok",
        "CRM": "NO",
        "relevado": "-"
      }
    },
    {
      "type": "Feature",
      "geometry": {
        "type": "Point",
        "coordinates": [
          -55.8952216,
          -27.3670217
        ]
      },
      "properties": {
        "Base": "Bases Misiones 2",
        "base": "Bases Misiones 2",
        "cliente": "COOPERATIVA DE TRABAJO DEL CENTRO LIMITADA",
        "nombre": "COOPERATIVA DE TRABAJO DEL CENTRO LIMITADA",
        "cuit": "30709176230",
        "rubro": "8 - INDUSTRIA MANUFACTURERA",
        "direccion": "POSADAS - Bolivar 1949",
        "localidad": "PARANA",
        "provincia": "Misiones",
        "email": "ESTUDIOCONTABLECARCAMO@GMAIL.COM",
        "telefono": "",
        "Estado AFIP": "ok",
        "CRM": "NO",
        "relevado": "-"
      }
    },
    {
      "type": "Feature",
      "geometry": {
        "type": "Point",
        "coordinates": [
          -55.8296552,
          -27.4837122
        ]
      },
      "properties": {
        "Base": "Bases Misiones 2",
        "base": "Bases Misiones 2",
        "cliente": "COOPERATIVA DE TRABAJO EL HIJO DEL CARPINTERO LIMITADA",
        "nombre": "COOPERATIVA DE TRABAJO EL HIJO DEL CARPINTERO LIMITADA",
        "cuit": "33715871349",
        "rubro": "8 - INDUSTRIA MANUFACTURERA",
        "direccion": "GARUPÁ - BARRIO UNIDO MZ 48 LOTE 10",
        "localidad": "GARUPÁ",
        "provincia": "Misiones",
        "email": "contadorpablomonte@hotmail.com",
        "telefono": "3764737432",
        "Estado AFIP": "ok",
        "CRM": "NO",
        "relevado": "-"
      }
    },
    {
      "type": "Feature",
      "geometry": {
        "type": "Point",
        "coordinates": [
          -55.894295,
          -27.3664824
        ]
      },
      "properties": {
        "Base": "Bases Misiones 2",
        "base": "Bases Misiones 2",
        "cliente": "COOPERATIVA DE TRABAJO EL SOL LIMITADA",
        "nombre": "COOPERATIVA DE TRABAJO EL SOL LIMITADA",
        "cuit": "30714660655",
        "rubro": "8 - INDUSTRIA MANUFACTURERA",
        "direccion": "POSADAS - CALLE 136 N° 7076",
        "localidad": "POSADAS",
        "provincia": "Misiones",
        "email": "arguelloscar@hotmail.com",
        "telefono": "03764722088",
        "Estado AFIP": "ok",
        "CRM": "NO",
        "relevado": "-"
      }
    },
    {
      "type": "Feature",
      "geometry": {
        "type": "Point",
        "coordinates": [
          -55.894295,
          -27.3664824
        ]
      },
      "properties": {
        "Base": "Bases Misiones 2",
        "base": "Bases Misiones 2",
        "cliente": "COOPERATIVA DE TRABAJO ITAEMBE MINI LIMITADA",
        "nombre": "COOPERATIVA DE TRABAJO ITAEMBE MINI LIMITADA",
        "cuit": "30710296894",
        "rubro": "8 - INDUSTRIA MANUFACTURERA",
        "direccion": "POSADAS - LOTE72 F Y FRACCION LOTE 72B Y 72C",
        "localidad": "POSADAS",
        "provincia": "Misiones",
        "email": "cgproveedores@misiones.gov.ar",
        "telefono": "-",
        "Estado AFIP": "ok",
        "CRM": "NO",
        "relevado": "-"
      }
    },
    {
      "type": "Feature",
      "geometry": {
        "type": "Point",
        "coordinates": [
          -55.894295,
          -27.3664824
        ]
      },
      "properties": {
        "Base": "Bases Misiones 2",
        "base": "Bases Misiones 2",
        "cliente": "COOPERATIVA DE TRABAJO MISIONERITAS LIMITADA",
        "nombre": "COOPERATIVA DE TRABAJO MISIONERITAS LIMITADA",
        "cuit": "30714735477",
        "rubro": "8 - INDUSTRIA MANUFACTURERA",
        "direccion": "POSADAS - MIGUEL DAVILA 1056 Piso:2 Dpto:4",
        "localidad": "POSADAS",
        "provincia": "Misiones",
        "email": "leougarte7@gmail.com",
        "telefono": "03764426657",
        "Estado AFIP": "ok",
        "CRM": "NO",
        "relevado": "-"
      }
    },
    {
      "type": "Feature",
      "geometry": {
        "type": "Point",
        "coordinates": [
          -55.894295,
          -27.3664824
        ]
      },
      "properties": {
        "Base": "Bases Misiones 2",
        "base": "Bases Misiones 2",
        "cliente": "COOPERATIVA DE TRABAJO MUJERES CON VISION DE FUTURO LIMITADA",
        "nombre": "COOPERATIVA DE TRABAJO MUJERES CON VISION DE FUTURO LIMITADA",
        "cuit": "30716895366",
        "rubro": "8 - INDUSTRIA MANUFACTURERA",
        "direccion": "POSADAS - 168 B MZ. 15 CASA 6",
        "localidad": "POSADAS",
        "provincia": "Misiones",
        "email": "riveroangelica04@gmail.com",
        "telefono": "",
        "Estado AFIP": "ok",
        "CRM": "NO",
        "relevado": "-"
      }
    },
    {
      "type": "Feature",
      "geometry": {
        "type": "Point",
        "coordinates": [
          -54.5537325,
          -27.0205791
        ]
      },
      "properties": {
        "Base": "Bases Misiones 2",
        "base": "Bases Misiones 2",
        "cliente": "COOPERATIVA DE TRABAJO PICADA ZULMA LTDA",
        "nombre": "COOPERATIVA DE TRABAJO PICADA ZULMA LTDA",
        "cuit": "30711948089",
        "rubro": "8 - INDUSTRIA MANUFACTURERA",
        "direccion": "SAN VICENTE - RUTA 14 KM 1263",
        "localidad": "SAN VICENTE",
        "provincia": "Misiones",
        "email": "coop.trabpicadazulma@yahoo.com.ar",
        "telefono": "3755 - 15655485",
        "Estado AFIP": "ok",
        "CRM": "NO",
        "relevado": "-"
      }
    },
    {
      "type": "Feature",
      "geometry": {
        "type": "Point",
        "coordinates": [
          -54.4866356,
          -26.9932723
        ]
      },
      "properties": {
        "Base": "Bases Misiones 2",
        "base": "Bases Misiones 2",
        "cliente": "COOPERATIVA DE TRABAJO Y CONSUMO RIO PARANA LTDA",
        "nombre": "COOPERATIVA DE TRABAJO Y CONSUMO RIO PARANA LTDA",
        "cuit": "30708079886",
        "rubro": "8 - INDUSTRIA MANUFACTURERA",
        "direccion": "SAN VICENTE - LOTE 36 C SUBD LOTE 36B",
        "localidad": "SAN VICENTE",
        "provincia": "Misiones",
        "email": "coop.trabpicadazulma@yahoo.com.ar",
        "telefono": "03755-15655485",
        "Estado AFIP": "ok",
        "CRM": "NO",
        "relevado": "-"
      }
    },
    {
      "type": "Feature",
      "geometry": {
        "type": "Point",
        "coordinates": [
          -55.894295,
          -27.3664824
        ]
      },
      "properties": {
        "Base": "Bases Misiones 2",
        "base": "Bases Misiones 2",
        "cliente": "CORA DIR S.A",
        "nombre": "CORA DIR S.A",
        "cuit": "30673380162",
        "rubro": "8 - INDUSTRIA MANUFACTURERA",
        "direccion": "POSADAS - Calle 44 5642",
        "localidad": "SAN LUIS",
        "provincia": "Misiones",
        "email": "comex@coradir.com.ar",
        "telefono": "1133164612",
        "Estado AFIP": "ok",
        "CRM": "NO",
        "relevado": "-"
      }
    },
    {
      "type": "Feature",
      "geometry": {
        "type": "Point",
        "coordinates": [
          -55.0164273,
          -26.7984021
        ]
      },
      "properties": {
        "Base": "Bases Misiones 2",
        "base": "Bases Misiones 2",
        "cliente": "COR-VIAL S.A.",
        "nombre": "COR-VIAL S.A.",
        "cuit": "30711406995",
        "rubro": "8 - INDUSTRIA MANUFACTURERA",
        "direccion": "ELDORADO - av san martin 716",
        "localidad": "CIUDAD AUTONOMA BUENOS AIRES",
        "provincia": "Misiones",
        "email": "info@corvial.com.ar",
        "telefono": "3512023508",
        "Estado AFIP": "ok",
        "CRM": "NO",
        "relevado": "-"
      }
    },
    {
      "type": "Feature",
      "geometry": {
        "type": "Point",
        "coordinates": [
          -54.4992336,
          -27.0160144
        ]
      },
      "properties": {
        "Base": "Bases Misiones 2",
        "base": "Bases Misiones 2",
        "cliente": "COVEMA SA COMERCIAL INDUSTRAIL Y FINANCIERA",
        "nombre": "COVEMA SA COMERCIAL INDUSTRAIL Y FINANCIERA",
        "cuit": "30505480151",
        "rubro": "8 - INDUSTRIA MANUFACTURERA",
        "direccion": "POSADAS - Coronel Lopez 3335",
        "localidad": "MALVINAS ARGENTINAS",
        "provincia": "Misiones",
        "email": "wsaavedra@covemasacif.com.ar",
        "telefono": "54531300",
        "Estado AFIP": "ok",
        "CRM": "NO",
        "relevado": "-"
      }
    },
    {
      "type": "Feature",
      "geometry": {
        "type": "Point",
        "coordinates": [
          -55.3235338,
          -27.603636
        ]
      },
      "properties": {
        "Base": "Bases Misiones 2",
        "base": "Bases Misiones 2",
        "cliente": "CRISTIAN MARIO KOSACHEK",
        "nombre": "CRISTIAN MARIO KOSACHEK",
        "cuit": "20274988240",
        "rubro": "8 - INDUSTRIA MANUFACTURERA",
        "direccion": "LEANDRO N. ALEM - RULOFF 430",
        "localidad": "LEANDRO N. ALEM",
        "provincia": "Misiones",
        "email": "metalkosachek@live.com.ar",
        "telefono": "3754660438",
        "Estado AFIP": "ok",
        "CRM": "NO",
        "relevado": "-"
      }
    },
    {
      "type": "Feature",
      "geometry": {
        "type": "Point",
        "coordinates": [
          -55.8922135,
          -27.3639472
        ]
      },
      "properties": {
        "Base": "Bases Misiones 2",
        "base": "Bases Misiones 2",
        "cliente": "CYBERLINK SRL",
        "nombre": "CYBERLINK SRL",
        "cuit": "30710305869",
        "rubro": "8 - INDUSTRIA MANUFACTURERA",
        "direccion": "POSADAS - BUENOS AIRES 1631",
        "localidad": "POSADAS",
        "provincia": "Misiones",
        "email": "infotributario2018@gmail.com",
        "telefono": "03764425930",
        "Estado AFIP": "ok",
        "CRM": "NO",
        "relevado": "-"
      }
    },
    {
      "type": "Feature",
      "geometry": {
        "type": "Point",
        "coordinates": [
          -55.8963586,
          -27.3849857
        ]
      },
      "properties": {
        "Base": "Bases Misiones 2",
        "base": "Bases Misiones 2",
        "cliente": "D AMICO SISTEMAS S A",
        "nombre": "D AMICO SISTEMAS S A",
        "cuit": "30687806324",
        "rubro": "8 - INDUSTRIA MANUFACTURERA",
        "direccion": "POSADAS - Rademacher 3760",
        "localidad": "CIUDAD AUTÓNOMA DE BUENOS AIRES",
        "provincia": "Misiones",
        "email": "mcorea@damicosistemas.com",
        "telefono": "01153686610",
        "Estado AFIP": "ok",
        "CRM": "NO",
        "relevado": "-"
      }
    },
    {
      "type": "Feature",
      "geometry": {
        "type": "Point",
        "coordinates": [
          -54.7438692,
          -27.3743853
        ]
      },
      "properties": {
        "Base": "Bases Misiones 2",
        "base": "Bases Misiones 2",
        "cliente": "D P ARGENTINA S.A.",
        "nombre": "D P ARGENTINA S.A.",
        "cuit": "30679643858",
        "rubro": "8 - INDUSTRIA MANUFACTURERA",
        "direccion": "POSADAS - 25 de Mayo 1620",
        "localidad": "CIUDAD AUTONOMA BUENOS AIRES",
        "provincia": "Misiones",
        "email": "administracion@docuprint.com",
        "telefono": "",
        "Estado AFIP": "ok",
        "CRM": "NO",
        "relevado": "-"
      }
    },
    {
      "type": "Feature",
      "geometry": {
        "type": "Point",
        "coordinates": [
          -55.8952216,
          -27.3670217
        ]
      },
      "properties": {
        "Base": "Bases Misiones 2",
        "base": "Bases Misiones 2",
        "cliente": "DAPER S.R.L.",
        "nombre": "DAPER S.R.L.",
        "cuit": "30714641936",
        "rubro": "8 - INDUSTRIA MANUFACTURERA",
        "direccion": "POSADAS - BOLIVAR 1879",
        "localidad": "SANTA FE",
        "provincia": "Misiones",
        "email": "dapersrl@hotmail.com",
        "telefono": "0343154701701",
        "Estado AFIP": "ok",
        "CRM": "NO",
        "relevado": "-"
      }
    },
    {
      "type": "Feature",
      "geometry": {
        "type": "Point",
        "coordinates": [
          -55.8952216,
          -27.3670217
        ]
      },
      "properties": {
        "Base": "Bases Misiones 2",
        "base": "Bases Misiones 2",
        "cliente": "DE AVILA CUNHA ALVARENGA JUAN  PEDRO",
        "nombre": "DE AVILA CUNHA ALVARENGA JUAN  PEDRO",
        "cuit": "20424057763",
        "rubro": "8 - INDUSTRIA MANUFACTURERA",
        "direccion": "POSADAS - BOLIVAR 1335",
        "localidad": "POSADAS",
        "provincia": "Misiones",
        "email": "vega15@hotmail.com",
        "telefono": "3764 - 366445",
        "Estado AFIP": "ok",
        "CRM": "NO",
        "relevado": "-"
      }
    },
    {
      "type": "Feature",
      "geometry": {
        "type": "Point",
        "coordinates": [
          -54.6449872,
          -26.4089211
        ]
      },
      "properties": {
        "Base": "Bases Misiones 2",
        "base": "Bases Misiones 2",
        "cliente": "DE MEDERO MIGUEL ANGEL",
        "nombre": "DE MEDERO MIGUEL ANGEL",
        "cuit": "20147851058",
        "rubro": "8 - INDUSTRIA MANUFACTURERA",
        "direccion": "ELDORADO - AV. SAN MARTIN 1176",
        "localidad": "ELDORADO",
        "provincia": "Misiones",
        "email": "estudio.caffetti@gmail.com",
        "telefono": "",
        "Estado AFIP": "ok",
        "CRM": "NO",
        "relevado": "-"
      }
    },
    {
      "type": "Feature",
      "geometry": {
        "type": "Point",
        "coordinates": [
          -54.10564,
          -26.6225301
        ]
      },
      "properties": {
        "Base": "Bases Misiones 2",
        "base": "Bases Misiones 2",
        "cliente": "DELTA V S.A.",
        "nombre": "DELTA V S.A.",
        "cuit": "30711226059",
        "rubro": "8 - INDUSTRIA MANUFACTURERA",
        "direccion": "SAN PEDRO - San Jurjo 425",
        "localidad": "CIUDAD AUTONOMA BUENOS AIRES",
        "provincia": "Misiones",
        "email": "rrhh@estudiocontablesaba.com.ar",
        "telefono": "",
        "Estado AFIP": "ok",
        "CRM": "NO",
        "relevado": "-"
      }
    },
    {
      "type": "Feature",
      "geometry": {
        "type": "Point",
        "coordinates": [
          -55.9060864,
          -27.4026423
        ]
      },
      "properties": {
        "Base": "Bases Misiones 2",
        "base": "Bases Misiones 2",
        "cliente": "DENIMED S A",
        "nombre": "DENIMED S A",
        "cuit": "30709753181",
        "rubro": "8 - INDUSTRIA MANUFACTURERA",
        "direccion": "POSADAS - AV FRANCISCO DE HARO 3401               , POSADAS, Misiones",
        "localidad": "DESCONOCIDO",
        "provincia": "Misiones",
        "email": "administracion@alliageargentina.com",
        "telefono": "",
        "Estado AFIP": "ok",
        "CRM": "NO",
        "relevado": "-"
      }
    },
    {
      "type": "Feature",
      "geometry": {
        "type": "Point",
        "coordinates": [
          -55.894295,
          -27.3664824
        ]
      },
      "properties": {
        "Base": "Bases Misiones 2",
        "base": "Bases Misiones 2",
        "cliente": "DIEMAR S.R.L.",
        "nombre": "DIEMAR S.R.L.",
        "cuit": "30707635432",
        "rubro": "8 - INDUSTRIA MANUFACTURERA",
        "direccion": "POSADAS - NAZARENO Y ALICIA M. DE JUSTO 0",
        "localidad": "POSADAS",
        "provincia": "Misiones",
        "email": "inf642@gmail.com",
        "telefono": "3764439707",
        "Estado AFIP": "ok",
        "CRM": "NO",
        "relevado": "-"
      }
    },
    {
      "type": "Feature",
      "geometry": {
        "type": "Point",
        "coordinates": [
          -55.8935446,
          -27.3652528
        ]
      },
      "properties": {
        "Base": "Bases Misiones 2",
        "base": "Bases Misiones 2",
        "cliente": "DIMABE SRL",
        "nombre": "DIMABE SRL",
        "cuit": "33707097219",
        "rubro": "8 - INDUSTRIA MANUFACTURERA",
        "direccion": "POSADAS - SARMIENTO 1688",
        "localidad": "POSADAS",
        "provincia": "Misiones",
        "email": "administracion@dimabesrl.com.ar",
        "telefono": "3764438644",
        "Estado AFIP": "ok",
        "CRM": "NO",
        "relevado": "-"
      }
    },
    {
      "type": "Feature",
      "geometry": {
        "type": "Point",
        "coordinates": [
          -55.0223631,
          -26.8168158
        ]
      },
      "properties": {
        "Base": "Bases Misiones 2",
        "base": "Bases Misiones 2",
        "cliente": "DISTRIBUIDORA CC S. R. L.",
        "nombre": "DISTRIBUIDORA CC S. R. L.",
        "cuit": "30718901495",
        "rubro": "8 - INDUSTRIA MANUFACTURERA",
        "direccion": "PUERTO RICO - AV. 9 DE JULIO 2580",
        "localidad": "PUERTO RICO",
        "provincia": "Misiones",
        "email": "microcreditoafr@gmail.com",
        "telefono": "",
        "Estado AFIP": "ok",
        "CRM": "NO",
        "relevado": "-"
      }
    },
    {
      "type": "Feature",
      "geometry": {
        "type": "Point",
        "coordinates": [
          -55.0266912,
          -26.8167893
        ]
      },
      "properties": {
        "Base": "Bases Misiones 2",
        "base": "Bases Misiones 2",
        "cliente": "DISTRIBUIDORA DEL NORDESTE SRL",
        "nombre": "DISTRIBUIDORA DEL NORDESTE SRL",
        "cuit": "30714812137",
        "rubro": "8 - INDUSTRIA MANUFACTURERA",
        "direccion": "POSADAS - AVDA. CMTE ESPORA 2441",
        "localidad": "PUERTO RICO",
        "provincia": "Misiones",
        "email": "distribuidoradelnordestesrl@gmail.com",
        "telefono": "0376154139604",
        "Estado AFIP": "ok",
        "CRM": "NO",
        "relevado": "-"
      }
    },
    {
      "type": "Feature",
      "geometry": {
        "type": "Point",
        "coordinates": [
          -54.6255753,
          -26.4009585
        ]
      },
      "properties": {
        "Base": "Bases Misiones 2",
        "base": "Bases Misiones 2",
        "cliente": "DISTRIBUIDORA MOTORPART SRL",
        "nombre": "DISTRIBUIDORA MOTORPART SRL",
        "cuit": "30710853718",
        "rubro": "8 - INDUSTRIA MANUFACTURERA",
        "direccion": "OBERA - BEATO R GONZALEZ 807",
        "localidad": "ROSARIO",
        "provincia": "Misiones",
        "email": "cobranzas@motorpart.com.ar",
        "telefono": "",
        "Estado AFIP": "ok",
        "CRM": "NO",
        "relevado": "-"
      }
    },
    {
      "type": "Feature",
      "geometry": {
        "type": "Point",
        "coordinates": [
          -55.3235338,
          -27.603636
        ]
      },
      "properties": {
        "Base": "Bases Misiones 2",
        "base": "Bases Misiones 2",
        "cliente": "DOBLEK S.R.L.",
        "nombre": "DOBLEK S.R.L.",
        "cuit": "30711599173",
        "rubro": "8 - INDUSTRIA MANUFACTURERA",
        "direccion": "LEANDRO N. ALEM - JUAN JOSE PASO 438",
        "localidad": "LEANDRO N. ALEM",
        "provincia": "Misiones",
        "email": "karina@nodoalem.com.ar",
        "telefono": "499444",
        "Estado AFIP": "ok",
        "CRM": "NO",
        "relevado": "-"
      }
    },
    {
      "type": "Feature",
      "geometry": {
        "type": "Point",
        "coordinates": [
          -55.8963586,
          -27.3849857
        ]
      },
      "properties": {
        "Base": "Bases Misiones 2",
        "base": "Bases Misiones 2",
        "cliente": "DORITA S.A.",
        "nombre": "DORITA S.A.",
        "cuit": "30565723355",
        "rubro": "8 - INDUSTRIA MANUFACTURERA",
        "direccion": "POSADAS - RADEMACHER 4040",
        "localidad": "POSADAS",
        "provincia": "Misiones",
        "email": "ivessposadas@gmail.com",
        "telefono": "3764431160",
        "Estado AFIP": "ok",
        "CRM": "NO",
        "relevado": "-"
      }
    },
    {
      "type": "Feature",
      "geometry": {
        "type": "Point",
        "coordinates": [
          -55.8965046,
          -27.3685149
        ]
      },
      "properties": {
        "Base": "Bases Misiones 2",
        "base": "Bases Misiones 2",
        "cliente": "DRI Y DRI INGENIERIA S.R.L.",
        "nombre": "DRI Y DRI INGENIERIA S.R.L.",
        "cuit": "30711570205",
        "rubro": "8 - INDUSTRIA MANUFACTURERA",
        "direccion": "POSADAS - RIOJA 2340",
        "localidad": "RESISTENCIA",
        "provincia": "Misiones",
        "email": "driingenieria@yahoo.com.ar",
        "telefono": "03624466896",
        "Estado AFIP": "ok",
        "CRM": "NO",
        "relevado": "-"
      }
    },
    {
      "type": "Feature",
      "geometry": {
        "type": "Point",
        "coordinates": [
          -55.1202965,
          -27.4849798
        ]
      },
      "properties": {
        "Base": "Bases Misiones 2",
        "base": "Bases Misiones 2",
        "cliente": "EL ARBOL S.R.L.",
        "nombre": "EL ARBOL S.R.L.",
        "cuit": "30714584150",
        "rubro": "8 - INDUSTRIA MANUFACTURERA",
        "direccion": "OBERÁ - AV. JOSE INGENIEROS  Nº 391",
        "localidad": "OBERÁ",
        "provincia": "Misiones",
        "email": "obera@elarbolreal.com.ar",
        "telefono": "3755 - 426826",
        "Estado AFIP": "ok",
        "CRM": "NO",
        "relevado": "-"
      }
    },
    {
      "type": "Feature",
      "geometry": {
        "type": "Point",
        "coordinates": [
          -55.894295,
          -27.3664824
        ]
      },
      "properties": {
        "Base": "Bases Misiones 2",
        "base": "Bases Misiones 2",
        "cliente": "EL DIBUJANTE SOCIEDAD DE HECHO DE JORGE R. RAIMONDI, CARLOS S. RAIMONDI Y ALEJANDRO I. RAIMONDI",
        "nombre": "EL DIBUJANTE SOCIEDAD DE HECHO DE JORGE R. RAIMONDI, CARLOS S. RAIMONDI Y ALEJANDRO I. RAIMONDI",
        "cuit": "30714661686",
        "rubro": "8 - INDUSTRIA MANUFACTURERA",
        "direccion": "POSADAS - PERITO MORENO 3457",
        "localidad": "POSADAS",
        "provincia": "Misiones",
        "email": "estudio@cignas.com.ar",
        "telefono": "4425627",
        "Estado AFIP": "ok",
        "CRM": "NO",
        "relevado": "-"
      }
    },
    {
      "type": "Feature",
      "geometry": {
        "type": "Point",
        "coordinates": [
          -55.9323974,
          -27.3702679
        ]
      },
      "properties": {
        "Base": "Bases Misiones 2",
        "base": "Bases Misiones 2",
        "cliente": "EL UNO S.R.L.",
        "nombre": "EL UNO S.R.L.",
        "cuit": "30711598231",
        "rubro": "8 - INDUSTRIA MANUFACTURERA",
        "direccion": "POSADAS - AV LUCAS BRAULIO ARECO (AV 115) 2208, POSADAS, Misiones",
        "localidad": "POSADAS",
        "provincia": "Misiones",
        "email": "estudiopastori_asoc@hotmail.com.ar",
        "telefono": "3764438361",
        "Estado AFIP": "ok",
        "CRM": "NO",
        "relevado": "-"
      }
    },
    {
      "type": "Feature",
      "geometry": {
        "type": "Point",
        "coordinates": [
          -54.1111534,
          -26.624054
        ]
      },
      "properties": {
        "Base": "Bases Misiones 2",
        "base": "Bases Misiones 2",
        "cliente": "EL WOODY SRL",
        "nombre": "EL WOODY SRL",
        "cuit": "33714819149",
        "rubro": "8 - INDUSTRIA MANUFACTURERA",
        "direccion": "SAN PEDRO - LOTE 43 Y 44 0",
        "localidad": "SAN PEDRO",
        "provincia": "Misiones",
        "email": "jorgevetter@hotmail.com",
        "telefono": "410336",
        "Estado AFIP": "ok",
        "CRM": "NO",
        "relevado": "-"
      }
    },
    {
      "type": "Feature",
      "geometry": {
        "type": "Point",
        "coordinates": [
          -55.1662621,
          -27.5193269
        ]
      },
      "properties": {
        "Base": "Bases Misiones 2",
        "base": "Bases Misiones 2",
        "cliente": "EMCOSUD S.R.L.",
        "nombre": "EMCOSUD S.R.L.",
        "cuit": "30716340836",
        "rubro": "8 - INDUSTRIA MANUFACTURERA",
        "direccion": "GUARANÍ - RUTA NACIONAL 14",
        "localidad": "GUARANÍ",
        "provincia": "Misiones",
        "email": "ventas@vaovao.com.ar",
        "telefono": "1",
        "Estado AFIP": "ok",
        "CRM": "NO",
        "relevado": "-"
      }
    },
    {
      "type": "Feature",
      "geometry": {
        "type": "Point",
        "coordinates": [
          -55.894295,
          -27.3664824
        ]
      },
      "properties": {
        "Base": "Bases Misiones 2",
        "base": "Bases Misiones 2",
        "cliente": "EMDE SRL",
        "nombre": "EMDE SRL",
        "cuit": "30709431842",
        "rubro": "8 - INDUSTRIA MANUFACTURERA",
        "direccion": "POSADAS - ALVEAR 1635 Piso:1",
        "localidad": "POSADAS",
        "provincia": "Misiones",
        "email": "estudio@cignas.com.ar",
        "telefono": "376-4512140",
        "Estado AFIP": "ok",
        "CRM": "NO",
        "relevado": "-"
      }
    },
    {
      "type": "Feature",
      "geometry": {
        "type": "Point",
        "coordinates": [
          -55.0098455,
          -26.8059246
        ]
      },
      "properties": {
        "Base": "Bases Misiones 2",
        "base": "Bases Misiones 2",
        "cliente": "ENPLAS SOCIEDAD ANONIMA COMERCIAL E INDUSTRIAL",
        "nombre": "ENPLAS SOCIEDAD ANONIMA COMERCIAL E INDUSTRIAL",
        "cuit": "30573021971",
        "rubro": "8 - INDUSTRIA MANUFACTURERA",
        "direccion": "POSADAS - sarjento cabral 2135",
        "localidad": "ESTEBAN ECHEVERRÍA",
        "provincia": "Misiones",
        "email": "marieladarosa@envases-enplas.com.ar",
        "telefono": "46934848",
        "Estado AFIP": "ok",
        "CRM": "NO",
        "relevado": "-"
      }
    },
    {
      "type": "Feature",
      "geometry": {
        "type": "Point",
        "coordinates": [
          -55.0266912,
          -26.8167893
        ]
      },
      "properties": {
        "Base": "Bases Misiones 2",
        "base": "Bases Misiones 2",
        "cliente": "ERHARD CARLOS ALBERTO",
        "nombre": "ERHARD CARLOS ALBERTO",
        "cuit": "23208962639",
        "rubro": "8 - INDUSTRIA MANUFACTURERA",
        "direccion": "PUERTO RICO - AV 9 DE JULIO ESQUINA CORRIENTES 1398, PUERTO RICO, Misiones",
        "localidad": "PUERTO RICO",
        "provincia": "Misiones",
        "email": "carloserhard@yahoo.com.ar",
        "telefono": "4447965",
        "Estado AFIP": "ok",
        "CRM": "NO",
        "relevado": "-"
      }
    },
    {
      "type": "Feature",
      "geometry": {
        "type": "Point",
        "coordinates": [
          -54.7590379,
          -26.5674207
        ]
      },
      "properties": {
        "Base": "Bases Misiones 2",
        "base": "Bases Misiones 2",
        "cliente": "ERNESTO WALTERIO TRUMPP",
        "nombre": "ERNESTO WALTERIO TRUMPP",
        "cuit": "20183406125",
        "rubro": "8 - INDUSTRIA MANUFACTURERA",
        "direccion": "MONTECARLO - CALLE S/N BARRIO GENDARMERIA",
        "localidad": "MONTECARLO",
        "provincia": "Misiones",
        "email": "serviciosforestalesisla9@gmail.com",
        "telefono": "3751480297",
        "Estado AFIP": "ok",
        "CRM": "SI",
        "relevado": "NO"
      }
    },
    {
      "type": "Feature",
      "geometry": {
        "type": "Point",
        "coordinates": [
          -55.9071448,
          -27.3972417
        ]
      },
      "properties": {
        "Base": "Bases Misiones 2",
        "base": "Bases Misiones 2",
        "cliente": "ERRECABORDE RAUL ALBERTO",
        "nombre": "ERRECABORDE RAUL ALBERTO",
        "cuit": "20325029510",
        "rubro": "8 - INDUSTRIA MANUFACTURERA",
        "direccion": "POSADAS - AV.COMANDANTE ANDRESITO 3927",
        "localidad": "POSADAS",
        "provincia": "Misiones",
        "email": "juan_heuer@hotmail.com",
        "telefono": "4578465",
        "Estado AFIP": "ok",
        "CRM": "NO",
        "relevado": "-"
      }
    },
    {
      "type": "Feature",
      "geometry": {
        "type": "Point",
        "coordinates": [
          -54.1111534,
          -26.624054
        ]
      },
      "properties": {
        "Base": "Bases Misiones 2",
        "base": "Bases Misiones 2",
        "cliente": "FABIO DARIO FONTANA",
        "nombre": "FABIO DARIO FONTANA",
        "cuit": "20251235814",
        "rubro": "8 - INDUSTRIA MANUFACTURERA",
        "direccion": "SAN PEDRO - LOTE 111 - MZ- 1  – BARRIO: SANTA ROSA",
        "localidad": "SAN PEDRO",
        "provincia": "Misiones",
        "email": "donflorentin@hotamil.com",
        "telefono": "3751-415757",
        "Estado AFIP": "ok",
        "CRM": "NO",
        "relevado": "-"
      }
    },
    {
      "type": "Feature",
      "geometry": {
        "type": "Point",
        "coordinates": [
          -54.6262079,
          -26.4048555
        ]
      },
      "properties": {
        "Base": "Bases Misiones 2",
        "base": "Bases Misiones 2",
        "cliente": "FARIÑA JAVIER ARNALDO",
        "nombre": "FARIÑA JAVIER ARNALDO",
        "cuit": "20241502237",
        "rubro": "8 - INDUSTRIA MANUFACTURERA",
        "direccion": "ELDORADO - AVDA SAN MARTIN  KM6 96",
        "localidad": "ELDORADO",
        "provincia": "Misiones",
        "email": "martin_fretes@yahoo.com.ar",
        "telefono": "",
        "Estado AFIP": "ok",
        "CRM": "NO",
        "relevado": "-"
      }
    },
    {
      "type": "Feature",
      "geometry": {
        "type": "Point",
        "coordinates": [
          -55.8916307,
          -27.3681822
        ]
      },
      "properties": {
        "Base": "Bases Misiones 2",
        "base": "Bases Misiones 2",
        "cliente": "FEAS ELECTRONICA S.A.",
        "nombre": "FEAS ELECTRONICA S.A.",
        "cuit": "30707702199",
        "rubro": "8 - INDUSTRIA MANUFACTURERA",
        "direccion": "PUERTO EL DORADO - Azalea y de la Flor, Barrio lomas del mirador 3380",
        "localidad": "CORDOBA",
        "provincia": "Misiones",
        "email": "shaas@feaselectronica.com.ar",
        "telefono": "03514848016",
        "Estado AFIP": "ok",
        "CRM": "NO",
        "relevado": "-"
      }
    },
    {
      "type": "Feature",
      "geometry": {
        "type": "Point",
        "coordinates": [
          -55.894295,
          -27.3664824
        ]
      },
      "properties": {
        "Base": "Bases Misiones 2",
        "base": "Bases Misiones 2",
        "cliente": "FEDERICO ALBERTO CERVI",
        "nombre": "FEDERICO ALBERTO CERVI",
        "cuit": "20314905726",
        "rubro": "8 - INDUSTRIA MANUFACTURERA",
        "direccion": "POSADAS - CATAMARCA 1246",
        "localidad": "POSADAS",
        "provincia": "Misiones",
        "email": "dario_cab@hotmail.com",
        "telefono": "3764736539",
        "Estado AFIP": "ok",
        "CRM": "NO",
        "relevado": "-"
      }
    },
    {
      "type": "Feature",
      "geometry": {
        "type": "Point",
        "coordinates": [
          -55.894295,
          -27.3664824
        ]
      },
      "properties": {
        "Base": "Bases Misiones 2",
        "base": "Bases Misiones 2",
        "cliente": "FERBE S.R.L.",
        "nombre": "FERBE S.R.L.",
        "cuit": "30712304983",
        "rubro": "8 - INDUSTRIA MANUFACTURERA",
        "direccion": "POSADAS - BOLIVAR 2017 Piso:1 Dpto:9",
        "localidad": "POSADAS",
        "provincia": "Misiones",
        "email": "ferbesrl@gmail.com",
        "telefono": "03764510100",
        "Estado AFIP": "ok",
        "CRM": "NO",
        "relevado": "-"
      }
    },
    {
      "type": "Feature",
      "geometry": {
        "type": "Point",
        "coordinates": [
          -55.894295,
          -27.3664824
        ]
      },
      "properties": {
        "Base": "Bases Misiones 2",
        "base": "Bases Misiones 2",
        "cliente": "FERNANDEZ NESTOR FABIO",
        "nombre": "FERNANDEZ NESTOR FABIO",
        "cuit": "20102671148",
        "rubro": "8 - INDUSTRIA MANUFACTURERA",
        "direccion": "POSADAS - ESTADO DE ISRAEL 2664",
        "localidad": "POSADAS",
        "provincia": "Misiones",
        "email": "grafifabio@hotmail.com",
        "telefono": "0376-4432933",
        "Estado AFIP": "ok",
        "CRM": "NO",
        "relevado": "-"
      }
    },
    {
      "type": "Feature",
      "geometry": {
        "type": "Point",
        "coordinates": [
          -55.9073423,
          -27.3681345
        ]
      },
      "properties": {
        "Base": "Bases Misiones 2",
        "base": "Bases Misiones 2",
        "cliente": "FIDEICOMISO POSCERES",
        "nombre": "FIDEICOMISO POSCERES",
        "cuit": "30711509123",
        "rubro": "8 - INDUSTRIA MANUFACTURERA",
        "direccion": "POSADAS - GENERAL   PAZ 1963",
        "localidad": "POSADAS",
        "provincia": "Misiones",
        "email": "e.posceres@gmail.com",
        "telefono": "03764424473",
        "Estado AFIP": "ok",
        "CRM": "NO",
        "relevado": "-"
      }
    },
    {
      "type": "Feature",
      "geometry": {
        "type": "Point",
        "coordinates": [
          -55.0164273,
          -26.7984021
        ]
      },
      "properties": {
        "Base": "Bases Misiones 2",
        "base": "Bases Misiones 2",
        "cliente": "FILIPPINI FEDERICO ANDRES",
        "nombre": "FILIPPINI FEDERICO ANDRES",
        "cuit": "20383376514",
        "rubro": "8 - INDUSTRIA MANUFACTURERA",
        "direccion": "ELDORADO - SAN MARTIN KM 10",
        "localidad": "ALTA GRACIA",
        "provincia": "Misiones",
        "email": "filippininury@gmail.com",
        "telefono": "",
        "Estado AFIP": "ok",
        "CRM": "NO",
        "relevado": "-"
      }
    },
    {
      "type": "Feature",
      "geometry": {
        "type": "Point",
        "coordinates": [
          -55.9064181,
          -27.3771557
        ]
      },
      "properties": {
        "Base": "Bases Misiones 2",
        "base": "Bases Misiones 2",
        "cliente": "FINAL CONTENIDOS S.A.",
        "nombre": "FINAL CONTENIDOS S.A.",
        "cuit": "30715084623",
        "rubro": "8 - INDUSTRIA MANUFACTURERA",
        "direccion": "POSADAS - Av lavalle 1240",
        "localidad": "MANUEL B GONNET",
        "provincia": "Misiones",
        "email": "marianam_078@hotmail.com",
        "telefono": "",
        "Estado AFIP": "ok",
        "CRM": "NO",
        "relevado": "-"
      }
    },
    {
      "type": "Feature",
      "geometry": {
        "type": "Point",
        "coordinates": [
          -54.6361286,
          -27.3184329
        ]
      },
      "properties": {
        "Base": "Bases Misiones 2",
        "base": "Bases Misiones 2",
        "cliente": "FINKE  S. R. L.",
        "nombre": "FINKE  S. R. L.",
        "cuit": "30717681823",
        "rubro": "8 - INDUSTRIA MANUFACTURERA",
        "direccion": "DESCONOCIDO - RUTA NACIONAL 14 KM 930, ARISTOBULO DEL VALLE, Misiones",
        "localidad": "DESCONOCIDO",
        "provincia": "Misiones",
        "email": "mabel.conde@hotmail.com",
        "telefono": "",
        "Estado AFIP": "ok",
        "CRM": "NO",
        "relevado": "-"
      }
    },
    {
      "type": "Feature",
      "geometry": {
        "type": "Point",
        "coordinates": [
          -54.8935248,
          -27.099185
        ]
      },
      "properties": {
        "Base": "Bases Misiones 2",
        "base": "Bases Misiones 2",
        "cliente": "FINKE HECTOR NORBERTO",
        "nombre": "FINKE HECTOR NORBERTO",
        "cuit": "20204959774",
        "rubro": "8 - INDUSTRIA MANUFACTURERA",
        "direccion": "ARISTÓBULO DEL VALLE - RUTA NAC 14 KM 930,5",
        "localidad": "ARISTÓBULO DEL VALLE",
        "provincia": "Misiones",
        "email": "mabel.conde@hotmail.com",
        "telefono": "3755470265",
        "Estado AFIP": "ok",
        "CRM": "NO",
        "relevado": "-"
      }
    },
    {
      "type": "Feature",
      "geometry": {
        "type": "Point",
        "coordinates": [
          -54.6361286,
          -27.3184329
        ]
      },
      "properties": {
        "Base": "Bases Misiones 2",
        "base": "Bases Misiones 2",
        "cliente": "FRAGA DIEGO SEBASTIAN",
        "nombre": "FRAGA DIEGO SEBASTIAN",
        "cuit": "20256599989",
        "rubro": "8 - INDUSTRIA MANUFACTURERA",
        "direccion": "MONTECARLO - Barrio guaira casa 4 calle s/n, MONTECARLO, Misiones",
        "localidad": "DESCONOCIDO",
        "provincia": "Misiones",
        "email": "notificaciones@mlconsultora.com.ar",
        "telefono": "",
        "Estado AFIP": "ok",
        "CRM": "NO",
        "relevado": "-"
      }
    },
    {
      "type": "Feature",
      "geometry": {
        "type": "Point",
        "coordinates": [
          -53.6542535,
          -26.2625025
        ]
      },
      "properties": {
        "Base": "Bases Misiones 2",
        "base": "Bases Misiones 2",
        "cliente": "GABRIEL CESAR RIGHI",
        "nombre": "GABRIEL CESAR RIGHI",
        "cuit": "20141341341",
        "rubro": "8 - INDUSTRIA MANUFACTURERA",
        "direccion": "IGUAZÚ - AGUAY N°230",
        "localidad": "BERAZATEGUI",
        "provincia": "Misiones",
        "email": "info@ultrafreezer.com.ar",
        "telefono": "42166066",
        "Estado AFIP": "ok",
        "CRM": "NO",
        "relevado": "-"
      }
    },
    {
      "type": "Feature",
      "geometry": {
        "type": "Point",
        "coordinates": [
          -55.894295,
          -27.3664824
        ]
      },
      "properties": {
        "Base": "Bases Misiones 2",
        "base": "Bases Misiones 2",
        "cliente": "GASTON EZEQUIEL MENDOZA",
        "nombre": "GASTON EZEQUIEL MENDOZA",
        "cuit": "20392255010",
        "rubro": "8 - INDUSTRIA MANUFACTURERA",
        "direccion": "POSADAS - MARCONI 3838",
        "localidad": "POSADAS",
        "provincia": "Misiones",
        "email": "gasmendo2210@gmail.com",
        "telefono": "03764251620",
        "Estado AFIP": "ok",
        "CRM": "NO",
        "relevado": "-"
      }
    },
    {
      "type": "Feature",
      "geometry": {
        "type": "Point",
        "coordinates": [
          -54.680832,
          -26.425723
        ]
      },
      "properties": {
        "Base": "Bases Misiones 2",
        "base": "Bases Misiones 2",
        "cliente": "GENBIOTECH S.R.L.",
        "nombre": "GENBIOTECH S.R.L.",
        "cuit": "30709415197",
        "rubro": "8 - INDUSTRIA MANUFACTURERA",
        "direccion": "POSADAS - MORCILLO Nº 1518",
        "localidad": "LA PLATA",
        "provincia": "Misiones",
        "email": "JOSE.VERA@GENBIOTECH.COM.AR",
        "telefono": "011-45561600",
        "Estado AFIP": "ok",
        "CRM": "NO",
        "relevado": "-"
      }
    },
    {
      "type": "Feature",
      "geometry": {
        "type": "Point",
        "coordinates": [
          -55.9001593,
          -27.3847409
        ]
      },
      "properties": {
        "Base": "Bases Misiones 2",
        "base": "Bases Misiones 2",
        "cliente": "GENERAR MISIONES SRL.",
        "nombre": "GENERAR MISIONES SRL.",
        "cuit": "30715261541",
        "rubro": "8 - INDUSTRIA MANUFACTURERA",
        "direccion": "POSADAS - Uruguay 3288",
        "localidad": "ARMSTRONG",
        "provincia": "Misiones",
        "email": "misiones@pamperousointensivo.com.ar",
        "telefono": "3471681514",
        "Estado AFIP": "ok",
        "CRM": "NO",
        "relevado": "-"
      }
    },
    {
      "type": "Feature",
      "geometry": {
        "type": "Point",
        "coordinates": [
          -55.894295,
          -27.3664824
        ]
      },
      "properties": {
        "Base": "Bases Misiones 2",
        "base": "Bases Misiones 2",
        "cliente": "GHIBERTO GUILLERMO VICTOR",
        "nombre": "GHIBERTO GUILLERMO VICTOR",
        "cuit": "20325026449",
        "rubro": "8 - INDUSTRIA MANUFACTURERA",
        "direccion": "POSADAS - felix aguirre 1748",
        "localidad": "POSADAS",
        "provincia": "Misiones",
        "email": "guillegghiberto@gmail.com",
        "telefono": "",
        "Estado AFIP": "ok",
        "CRM": "NO",
        "relevado": "-"
      }
    },
    {
      "type": "Feature",
      "geometry": {
        "type": "Point",
        "coordinates": [
          -55.8943233,
          -27.3652207
        ]
      },
      "properties": {
        "Base": "Bases Misiones 2",
        "base": "Bases Misiones 2",
        "cliente": "GLOBAL S R L",
        "nombre": "GLOBAL S R L",
        "cuit": "30698058338",
        "rubro": "8 - INDUSTRIA MANUFACTURERA",
        "direccion": "POSADAS - COLON 1904, POSADAS, Misiones",
        "localidad": "POSADAS",
        "provincia": "Misiones",
        "email": "fabrica2028@gmail.com",
        "telefono": "03764675695",
        "Estado AFIP": "ok",
        "CRM": "NO",
        "relevado": "-"
      }
    },
    {
      "type": "Feature",
      "geometry": {
        "type": "Point",
        "coordinates": [
          -55.8929642,
          -27.3630859
        ]
      },
      "properties": {
        "Base": "Bases Misiones 2",
        "base": "Bases Misiones 2",
        "cliente": "GOIDEAS SRL",
        "nombre": "GOIDEAS SRL",
        "cuit": "30716689804",
        "rubro": "8 - INDUSTRIA MANUFACTURERA",
        "direccion": "POSADAS - FELIX DE AZARA 2067",
        "localidad": "POSADAS",
        "provincia": "Misiones",
        "email": "impuestos@arnestudio.com",
        "telefono": "3765038502",
        "Estado AFIP": "ok",
        "CRM": "NO",
        "relevado": "-"
      }
    },
    {
      "type": "Feature",
      "geometry": {
        "type": "Point",
        "coordinates": [
          -55.8943233,
          -27.3652207
        ]
      },
      "properties": {
        "Base": "Bases Misiones 2",
        "base": "Bases Misiones 2",
        "cliente": "GRAFICA LATINA S.R.L.",
        "nombre": "GRAFICA LATINA S.R.L.",
        "cuit": "30682244425",
        "rubro": "8 - INDUSTRIA MANUFACTURERA",
        "direccion": "POSADAS - COLON 577",
        "localidad": "SAN VICENTE",
        "provincia": "Misiones",
        "email": "licitaciones@graficalatinasrl.com.ar",
        "telefono": "0351-4576029 - 4576115",
        "Estado AFIP": "ok",
        "CRM": "NO",
        "relevado": "-"
      }
    },
    {
      "type": "Feature",
      "geometry": {
        "type": "Point",
        "coordinates": [
          -55.894295,
          -27.3664824
        ]
      },
      "properties": {
        "Base": "Bases Misiones 2",
        "base": "Bases Misiones 2",
        "cliente": "GRAFICA NORTE SRL",
        "nombre": "GRAFICA NORTE SRL",
        "cuit": "30710278926",
        "rubro": "8 - INDUSTRIA MANUFACTURERA",
        "direccion": "POSADAS - LIBANO 2973",
        "localidad": "POSADAS",
        "provincia": "Misiones",
        "email": "graficanorteimpresiones@gmail.com",
        "telefono": "3764431212",
        "Estado AFIP": "ok",
        "CRM": "NO",
        "relevado": "-"
      }
    },
    {
      "type": "Feature",
      "geometry": {
        "type": "Point",
        "coordinates": [
          -55.9062421,
          -27.3702093
        ]
      },
      "properties": {
        "Base": "Bases Misiones 2",
        "base": "Bases Misiones 2",
        "cliente": "GRAN BUENOS AIRES RAYOS X SOCIEDAD ANONIMA",
        "nombre": "GRAN BUENOS AIRES RAYOS X SOCIEDAD ANONIMA",
        "cuit": "30554704189",
        "rubro": "8 - INDUSTRIA MANUFACTURERA",
        "direccion": "POSADAS - Av. tambor de Tacuari 4351, POSADAS, Misiones",
        "localidad": "DESCONOCIDO",
        "provincia": "Misiones",
        "email": "cintia@borthwick.com.ar",
        "telefono": "01147171111",
        "Estado AFIP": "ok",
        "CRM": "NO",
        "relevado": "-"
      }
    },
    {
      "type": "Feature",
      "geometry": {
        "type": "Point",
        "coordinates": [
          -55.8528172,
          -27.4588791
        ]
      },
      "properties": {
        "Base": "Bases Misiones 2",
        "base": "Bases Misiones 2",
        "cliente": "GRUAS SAN BLAS S A",
        "nombre": "GRUAS SAN BLAS S A",
        "cuit": "30660920451",
        "rubro": "8 - INDUSTRIA MANUFACTURERA",
        "direccion": "GARUPÁ - TITA MERELLO 477",
        "localidad": "TIGRE",
        "provincia": "Misiones",
        "email": "impuestos@gsb.com.ar",
        "telefono": "48467000",
        "Estado AFIP": "ok",
        "CRM": "SI",
        "relevado": "NO"
      }
    },
    {
      "type": "Feature",
      "geometry": {
        "type": "Point",
        "coordinates": [
          -55.894295,
          -27.3664824
        ]
      },
      "properties": {
        "Base": "Bases Misiones 2",
        "base": "Bases Misiones 2",
        "cliente": "GRUPO CUBIK S. R. L.",
        "nombre": "GRUPO CUBIK S. R. L.",
        "cuit": "30718127013",
        "rubro": "8 - INDUSTRIA MANUFACTURERA",
        "direccion": "POSADAS - FLORENCIO SANCHEZ 3435 Piso:1",
        "localidad": "POSADAS",
        "provincia": "Misiones",
        "email": "juanheuer@gmail.com",
        "telefono": "",
        "Estado AFIP": "ok",
        "CRM": "NO",
        "relevado": "-"
      }
    },
    {
      "type": "Feature",
      "geometry": {
        "type": "Point",
        "coordinates": [
          -55.9269577,
          -27.4406616
        ]
      },
      "properties": {
        "Base": "Bases Misiones 2",
        "base": "Bases Misiones 2",
        "cliente": "HIDRA S.R.L.",
        "nombre": "HIDRA S.R.L.",
        "cuit": "30712471197",
        "rubro": "8 - INDUSTRIA MANUFACTURERA",
        "direccion": "POSADAS - AV. COCOMAROLA 6550",
        "localidad": "POSADAS",
        "provincia": "Misiones",
        "email": "marielam@activosrl.com.ar",
        "telefono": "03764459025",
        "Estado AFIP": "ok",
        "CRM": "NO",
        "relevado": "-"
      }
    },
    {
      "type": "Feature",
      "geometry": {
        "type": "Point",
        "coordinates": [
          -55.1202965,
          -27.4849798
        ]
      },
      "properties": {
        "Base": "Bases Misiones 2",
        "base": "Bases Misiones 2",
        "cliente": "HIMPA SRL",
        "nombre": "HIMPA SRL",
        "cuit": "30711794901",
        "rubro": "8 - INDUSTRIA MANUFACTURERA",
        "direccion": "OBERA - AVENIDA LIBERTAD 225 Piso:0 Dpto:0 S:0 T:0 M:0",
        "localidad": "OBERA",
        "provincia": "Misiones",
        "email": "emagri@estudiomlr.com",
        "telefono": "03755421341",
        "Estado AFIP": "ok",
        "CRM": "NO",
        "relevado": "-"
      }
    },
    {
      "type": "Feature",
      "geometry": {
        "type": "Point",
        "coordinates": [
          -55.8981034,
          -27.3723019
        ]
      },
      "properties": {
        "Base": "Bases Misiones 2",
        "base": "Bases Misiones 2",
        "cliente": "HORMICON S.R.L.",
        "nombre": "HORMICON S.R.L.",
        "cuit": "30708086726",
        "rubro": "8 - INDUSTRIA MANUFACTURERA",
        "direccion": "POSADAS - TUCUMAN 2266",
        "localidad": "POSADAS",
        "provincia": "Misiones",
        "email": "administracion@hormiconsrl.com.ar",
        "telefono": "4441113",
        "Estado AFIP": "ok",
        "CRM": "SI",
        "relevado": "NO"
      }
    },
    {
      "type": "Feature",
      "geometry": {
        "type": "Point",
        "coordinates": [
          -55.894295,
          -27.3664824
        ]
      },
      "properties": {
        "Base": "Bases Misiones 2",
        "base": "Bases Misiones 2",
        "cliente": "HORMIGONERA EL NOCHERO SA",
        "nombre": "HORMIGONERA EL NOCHERO SA",
        "cuit": "30615429038",
        "rubro": "8 - INDUSTRIA MANUFACTURERA",
        "direccion": "POSADAS - RUTA NAC 12 6718",
        "localidad": "POSADAS",
        "provincia": "Misiones",
        "email": "contable@elnocherosa.com.ar",
        "telefono": "03764454200",
        "Estado AFIP": "ok",
        "CRM": "NO",
        "relevado": "-"
      }
    },
    {
      "type": "Feature",
      "geometry": {
        "type": "Point",
        "coordinates": [
          -55.7549174,
          -27.9139657
        ]
      },
      "properties": {
        "Base": "Bases Misiones 2",
        "base": "Bases Misiones 2",
        "cliente": "HREÑUK SA",
        "nombre": "HREÑUK SA",
        "cuit": "30522250356",
        "rubro": "8 - INDUSTRIA MANUFACTURERA",
        "direccion": "APÓSTOLES - LOTE AGRICOLA 52",
        "localidad": "APÓSTOLES",
        "provincia": "Misiones",
        "email": "contador@rosamonte.com.ar",
        "telefono": "3758422220",
        "Estado AFIP": "ok",
        "CRM": "SI",
        "relevado": "SI"
      }
    },
    {
      "type": "Feature",
      "geometry": {
        "type": "Point",
        "coordinates": [
          -55.1078993,
          -27.4763172
        ]
      },
      "properties": {
        "Base": "Bases Misiones 2",
        "base": "Bases Misiones 2",
        "cliente": "HRS EQUIPOS Y SERVICIOS S.A.S.",
        "nombre": "HRS EQUIPOS Y SERVICIOS S.A.S.",
        "cuit": "30718713249",
        "rubro": "8 - INDUSTRIA MANUFACTURERA",
        "direccion": "POSADAS - JUNIN Nº 1710",
        "localidad": "ONCATIVO",
        "provincia": "Misiones",
        "email": "ebiani@econovo.com.ar",
        "telefono": "",
        "Estado AFIP": "ok",
        "CRM": "NO",
        "relevado": "-"
      }
    },
    {
      "type": "Feature",
      "geometry": {
        "type": "Point",
        "coordinates": [
          -55.891266,
          -27.3651785
        ]
      },
      "properties": {
        "Base": "Bases Misiones 2",
        "base": "Bases Misiones 2",
        "cliente": "IGARRETA MAQUINAS SA",
        "nombre": "IGARRETA MAQUINAS SA",
        "cuit": "30682440003",
        "rubro": "8 - INDUSTRIA MANUFACTURERA",
        "direccion": "POSADAS - Rivadavia 1286",
        "localidad": "CIUDAD AUTÓNOMA DE BUENOS AIRES",
        "provincia": "Misiones",
        "email": "afernandez@imasa.com.ar",
        "telefono": "",
        "Estado AFIP": "ok",
        "CRM": "NO",
        "relevado": "-"
      }
    },
    {
      "type": "Feature",
      "geometry": {
        "type": "Point",
        "coordinates": [
          -55.9079379,
          -27.4033553
        ]
      },
      "properties": {
        "Base": "Bases Misiones 2",
        "base": "Bases Misiones 2",
        "cliente": "IGARRETA S A C I",
        "nombre": "IGARRETA S A C I",
        "cuit": "33538766769",
        "rubro": "8 - INDUSTRIA MANUFACTURERA",
        "direccion": "POSADAS - Av. Quaranta 2655",
        "localidad": "CIUDAD AUTÓNOMA DE BUENOS AIRES",
        "provincia": "Misiones",
        "email": "abiondi@igarreta.com.ar",
        "telefono": "01143030291",
        "Estado AFIP": "ok",
        "CRM": "NO",
        "relevado": "-"
      }
    },
    {
      "type": "Feature",
      "geometry": {
        "type": "Point",
        "coordinates": [
          -55.8952216,
          -27.3670217
        ]
      },
      "properties": {
        "Base": "Bases Misiones 2",
        "base": "Bases Misiones 2",
        "cliente": "IMPEX ARGENTINA S R L",
        "nombre": "IMPEX ARGENTINA S R L",
        "cuit": "30682291407",
        "rubro": "8 - INDUSTRIA MANUFACTURERA",
        "direccion": "POSADAS - Bolivar 1949",
        "localidad": "CORDOBA",
        "provincia": "Misiones",
        "email": "administracion@impexar.com.ar",
        "telefono": "3515167304",
        "Estado AFIP": "ok",
        "CRM": "NO",
        "relevado": "-"
      }
    },
    {
      "type": "Feature",
      "geometry": {
        "type": "Point",
        "coordinates": [
          -55.9229947,
          -27.3716427
        ]
      },
      "properties": {
        "Base": "Bases Misiones 2",
        "base": "Bases Misiones 2",
        "cliente": "IMPREGON  SRL",
        "nombre": "IMPREGON  SRL",
        "cuit": "30712396039",
        "rubro": "8 - INDUSTRIA MANUFACTURERA",
        "direccion": "POSADAS - AVDA. LOPEZ Y PLANES 4230",
        "localidad": "POSADAS",
        "provincia": "Misiones",
        "email": "paola.estudiointegral@gmail.com",
        "telefono": "3764273976",
        "Estado AFIP": "ok",
        "CRM": "NO",
        "relevado": "-"
      }
    },
    {
      "type": "Feature",
      "geometry": {
        "type": "Point",
        "coordinates": [
          -55.8963586,
          -27.3849857
        ]
      },
      "properties": {
        "Base": "Bases Misiones 2",
        "base": "Bases Misiones 2",
        "cliente": "INDUSTRIAS ERWIN LINDHEIMER SRL",
        "nombre": "INDUSTRIAS ERWIN LINDHEIMER SRL",
        "cuit": "30504569906",
        "rubro": "8 - INDUSTRIA MANUFACTURERA",
        "direccion": "POSADAS - AV RADEMACHER 5571",
        "localidad": "POSADAS",
        "provincia": "Misiones",
        "email": "guerreroyasoc2015@gmail.com",
        "telefono": "3764452056",
        "Estado AFIP": "ok",
        "CRM": "NO",
        "relevado": "-"
      }
    },
    {
      "type": "Feature",
      "geometry": {
        "type": "Point",
        "coordinates": [
          -55.894295,
          -27.3664824
        ]
      },
      "properties": {
        "Base": "Bases Misiones 2",
        "base": "Bases Misiones 2",
        "cliente": "INGIENERIA DEL NORDESTE SRL",
        "nombre": "INGIENERIA DEL NORDESTE SRL",
        "cuit": "30715518267",
        "rubro": "8 - INDUSTRIA MANUFACTURERA",
        "direccion": "POSADAS - RIVADAVIA 1642 Piso:3 Dpto:D",
        "localidad": "POSADAS",
        "provincia": "Misiones",
        "email": "veronicamveron@gmail.com",
        "telefono": "3764361188",
        "Estado AFIP": "ok",
        "CRM": "NO",
        "relevado": "-"
      }
    },
    {
      "type": "Feature",
      "geometry": {
        "type": "Point",
        "coordinates": [
          -55.5218103,
          -27.1063871
        ]
      },
      "properties": {
        "Base": "Bases Misiones 2",
        "base": "Bases Misiones 2",
        "cliente": "IZZI INGENIERIA SRL",
        "nombre": "IZZI INGENIERIA SRL",
        "cuit": "30707009884",
        "rubro": "8 - INDUSTRIA MANUFACTURERA",
        "direccion": "CORPUS - SANTIAGO DEL ESTERO 1383",
        "localidad": "CORPUS",
        "provincia": "Misiones",
        "email": "izzi.ingenieria@gmail.com",
        "telefono": "4440270",
        "Estado AFIP": "ok",
        "CRM": "NO",
        "relevado": "-"
      }
    },
    {
      "type": "Feature",
      "geometry": {
        "type": "Point",
        "coordinates": [
          -54.6316384,
          -26.4108695
        ]
      },
      "properties": {
        "Base": "Bases Misiones 2",
        "base": "Bases Misiones 2",
        "cliente": "JACOBI SERGIO JAVIER",
        "nombre": "JACOBI SERGIO JAVIER",
        "cuit": "20273464388",
        "rubro": "8 - INDUSTRIA MANUFACTURERA",
        "direccion": "POSADAS - av. bouchardo 2474",
        "localidad": "PARANÁ",
        "provincia": "Misiones",
        "email": "contacto@econtablesegui.com",
        "telefono": "03434310166",
        "Estado AFIP": "ok",
        "CRM": "SI",
        "relevado": "NO"
      }
    },
    {
      "type": "Feature",
      "geometry": {
        "type": "Point",
        "coordinates": [
          -55.894295,
          -27.3664824
        ]
      },
      "properties": {
        "Base": "Bases Misiones 2",
        "base": "Bases Misiones 2",
        "cliente": "JAVIER ANTONIO PEREIRA",
        "nombre": "JAVIER ANTONIO PEREIRA",
        "cuit": "20300937722",
        "rubro": "8 - INDUSTRIA MANUFACTURERA",
        "direccion": "POSADAS - CHACRA 138 EDIFICIO 9 ESCALERA 23 0 Piso:2 Dpto:5",
        "localidad": "POSADAS",
        "provincia": "Misiones",
        "email": "veraherrerayasociados@gmail.com",
        "telefono": "0376154372368",
        "Estado AFIP": "ok",
        "CRM": "NO",
        "relevado": "-"
      }
    },
    {
      "type": "Feature",
      "geometry": {
        "type": "Point",
        "coordinates": [
          -55.8296552,
          -27.4837122
        ]
      },
      "properties": {
        "Base": "Bases Misiones 2",
        "base": "Bases Misiones 2",
        "cliente": "JOHANA FLORENCIA CUBILLA",
        "nombre": "JOHANA FLORENCIA CUBILLA",
        "cuit": "27377053961",
        "rubro": "8 - INDUSTRIA MANUFACTURERA",
        "direccion": "GARUPÁ - TUTI ROTOLI Y VIARENGO - CASA 3 - M: 147",
        "localidad": "GARUPÁ",
        "provincia": "Misiones",
        "email": "cgproveedores@misiones.gov.ar",
        "telefono": "-",
        "Estado AFIP": "ok",
        "CRM": "NO",
        "relevado": "-"
      }
    },
    {
      "type": "Feature",
      "geometry": {
        "type": "Point",
        "coordinates": [
          -55.8296552,
          -27.4837122
        ]
      },
      "properties": {
        "Base": "Bases Misiones 2",
        "base": "Bases Misiones 2",
        "cliente": "JOSE DANIEL SOSA",
        "nombre": "JOSE DANIEL SOSA",
        "cuit": "20285521018",
        "rubro": "8 - INDUSTRIA MANUFACTURERA",
        "direccion": "GARUPÁ - GUEMBE-LOTE 4-MANZ. 4",
        "localidad": "GARUPÁ",
        "provincia": "Misiones",
        "email": "clienteestudio2019@gmail.com",
        "telefono": "3764532369",
        "Estado AFIP": "ok",
        "CRM": "NO",
        "relevado": "-"
      }
    },
    {
      "type": "Feature",
      "geometry": {
        "type": "Point",
        "coordinates": [
          -55.5401352,
          -27.2575052
        ]
      },
      "properties": {
        "Base": "Bases Misiones 2",
        "base": "Bases Misiones 2",
        "cliente": "JOSE LUIS MONJES",
        "nombre": "JOSE LUIS MONJES",
        "cuit": "20271098120",
        "rubro": "8 - INDUSTRIA MANUFACTURERA",
        "direccion": "SAN IGNACIO - LAVALLE 547",
        "localidad": "SAN IGNACIO",
        "provincia": "Misiones",
        "email": "victorescobar01@hotmail.com",
        "telefono": "3764421570",
        "Estado AFIP": "ok",
        "CRM": "NO",
        "relevado": "-"
      }
    },
    {
      "type": "Feature",
      "geometry": {
        "type": "Point",
        "coordinates": [
          -55.894295,
          -27.3664824
        ]
      },
      "properties": {
        "Base": "Bases Misiones 2",
        "base": "Bases Misiones 2",
        "cliente": "JOSE ONIAS PUERTA HAUSBAUER",
        "nombre": "JOSE ONIAS PUERTA HAUSBAUER",
        "cuit": "20220901050",
        "rubro": "8 - INDUSTRIA MANUFACTURERA",
        "direccion": "POSADAS - AV URUGUAY Nº5142",
        "localidad": "POSADAS",
        "provincia": "Misiones",
        "email": "vetapura@gmail.com",
        "telefono": "3764-56921",
        "Estado AFIP": "ok",
        "CRM": "NO",
        "relevado": "-"
      }
    },
    {
      "type": "Feature",
      "geometry": {
        "type": "Point",
        "coordinates": [
          -55.8963586,
          -27.3849857
        ]
      },
      "properties": {
        "Base": "Bases Misiones 2",
        "base": "Bases Misiones 2",
        "cliente": "JURKIEWICZ WALTER DANIEL",
        "nombre": "JURKIEWICZ WALTER DANIEL",
        "cuit": "20233837335",
        "rubro": "8 - INDUSTRIA MANUFACTURERA",
        "direccion": "POSADAS - RADEMACHER 4168",
        "localidad": "POSADAS",
        "provincia": "Misiones",
        "email": "tamisyasociados@outlook.com",
        "telefono": "",
        "Estado AFIP": "ok",
        "CRM": "SI",
        "relevado": "SI"
      }
    },
    {
      "type": "Feature",
      "geometry": {
        "type": "Point",
        "coordinates": [
          -55.9258823,
          -27.41909
        ]
      },
      "properties": {
        "Base": "Bases Misiones 2",
        "base": "Bases Misiones 2",
        "cliente": "KOPOTEC S.R.L.",
        "nombre": "KOPOTEC S.R.L.",
        "cuit": "30714309842",
        "rubro": "8 - INDUSTRIA MANUFACTURERA",
        "direccion": "POSADAS - AV. SAN MARTIN 2306, POSADAS, Misiones",
        "localidad": "POSADAS",
        "provincia": "Misiones",
        "email": "ifgroupafip@gmail.com",
        "telefono": "4460456",
        "Estado AFIP": "ok",
        "CRM": "NO",
        "relevado": "-"
      }
    },
    {
      "type": "Feature",
      "geometry": {
        "type": "Point",
        "coordinates": [
          -54.6255753,
          -26.4009585
        ]
      },
      "properties": {
        "Base": "Bases Misiones 2",
        "base": "Bases Misiones 2",
        "cliente": "LA CASA DEL ENVASE PLASTICO S. R. L.",
        "nombre": "LA CASA DEL ENVASE PLASTICO S. R. L.",
        "cuit": "30710345739",
        "rubro": "8 - INDUSTRIA MANUFACTURERA",
        "direccion": "2 DE MAYO - 3 de febrero 1369",
        "localidad": "ROSARIO",
        "provincia": "Misiones",
        "email": "maradilorenzo1@hotmail.com",
        "telefono": "",
        "Estado AFIP": "ok",
        "CRM": "NO",
        "relevado": "-"
      }
    },
    {
      "type": "Feature",
      "geometry": {
        "type": "Point",
        "coordinates": [
          -55.894295,
          -27.3664824
        ]
      },
      "properties": {
        "Base": "Bases Misiones 2",
        "base": "Bases Misiones 2",
        "cliente": "LA REGION GRAFICA SRL",
        "nombre": "LA REGION GRAFICA SRL",
        "cuit": "30712132236",
        "rubro": "8 - INDUSTRIA MANUFACTURERA",
        "direccion": "POSADAS - 36 6383 Piso:0 Dpto:0 S:0 T:0 M:0",
        "localidad": "POSADAS",
        "provincia": "Misiones",
        "email": "goldschmitdyasociados@gmail.com",
        "telefono": "03764603566",
        "Estado AFIP": "ok",
        "CRM": "NO",
        "relevado": "-"
      }
    },
    {
      "type": "Feature",
      "geometry": {
        "type": "Point",
        "coordinates": [
          -55.8963586,
          -27.3849857
        ]
      },
      "properties": {
        "Base": "Bases Misiones 2",
        "base": "Bases Misiones 2",
        "cliente": "LA VERDAD S R L",
        "nombre": "LA VERDAD S R L",
        "cuit": "30698101985",
        "rubro": "8 - INDUSTRIA MANUFACTURERA",
        "direccion": "POSADAS - AVDA RADEMACHER 3715",
        "localidad": "POSADAS",
        "provincia": "Misiones",
        "email": "laverdadsrl_adm@yahoo.com.ar",
        "telefono": "3764431191",
        "Estado AFIP": "ok",
        "CRM": "SI",
        "relevado": "SI"
      }
    },
    {
      "type": "Feature",
      "geometry": {
        "type": "Point",
        "coordinates": [
          -55.9064181,
          -27.3771557
        ]
      },
      "properties": {
        "Base": "Bases Misiones 2",
        "base": "Bases Misiones 2",
        "cliente": "LABORATORIO INTERNACIONAL ARGENTINO SA",
        "nombre": "LABORATORIO INTERNACIONAL ARGENTINO SA",
        "cuit": "30501676892",
        "rubro": "8 - INDUSTRIA MANUFACTURERA",
        "direccion": "POSADAS - Lavalle 3146",
        "localidad": "CIUDAD AUTÓNOMA DE BUENOS AIRES",
        "provincia": "Misiones",
        "email": "rodrigo.aranda@abbott.com",
        "telefono": "1160903100",
        "Estado AFIP": "ok",
        "CRM": "NO",
        "relevado": "-"
      }
    },
    {
      "type": "Feature",
      "geometry": {
        "type": "Point",
        "coordinates": [
          -55.899381,
          -27.3753152
        ]
      },
      "properties": {
        "Base": "Bases Misiones 2",
        "base": "Bases Misiones 2",
        "cliente": "LABORATORIOS RICHET S A",
        "nombre": "LABORATORIOS RICHET S A",
        "cuit": "30504294222",
        "rubro": "8 - INDUSTRIA MANUFACTURERA",
        "direccion": "POSADAS - Barrufaldi",
        "localidad": "CIUDAD AUTONOMA BUENOS AIRES",
        "provincia": "Misiones",
        "email": "lab@richet.com",
        "telefono": "",
        "Estado AFIP": "ok",
        "CRM": "NO",
        "relevado": "-"
      }
    },
    {
      "type": "Feature",
      "geometry": {
        "type": "Point",
        "coordinates": [
          -55.8979311,
          -27.3669731
        ]
      },
      "properties": {
        "Base": "Bases Misiones 2",
        "base": "Bases Misiones 2",
        "cliente": "LABORATORIOS RICHMOND SACIF",
        "nombre": "LABORATORIOS RICHMOND SACIF",
        "cuit": "30501152826",
        "rubro": "8 - INDUSTRIA MANUFACTURERA",
        "direccion": "POSADAS - Junin 1710",
        "localidad": "CIUDAD AUTÓNOMA DE BUENOS AIRES",
        "provincia": "Misiones",
        "email": "mgbrain@richmondlab.com",
        "telefono": "55551698",
        "Estado AFIP": "ok",
        "CRM": "NO",
        "relevado": "-"
      }
    },
    {
      "type": "Feature",
      "geometry": {
        "type": "Point",
        "coordinates": [
          -55.9148368,
          -27.4017053
        ]
      },
      "properties": {
        "Base": "Bases Misiones 2",
        "base": "Bases Misiones 2",
        "cliente": "LEISTUNG INGENIERIA S R L",
        "nombre": "LEISTUNG INGENIERIA S R L",
        "cuit": "33682253849",
        "rubro": "8 - INDUSTRIA MANUFACTURERA",
        "direccion": "POSADAS - AV. STA. CATALINA 1655",
        "localidad": "CÓRDOBA",
        "provincia": "Misiones",
        "email": "ventas@leistungargentina.com.ar",
        "telefono": "03514759112",
        "Estado AFIP": "ok",
        "CRM": "NO",
        "relevado": "-"
      }
    },
    {
      "type": "Feature",
      "geometry": {
        "type": "Point",
        "coordinates": [
          -55.8969303,
          -27.3671553
        ]
      },
      "properties": {
        "Base": "Bases Misiones 2",
        "base": "Bases Misiones 2",
        "cliente": "LIBUTTI JOSE LUIS",
        "nombre": "LIBUTTI JOSE LUIS",
        "cuit": "20228354768",
        "rubro": "8 - INDUSTRIA MANUFACTURERA",
        "direccion": "POSADAS - AYACUCHO 618",
        "localidad": "POSADAS",
        "provincia": "Misiones",
        "email": "ascontablecp@outlook.com",
        "telefono": "03764431113",
        "Estado AFIP": "ok",
        "CRM": "NO",
        "relevado": "-"
      }
    },
    {
      "type": "Feature",
      "geometry": {
        "type": "Point",
        "coordinates": [
          -55.894295,
          -27.3664824
        ]
      },
      "properties": {
        "Base": "Bases Misiones 2",
        "base": "Bases Misiones 2",
        "cliente": "LITORAL SERIGRAFIA SRL",
        "nombre": "LITORAL SERIGRAFIA SRL",
        "cuit": "30712498796",
        "rubro": "8 - INDUSTRIA MANUFACTURERA",
        "direccion": "POSADAS - AV. URUGUAY 3497 Piso:0 Dpto:0 S:0 T:0 M:0",
        "localidad": "POSADAS",
        "provincia": "Misiones",
        "email": "ifgroupafip@gmail.com",
        "telefono": "3764434651",
        "Estado AFIP": "ok",
        "CRM": "NO",
        "relevado": "-"
      }
    },
    {
      "type": "Feature",
      "geometry": {
        "type": "Point",
        "coordinates": [
          -55.8296552,
          -27.4837122
        ]
      },
      "properties": {
        "Base": "Bases Misiones 2",
        "base": "Bases Misiones 2",
        "cliente": "LITORCOL S. A. S.",
        "nombre": "LITORCOL S. A. S.",
        "cuit": "30717432610",
        "rubro": "8 - INDUSTRIA MANUFACTURERA",
        "direccion": "GARUPA - MINERAL 3656",
        "localidad": "GARUPA",
        "provincia": "Misiones",
        "email": "impuestos.estudiointegral@gmail.com",
        "telefono": "",
        "Estado AFIP": "ok",
        "CRM": "NO",
        "relevado": "-"
      }
    },
    {
      "type": "Feature",
      "geometry": {
        "type": "Point",
        "coordinates": [
          -55.8959477,
          -27.3734695
        ]
      },
      "properties": {
        "Base": "Bases Misiones 2",
        "base": "Bases Misiones 2",
        "cliente": "LOBOS CARLOS SANTIAGO",
        "nombre": "LOBOS CARLOS SANTIAGO",
        "cuit": "23343647859",
        "rubro": "8 - INDUSTRIA MANUFACTURERA",
        "direccion": "POSADAS - SANTIAGO DEL ESTERO 1509",
        "localidad": "POSADAS",
        "provincia": "Misiones",
        "email": "puntonet_posadas@hotmail.com",
        "telefono": "4230085",
        "Estado AFIP": "ok",
        "CRM": "NO",
        "relevado": "-"
      }
    },
    {
      "type": "Feature",
      "geometry": {
        "type": "Point",
        "coordinates": [
          -55.894295,
          -27.3664824
        ]
      },
      "properties": {
        "Base": "Bases Misiones 2",
        "base": "Bases Misiones 2",
        "cliente": "LUG ARGENTINA SA",
        "nombre": "LUG ARGENTINA SA",
        "cuit": "30715742868",
        "rubro": "8 - INDUSTRIA MANUFACTURERA",
        "direccion": "POSADAS - Calle 62 y 239 Parque industrial Posadas Misiones",
        "localidad": "POSADAS",
        "provincia": "Misiones",
        "email": "fdominguez@lug.com.ar",
        "telefono": "3764832478",
        "Estado AFIP": "ok",
        "CRM": "NO",
        "relevado": "-"
      }
    },
    {
      "type": "Feature",
      "geometry": {
        "type": "Point",
        "coordinates": [
          -54.5537325,
          -27.0205791
        ]
      },
      "properties": {
        "Base": "Bases Misiones 2",
        "base": "Bases Misiones 2",
        "cliente": "LUIS ALBERTO ARCE",
        "nombre": "LUIS ALBERTO ARCE",
        "cuit": "20234290240",
        "rubro": "8 - INDUSTRIA MANUFACTURERA",
        "direccion": "SAN VICENTE - RUTA NACIONAL 14 KM 1278",
        "localidad": "SAN VICENTE",
        "provincia": "Misiones",
        "email": "cpthlourdes@gmail.com",
        "telefono": "3755673609",
        "Estado AFIP": "ok",
        "CRM": "NO",
        "relevado": "-"
      }
    },
    {
      "type": "Feature",
      "geometry": {
        "type": "Point",
        "coordinates": [
          -55.1078993,
          -27.4763172
        ]
      },
      "properties": {
        "Base": "Bases Misiones 2",
        "base": "Bases Misiones 2",
        "cliente": "LUIS J.D. SCORZA Y CIA.",
        "nombre": "LUIS J.D. SCORZA Y CIA.",
        "cuit": "30519733796",
        "rubro": "8 - INDUSTRIA MANUFACTURERA",
        "direccion": "GARUPÁ - MUTINELLI 369",
        "localidad": "ONCATIVO",
        "provincia": "Misiones",
        "email": "jjaluf@scorza.com.ar",
        "telefono": "3572466092",
        "Estado AFIP": "ok",
        "CRM": "NO",
        "relevado": "-"
      }
    },
    {
      "type": "Feature",
      "geometry": {
        "type": "Point",
        "coordinates": [
          -55.8943233,
          -27.3652207
        ]
      },
      "properties": {
        "Base": "Bases Misiones 2",
        "base": "Bases Misiones 2",
        "cliente": "MACOMA ENVIRONMENTAL TECHNOLOGIES S.A.",
        "nombre": "MACOMA ENVIRONMENTAL TECHNOLOGIES S.A.",
        "cuit": "30717636518",
        "rubro": "8 - INDUSTRIA MANUFACTURERA",
        "direccion": "POSADAS - COLON 1305",
        "localidad": "POSADAS",
        "provincia": "Misiones",
        "email": "impuestos@arnestudio.com",
        "telefono": "",
        "Estado AFIP": "ok",
        "CRM": "NO",
        "relevado": "-"
      }
    },
    {
      "type": "Feature",
      "geometry": {
        "type": "Point",
        "coordinates": [
          -55.0098455,
          -26.8059246
        ]
      },
      "properties": {
        "Base": "Bases Misiones 2",
        "base": "Bases Misiones 2",
        "cliente": "MAKINTHAL QUIMICA S R L",
        "nombre": "MAKINTHAL QUIMICA S R L",
        "cuit": "30633669011",
        "rubro": "8 - INDUSTRIA MANUFACTURERA",
        "direccion": "POSADAS - Espiritu Santo 78",
        "localidad": "ESTEBAN ECHEVERRÍA",
        "provincia": "Misiones",
        "email": "makinthal@makinthal.com.ar",
        "telefono": "",
        "Estado AFIP": "ok",
        "CRM": "NO",
        "relevado": "-"
      }
    },
    {
      "type": "Feature",
      "geometry": {
        "type": "Point",
        "coordinates": [
          -55.1202965,
          -27.4849798
        ]
      },
      "properties": {
        "Base": "Bases Misiones 2",
        "base": "Bases Misiones 2",
        "cliente": "MARDIROSSIAN ALEJANDRO GABRIEL",
        "nombre": "MARDIROSSIAN ALEJANDRO GABRIEL",
        "cuit": "20318349070",
        "rubro": "8 - INDUSTRIA MANUFACTURERA",
        "direccion": "OBERA - SALTO ESCONDIDO 76",
        "localidad": "OBERA",
        "provincia": "Misiones",
        "email": "marianavillamayornercolini@gmail.com",
        "telefono": "",
        "Estado AFIP": "ok",
        "CRM": "NO",
        "relevado": "-"
      }
    },
    {
      "type": "Feature",
      "geometry": {
        "type": "Point",
        "coordinates": [
          -55.8296552,
          -27.4837122
        ]
      },
      "properties": {
        "Base": "Bases Misiones 2",
        "base": "Bases Misiones 2",
        "cliente": "MARI JU S.R.L.",
        "nombre": "MARI JU S.R.L.",
        "cuit": "30672347412",
        "rubro": "8 - INDUSTRIA MANUFACTURERA",
        "direccion": "GARUPÁ - RUTA NACIONAL Nº 12-KM 12",
        "localidad": "GARUPÁ",
        "provincia": "Misiones",
        "email": "cgproveedores@misiones.gov.ar",
        "telefono": "-",
        "Estado AFIP": "ok",
        "CRM": "NO",
        "relevado": "-"
      }
    },
    {
      "type": "Feature",
      "geometry": {
        "type": "Point",
        "coordinates": [
          -55.894295,
          -27.3664824
        ]
      },
      "properties": {
        "Base": "Bases Misiones 2",
        "base": "Bases Misiones 2",
        "cliente": "MARTA ALICIA CAPKO",
        "nombre": "MARTA ALICIA CAPKO",
        "cuit": "23213036424",
        "rubro": "8 - INDUSTRIA MANUFACTURERA",
        "direccion": "POSADAS - LUCHO PEREZ 121 2340 Piso:0 Dpto:0 S:0 T:0 M:0",
        "localidad": "POSADAS",
        "provincia": "Misiones",
        "email": "panificadossalinas@gmail.com",
        "telefono": "3764893519",
        "Estado AFIP": "ok",
        "CRM": "NO",
        "relevado": "-"
      }
    },
    {
      "type": "Feature",
      "geometry": {
        "type": "Point",
        "coordinates": [
          -55.894295,
          -27.3664824
        ]
      },
      "properties": {
        "Base": "Bases Misiones 2",
        "base": "Bases Misiones 2",
        "cliente": "MAXIMILIANO ARIEL ESPINOLA",
        "nombre": "MAXIMILIANO ARIEL ESPINOLA",
        "cuit": "20330120100",
        "rubro": "8 - INDUSTRIA MANUFACTURERA",
        "direccion": "POSADAS - NEUQUEN 4261",
        "localidad": "POSADAS",
        "provincia": "Misiones",
        "email": "maximiliano.espinola@gmail.com",
        "telefono": "3517640339",
        "Estado AFIP": "ok",
        "CRM": "NO",
        "relevado": "-"
      }
    },
    {
      "type": "Feature",
      "geometry": {
        "type": "Point",
        "coordinates": [
          -54.6361286,
          -27.3184329
        ]
      },
      "properties": {
        "Base": "Bases Misiones 2",
        "base": "Bases Misiones 2",
        "cliente": "MELENZANE S A",
        "nombre": "MELENZANE S A",
        "cuit": "30637175706",
        "rubro": "8 - INDUSTRIA MANUFACTURERA",
        "direccion": "POSADAS - AV.ROQUE PEREZ 2444 - PISO 2 , POSADAS, Misiones",
        "localidad": "DESCONOCIDO",
        "provincia": "Misiones",
        "email": "clientescefiro@gmail.com",
        "telefono": "01146422400",
        "Estado AFIP": "ok",
        "CRM": "NO",
        "relevado": "-"
      }
    },
    {
      "type": "Feature",
      "geometry": {
        "type": "Point",
        "coordinates": [
          -55.894295,
          -27.3664824
        ]
      },
      "properties": {
        "Base": "Bases Misiones 2",
        "base": "Bases Misiones 2",
        "cliente": "METALGRAF SRL",
        "nombre": "METALGRAF SRL",
        "cuit": "30714035181",
        "rubro": "8 - INDUSTRIA MANUFACTURERA",
        "direccion": "POSADAS - YERBAL 4861",
        "localidad": "POSADAS",
        "provincia": "Misiones",
        "email": "germansimes@gmail.com",
        "telefono": "4429616",
        "Estado AFIP": "ok",
        "CRM": "NO",
        "relevado": "-"
      }
    },
    {
      "type": "Feature",
      "geometry": {
        "type": "Point",
        "coordinates": [
          -55.894295,
          -27.3664824
        ]
      },
      "properties": {
        "Base": "Bases Misiones 2",
        "base": "Bases Misiones 2",
        "cliente": "MISIOCORP SRL",
        "nombre": "MISIOCORP SRL",
        "cuit": "30712369007",
        "rubro": "8 - INDUSTRIA MANUFACTURERA",
        "direccion": "POSADAS - SAN JUAN 1897 Piso:0 Dpto:0 S:0 T:0 M:0",
        "localidad": "POSADAS",
        "provincia": "Misiones",
        "email": "misiocorp-cataratas@hotmail.com",
        "telefono": "3764565572",
        "Estado AFIP": "ok",
        "CRM": "NO",
        "relevado": "-"
      }
    },
    {
      "type": "Feature",
      "geometry": {
        "type": "Point",
        "coordinates": [
          -55.8916307,
          -27.3681822
        ]
      },
      "properties": {
        "Base": "Bases Misiones 2",
        "base": "Bases Misiones 2",
        "cliente": "MKS S.R.L.",
        "nombre": "MKS S.R.L.",
        "cuit": "30711867240",
        "rubro": "8 - INDUSTRIA MANUFACTURERA",
        "direccion": "POSADAS - GRAL SIMON BOLIVAR 2112",
        "localidad": "CÓRDOBA",
        "provincia": "Misiones",
        "email": "ramiroceliz@mksargentina.com",
        "telefono": "3512670606",
        "Estado AFIP": "ok",
        "CRM": "NO",
        "relevado": "-"
      }
    },
    {
      "type": "Feature",
      "geometry": {
        "type": "Point",
        "coordinates": [
          -55.894295,
          -27.3664824
        ]
      },
      "properties": {
        "Base": "Bases Misiones 2",
        "base": "Bases Misiones 2",
        "cliente": "MULTI SERVI SRL",
        "nombre": "MULTI SERVI SRL",
        "cuit": "30683248076",
        "rubro": "8 - INDUSTRIA MANUFACTURERA",
        "direccion": "POSADAS - JAPON 2153",
        "localidad": "POSADAS",
        "provincia": "Misiones",
        "email": "marialaurasoler@gmail.com",
        "telefono": "3764452684",
        "Estado AFIP": "ok",
        "CRM": "NO",
        "relevado": "-"
      }
    },
    {
      "type": "Feature",
      "geometry": {
        "type": "Point",
        "coordinates": [
          -55.894295,
          -27.3664824
        ]
      },
      "properties": {
        "Base": "Bases Misiones 2",
        "base": "Bases Misiones 2",
        "cliente": "MUNIAGURRIA JORGE DANIEL",
        "nombre": "MUNIAGURRIA JORGE DANIEL",
        "cuit": "20130041842",
        "rubro": "8 - INDUSTRIA MANUFACTURERA",
        "direccion": "POSADAS - AV. TRINCHERA DE SAN JOSE 1180, POSADAS, Misiones",
        "localidad": "POSADAS",
        "provincia": "Misiones",
        "email": "javierbritez@yahoo.es",
        "telefono": "---------------",
        "Estado AFIP": "ok",
        "CRM": "SI",
        "relevado": "NO"
      }
    },
    {
      "type": "Feature",
      "geometry": {
        "type": "Point",
        "coordinates": [
          -55.0266912,
          -26.8167893
        ]
      },
      "properties": {
        "Base": "Bases Misiones 2",
        "base": "Bases Misiones 2",
        "cliente": "NEDEL GERARDO JORGE",
        "nombre": "NEDEL GERARDO JORGE",
        "cuit": "20175075675",
        "rubro": "8 - INDUSTRIA MANUFACTURERA",
        "direccion": "PUERTO RICO - PARAJE QUINTA 106 N",
        "localidad": "PUERTO RICO",
        "provincia": "Misiones",
        "email": "estudiorcsyasoc@hotmail.com.ar",
        "telefono": "",
        "Estado AFIP": "ok",
        "CRM": "NO",
        "relevado": "-"
      }
    },
    {
      "type": "Feature",
      "geometry": {
        "type": "Point",
        "coordinates": [
          -55.1121801,
          -27.5041319
        ]
      },
      "properties": {
        "Base": "Bases Misiones 2",
        "base": "Bases Misiones 2",
        "cliente": "NEUENDORF CRISTIAN EDUARDO",
        "nombre": "NEUENDORF CRISTIAN EDUARDO",
        "cuit": "20323202169",
        "rubro": "8 - INDUSTRIA MANUFACTURERA",
        "direccion": "OBERA - UCRANIA 1150",
        "localidad": "OBERA",
        "provincia": "Misiones",
        "email": "energen.obera@gmail.com",
        "telefono": "3755681908",
        "Estado AFIP": "ok",
        "CRM": "SI",
        "relevado": "SI"
      }
    },
    {
      "type": "Feature",
      "geometry": {
        "type": "Point",
        "coordinates": [
          -55.894295,
          -27.3664824
        ]
      },
      "properties": {
        "Base": "Bases Misiones 2",
        "base": "Bases Misiones 2",
        "cliente": "NEUMATICOS POSADAS S.A.",
        "nombre": "NEUMATICOS POSADAS S.A.",
        "cuit": "30560664164",
        "rubro": "8 - INDUSTRIA MANUFACTURERA",
        "direccion": "POSADAS - COMANDANTE ROSALES Nº 2240",
        "localidad": "POSADAS",
        "provincia": "Misiones",
        "email": "neumaticosnorte@arnet.com.ar",
        "telefono": "0376-4458200",
        "Estado AFIP": "ok",
        "CRM": "NO",
        "relevado": "-"
      }
    },
    {
      "type": "Feature",
      "geometry": {
        "type": "Point",
        "coordinates": [
          -55.8969303,
          -27.3671553
        ]
      },
      "properties": {
        "Base": "Bases Misiones 2",
        "base": "Bases Misiones 2",
        "cliente": "NIPRO MEDICAL CORPORATION",
        "nombre": "NIPRO MEDICAL CORPORATION",
        "cuit": "33693501739",
        "rubro": "8 - INDUSTRIA MANUFACTURERA",
        "direccion": "POSADAS - Ayacucho 2242",
        "localidad": "MARTINEZ",
        "provincia": "Misiones",
        "email": "nicolasga@nipromed.com",
        "telefono": "01145001500",
        "Estado AFIP": "ok",
        "CRM": "NO",
        "relevado": "-"
      }
    },
    {
      "type": "Feature",
      "geometry": {
        "type": "Point",
        "coordinates": [
          -54.5861439,
          -25.6009429
        ]
      },
      "properties": {
        "Base": "Bases Misiones 2",
        "base": "Bases Misiones 2",
        "cliente": "NORDEMAQ SA",
        "nombre": "NORDEMAQ SA",
        "cuit": "30687989658",
        "rubro": "8 - INDUSTRIA MANUFACTURERA",
        "direccion": "CANDELARIA - Ruta Nº 12, KM 9.5",
        "localidad": "CORRIENTES",
        "provincia": "Misiones",
        "email": "gerencia@nordemaq.com",
        "telefono": "3624416059",
        "Estado AFIP": "ok",
        "CRM": "SI",
        "relevado": "NO"
      }
    },
    {
      "type": "Feature",
      "geometry": {
        "type": "Point",
        "coordinates": [
          -55.8952216,
          -27.3670217
        ]
      },
      "properties": {
        "Base": "Bases Misiones 2",
        "base": "Bases Misiones 2",
        "cliente": "NORGREEN S A",
        "nombre": "NORGREEN S A",
        "cuit": "30679618292",
        "rubro": "8 - INDUSTRIA MANUFACTURERA",
        "direccion": "POSADAS - BOLIVAR 543",
        "localidad": "GENERAL PUEYRREDÓN",
        "provincia": "Misiones",
        "email": "dariocajal@norgreen.com",
        "telefono": "02234642010",
        "Estado AFIP": "ok",
        "CRM": "NO",
        "relevado": "-"
      }
    },
    {
      "type": "Feature",
      "geometry": {
        "type": "Point",
        "coordinates": [
          -55.8969303,
          -27.3671553
        ]
      },
      "properties": {
        "Base": "Bases Misiones 2",
        "base": "Bases Misiones 2",
        "cliente": "OCA LOG  S.A.",
        "nombre": "OCA LOG  S.A.",
        "cuit": "30717024393",
        "rubro": "8 - INDUSTRIA MANUFACTURERA",
        "direccion": "POSADAS - Ayacucho 2267, POSADAS, Misiones",
        "localidad": "DESCONOCIDO",
        "provincia": "Misiones",
        "email": "gbarile@oca.com.ar",
        "telefono": "",
        "Estado AFIP": "ok",
        "CRM": "NO",
        "relevado": "-"
      }
    },
    {
      "type": "Feature",
      "geometry": {
        "type": "Point",
        "coordinates": [
          -55.0309202,
          -26.8136865
        ]
      },
      "properties": {
        "Base": "Bases Misiones 2",
        "base": "Bases Misiones 2",
        "cliente": "ORGANIZACION COURIER ARGENTINA SA (OCASA)",
        "nombre": "ORGANIZACION COURIER ARGENTINA SA (OCASA)",
        "cuit": "30662049618",
        "rubro": "8 - INDUSTRIA MANUFACTURERA",
        "direccion": "POSADAS - Av. San Martin 4478",
        "localidad": "CIUDAD AUTONOMA BUENOS AIRES",
        "provincia": "Misiones",
        "email": "carlos.arguello@ocasa.com",
        "telefono": "47887900",
        "Estado AFIP": "ok",
        "CRM": "NO",
        "relevado": "-"
      }
    },
    {
      "type": "Feature",
      "geometry": {
        "type": "Point",
        "coordinates": [
          -55.894295,
          -27.3664824
        ]
      },
      "properties": {
        "Base": "Bases Misiones 2",
        "base": "Bases Misiones 2",
        "cliente": "ORGANIZACION DERNA S A",
        "nombre": "ORGANIZACION DERNA S A",
        "cuit": "30617975250",
        "rubro": "8 - INDUSTRIA MANUFACTURERA",
        "direccion": "POSADAS - SARMIENTO 2283 Piso:0 Dpto:0 S:0 T:0 M:0",
        "localidad": "POSADAS",
        "provincia": "Misiones",
        "email": "bremermartin@outlook.com",
        "telefono": "4426551",
        "Estado AFIP": "ok",
        "CRM": "NO",
        "relevado": "-"
      }
    },
    {
      "type": "Feature",
      "geometry": {
        "type": "Point",
        "coordinates": [
          -54.6262079,
          -26.4048555
        ]
      },
      "properties": {
        "Base": "Bases Misiones 2",
        "base": "Bases Misiones 2",
        "cliente": "ORUE JUAN IGNACIO",
        "nombre": "ORUE JUAN IGNACIO",
        "cuit": "20424354903",
        "rubro": "8 - INDUSTRIA MANUFACTURERA",
        "direccion": "ELDORADO - CARACAS 1060 Piso:0 Dpto:0 S:0 T:0 M:0",
        "localidad": "ELDORADO",
        "provincia": "Misiones",
        "email": "diegopostai@hotmail.com",
        "telefono": "",
        "Estado AFIP": "ok",
        "CRM": "NO",
        "relevado": "-"
      }
    },
    {
      "type": "Feature",
      "geometry": {
        "type": "Point",
        "coordinates": [
          -55.1078993,
          -27.4763172
        ]
      },
      "properties": {
        "Base": "Bases Misiones 2",
        "base": "Bases Misiones 2",
        "cliente": "OSCAR SCORZA EQUIPOS Y SERVICIOS SRL",
        "nombre": "OSCAR SCORZA EQUIPOS Y SERVICIOS SRL",
        "cuit": "30708321288",
        "rubro": "8 - INDUSTRIA MANUFACTURERA",
        "direccion": "POSADAS - JUNIN N° 1710",
        "localidad": "ONCATIVO",
        "provincia": "Misiones",
        "email": "ebiani@econovo.com.ar",
        "telefono": "3572525685",
        "Estado AFIP": "ok",
        "CRM": "NO",
        "relevado": "-"
      }
    },
    {
      "type": "Feature",
      "geometry": {
        "type": "Point",
        "coordinates": [
          -55.9001593,
          -27.3847409
        ]
      },
      "properties": {
        "Base": "Bases Misiones 2",
        "base": "Bases Misiones 2",
        "cliente": "OSWALDO CORTESE Y CIA S R L",
        "nombre": "OSWALDO CORTESE Y CIA S R L",
        "cuit": "30586180041",
        "rubro": "8 - INDUSTRIA MANUFACTURERA",
        "direccion": "POSADAS - AVDA URUGUAY 4205",
        "localidad": "POSADAS",
        "provincia": "Misiones",
        "email": "administracion@ocortese.com.ar",
        "telefono": "3764457403",
        "Estado AFIP": "ok",
        "CRM": "NO",
        "relevado": "-"
      }
    },
    {
      "type": "Feature",
      "geometry": {
        "type": "Point",
        "coordinates": [
          -55.8296552,
          -27.4837122
        ]
      },
      "properties": {
        "Base": "Bases Misiones 2",
        "base": "Bases Misiones 2",
        "cliente": "PEREIRA RAMOS GABRIELA NEREA",
        "nombre": "PEREIRA RAMOS GABRIELA NEREA",
        "cuit": "27348957665",
        "rubro": "8 - INDUSTRIA MANUFACTURERA",
        "direccion": "GARUPA - AMBAY 112  Dpto:15   M:63",
        "localidad": "GARUPA",
        "provincia": "Misiones",
        "email": "coopcitgarupaltda@gmail.com",
        "telefono": "",
        "Estado AFIP": "ok",
        "CRM": "NO",
        "relevado": "-"
      }
    },
    {
      "type": "Feature",
      "geometry": {
        "type": "Point",
        "coordinates": [
          -55.1287445,
          -27.5083537
        ]
      },
      "properties": {
        "Base": "Bases Misiones 2",
        "base": "Bases Misiones 2",
        "cliente": "PILOÑA S.A.",
        "nombre": "PILOÑA S.A.",
        "cuit": "30709785989",
        "rubro": "8 - INDUSTRIA MANUFACTURERA",
        "direccion": "POSADAS - BERMUDEZ 1620",
        "localidad": "TANDIL",
        "provincia": "Misiones",
        "email": "estudiogarciaparis@gmail.com",
        "telefono": "2494429627",
        "Estado AFIP": "ok",
        "CRM": "NO",
        "relevado": "-"
      }
    },
    {
      "type": "Feature",
      "geometry": {
        "type": "Point",
        "coordinates": [
          -55.8976753,
          -27.375487
        ]
      },
      "properties": {
        "Base": "Bases Misiones 2",
        "base": "Bases Misiones 2",
        "cliente": "PISSANI SANTIAGO FRANCISCO",
        "nombre": "PISSANI SANTIAGO FRANCISCO",
        "cuit": "20201174318",
        "rubro": "8 - INDUSTRIA MANUFACTURERA",
        "direccion": "POSADAS - BARRUFALDI 2272",
        "localidad": "POSADAS",
        "provincia": "Misiones",
        "email": "azucarcarlos@hotmail.com",
        "telefono": "3764328450",
        "Estado AFIP": "ok",
        "CRM": "NO",
        "relevado": "-"
      }
    },
    {
      "type": "Feature",
      "geometry": {
        "type": "Point",
        "coordinates": [
          -55.8963586,
          -27.3849857
        ]
      },
      "properties": {
        "Base": "Bases Misiones 2",
        "base": "Bases Misiones 2",
        "cliente": "POLIRRUBROS S.A.",
        "nombre": "POLIRRUBROS S.A.",
        "cuit": "30710672306",
        "rubro": "8 - INDUSTRIA MANUFACTURERA",
        "direccion": "POSADAS - RADEMACHER 3720",
        "localidad": "POSADAS",
        "provincia": "Misiones",
        "email": "GUERREROYASOC2015@GMAIL.COM",
        "telefono": "03764675695",
        "Estado AFIP": "ok",
        "CRM": "NO",
        "relevado": "-"
      }
    },
    {
      "type": "Feature",
      "geometry": {
        "type": "Point",
        "coordinates": [
          -55.2350601,
          -26.9921552
        ]
      },
      "properties": {
        "Base": "Bases Misiones 2",
        "base": "Bases Misiones 2",
        "cliente": "PRAXAIR ARGENTINA SOCIEDAD DE RESPONSABILIDAD LIMITADA",
        "nombre": "PRAXAIR ARGENTINA SOCIEDAD DE RESPONSABILIDAD LIMITADA",
        "cuit": "30578780676",
        "rubro": "8 - INDUSTRIA MANUFACTURERA",
        "direccion": "POSADAS - Bermudez 1620",
        "localidad": "RICARDO ROJAS",
        "provincia": "Misiones",
        "email": "lorena.arrambide@linde.com",
        "telefono": "0111140706178",
        "Estado AFIP": "ok",
        "CRM": "NO",
        "relevado": "-"
      }
    },
    {
      "type": "Feature",
      "geometry": {
        "type": "Point",
        "coordinates": [
          -54.5874091,
          -26.4089974
        ]
      },
      "properties": {
        "Base": "Bases Misiones 2",
        "base": "Bases Misiones 2",
        "cliente": "PREMOELDO SOCIEDAD ANONIMA",
        "nombre": "PREMOELDO SOCIEDAD ANONIMA",
        "cuit": "30709878332",
        "rubro": "8 - INDUSTRIA MANUFACTURERA",
        "direccion": "ELDORADO - AV. SAN MARTIN \"E\" 1463",
        "localidad": "ELDORADO",
        "provincia": "Misiones",
        "email": "premoeldo@ceel.com.ar",
        "telefono": "",
        "Estado AFIP": "ok",
        "CRM": "NO",
        "relevado": "-"
      }
    },
    {
      "type": "Feature",
      "geometry": {
        "type": "Point",
        "coordinates": [
          -54.5861439,
          -25.6009429
        ]
      },
      "properties": {
        "Base": "Bases Misiones 2",
        "base": "Bases Misiones 2",
        "cliente": "PREVISORA DEL PARANA SRL",
        "nombre": "PREVISORA DEL PARANA SRL",
        "cuit": "30669641954",
        "rubro": "8 - INDUSTRIA MANUFACTURERA",
        "direccion": "POSADAS - Colon Nª 2001, POSADAS, Misiones",
        "localidad": "CORRIENTES",
        "provincia": "Misiones",
        "email": "afip@previsoradelparana.com",
        "telefono": "3794221030",
        "Estado AFIP": "ok",
        "CRM": "NO",
        "relevado": "-"
      }
    },
    {
      "type": "Feature",
      "geometry": {
        "type": "Point",
        "coordinates": [
          -55.8943233,
          -27.3652207
        ]
      },
      "properties": {
        "Base": "Bases Misiones 2",
        "base": "Bases Misiones 2",
        "cliente": "PROPATO HNOS. S.A.I.C.",
        "nombre": "PROPATO HNOS. S.A.I.C.",
        "cuit": "30554258693",
        "rubro": "8 - INDUSTRIA MANUFACTURERA",
        "direccion": "POSADAS - Colón 2169",
        "localidad": "SANTOS LUGARES",
        "provincia": "Misiones",
        "email": "administracion@propato.com.ar",
        "telefono": "01155568800",
        "Estado AFIP": "ok",
        "CRM": "NO",
        "relevado": "-"
      }
    },
    {
      "type": "Feature",
      "geometry": {
        "type": "Point",
        "coordinates": [
          -55.894295,
          -27.3664824
        ]
      },
      "properties": {
        "Base": "Bases Misiones 2",
        "base": "Bases Misiones 2",
        "cliente": "PROSARG S. A.",
        "nombre": "PROSARG S. A.",
        "cuit": "30717027759",
        "rubro": "8 - INDUSTRIA MANUFACTURERA",
        "direccion": "POSADAS - CALLE 147 8299  Dpto:17",
        "localidad": "POSADAS",
        "provincia": "Misiones",
        "email": "info@prosarg.com",
        "telefono": "",
        "Estado AFIP": "ok",
        "CRM": "NO",
        "relevado": "-"
      }
    },
    {
      "type": "Feature",
      "geometry": {
        "type": "Point",
        "coordinates": [
          -55.1202965,
          -27.4849798
        ]
      },
      "properties": {
        "Base": "Bases Misiones 2",
        "base": "Bases Misiones 2",
        "cliente": "R & R GROUP SRL",
        "nombre": "R & R GROUP SRL",
        "cuit": "30710866437",
        "rubro": "8 - INDUSTRIA MANUFACTURERA",
        "direccion": "OBERÁ - AVENIDA DE LOS INMIGRANTES 4830",
        "localidad": "OBERÁ",
        "provincia": "Misiones",
        "email": "adm.ryrgroup@gmail.com",
        "telefono": "3764865082",
        "Estado AFIP": "ok",
        "CRM": "NO",
        "relevado": "-"
      }
    },
    {
      "type": "Feature",
      "geometry": {
        "type": "Point",
        "coordinates": [
          -55.894295,
          -27.3664824
        ]
      },
      "properties": {
        "Base": "Bases Misiones 2",
        "base": "Bases Misiones 2",
        "cliente": "RAMIREZ OSVALD",
        "nombre": "RAMIREZ OSVALD",
        "cuit": "20246012920",
        "rubro": "8 - INDUSTRIA MANUFACTURERA",
        "direccion": "POSADAS - CH. 32 -33 - EDIF. 62 - ESCALE. 130 Piso:PB Dpto:B",
        "localidad": "POSADAS",
        "provincia": "Misiones",
        "email": "camilaghione@hotmail.com",
        "telefono": "888484848",
        "Estado AFIP": "ok",
        "CRM": "NO",
        "relevado": "-"
      }
    },
    {
      "type": "Feature",
      "geometry": {
        "type": "Point",
        "coordinates": [
          -55.1202965,
          -27.4849798
        ]
      },
      "properties": {
        "Base": "Bases Misiones 2",
        "base": "Bases Misiones 2",
        "cliente": "RASE SRL",
        "nombre": "RASE SRL",
        "cuit": "30715151223",
        "rubro": "8 - INDUSTRIA MANUFACTURERA",
        "direccion": "OBERA - BOGOTA 1850 Piso:. Dpto:. S:. T:. M:.",
        "localidad": "OBERA",
        "provincia": "Misiones",
        "email": "guacurariviajesyturismo@gmail.com",
        "telefono": "",
        "Estado AFIP": "ok",
        "CRM": "NO",
        "relevado": "-"
      }
    },
    {
      "type": "Feature",
      "geometry": {
        "type": "Point",
        "coordinates": [
          -55.1433931,
          -27.4942886
        ]
      },
      "properties": {
        "Base": "Bases Misiones 2",
        "base": "Bases Misiones 2",
        "cliente": "RCW S.R.L.",
        "nombre": "RCW S.R.L.",
        "cuit": "30714527106",
        "rubro": "8 - INDUSTRIA MANUFACTURERA",
        "direccion": "LEANDRO N ALEM - Lote 7 - Mz B ( Loteo Ciumpalo)",
        "localidad": "RESISTENCIA",
        "provincia": "Misiones",
        "email": "contadoresasociados.info@gmail.com",
        "telefono": "",
        "Estado AFIP": "ok",
        "CRM": "NO",
        "relevado": "-"
      }
    },
    {
      "type": "Feature",
      "geometry": {
        "type": "Point",
        "coordinates": [
          -55.9149959,
          -27.3871049
        ]
      },
      "properties": {
        "Base": "Bases Misiones 2",
        "base": "Bases Misiones 2",
        "cliente": "REA MATIAS SEBASTIAN",
        "nombre": "REA MATIAS SEBASTIAN",
        "cuit": "20340401809",
        "rubro": "8 - INDUSTRIA MANUFACTURERA",
        "direccion": "OBERÁ - POSADAS 457",
        "localidad": "OBERÁ",
        "provincia": "Misiones",
        "email": "antoniocarrara@hotmail.com",
        "telefono": "601458",
        "Estado AFIP": "ok",
        "CRM": "NO",
        "relevado": "-"
      }
    },
    {
      "type": "Feature",
      "geometry": {
        "type": "Point",
        "coordinates": [
          -55.9148368,
          -27.4017053
        ]
      },
      "properties": {
        "Base": "Bases Misiones 2",
        "base": "Bases Misiones 2",
        "cliente": "REMOLQUES OMBU S.A",
        "nombre": "REMOLQUES OMBU S.A",
        "cuit": "30673904900",
        "rubro": "8 - INDUSTRIA MANUFACTURERA",
        "direccion": "POSADAS - Av. Santa Catalina 4100",
        "localidad": "LAS PAREJAS",
        "provincia": "Misiones",
        "email": "f.mascheroni@maquinasombu.com.ar",
        "telefono": "3471471027",
        "Estado AFIP": "ok",
        "CRM": "NO",
        "relevado": "-"
      }
    },
    {
      "type": "Feature",
      "geometry": {
        "type": "Point",
        "coordinates": [
          -54.4866356,
          -26.9932723
        ]
      },
      "properties": {
        "Base": "Bases Misiones 2",
        "base": "Bases Misiones 2",
        "cliente": "RICARDO BLOCH",
        "nombre": "RICARDO BLOCH",
        "cuit": "20149601393",
        "rubro": "8 - INDUSTRIA MANUFACTURERA",
        "direccion": "SAN VICENTE - RUTA PROV 13 KM 212",
        "localidad": "SAN VICENTE",
        "provincia": "Misiones",
        "email": "correoeventanilla@gmail.com",
        "telefono": "3755234903",
        "Estado AFIP": "ok",
        "CRM": "NO",
        "relevado": "-"
      }
    },
    {
      "type": "Feature",
      "geometry": {
        "type": "Point",
        "coordinates": [
          -54.6262079,
          -26.4048555
        ]
      },
      "properties": {
        "Base": "Bases Misiones 2",
        "base": "Bases Misiones 2",
        "cliente": "ROSARIO MARTINA SCHMIDT",
        "nombre": "ROSARIO MARTINA SCHMIDT",
        "cuit": "27350097991",
        "rubro": "8 - INDUSTRIA MANUFACTURERA",
        "direccion": "ELDORADO - SARANDI 592",
        "localidad": "ELDORADO",
        "provincia": "Misiones",
        "email": "clientesestudio18@gmail.com",
        "telefono": "612300",
        "Estado AFIP": "ok",
        "CRM": "NO",
        "relevado": "-"
      }
    },
    {
      "type": "Feature",
      "geometry": {
        "type": "Point",
        "coordinates": [
          -55.894295,
          -27.3664824
        ]
      },
      "properties": {
        "Base": "Bases Misiones 2",
        "base": "Bases Misiones 2",
        "cliente": "SAIDMAN RICARDO DANIEL",
        "nombre": "SAIDMAN RICARDO DANIEL",
        "cuit": "20201176701",
        "rubro": "8 - INDUSTRIA MANUFACTURERA",
        "direccion": "POSADAS - AV. T. DE TACUARI 4351",
        "localidad": "POSADAS",
        "provincia": "Misiones",
        "email": "cpvivi.roniski@gmail.com",
        "telefono": "03764131952",
        "Estado AFIP": "ok",
        "CRM": "NO",
        "relevado": "-"
      }
    },
    {
      "type": "Feature",
      "geometry": {
        "type": "Point",
        "coordinates": [
          -55.11938,
          -27.4839287
        ]
      },
      "properties": {
        "Base": "Bases Misiones 2",
        "base": "Bases Misiones 2",
        "cliente": "SAMUEL BYS",
        "nombre": "SAMUEL BYS",
        "cuit": "20163310229",
        "rubro": "8 - INDUSTRIA MANUFACTURERA",
        "direccion": "OBERÁ - AV. LIBERTAD 225",
        "localidad": "OBERÁ",
        "provincia": "Misiones",
        "email": "SAMUELBYS@YAHOO.COM.AR",
        "telefono": "03755-420026",
        "Estado AFIP": "ok",
        "CRM": "NO",
        "relevado": "-"
      }
    },
    {
      "type": "Feature",
      "geometry": {
        "type": "Point",
        "coordinates": [
          -55.894295,
          -27.3664824
        ]
      },
      "properties": {
        "Base": "Bases Misiones 2",
        "base": "Bases Misiones 2",
        "cliente": "SANTORO LEANDRO ADRIAN",
        "nombre": "SANTORO LEANDRO ADRIAN",
        "cuit": "20278001882",
        "rubro": "8 - INDUSTRIA MANUFACTURERA",
        "direccion": "POSADAS - CALLE 127 5099 Piso:0",
        "localidad": "POSADAS",
        "provincia": "Misiones",
        "email": "leandrosantoro80@gmail.com",
        "telefono": "",
        "Estado AFIP": "ok",
        "CRM": "NO",
        "relevado": "-"
      }
    },
    {
      "type": "Feature",
      "geometry": {
        "type": "Point",
        "coordinates": [
          -54.6316384,
          -26.4108695
        ]
      },
      "properties": {
        "Base": "Bases Misiones 2",
        "base": "Bases Misiones 2",
        "cliente": "SEAL REPRESENTACIONES S.R.L.",
        "nombre": "SEAL REPRESENTACIONES S.R.L.",
        "cuit": "30709573345",
        "rubro": "8 - INDUSTRIA MANUFACTURERA",
        "direccion": "POSADAS - SARGENTO CABRAL N°2378, BA. AGUACATE, P.B.",
        "localidad": "PARANÁ",
        "provincia": "Misiones",
        "email": "sealrepsrl@gmail.com",
        "telefono": "3434310019",
        "Estado AFIP": "ok",
        "CRM": "NO",
        "relevado": "-"
      }
    },
    {
      "type": "Feature",
      "geometry": {
        "type": "Point",
        "coordinates": [
          -55.0262731,
          -26.8095531
        ]
      },
      "properties": {
        "Base": "Bases Misiones 2",
        "base": "Bases Misiones 2",
        "cliente": "SEIDEL CONSTRUCCIONES S.R.L.",
        "nombre": "SEIDEL CONSTRUCCIONES S.R.L.",
        "cuit": "30711667454",
        "rubro": "8 - INDUSTRIA MANUFACTURERA",
        "direccion": "PUERTO RICO - AVDA SAN MARTIN 2745",
        "localidad": "PUERTO RICO",
        "provincia": "Misiones",
        "email": "seidelconstrucciones@hotmail.com",
        "telefono": "3743421481",
        "Estado AFIP": "ok",
        "CRM": "NO",
        "relevado": "-"
      }
    },
    {
      "type": "Feature",
      "geometry": {
        "type": "Point",
        "coordinates": [
          -55.894295,
          -27.3664824
        ]
      },
      "properties": {
        "Base": "Bases Misiones 2",
        "base": "Bases Misiones 2",
        "cliente": "SENAB S. A. S.",
        "nombre": "SENAB S. A. S.",
        "cuit": "30717446042",
        "rubro": "8 - INDUSTRIA MANUFACTURERA",
        "direccion": "POSADAS - AV ALICIA M DE JUSTO 6220",
        "localidad": "POSADAS",
        "provincia": "Misiones",
        "email": "senabposadas@gmail.com",
        "telefono": "",
        "Estado AFIP": "ok",
        "CRM": "NO",
        "relevado": "-"
      }
    },
    {
      "type": "Feature",
      "geometry": {
        "type": "Point",
        "coordinates": [
          -55.8916307,
          -27.3681822
        ]
      },
      "properties": {
        "Base": "Bases Misiones 2",
        "base": "Bases Misiones 2",
        "cliente": "SERVELEC S R L",
        "nombre": "SERVELEC S R L",
        "cuit": "33647845849",
        "rubro": "8 - INDUSTRIA MANUFACTURERA",
        "direccion": "POSADAS - Gral Simon Bolivar 2112",
        "localidad": "CORDOBA",
        "provincia": "Misiones",
        "email": "nicolasrossi@servelec.com.ar",
        "telefono": "",
        "Estado AFIP": "ok",
        "CRM": "NO",
        "relevado": "-"
      }
    },
    {
      "type": "Feature",
      "geometry": {
        "type": "Point",
        "coordinates": [
          -55.3235338,
          -27.603636
        ]
      },
      "properties": {
        "Base": "Bases Misiones 2",
        "base": "Bases Misiones 2",
        "cliente": "SILVIA LIANA SUAREZ",
        "nombre": "SILVIA LIANA SUAREZ",
        "cuit": "27160796869",
        "rubro": "8 - INDUSTRIA MANUFACTURERA",
        "direccion": "LEANDRO N. ALEM - AV. GUEMES Nº 1027",
        "localidad": "LEANDRO N. ALEM",
        "provincia": "Misiones",
        "email": "helard02@hotmail.com",
        "telefono": "3764 - 402931",
        "Estado AFIP": "ok",
        "CRM": "NO",
        "relevado": "-"
      }
    },
    {
      "type": "Feature",
      "geometry": {
        "type": "Point",
        "coordinates": [
          -55.0309202,
          -26.8136865
        ]
      },
      "properties": {
        "Base": "Bases Misiones 2",
        "base": "Bases Misiones 2",
        "cliente": "SIMSA AIRE ACONDICIONADO S R L",
        "nombre": "SIMSA AIRE ACONDICIONADO S R L",
        "cuit": "30623412020",
        "rubro": "8 - INDUSTRIA MANUFACTURERA",
        "direccion": "POSADAS - Av. San Martin 3642",
        "localidad": "CORDOBA",
        "provincia": "Misiones",
        "email": "viviana@estudiorodriguez.com",
        "telefono": "0376-4476767",
        "Estado AFIP": "ok",
        "CRM": "NO",
        "relevado": "-"
      }
    },
    {
      "type": "Feature",
      "geometry": {
        "type": "Point",
        "coordinates": [
          -54.6361286,
          -27.3184329
        ]
      },
      "properties": {
        "Base": "Bases Misiones 2",
        "base": "Bases Misiones 2",
        "cliente": "SISTEMAS URBANOS S.A.",
        "nombre": "SISTEMAS URBANOS S.A.",
        "cuit": "30710848331",
        "rubro": "8 - INDUSTRIA MANUFACTURERA",
        "direccion": "POSADAS - Gobernador Barreyro (calle 58) Nº 3379, POSADAS, Misiones",
        "localidad": "DESCONOCIDO",
        "provincia": "Misiones",
        "email": "info@estudiobonomi.com.ar",
        "telefono": "01147427940",
        "Estado AFIP": "ok",
        "CRM": "NO",
        "relevado": "-"
      }
    },
    {
      "type": "Feature",
      "geometry": {
        "type": "Point",
        "coordinates": [
          -55.1401261,
          -27.4976992
        ]
      },
      "properties": {
        "Base": "Bases Misiones 2",
        "base": "Bases Misiones 2",
        "cliente": "SLOBODIANSKY HERNAN GASTON",
        "nombre": "SLOBODIANSKY HERNAN GASTON",
        "cuit": "20251816027",
        "rubro": "8 - INDUSTRIA MANUFACTURERA",
        "direccion": "POSADAS - Calle 122 Numero 5655",
        "localidad": "BRAGADO",
        "provincia": "Misiones",
        "email": "gaslosujecion@gmail.com",
        "telefono": "",
        "Estado AFIP": "ok",
        "CRM": "NO",
        "relevado": "-"
      }
    },
    {
      "type": "Feature",
      "geometry": {
        "type": "Point",
        "coordinates": [
          -55.894295,
          -27.3664824
        ]
      },
      "properties": {
        "Base": "Bases Misiones 2",
        "base": "Bases Misiones 2",
        "cliente": "SOLMET SRL",
        "nombre": "SOLMET SRL",
        "cuit": "30713127503",
        "rubro": "8 - INDUSTRIA MANUFACTURERA",
        "direccion": "POSADAS - AV. COMANDANTE ESPORA 2415, POSADAS, Misiones",
        "localidad": "POSADAS",
        "provincia": "Misiones",
        "email": "estudio@cignas.com.ar",
        "telefono": "",
        "Estado AFIP": "ok",
        "CRM": "NO",
        "relevado": "-"
      }
    },
    {
      "type": "Feature",
      "geometry": {
        "type": "Point",
        "coordinates": [
          -55.9064181,
          -27.3771557
        ]
      },
      "properties": {
        "Base": "Bases Misiones 2",
        "base": "Bases Misiones 2",
        "cliente": "STAR SERVICIOS EMPRESARIOS SA.",
        "nombre": "STAR SERVICIOS EMPRESARIOS SA.",
        "cuit": "30669713408",
        "rubro": "8 - INDUSTRIA MANUFACTURERA",
        "direccion": "POSADAS - LAVALLE 5636",
        "localidad": "RESISTENCIA",
        "provincia": "Misiones",
        "email": "lfuentecilla@vcf.com.ar",
        "telefono": "4426955",
        "Estado AFIP": "ok",
        "CRM": "NO",
        "relevado": "-"
      }
    },
    {
      "type": "Feature",
      "geometry": {
        "type": "Point",
        "coordinates": [
          -53.6557647,
          -26.2618759
        ]
      },
      "properties": {
        "Base": "Bases Misiones 2",
        "base": "Bases Misiones 2",
        "cliente": "SUCESION DE CUPPARI FRANCISCO",
        "nombre": "SUCESION DE CUPPARI FRANCISCO",
        "cuit": "20935390320",
        "rubro": "8 - INDUSTRIA MANUFACTURERA",
        "direccion": "POSADAS - RENE FAVALORO Nº 3706",
        "localidad": "LANÚS",
        "provincia": "Misiones",
        "email": "gisela@fc-group.com.ar",
        "telefono": "011-42427067",
        "Estado AFIP": "ok",
        "CRM": "NO",
        "relevado": "-"
      }
    },
    {
      "type": "Feature",
      "geometry": {
        "type": "Point",
        "coordinates": [
          -55.1203185,
          -27.4996131
        ]
      },
      "properties": {
        "Base": "Bases Misiones 2",
        "base": "Bases Misiones 2",
        "cliente": "SUPER CHAPA SRTL",
        "nombre": "SUPER CHAPA SRTL",
        "cuit": "30669864074",
        "rubro": "8 - INDUSTRIA MANUFACTURERA",
        "direccion": "POSADAS - 458",
        "localidad": "GOYA",
        "provincia": "Misiones",
        "email": "sccvilas@goyanet.com.ar",
        "telefono": "03777-15528084",
        "Estado AFIP": "ok",
        "CRM": "NO",
        "relevado": "-"
      }
    },
    {
      "type": "Feature",
      "geometry": {
        "type": "Point",
        "coordinates": [
          -55.8916307,
          -27.3681822
        ]
      },
      "properties": {
        "Base": "Bases Misiones 2",
        "base": "Bases Misiones 2",
        "cliente": "TAZYC S.A.S.",
        "nombre": "TAZYC S.A.S.",
        "cuit": "30716838443",
        "rubro": "8 - INDUSTRIA MANUFACTURERA",
        "direccion": "OBERA - Av. de Las América 924",
        "localidad": "CORDOBA",
        "provincia": "Misiones",
        "email": "tazycmaquinasycamiones@gmail.com",
        "telefono": "",
        "Estado AFIP": "ok",
        "CRM": "NO",
        "relevado": "-"
      }
    },
    {
      "type": "Feature",
      "geometry": {
        "type": "Point",
        "coordinates": [
          -55.8969303,
          -27.3671553
        ]
      },
      "properties": {
        "Base": "Bases Misiones 2",
        "base": "Bases Misiones 2",
        "cliente": "TECNOLOGIA CONTRA INCENDIOS S.A.",
        "nombre": "TECNOLOGIA CONTRA INCENDIOS S.A.",
        "cuit": "30516948309",
        "rubro": "8 - INDUSTRIA MANUFACTURERA",
        "direccion": "POSADAS - Ayacucho 2329, POSADAS, Misiones",
        "localidad": "DESCONOCIDO",
        "provincia": "Misiones",
        "email": "luis.pedretti@tecin.com.ar",
        "telefono": "1147664440",
        "Estado AFIP": "ok",
        "CRM": "NO",
        "relevado": "-"
      }
    },
    {
      "type": "Feature",
      "geometry": {
        "type": "Point",
        "coordinates": [
          -55.9001593,
          -27.3847409
        ]
      },
      "properties": {
        "Base": "Bases Misiones 2",
        "base": "Bases Misiones 2",
        "cliente": "TEKO SAS",
        "nombre": "TEKO SAS",
        "cuit": "30716735881",
        "rubro": "8 - INDUSTRIA MANUFACTURERA",
        "direccion": "POSADAS - URUGUAY 6001",
        "localidad": "POSADAS",
        "provincia": "Misiones",
        "email": "tekogerencia@gmail.com",
        "telefono": "0376154107381",
        "Estado AFIP": "ok",
        "CRM": "NO",
        "relevado": "-"
      }
    },
    {
      "type": "Feature",
      "geometry": {
        "type": "Point",
        "coordinates": [
          -54.4866356,
          -26.9932723
        ]
      },
      "properties": {
        "Base": "Bases Misiones 2",
        "base": "Bases Misiones 2",
        "cliente": "TORNERIA TONY S.R.L.",
        "nombre": "TORNERIA TONY S.R.L.",
        "cuit": "30708875003",
        "rubro": "8 - INDUSTRIA MANUFACTURERA",
        "direccion": "SAN VICENTE - LOTE 116 SUBD LOTE  C 3",
        "localidad": "SAN VICENTE",
        "provincia": "Misiones",
        "email": "torneriatonysrlcantera@gmail.com",
        "telefono": "0375515392805",
        "Estado AFIP": "ok",
        "CRM": "NO",
        "relevado": "-"
      }
    },
    {
      "type": "Feature",
      "geometry": {
        "type": "Point",
        "coordinates": [
          -55.8296552,
          -27.4837122
        ]
      },
      "properties": {
        "Base": "Bases Misiones 2",
        "base": "Bases Misiones 2",
        "cliente": "TOTH REVECCA SILVANA",
        "nombre": "TOTH REVECCA SILVANA",
        "cuit": "27350065496",
        "rubro": "8 - INDUSTRIA MANUFACTURERA",
        "direccion": "GARUPA - SAN LUIS 6269",
        "localidad": "GARUPA",
        "provincia": "Misiones",
        "email": "reveccatoth@gmail.com",
        "telefono": "",
        "Estado AFIP": "ok",
        "CRM": "NO",
        "relevado": "-"
      }
    },
    {
      "type": "Feature",
      "geometry": {
        "type": "Point",
        "coordinates": [
          -55.901156,
          -27.3685721
        ]
      },
      "properties": {
        "Base": "Bases Misiones 2",
        "base": "Bases Misiones 2",
        "cliente": "TRIWE S.R.L.",
        "nombre": "TRIWE S.R.L.",
        "cuit": "30714743445",
        "rubro": "8 - INDUSTRIA MANUFACTURERA",
        "direccion": "POSADAS - AV. CORRIENTES 1432",
        "localidad": "POSADAS",
        "provincia": "Misiones",
        "email": "estudiocontablemg1@gmail.com",
        "telefono": "3764586841",
        "Estado AFIP": "ok",
        "CRM": "NO",
        "relevado": "-"
      }
    },
    {
      "type": "Feature",
      "geometry": {
        "type": "Point",
        "coordinates": [
          -55.8985642,
          -27.387936
        ]
      },
      "properties": {
        "Base": "Bases Misiones 2",
        "base": "Bases Misiones 2",
        "cliente": "TYMAQ S R L",
        "nombre": "TYMAQ S R L",
        "cuit": "30640661832",
        "rubro": "8 - INDUSTRIA MANUFACTURERA",
        "direccion": "POSADAS - AV MAIPU 2454",
        "localidad": "POSADAS",
        "provincia": "Misiones",
        "email": "gabriela.timmer@tymaq.com.ar",
        "telefono": "3764431033",
        "Estado AFIP": "ok",
        "CRM": "NO",
        "relevado": "-"
      }
    },
    {
      "type": "Feature",
      "geometry": {
        "type": "Point",
        "coordinates": [
          -53.6542535,
          -26.2625025
        ]
      },
      "properties": {
        "Base": "Bases Misiones 2",
        "base": "Bases Misiones 2",
        "cliente": "ULTRAEQUIP S.A.",
        "nombre": "ULTRAEQUIP S.A.",
        "cuit": "30714034673",
        "rubro": "8 - INDUSTRIA MANUFACTURERA",
        "direccion": "CATARATAS DEL IGUAZU - Aguay 230",
        "localidad": "BERAZATEGUI",
        "provincia": "Misiones",
        "email": "estudiomartinez@estudiomartinez.com.ar",
        "telefono": "",
        "Estado AFIP": "ok",
        "CRM": "NO",
        "relevado": "-"
      }
    },
    {
      "type": "Feature",
      "geometry": {
        "type": "Point",
        "coordinates": [
          -55.1202965,
          -27.4849798
        ]
      },
      "properties": {
        "Base": "Bases Misiones 2",
        "base": "Bases Misiones 2",
        "cliente": "VARGAS PEDRO RAMON",
        "nombre": "VARGAS PEDRO RAMON",
        "cuit": "20167881069",
        "rubro": "8 - INDUSTRIA MANUFACTURERA",
        "direccion": "OBERA - CHUBUT 55",
        "localidad": "OBERA",
        "provincia": "Misiones",
        "email": "estudiobogado@celobera.com.ar",
        "telefono": "3755424366",
        "Estado AFIP": "ok",
        "CRM": "NO",
        "relevado": "-"
      }
    },
    {
      "type": "Feature",
      "geometry": {
        "type": "Point",
        "coordinates": [
          -54.6255753,
          -26.4009585
        ]
      },
      "properties": {
        "Base": "Bases Misiones 2",
        "base": "Bases Misiones 2",
        "cliente": "VENDITTI LUIS ALBERTO FRANCISCO",
        "nombre": "VENDITTI LUIS ALBERTO FRANCISCO",
        "cuit": "20100683726",
        "rubro": "8 - INDUSTRIA MANUFACTURERA",
        "direccion": "POSADAS - Lanusse 2596",
        "localidad": "ROSARIO",
        "provincia": "Misiones",
        "email": "contacto@islcontadores.com",
        "telefono": "03414655555",
        "Estado AFIP": "ok",
        "CRM": "NO",
        "relevado": "-"
      }
    },
    {
      "type": "Feature",
      "geometry": {
        "type": "Point",
        "coordinates": [
          -55.9001593,
          -27.3847409
        ]
      },
      "properties": {
        "Base": "Bases Misiones 2",
        "base": "Bases Misiones 2",
        "cliente": "VERA FRANCISCO SOLANO",
        "nombre": "VERA FRANCISCO SOLANO",
        "cuit": "20166505381",
        "rubro": "8 - INDUSTRIA MANUFACTURERA",
        "direccion": "POSADAS - AVDA URUGUAY 2655",
        "localidad": "POSADAS",
        "provincia": "Misiones",
        "email": "jma_chaparro@hotmail.com",
        "telefono": "3764621251",
        "Estado AFIP": "ok",
        "CRM": "NO",
        "relevado": "-"
      }
    },
    {
      "type": "Feature",
      "geometry": {
        "type": "Point",
        "coordinates": [
          -55.8296552,
          -27.4837122
        ]
      },
      "properties": {
        "Base": "Bases Misiones 2",
        "base": "Bases Misiones 2",
        "cliente": "VERONICA ELIZABETH JACQUE",
        "nombre": "VERONICA ELIZABETH JACQUE",
        "cuit": "27334075945",
        "rubro": "8 - INDUSTRIA MANUFACTURERA",
        "direccion": "GARUPÁ - TEORODO CUENCA – B LOMAS DEL SOL – MZ 182 – CASA 16",
        "localidad": "GARUPÁ",
        "provincia": "Misiones",
        "email": "sanchesrocio24@gmail.com",
        "telefono": "376-4362006",
        "Estado AFIP": "ok",
        "CRM": "NO",
        "relevado": "-"
      }
    },
    {
      "type": "Feature",
      "geometry": {
        "type": "Point",
        "coordinates": [
          -54.6177554,
          -26.4047413
        ]
      },
      "properties": {
        "Base": "Bases Misiones 2",
        "base": "Bases Misiones 2",
        "cliente": "VERONICA S.A.C.I.A.F E I",
        "nombre": "VERONICA S.A.C.I.A.F E I",
        "cuit": "30500979824",
        "rubro": "8 - INDUSTRIA MANUFACTURERA",
        "direccion": "POSADAS - -",
        "localidad": "ROSARIO",
        "provincia": "Misiones",
        "email": "distrinea@hotmail.com",
        "telefono": "4396332",
        "Estado AFIP": "ok",
        "CRM": "SI",
        "relevado": "NO"
      }
    },
    {
      "type": "Feature",
      "geometry": {
        "type": "Point",
        "coordinates": [
          -55.1078993,
          -27.4763172
        ]
      },
      "properties": {
        "Base": "Bases Misiones 2",
        "base": "Bases Misiones 2",
        "cliente": "VIAL TRUCK SA",
        "nombre": "VIAL TRUCK SA",
        "cuit": "30712225951",
        "rubro": "8 - INDUSTRIA MANUFACTURERA",
        "direccion": "POSADAS - Av. República Oriental del Uruguay 3842 3300, N3301AYL Posadas, Misiones",
        "localidad": "ONCATIVO",
        "provincia": "Misiones",
        "email": "eduardojcornejo@hotmail.com",
        "telefono": "",
        "Estado AFIP": "ok",
        "CRM": "SI",
        "relevado": "NO"
      }
    },
    {
      "type": "Feature",
      "geometry": {
        "type": "Point",
        "coordinates": [
          -55.8961882,
          -27.3681494
        ]
      },
      "properties": {
        "Base": "Bases Misiones 2",
        "base": "Bases Misiones 2",
        "cliente": "VIALERG S.A.",
        "nombre": "VIALERG S.A.",
        "cuit": "30716241870",
        "rubro": "8 - INDUSTRIA MANUFACTURERA",
        "direccion": "POSADAS - san lorenzo 2208",
        "localidad": "CIUDAD AUTONOMA BUENOS AIRES",
        "provincia": "Misiones",
        "email": "vialergsa@gmail.com",
        "telefono": "01143722993",
        "Estado AFIP": "ok",
        "CRM": "NO",
        "relevado": "-"
      }
    },
    {
      "type": "Feature",
      "geometry": {
        "type": "Point",
        "coordinates": [
          -55.8296552,
          -27.4837122
        ]
      },
      "properties": {
        "Base": "Bases Misiones 2",
        "base": "Bases Misiones 2",
        "cliente": "VILLALONGA INDUSTRIAL Y COMERCIAL SRL",
        "nombre": "VILLALONGA INDUSTRIAL Y COMERCIAL SRL",
        "cuit": "30709938343",
        "rubro": "8 - INDUSTRIA MANUFACTURERA",
        "direccion": "GARUPÁ - LOTE 12 M:29",
        "localidad": "GARUPÁ",
        "provincia": "Misiones",
        "email": "villalongaindustrial@hotmail.com",
        "telefono": "",
        "Estado AFIP": "ok",
        "CRM": "NO",
        "relevado": "-"
      }
    },
    {
      "type": "Feature",
      "geometry": {
        "type": "Point",
        "coordinates": [
          -55.894295,
          -27.3664824
        ]
      },
      "properties": {
        "Base": "Bases Misiones 2",
        "base": "Bases Misiones 2",
        "cliente": "VIVIANA JAQUELINE ZIELKE",
        "nombre": "VIVIANA JAQUELINE ZIELKE",
        "cuit": "27233219296",
        "rubro": "8 - INDUSTRIA MANUFACTURERA",
        "direccion": "POSADAS - LOS GIRASOLES 10698 - Bº ITAEMBE GUAZU",
        "localidad": "POSADAS",
        "provincia": "Misiones",
        "email": "vivianajaquelinez@gmail.com",
        "telefono": "3764228297",
        "Estado AFIP": "ok",
        "CRM": "NO",
        "relevado": "-"
      }
    },
    {
      "type": "Feature",
      "geometry": {
        "type": "Point",
        "coordinates": [
          -55.9148368,
          -27.4017053
        ]
      },
      "properties": {
        "Base": "Bases Misiones 2",
        "base": "Bases Misiones 2",
        "cliente": "WIENER LABORATORIOS S.A.I.C.",
        "nombre": "WIENER LABORATORIOS S.A.I.C.",
        "cuit": "30522228210",
        "rubro": "8 - INDUSTRIA MANUFACTURERA",
        "direccion": "POSADAS - Av. Santa Catalina 2380, POSADAS, Misiones",
        "localidad": "MONTE DEL ROSARIO",
        "provincia": "Misiones",
        "email": "impuestos@wiener-lab.com",
        "telefono": "3794963576",
        "Estado AFIP": "ok",
        "CRM": "NO",
        "relevado": "-"
      }
    },
    {
      "type": "Feature",
      "geometry": {
        "type": "Point",
        "coordinates": [
          -55.9055954,
          -27.3736674
        ]
      },
      "properties": {
        "Base": "Bases Misiones 2",
        "base": "Bases Misiones 2",
        "cliente": "YALFECY  SRL",
        "nombre": "YALFECY  SRL",
        "cuit": "30714051144",
        "rubro": "8 - INDUSTRIA MANUFACTURERA",
        "direccion": "POSADAS - AV. LOPEZ Y PLANES 3462",
        "localidad": "POSADAS",
        "provincia": "Misiones",
        "email": "hectorbordon@estudiokaraben.com.ar",
        "telefono": "4535303",
        "Estado AFIP": "ok",
        "CRM": "NO",
        "relevado": "-"
      }
    },
    {
      "type": "Feature",
      "geometry": {
        "type": "Point",
        "coordinates": [
          -55.8943233,
          -27.3652207
        ]
      },
      "properties": {
        "Base": "Bases Misiones 2",
        "base": "Bases Misiones 2",
        "cliente": "ZAPHIRA S.A.",
        "nombre": "ZAPHIRA S.A.",
        "cuit": "30708994185",
        "rubro": "8 - INDUSTRIA MANUFACTURERA",
        "direccion": "POSADAS - COLON 2500",
        "localidad": "CIUDAD AUTONOMA BUENOS AIRES",
        "provincia": "Misiones",
        "email": "contable@zaphirauniformes.com.ar",
        "telefono": "01149639605",
        "Estado AFIP": "ok",
        "CRM": "NO",
        "relevado": "-"
      }
    }
  ]
}