{
    "features":  [
                     {
                         "properties":  {
                                            "cliente":  "DE SIMONE SCA",
                                            "AFIP":  "ok",
                                            "Estado AFIP":  "ok",
                                            "direccion":  "SAN MARTIN 99",
                                            "Base":  "Listados Corrientes",
                                            "localidad":  "COLONIA LIEBIG\u0027S",
                                            "provincia":  "CORRIENTES",
                                            "CRM":  "NO",
                                            "cuit":  "33592948589",
                                            "telefono":  "",
                                            "rubro":  "Forestal"
                                        },
                         "type":  "Feature",
                         "geometry":  {
                                          "coordinates":  [
                                                              -55.8244311,
                                                              -27.9133623
                                                          ],
                                          "type":  "Point"
                                      }
                     },
                     {
                         "properties":  {
                                            "cliente":  "LAS NIEVES AGROPECUARIA",
                                            "AFIP":  "ok",
                                            "Estado AFIP":  "ok",
                                            "direccion":  "BUENOS AIRES 1463",
                                            "Base":  "Listados Corrientes",
                                            "localidad":  "CORRIENTES",
                                            "provincia":  "CORRIENTES",
                                            "CRM":  "NO",
                                            "cuit":  "30717350681",
                                            "telefono":  "",
                                            "rubro":  "Yerba Mate"
                                        },
                         "type":  "Feature",
                         "geometry":  {
                                          "coordinates":  [
                                                              -58.8311982,
                                                              -27.4687004
                                                          ],
                                          "type":  "Point"
                                      }
                     },
                     {
                         "properties":  {
                                            "cliente":  "MERCOSUR LOGISTICA Y SERVICIOS S.R.L.",
                                            "AFIP":  "ok",
                                            "Estado AFIP":  "ok",
                                            "direccion":  "MITRE 793 Piso:1  S:B",
                                            "Base":  "Listados Corrientes",
                                            "localidad":  "SANTO TOME",
                                            "provincia":  "CORRIENTES",
                                            "CRM":  "NO",
                                            "cuit":  "30715426389",
                                            "telefono":  "",
                                            "rubro":  "Yerba Mate"
                                        },
                         "type":  "Feature",
                         "geometry":  {
                                          "coordinates":  [
                                                              -56.0351419,
                                                              -28.5497034
                                                          ],
                                          "type":  "Point"
                                      }
                     },
                     {
                         "properties":  {
                                            "cliente":  "FIDEICOMISO ECO YERBA",
                                            "AFIP":  "ok",
                                            "Estado AFIP":  "ok",
                                            "direccion":  "MONTEVIDEO 1012 Piso:4 Dpto:G",
                                            "Base":  "Listados Corrientes",
                                            "localidad":  "CIUDAD AUTONOMA BUENOS AIRES",
                                            "provincia":  "CIUDAD AUTONOMA BUENOS AIRES",
                                            "CRM":  "NO",
                                            "cuit":  "30714587249",
                                            "telefono":  "",
                                            "rubro":  "Yerba Mate"
                                        },
                         "type":  "Feature",
                         "geometry":  {
                                          "coordinates":  [
                                                              -58.3727355,
                                                              -34.6048076
                                                          ],
                                          "type":  "Point"
                                      }
                     },
                     {
                         "properties":  {
                                            "cliente":  "LA OMA SRL",
                                            "AFIP":  "ok",
                                            "Estado AFIP":  "ok",
                                            "direccion":  "LOTE AGRICOLA 199 Piso:0 Dpto:0 S:0 T:0 M:0",
                                            "Base":  "Listados Corrientes",
                                            "localidad":  "COLONIA LIEBIG\u0027S",
                                            "provincia":  "CORRIENTES",
                                            "CRM":  "NO",
                                            "cuit":  "30711448493",
                                            "telefono":  "+54 261 447-3013",
                                            "rubro":  "Yerba Mate"
                                        },
                         "type":  "Feature",
                         "geometry":  {
                                          "coordinates":  [
                                                              -55.8244311,
                                                              -27.9133623
                                                          ],
                                          "type":  "Point"
                                      }
                     },
                     {
                         "properties":  {
                                            "cliente":  "GAFOR SRL",
                                            "AFIP":  "ok",
                                            "Estado AFIP":  "ok",
                                            "direccion":  "MITRE 793 793 Piso:1 Dpto:1",
                                            "Base":  "Listados Corrientes",
                                            "localidad":  "SANTO TOME",
                                            "provincia":  "CORRIENTES",
                                            "CRM":  "NO",
                                            "cuit":  "30708858826",
                                            "telefono":  "+54 11 4307-0055 / +54 (11) 4307 4435",
                                            "rubro":  "Yerba Mate"
                                        },
                         "type":  "Feature",
                         "geometry":  {
                                          "coordinates":  [
                                                              -56.0351419,
                                                              -28.5497034
                                                          ],
                                          "type":  "Point"
                                      }
                     },
                     {
                         "properties":  {
                                            "cliente":  "BIALE HERMANOS S H DE ROSANA A BIALE Y CLAUDIO O BIALE",
                                            "AFIP":  "ok",
                                            "Estado AFIP":  "ok",
                                            "direccion":  "LOTE AGRICOLA 152",
                                            "Base":  "Listados Corrientes",
                                            "localidad":  "COLONIA LIEBIG\u0027S",
                                            "provincia":  "CORRIENTES",
                                            "CRM":  "NO",
                                            "cuit":  "30707463526",
                                            "telefono":  "",
                                            "rubro":  "Yerba Mate"
                                        },
                         "type":  "Feature",
                         "geometry":  {
                                          "coordinates":  [
                                                              -55.8244311,
                                                              -27.9133623
                                                          ],
                                          "type":  "Point"
                                      }
                     },
                     {
                         "properties":  {
                                            "cliente":  "MUNICIPALIDAD DE GDOR V VIRASORO",
                                            "AFIP":  "ok",
                                            "Estado AFIP":  "ok",
                                            "direccion":  "LAVALLE 2505",
                                            "Base":  "Listados Corrientes",
                                            "localidad":  "GOB. ING. V. VIRASORO",
                                            "provincia":  "CORRIENTES",
                                            "CRM":  "NO",
                                            "cuit":  "30675535503",
                                            "telefono":  "",
                                            "rubro":  "Yerba Mate"
                                        },
                         "type":  "Feature",
                         "geometry":  {
                                          "coordinates":  [
                                                              -57.8869739,
                                                              -29.0177384
                                                          ],
                                          "type":  "Point"
                                      }
                     },
                     {
                         "properties":  {
                                            "cliente":  "HUAGRO S A",
                                            "AFIP":  "ok",
                                            "Estado AFIP":  "ok",
                                            "direccion":  "DIAGONAL GAHAN Y C 4 1534",
                                            "Base":  "Listados Corrientes",
                                            "localidad":  "HUANGUELEN",
                                            "provincia":  "BUENOS AIRES",
                                            "CRM":  "NO",
                                            "cuit":  "30664864262",
                                            "telefono":  "",
                                            "rubro":  "Forestal"
                                        },
                         "type":  "Feature",
                         "geometry":  {
                                          "coordinates":  [
                                                              -61.9325214,
                                                              -37.0588929
                                                          ],
                                          "type":  "Point"
                                      }
                     },
                     {
                         "properties":  {
                                            "cliente":  "ASOCIACION CIVIL UNIVERSIDAD DEL SALVADOR",
                                            "AFIP":  "ok",
                                            "Estado AFIP":  "ok",
                                            "direccion":  "RODRIGUEZ PE\u0026#209;A 714 Piso:04",
                                            "Base":  "Listados Corrientes",
                                            "localidad":  "CIUDAD AUTONOMA BUENOS AIRES",
                                            "provincia":  "CIUDAD AUTONOMA BUENOS AIRES",
                                            "CRM":  "NO",
                                            "cuit":  "30537899901",
                                            "telefono":  "WhatsApp: +54 11 3891-2792",
                                            "rubro":  "Forestal"
                                        },
                         "type":  "Feature",
                         "geometry":  {
                                          "coordinates":  [
                                                              -58.3727355,
                                                              -34.6048076
                                                          ],
                                          "type":  "Point"
                                      }
                     },
                     {
                         "properties":  {
                                            "cliente":  "GANADERA LA PENINSULA SOCIEDAD ANONIMA AGROPECUARIA Y COMERC",
                                            "AFIP":  "ok",
                                            "Estado AFIP":  "ok",
                                            "direccion":  "ESMERALDA 1376 P3",
                                            "Base":  "Listados Corrientes",
                                            "localidad":  "CIUDAD AUTONOMA BUENOS AIRES",
                                            "provincia":  "CIUDAD AUTONOMA BUENOS AIRES",
                                            "CRM":  "NO",
                                            "cuit":  "30512120438",
                                            "telefono":  "",
                                            "rubro":  "Yerba Mate"
                                        },
                         "type":  "Feature",
                         "geometry":  {
                                          "coordinates":  [
                                                              -58.3727355,
                                                              -34.6048076
                                                          ],
                                          "type":  "Point"
                                      }
                     },
                     {
                         "properties":  {
                                            "cliente":  "MBIGUA SOCIEDAD DE RESPONSABILIDAD LIMITADA",
                                            "AFIP":  "ok",
                                            "Estado AFIP":  "ok",
                                            "direccion":  "GENERAL PAZ 835",
                                            "Base":  "Listados Corrientes",
                                            "localidad":  "APOSTOLES",
                                            "provincia":  "MISIONES",
                                            "CRM":  "NO",
                                            "cuit":  "30511982193",
                                            "telefono":  "",
                                            "rubro":  "Yerba Mate"
                                        },
                         "type":  "Feature",
                         "geometry":  {
                                          "coordinates":  [
                                                              -55.7549174,
                                                              -27.9139657
                                                          ],
                                          "type":  "Point"
                                      }
                     },
                     {
                         "properties":  {
                                            "cliente":  "COOPERATIVA AGRICOLA DE LA COLONIA LIEBIG LTDA",
                                            "AFIP":  "ok",
                                            "Estado AFIP":  "ok",
                                            "direccion":  "AV SAN MARTIN Y ALEM 0 Piso:0 Dpto:0 S:0 T:0 M:0",
                                            "Base":  "Listados Corrientes",
                                            "localidad":  "COLONIA LIEBIG\u0027S",
                                            "provincia":  "CORRIENTES",
                                            "CRM":  "NO",
                                            "cuit":  "30510914712",
                                            "telefono":  "",
                                            "rubro":  "Forestal"
                                        },
                         "type":  "Feature",
                         "geometry":  {
                                          "coordinates":  [
                                                              -55.8244311,
                                                              -27.9133623
                                                          ],
                                          "type":  "Point"
                                      }
                     },
                     {
                         "properties":  {
                                            "cliente":  "LA CACHUERA SA",
                                            "AFIP":  "ok",
                                            "Estado AFIP":  "ok",
                                            "direccion":  "MORITAN 1662 Piso:4",
                                            "Base":  "Listados Corrientes",
                                            "localidad":  "POSADAS",
                                            "provincia":  "MISIONES",
                                            "CRM":  "NO",
                                            "cuit":  "30508834973",
                                            "telefono":  "",
                                            "rubro":  "Forestal"
                                        },
                         "type":  "Feature",
                         "geometry":  {
                                          "coordinates":  [
                                                              -55.894295,
                                                              -27.3664824
                                                          ],
                                          "type":  "Point"
                                      }
                     },
                     {
                         "properties":  {
                                            "cliente":  "ESTABLECIMIENTO LAS MARIAS S A C I F A",
                                            "AFIP":  "ok",
                                            "Estado AFIP":  "ok",
                                            "direccion":  "RUTA NAC. 14 - KM 739",
                                            "Base":  "Listados Corrientes",
                                            "localidad":  "GOB. ING. V. VIRASORO",
                                            "provincia":  "CORRIENTES",
                                            "CRM":  "NO",
                                            "cuit":  "30501835354",
                                            "telefono":  "",
                                            "rubro":  "Forestal"
                                        },
                         "type":  "Feature",
                         "geometry":  {
                                          "coordinates":  [
                                                              -57.8869739,
                                                              -29.0177384
                                                          ],
                                          "type":  "Point"
                                      }
                     },
                     {
                         "properties":  {
                                            "cliente":  "ESTABLECIMIENTO LAS MARIAS S A C I F A",
                                            "AFIP":  "ok",
                                            "Estado AFIP":  "ok",
                                            "direccion":  "RUTA NAC. 14 - KM 739",
                                            "Base":  "Listados Corrientes",
                                            "localidad":  "GOB. ING. V. VIRASORO",
                                            "provincia":  "CORRIENTES",
                                            "CRM":  "NO",
                                            "cuit":  "30501835354",
                                            "telefono":  "",
                                            "rubro":  "Forestal"
                                        },
                         "type":  "Feature",
                         "geometry":  {
                                          "coordinates":  [
                                                              -57.8869739,
                                                              -29.0177384
                                                          ],
                                          "type":  "Point"
                                      }
                     },
                     {
                         "properties":  {
                                            "cliente":  "KOVACH LORENA YISEL ITATI",
                                            "AFIP":  "ok",
                                            "Estado AFIP":  "ok",
                                            "direccion":  "COL UNION -ADREMA W30010083 -MENSURA 2413",
                                            "Base":  "Listados Corrientes",
                                            "localidad":  "GOB. ING. V. VIRASORO",
                                            "provincia":  "CORRIENTES",
                                            "CRM":  "NO",
                                            "cuit":  "27371554489",
                                            "telefono":  "",
                                            "rubro":  "Yerba Mate"
                                        },
                         "type":  "Feature",
                         "geometry":  {
                                          "coordinates":  [
                                                              -57.8869739,
                                                              -29.0177384
                                                          ],
                                          "type":  "Point"
                                      }
                     },
                     {
                         "properties":  {
                                            "cliente":  "HAÑEK NOELIA ALEJANDRA",
                                            "AFIP":  "ok",
                                            "Estado AFIP":  "ok",
                                            "direccion":  "GUEMES Y REM. DE ESCALADA 0",
                                            "Base":  "Listados Corrientes",
                                            "localidad":  "GOB. ING. V. VIRASORO",
                                            "provincia":  "CORRIENTES",
                                            "CRM":  "NO",
                                            "cuit":  "27351292992",
                                            "telefono":  "",
                                            "rubro":  "Yerba Mate"
                                        },
                         "type":  "Feature",
                         "geometry":  {
                                          "coordinates":  [
                                                              -57.8869739,
                                                              -29.0177384
                                                          ],
                                          "type":  "Point"
                                      }
                     },
                     {
                         "properties":  {
                                            "cliente":  "HAAG MARIA BELEN",
                                            "AFIP":  "ok",
                                            "Estado AFIP":  "ok",
                                            "direccion":  "B\u0026#176; 96 VIV. - CASA 1 M:c",
                                            "Base":  "Listados Corrientes",
                                            "localidad":  "APOSTOLES",
                                            "provincia":  "MISIONES",
                                            "CRM":  "NO",
                                            "cuit":  "27314211842",
                                            "telefono":  "",
                                            "rubro":  "Yerba Mate"
                                        },
                         "type":  "Feature",
                         "geometry":  {
                                          "coordinates":  [
                                                              -55.7549174,
                                                              -27.9139657
                                                          ],
                                          "type":  "Point"
                                      }
                     },
                     {
                         "properties":  {
                                            "cliente":  "PIYUK ANDREA SOLEDAD",
                                            "AFIP":  "ok",
                                            "Estado AFIP":  "ok",
                                            "direccion":  "RUTA PROV 37 COLONIA UNION 0",
                                            "Base":  "Listados Corrientes",
                                            "localidad":  "GOB. ING. V. VIRASORO",
                                            "provincia":  "CORRIENTES",
                                            "CRM":  "NO",
                                            "cuit":  "27294294703",
                                            "telefono":  "",
                                            "rubro":  "Cítricos"
                                        },
                         "type":  "Feature",
                         "geometry":  {
                                          "coordinates":  [
                                                              -57.8869739,
                                                              -29.0177384
                                                          ],
                                          "type":  "Point"
                                      }
                     },
                     {
                         "properties":  {
                                            "cliente":  "ALEGRE SANDRA MARIELA",
                                            "AFIP":  "ok",
                                            "Estado AFIP":  "ok",
                                            "direccion":  "LOTE 68-COLONIA GARABI 0",
                                            "Base":  "Listados Corrientes",
                                            "localidad":  "SANTO TOME",
                                            "provincia":  "CORRIENTES",
                                            "CRM":  "NO",
                                            "cuit":  "27280229348",
                                            "telefono":  "",
                                            "rubro":  "Yerba Mate"
                                        },
                         "type":  "Feature",
                         "geometry":  {
                                          "coordinates":  [
                                                              -56.0351419,
                                                              -28.5497034
                                                          ],
                                          "type":  "Point"
                                      }
                     },
                     {
                         "properties":  {
                                            "cliente":  "AQUINO MIRTA IRENE",
                                            "AFIP":  "ok",
                                            "Estado AFIP":  "ok",
                                            "direccion":  "A NAVAJAS 895",
                                            "Base":  "Listados Corrientes",
                                            "localidad":  "GOB. ING. V. VIRASORO",
                                            "provincia":  "CORRIENTES",
                                            "CRM":  "NO",
                                            "cuit":  "27274464580",
                                            "telefono":  "",
                                            "rubro":  "Yerba Mate"
                                        },
                         "type":  "Feature",
                         "geometry":  {
                                          "coordinates":  [
                                                              -57.8869739,
                                                              -29.0177384
                                                          ],
                                          "type":  "Point"
                                      }
                     },
                     {
                         "properties":  {
                                            "cliente":  "KARABYN JULIA ITATI",
                                            "AFIP":  "ok",
                                            "Estado AFIP":  "ok",
                                            "direccion":  "RIVADAVIA 0",
                                            "Base":  "Listados Corrientes",
                                            "localidad":  "COLONIA LIEBIG\u0027S",
                                            "provincia":  "CORRIENTES",
                                            "CRM":  "NO",
                                            "cuit":  "27273539277",
                                            "telefono":  "",
                                            "rubro":  "Yerba Mate"
                                        },
                         "type":  "Feature",
                         "geometry":  {
                                          "coordinates":  [
                                                              -55.8244311,
                                                              -27.9133623
                                                          ],
                                          "type":  "Point"
                                      }
                     },
                     {
                         "properties":  {
                                            "cliente":  "GUIMARAEZ ANTONIA BEATRIZ",
                                            "AFIP":  "ok",
                                            "Estado AFIP":  "ok",
                                            "direccion":  "SARGENTO CABRAL 0",
                                            "Base":  "Listados Corrientes",
                                            "localidad":  "COLONIA LIEBIG\u0027S",
                                            "provincia":  "CORRIENTES",
                                            "CRM":  "NO",
                                            "cuit":  "27259740415",
                                            "telefono":  "",
                                            "rubro":  "Yerba Mate"
                                        },
                         "type":  "Feature",
                         "geometry":  {
                                          "coordinates":  [
                                                              -55.8244311,
                                                              -27.9133623
                                                          ],
                                          "type":  "Point"
                                      }
                     },
                     {
                         "properties":  {
                                            "cliente":  "KUZYSSIN SILVINA RODMARI",
                                            "AFIP":  "ok",
                                            "Estado AFIP":  "ok",
                                            "direccion":  "LAVALLE Y FRANCISCO LOPEZ 0",
                                            "Base":  "Listados Corrientes",
                                            "localidad":  "ITUZAINGO",
                                            "provincia":  "CORRIENTES",
                                            "CRM":  "NO",
                                            "cuit":  "27259490060",
                                            "telefono":  "",
                                            "rubro":  "Yerba Mate"
                                        },
                         "type":  "Feature",
                         "geometry":  {
                                          "coordinates":  [
                                                              -56.6893413,
                                                              -27.5896182
                                                          ],
                                          "type":  "Point"
                                      }
                     },
                     {
                         "properties":  {
                                            "cliente":  "YACHESEN MARGARITA MARIA",
                                            "AFIP":  "ok",
                                            "Estado AFIP":  "ok",
                                            "direccion":  "Barrio Colonia Tres Capones 0",
                                            "Base":  "Listados Corrientes",
                                            "localidad":  "TRES CAPONES",
                                            "provincia":  "MISIONES",
                                            "CRM":  "NO",
                                            "cuit":  "27256394613",
                                            "telefono":  "",
                                            "rubro":  "Yerba Mate"
                                        },
                         "type":  "Feature",
                         "geometry":  {
                                          "coordinates":  [
                                                              -55.6095253,
                                                              -28.0041158
                                                          ],
                                          "type":  "Point"
                                      }
                     },
                     {
                         "properties":  {
                                            "cliente":  "MAY MONICA LYLIAN",
                                            "AFIP":  "ok",
                                            "Estado AFIP":  "ok",
                                            "direccion":  "AV. SAN MARTIN 0",
                                            "Base":  "Listados Corrientes",
                                            "localidad":  "COLONIA LIEBIG\u0027S",
                                            "provincia":  "CORRIENTES",
                                            "CRM":  "NO",
                                            "cuit":  "27254540094",
                                            "telefono":  "",
                                            "rubro":  "Yerba Mate"
                                        },
                         "type":  "Feature",
                         "geometry":  {
                                          "coordinates":  [
                                                              -55.8244311,
                                                              -27.9133623
                                                          ],
                                          "type":  "Point"
                                      }
                     },
                     {
                         "properties":  {
                                            "cliente":  "MAY MONICA LYLIAN",
                                            "AFIP":  "ok",
                                            "Estado AFIP":  "ok",
                                            "direccion":  "AV. SAN MARTIN 0",
                                            "Base":  "Listados Corrientes",
                                            "localidad":  "COLONIA LIEBIG\u0027S",
                                            "provincia":  "CORRIENTES",
                                            "CRM":  "NO",
                                            "cuit":  "27254540094",
                                            "telefono":  "",
                                            "rubro":  "Yerba Mate"
                                        },
                         "type":  "Feature",
                         "geometry":  {
                                          "coordinates":  [
                                                              -55.8244311,
                                                              -27.9133623
                                                          ],
                                          "type":  "Point"
                                      }
                     },
                     {
                         "properties":  {
                                            "cliente":  "ROTCHEN CLAUDIA ITATI",
                                            "AFIP":  "ok",
                                            "Estado AFIP":  "ok",
                                            "direccion":  "A. AYANSSEN - MANZ- 152",
                                            "Base":  "Listados Corrientes",
                                            "localidad":  "AZARA",
                                            "provincia":  "MISIONES",
                                            "CRM":  "NO",
                                            "cuit":  "27251809645",
                                            "telefono":  "",
                                            "rubro":  "Forestal"
                                        },
                         "type":  "Feature",
                         "geometry":  {
                                          "coordinates":  [
                                                              -55.6770963,
                                                              -28.0607112
                                                          ],
                                          "type":  "Point"
                                      }
                     },
                     {
                         "properties":  {
                                            "cliente":  "MALAÑUK MARIELA ANTONIA",
                                            "AFIP":  "ok",
                                            "Estado AFIP":  "ok",
                                            "direccion":  "LOTE 1- MUNICIPIO GARRUCHOS 45",
                                            "Base":  "Listados Corrientes",
                                            "localidad":  "GARRUCHOS",
                                            "provincia":  "CORRIENTES",
                                            "CRM":  "NO",
                                            "cuit":  "27248096255",
                                            "telefono":  "",
                                            "rubro":  "Yerba Mate"
                                        },
                         "type":  "Feature",
                         "geometry":  {
                                          "coordinates":  [
                                                              -55.6506167,
                                                              -28.1737667
                                                          ],
                                          "type":  "Point"
                                      }
                     },
                     {
                         "properties":  {
                                            "cliente":  "STACIUK GRACIELA INES",
                                            "AFIP":  "ok",
                                            "Estado AFIP":  "ok",
                                            "direccion":  "ITALIA Y CENIZYN 0",
                                            "Base":  "Listados Corrientes",
                                            "localidad":  "APOSTOLES",
                                            "provincia":  "MISIONES",
                                            "CRM":  "NO",
                                            "cuit":  "27247945577",
                                            "telefono":  "",
                                            "rubro":  "Yerba Mate"
                                        },
                         "type":  "Feature",
                         "geometry":  {
                                          "coordinates":  [
                                                              -55.7549174,
                                                              -27.9139657
                                                          ],
                                          "type":  "Point"
                                      }
                     },
                     {
                         "properties":  {
                                            "cliente":  "KRUSZELNICKI MERCEDES GRACIELA",
                                            "AFIP":  "ok",
                                            "Estado AFIP":  "ok",
                                            "direccion":  "COLONIA BUENA VISTA LOTE N\u0026#176; 5 0",
                                            "Base":  "Listados Corrientes",
                                            "localidad":  "GARRUCHOS",
                                            "provincia":  "CORRIENTES",
                                            "CRM":  "NO",
                                            "cuit":  "27244434237",
                                            "telefono":  "",
                                            "rubro":  "Yerba Mate"
                                        },
                         "type":  "Feature",
                         "geometry":  {
                                          "coordinates":  [
                                                              -55.6506167,
                                                              -28.1737667
                                                          ],
                                          "type":  "Point"
                                      }
                     },
                     {
                         "properties":  {
                                            "cliente":  "BIEN GLADYS ERIKA",
                                            "AFIP":  "ok",
                                            "Estado AFIP":  "ok",
                                            "direccion":  "LOTE AGRICOLA 96 Piso:0 Dpto:0 S:0 T:0 M:0",
                                            "Base":  "Listados Corrientes",
                                            "localidad":  "COLONIA LIEBIG\u0027S",
                                            "provincia":  "CORRIENTES",
                                            "CRM":  "NO",
                                            "cuit":  "27229519781",
                                            "telefono":  "",
                                            "rubro":  "Yerba Mate"
                                        },
                         "type":  "Feature",
                         "geometry":  {
                                          "coordinates":  [
                                                              -55.8244311,
                                                              -27.9133623
                                                          ],
                                          "type":  "Point"
                                      }
                     },
                     {
                         "properties":  {
                                            "cliente":  "GABUR HERMINDA MARIA",
                                            "AFIP":  "ok",
                                            "Estado AFIP":  "ok",
                                            "direccion":  "AV. SAN MARTIN Y L.N ALEM S/N 0",
                                            "Base":  "Listados Corrientes",
                                            "localidad":  "COLONIA LIEBIG\u0027S",
                                            "provincia":  "CORRIENTES",
                                            "CRM":  "NO",
                                            "cuit":  "27228320981",
                                            "telefono":  "",
                                            "rubro":  "Yerba Mate"
                                        },
                         "type":  "Feature",
                         "geometry":  {
                                          "coordinates":  [
                                                              -55.8244311,
                                                              -27.9133623
                                                          ],
                                          "type":  "Point"
                                      }
                     },
                     {
                         "properties":  {
                                            "cliente":  "MARTYNIUK NORMA BEATRIZ",
                                            "AFIP":  "ok",
                                            "Estado AFIP":  "ok",
                                            "direccion":  "LOTE AGRICOLA 161 0",
                                            "Base":  "Listados Corrientes",
                                            "localidad":  "COLONIA LIEBIG\u0027S",
                                            "provincia":  "CORRIENTES",
                                            "CRM":  "NO",
                                            "cuit":  "27226994497",
                                            "telefono":  "",
                                            "rubro":  "Yerba Mate"
                                        },
                         "type":  "Feature",
                         "geometry":  {
                                          "coordinates":  [
                                                              -55.8244311,
                                                              -27.9133623
                                                          ],
                                          "type":  "Point"
                                      }
                     },
                     {
                         "properties":  {
                                            "cliente":  "RAMIREZ GLADYS MARIA",
                                            "AFIP":  "ok",
                                            "Estado AFIP":  "ok",
                                            "direccion":  "PJE. LA MERCED - LOTE 7",
                                            "Base":  "Listados Corrientes",
                                            "localidad":  "COLONIA LIEBIG\u0027S",
                                            "provincia":  "CORRIENTES",
                                            "CRM":  "NO",
                                            "cuit":  "27226994292",
                                            "telefono":  "",
                                            "rubro":  "Yerba Mate"
                                        },
                         "type":  "Feature",
                         "geometry":  {
                                          "coordinates":  [
                                                              -55.8244311,
                                                              -27.9133623
                                                          ],
                                          "type":  "Point"
                                      }
                     },
                     {
                         "properties":  {
                                            "cliente":  "STREKIR MARIA ESTER",
                                            "AFIP":  "ok",
                                            "Estado AFIP":  "ok",
                                            "direccion":  "COLONIA UNION 0",
                                            "Base":  "Listados Corrientes",
                                            "localidad":  "GOB. ING. V. VIRASORO",
                                            "provincia":  "CORRIENTES",
                                            "CRM":  "NO",
                                            "cuit":  "27222600702",
                                            "telefono":  "",
                                            "rubro":  "Cítricos"
                                        },
                         "type":  "Feature",
                         "geometry":  {
                                          "coordinates":  [
                                                              -57.8869739,
                                                              -29.0177384
                                                          ],
                                          "type":  "Point"
                                      }
                     },
                     {
                         "properties":  {
                                            "cliente":  "SELB RAQUEL ITATI",
                                            "AFIP":  "ok",
                                            "Estado AFIP":  "ok",
                                            "direccion":  "AV SAN MARTIN S/N 0",
                                            "Base":  "Listados Corrientes",
                                            "localidad":  "COLONIA LIEBIG\u0027S",
                                            "provincia":  "CORRIENTES",
                                            "CRM":  "NO",
                                            "cuit":  "27221106267",
                                            "telefono":  "",
                                            "rubro":  "Yerba Mate"
                                        },
                         "type":  "Feature",
                         "geometry":  {
                                          "coordinates":  [
                                                              -55.8244311,
                                                              -27.9133623
                                                          ],
                                          "type":  "Point"
                                      }
                     },
                     {
                         "properties":  {
                                            "cliente":  "ROTCZIN GLORIA TERESA",
                                            "AFIP":  "ok",
                                            "Estado AFIP":  "ok",
                                            "direccion":  "ROBERT SUMTHEIN 1308",
                                            "Base":  "Listados Corrientes",
                                            "localidad":  "GOB. ING. V. VIRASORO",
                                            "provincia":  "CORRIENTES",
                                            "CRM":  "NO",
                                            "cuit":  "27219077780",
                                            "telefono":  "",
                                            "rubro":  "Yerba Mate"
                                        },
                         "type":  "Feature",
                         "geometry":  {
                                          "coordinates":  [
                                                              -57.8869739,
                                                              -29.0177384
                                                          ],
                                          "type":  "Point"
                                      }
                     },
                     {
                         "properties":  {
                                            "cliente":  "DA SILVA NELIDA GENOVEVA",
                                            "AFIP":  "ok",
                                            "Estado AFIP":  "ok",
                                            "direccion":  "MITRE 377",
                                            "Base":  "Listados Corrientes",
                                            "localidad":  "SANTO TOME",
                                            "provincia":  "CORRIENTES",
                                            "CRM":  "NO",
                                            "cuit":  "27201184946",
                                            "telefono":  "",
                                            "rubro":  "Yerba Mate"
                                        },
                         "type":  "Feature",
                         "geometry":  {
                                          "coordinates":  [
                                                              -56.0351419,
                                                              -28.5497034
                                                          ],
                                          "type":  "Point"
                                      }
                     },
                     {
                         "properties":  {
                                            "cliente":  "HAJDASZ EVANGELINA BEATRIZ",
                                            "AFIP":  "ok",
                                            "Estado AFIP":  "ok",
                                            "direccion":  "LOTE 12-RUTA 37",
                                            "Base":  "Listados Corrientes",
                                            "localidad":  "GOB. ING. V. VIRASORO",
                                            "provincia":  "CORRIENTES",
                                            "CRM":  "NO",
                                            "cuit":  "27201184636",
                                            "telefono":  "",
                                            "rubro":  "Yerba Mate"
                                        },
                         "type":  "Feature",
                         "geometry":  {
                                          "coordinates":  [
                                                              -57.8869739,
                                                              -29.0177384
                                                          ],
                                          "type":  "Point"
                                      }
                     },
                     {
                         "properties":  {
                                            "cliente":  "REICHELT GRACIELA MABEL",
                                            "AFIP":  "ok",
                                            "Estado AFIP":  "ok",
                                            "direccion":  "LOTE AGRICOLA 165",
                                            "Base":  "Listados Corrientes",
                                            "localidad":  "COLONIA LIEBIG\u0027S",
                                            "provincia":  "CORRIENTES",
                                            "CRM":  "NO",
                                            "cuit":  "27181052789",
                                            "telefono":  "",
                                            "rubro":  "Yerba Mate"
                                        },
                         "type":  "Feature",
                         "geometry":  {
                                          "coordinates":  [
                                                              -55.8244311,
                                                              -27.9133623
                                                          ],
                                          "type":  "Point"
                                      }
                     },
                     {
                         "properties":  {
                                            "cliente":  "BOIKO LUCIA ESTER",
                                            "AFIP":  "ok",
                                            "Estado AFIP":  "ok",
                                            "direccion":  "LOTE DE LA CHACRA 23",
                                            "Base":  "Listados Corrientes",
                                            "localidad":  "GARRUCHOS",
                                            "provincia":  "CORRIENTES",
                                            "CRM":  "NO",
                                            "cuit":  "27174962060",
                                            "telefono":  "",
                                            "rubro":  "Yerba Mate"
                                        },
                         "type":  "Feature",
                         "geometry":  {
                                          "coordinates":  [
                                                              -55.6506167,
                                                              -28.1737667
                                                          ],
                                          "type":  "Point"
                                      }
                     },
                     {
                         "properties":  {
                                            "cliente":  "SMIJOSKI NORMA MIRTA",
                                            "AFIP":  "ok",
                                            "Estado AFIP":  "ok",
                                            "direccion":  "LOTE 29-COL UNION 0",
                                            "Base":  "Listados Corrientes",
                                            "localidad":  "APOSTOLES",
                                            "provincia":  "MISIONES",
                                            "CRM":  "NO",
                                            "cuit":  "27173509656",
                                            "telefono":  "",
                                            "rubro":  "Yerba Mate"
                                        },
                         "type":  "Feature",
                         "geometry":  {
                                          "coordinates":  [
                                                              -55.7549174,
                                                              -27.9139657
                                                          ],
                                          "type":  "Point"
                                      }
                     },
                     {
                         "properties":  {
                                            "cliente":  "ROTCZYN NORMA INES",
                                            "AFIP":  "ok",
                                            "Estado AFIP":  "ok",
                                            "direccion":  "ZONA RURAL S/N 0 Piso:0",
                                            "Base":  "Listados Corrientes",
                                            "localidad":  "GOB. ING. V. VIRASORO",
                                            "provincia":  "CORRIENTES",
                                            "CRM":  "NO",
                                            "cuit":  "27173509540",
                                            "telefono":  "",
                                            "rubro":  "Yerba Mate"
                                        },
                         "type":  "Feature",
                         "geometry":  {
                                          "coordinates":  [
                                                              -57.8869739,
                                                              -29.0177384
                                                          ],
                                          "type":  "Point"
                                      }
                     },
                     {
                         "properties":  {
                                            "cliente":  "DLUTOWSKI HILDA NELLI",
                                            "AFIP":  "ok",
                                            "Estado AFIP":  "ok",
                                            "direccion":  "SARMIENTO 929 Dpto:0",
                                            "Base":  "Listados Corrientes",
                                            "localidad":  "GOB. ING. V. VIRASORO",
                                            "provincia":  "CORRIENTES",
                                            "CRM":  "NO",
                                            "cuit":  "27167198533",
                                            "telefono":  "",
                                            "rubro":  "Yerba Mate"
                                        },
                         "type":  "Feature",
                         "geometry":  {
                                          "coordinates":  [
                                                              -57.8869739,
                                                              -29.0177384
                                                          ],
                                          "type":  "Point"
                                      }
                     },
                     {
                         "properties":  {
                                            "cliente":  "RAMIREZ CLAUDIA MARIA DEL ROSARIO",
                                            "AFIP":  "ok",
                                            "Estado AFIP":  "ok",
                                            "direccion":  "RUTA PROVINCIAL 71 LOTE 141",
                                            "Base":  "Listados Corrientes",
                                            "localidad":  "COLONIA LIEBIG\u0027S",
                                            "provincia":  "CORRIENTES",
                                            "CRM":  "NO",
                                            "cuit":  "27167191806",
                                            "telefono":  "",
                                            "rubro":  "Yerba Mate"
                                        },
                         "type":  "Feature",
                         "geometry":  {
                                          "coordinates":  [
                                                              -55.8244311,
                                                              -27.9133623
                                                          ],
                                          "type":  "Point"
                                      }
                     },
                     {
                         "properties":  {
                                            "cliente":  "SELB DELIA ELSA",
                                            "AFIP":  "ok",
                                            "Estado AFIP":  "ok",
                                            "direccion":  "AV. SAN MARTIN 0",
                                            "Base":  "Listados Corrientes",
                                            "localidad":  "COLONIA LIEBIG\u0027S",
                                            "provincia":  "CORRIENTES",
                                            "CRM":  "NO",
                                            "cuit":  "27165638005",
                                            "telefono":  "",
                                            "rubro":  "Yerba Mate"
                                        },
                         "type":  "Feature",
                         "geometry":  {
                                          "coordinates":  [
                                                              -55.8244311,
                                                              -27.9133623
                                                          ],
                                          "type":  "Point"
                                      }
                     },
                     {
                         "properties":  {
                                            "cliente":  "SELB DELIA ELSA",
                                            "AFIP":  "ok",
                                            "Estado AFIP":  "ok",
                                            "direccion":  "AV. SAN MARTIN 0",
                                            "Base":  "Listados Corrientes",
                                            "localidad":  "COLONIA LIEBIG\u0027S",
                                            "provincia":  "CORRIENTES",
                                            "CRM":  "NO",
                                            "cuit":  "27165638005",
                                            "telefono":  "",
                                            "rubro":  "Yerba Mate"
                                        },
                         "type":  "Feature",
                         "geometry":  {
                                          "coordinates":  [
                                                              -55.8244311,
                                                              -27.9133623
                                                          ],
                                          "type":  "Point"
                                      }
                     },
                     {
                         "properties":  {
                                            "cliente":  "SVIDERSKI MARGARITA GENOVEVA",
                                            "AFIP":  "ok",
                                            "Estado AFIP":  "ok",
                                            "direccion":  "AV. SAN MARTIN 0",
                                            "Base":  "Listados Corrientes",
                                            "localidad":  "COLONIA LIEBIG\u0027S",
                                            "provincia":  "CORRIENTES",
                                            "CRM":  "NO",
                                            "cuit":  "27161960298",
                                            "telefono":  "",
                                            "rubro":  "Yerba Mate"
                                        },
                         "type":  "Feature",
                         "geometry":  {
                                          "coordinates":  [
                                                              -55.8244311,
                                                              -27.9133623
                                                          ],
                                          "type":  "Point"
                                      }
                     },
                     {
                         "properties":  {
                                            "cliente":  "QUIROGA OLGA MARGARITA",
                                            "AFIP":  "ok",
                                            "Estado AFIP":  "ok",
                                            "direccion":  "LOTE AGRICOLA 135 RUTA PROV. 71 0",
                                            "Base":  "Listados Corrientes",
                                            "localidad":  "COLONIA LIEBIG\u0027S",
                                            "provincia":  "CORRIENTES",
                                            "CRM":  "NO",
                                            "cuit":  "27160794653",
                                            "telefono":  "",
                                            "rubro":  "Yerba Mate"
                                        },
                         "type":  "Feature",
                         "geometry":  {
                                          "coordinates":  [
                                                              -55.8244311,
                                                              -27.9133623
                                                          ],
                                          "type":  "Point"
                                      }
                     },
                     {
                         "properties":  {
                                            "cliente":  "STRUSA MARGARITA MERCEDES",
                                            "AFIP":  "ok",
                                            "Estado AFIP":  "ok",
                                            "direccion":  "LOTE AGRICOLA 188 Piso:0 Dpto:0 S:0 T:0 M:0",
                                            "Base":  "Listados Corrientes",
                                            "localidad":  "COLONIA LIEBIG\u0027S",
                                            "provincia":  "CORRIENTES",
                                            "CRM":  "NO",
                                            "cuit":  "27147268373",
                                            "telefono":  "",
                                            "rubro":  "Yerba Mate"
                                        },
                         "type":  "Feature",
                         "geometry":  {
                                          "coordinates":  [
                                                              -55.8244311,
                                                              -27.9133623
                                                          ],
                                          "type":  "Point"
                                      }
                     },
                     {
                         "properties":  {
                                            "cliente":  "AGUIRRE RAMONA GUADALUPE",
                                            "AFIP":  "ok",
                                            "Estado AFIP":  "ok",
                                            "direccion":  "COL UNION - LOTE 31",
                                            "Base":  "Listados Corrientes",
                                            "localidad":  "GARRUCHOS",
                                            "provincia":  "CORRIENTES",
                                            "CRM":  "NO",
                                            "cuit":  "27142180745",
                                            "telefono":  "",
                                            "rubro":  "Yerba Mate"
                                        },
                         "type":  "Feature",
                         "geometry":  {
                                          "coordinates":  [
                                                              -55.6506167,
                                                              -28.1737667
                                                          ],
                                          "type":  "Point"
                                      }
                     },
                     {
                         "properties":  {
                                            "cliente":  "SELB SUSANA ADELA",
                                            "AFIP":  "ok",
                                            "Estado AFIP":  "ok",
                                            "direccion":  "9 DE JULIO Y ALEM 0",
                                            "Base":  "Listados Corrientes",
                                            "localidad":  "COLONIA LIEBIG\u0027S",
                                            "provincia":  "CORRIENTES",
                                            "CRM":  "NO",
                                            "cuit":  "27140360495",
                                            "telefono":  "",
                                            "rubro":  "Yerba Mate"
                                        },
                         "type":  "Feature",
                         "geometry":  {
                                          "coordinates":  [
                                                              -55.8244311,
                                                              -27.9133623
                                                          ],
                                          "type":  "Point"
                                      }
                     },
                     {
                         "properties":  {
                                            "cliente":  "KOPETKO MARIA HELENA",
                                            "AFIP":  "ok",
                                            "Estado AFIP":  "ok",
                                            "direccion":  "COL. SAN HORACIO - LOTE 29",
                                            "Base":  "Listados Corrientes",
                                            "localidad":  "SANTO TOME",
                                            "provincia":  "CORRIENTES",
                                            "CRM":  "NO",
                                            "cuit":  "27138648597",
                                            "telefono":  "",
                                            "rubro":  "Yerba Mate"
                                        },
                         "type":  "Feature",
                         "geometry":  {
                                          "coordinates":  [
                                                              -56.0351419,
                                                              -28.5497034
                                                          ],
                                          "type":  "Point"
                                      }
                     },
                     {
                         "properties":  {
                                            "cliente":  "FASSA EMILIA",
                                            "AFIP":  "ok",
                                            "Estado AFIP":  "ok",
                                            "direccion":  "LOTE C 7",
                                            "Base":  "Listados Corrientes",
                                            "localidad":  "GARRUCHOS",
                                            "provincia":  "CORRIENTES",
                                            "CRM":  "NO",
                                            "cuit":  "27137876235",
                                            "telefono":  "",
                                            "rubro":  "Yerba Mate"
                                        },
                         "type":  "Feature",
                         "geometry":  {
                                          "coordinates":  [
                                                              -55.6506167,
                                                              -28.1737667
                                                          ],
                                          "type":  "Point"
                                      }
                     },
                     {
                         "properties":  {
                                            "cliente":  "KRUSZELNICKI GLADYS MARIA",
                                            "AFIP":  "ok",
                                            "Estado AFIP":  "ok",
                                            "direccion":  "ALVEAR 355",
                                            "Base":  "Listados Corrientes",
                                            "localidad":  "APOSTOLES",
                                            "provincia":  "MISIONES",
                                            "CRM":  "NO",
                                            "cuit":  "27137876014",
                                            "telefono":  "",
                                            "rubro":  "Yerba Mate"
                                        },
                         "type":  "Feature",
                         "geometry":  {
                                          "coordinates":  [
                                                              -55.7549174,
                                                              -27.9139657
                                                          ],
                                          "type":  "Point"
                                      }
                     },
                     {
                         "properties":  {
                                            "cliente":  "HOFFMANN SILVIA CARMEN",
                                            "AFIP":  "ok",
                                            "Estado AFIP":  "ok",
                                            "direccion":  "AV SAN MARTIN Y ALEM 0 Piso:0 Dpto:0 S:0 T:0 M:0",
                                            "Base":  "Listados Corrientes",
                                            "localidad":  "COLONIA LIEBIG\u0027S",
                                            "provincia":  "CORRIENTES",
                                            "CRM":  "NO",
                                            "cuit":  "27136582920",
                                            "telefono":  "",
                                            "rubro":  "Yerba Mate"
                                        },
                         "type":  "Feature",
                         "geometry":  {
                                          "coordinates":  [
                                                              -55.8244311,
                                                              -27.9133623
                                                          ],
                                          "type":  "Point"
                                      }
                     },
                     {
                         "properties":  {
                                            "cliente":  "FEYUK JULIA TERESA",
                                            "AFIP":  "ok",
                                            "Estado AFIP":  "ok",
                                            "direccion":  "MANUEL OCAMPO SUR 40     M:82",
                                            "Base":  "Listados Corrientes",
                                            "localidad":  "GOB. ING. V. VIRASORO",
                                            "provincia":  "CORRIENTES",
                                            "CRM":  "NO",
                                            "cuit":  "27133323037",
                                            "telefono":  "",
                                            "rubro":  "Yerba Mate"
                                        },
                         "type":  "Feature",
                         "geometry":  {
                                          "coordinates":  [
                                                              -57.8869739,
                                                              -29.0177384
                                                          ],
                                          "type":  "Point"
                                      }
                     },
                     {
                         "properties":  {
                                            "cliente":  "SZYCHOWSKI MARIA ALEIDA",
                                            "AFIP":  "ok",
                                            "Estado AFIP":  "ok",
                                            "direccion":  "SALTA 2224 Piso:8 Dpto:D",
                                            "Base":  "Listados Corrientes",
                                            "localidad":  "POSADAS",
                                            "provincia":  "MISIONES",
                                            "CRM":  "NO",
                                            "cuit":  "27128525454",
                                            "telefono":  "",
                                            "rubro":  "Forestal"
                                        },
                         "type":  "Feature",
                         "geometry":  {
                                          "coordinates":  [
                                                              -55.894295,
                                                              -27.3664824
                                                          ],
                                          "type":  "Point"
                                      }
                     },
                     {
                         "properties":  {
                                            "cliente":  "KIEFER ESTHER RENATA",
                                            "AFIP":  "ok",
                                            "Estado AFIP":  "ok",
                                            "direccion":  "LOTE A ADREMA K 2 248 3 0",
                                            "Base":  "Listados Corrientes",
                                            "localidad":  "SAN CARLOS",
                                            "provincia":  "CORRIENTES",
                                            "CRM":  "NO",
                                            "cuit":  "27127758102",
                                            "telefono":  "",
                                            "rubro":  "Yerba Mate"
                                        },
                         "type":  "Feature",
                         "geometry":  {
                                          "coordinates":  [
                                                              -55.8955906,
                                                              -27.7466978
                                                          ],
                                          "type":  "Point"
                                      }
                     },
                     {
                         "properties":  {
                                            "cliente":  "KOPETKO PETRONA",
                                            "AFIP":  "ok",
                                            "Estado AFIP":  "ok",
                                            "direccion":  "EST. S ANTONIO 0",
                                            "Base":  "Listados Corrientes",
                                            "localidad":  "SANTO TOME",
                                            "provincia":  "CORRIENTES",
                                            "CRM":  "NO",
                                            "cuit":  "27127737792",
                                            "telefono":  "",
                                            "rubro":  "Yerba Mate"
                                        },
                         "type":  "Feature",
                         "geometry":  {
                                          "coordinates":  [
                                                              -56.0351419,
                                                              -28.5497034
                                                          ],
                                          "type":  "Point"
                                      }
                     },
                     {
                         "properties":  {
                                            "cliente":  "ZUBRZYCKI SILVIA INES",
                                            "AFIP":  "ok",
                                            "Estado AFIP":  "ok",
                                            "direccion":  "BELGRANO 438",
                                            "Base":  "Listados Corrientes",
                                            "localidad":  "APOSTOLES",
                                            "provincia":  "MISIONES",
                                            "CRM":  "NO",
                                            "cuit":  "27127488504",
                                            "telefono":  "",
                                            "rubro":  "Yerba Mate"
                                        },
                         "type":  "Feature",
                         "geometry":  {
                                          "coordinates":  [
                                                              -55.7549174,
                                                              -27.9139657
                                                          ],
                                          "type":  "Point"
                                      }
                     },
                     {
                         "properties":  {
                                            "cliente":  "ACUÑA MARIA CARLOTA",
                                            "AFIP":  "ok",
                                            "Estado AFIP":  "ok",
                                            "direccion":  "MITRE 392",
                                            "Base":  "Listados Corrientes",
                                            "localidad":  "SANTO TOME",
                                            "provincia":  "CORRIENTES",
                                            "CRM":  "NO",
                                            "cuit":  "27125954559",
                                            "telefono":  "",
                                            "rubro":  "Bovinos"
                                        },
                         "type":  "Feature",
                         "geometry":  {
                                          "coordinates":  [
                                                              -56.0351419,
                                                              -28.5497034
                                                          ],
                                          "type":  "Point"
                                      }
                     },
                     {
                         "properties":  {
                                            "cliente":  "WINNIK ANA ALICIA",
                                            "AFIP":  "ok",
                                            "Estado AFIP":  "ok",
                                            "direccion":  "AV. QUEIREL Y MISIONES 0",
                                            "Base":  "Listados Corrientes",
                                            "localidad":  "SAN JOSE",
                                            "provincia":  "MISIONES",
                                            "CRM":  "NO",
                                            "cuit":  "27123574449",
                                            "telefono":  "",
                                            "rubro":  "Yerba Mate"
                                        },
                         "type":  "Feature",
                         "geometry":  {
                                          "coordinates":  [
                                                              -55.7801147,
                                                              -27.7700457
                                                          ],
                                          "type":  "Point"
                                      }
                     },
                     {
                         "properties":  {
                                            "cliente":  "SMIGURSCY SUSANA INES",
                                            "AFIP":  "ok",
                                            "Estado AFIP":  "ok",
                                            "direccion":  "LOTE AGRICOLA 84",
                                            "Base":  "Listados Corrientes",
                                            "localidad":  "COLONIA LIEBIG\u0027S",
                                            "provincia":  "CORRIENTES",
                                            "CRM":  "NO",
                                            "cuit":  "27119412779",
                                            "telefono":  "",
                                            "rubro":  "Yerba Mate"
                                        },
                         "type":  "Feature",
                         "geometry":  {
                                          "coordinates":  [
                                                              -55.8244311,
                                                              -27.9133623
                                                          ],
                                          "type":  "Point"
                                      }
                     },
                     {
                         "properties":  {
                                            "cliente":  "SILVA GLADIS",
                                            "AFIP":  "ok",
                                            "Estado AFIP":  "ok",
                                            "direccion":  "LOTE AGRICOLA 187",
                                            "Base":  "Listados Corrientes",
                                            "localidad":  "COLONIA LIEBIG\u0027S",
                                            "provincia":  "CORRIENTES",
                                            "CRM":  "NO",
                                            "cuit":  "27109553900",
                                            "telefono":  "",
                                            "rubro":  "Yerba Mate"
                                        },
                         "type":  "Feature",
                         "geometry":  {
                                          "coordinates":  [
                                                              -55.8244311,
                                                              -27.9133623
                                                          ],
                                          "type":  "Point"
                                      }
                     },
                     {
                         "properties":  {
                                            "cliente":  "TIMOYKO BRONISLADA",
                                            "AFIP":  "ok",
                                            "Estado AFIP":  "ok",
                                            "direccion":  "SN",
                                            "Base":  "Listados Corrientes",
                                            "localidad":  "SAN CARLOS",
                                            "provincia":  "CORRIENTES",
                                            "CRM":  "NO",
                                            "cuit":  "27107106710",
                                            "telefono":  "",
                                            "rubro":  "Yerba Mate"
                                        },
                         "type":  "Feature",
                         "geometry":  {
                                          "coordinates":  [
                                                              -55.8955906,
                                                              -27.7466978
                                                          ],
                                          "type":  "Point"
                                      }
                     },
                     {
                         "properties":  {
                                            "cliente":  "FRIEDLMEIER LUCIA OTILIA",
                                            "AFIP":  "ok",
                                            "Estado AFIP":  "ok",
                                            "direccion":  "BELGRANO 0",
                                            "Base":  "Listados Corrientes",
                                            "localidad":  "COLONIA LIEBIG\u0027S",
                                            "provincia":  "CORRIENTES",
                                            "CRM":  "NO",
                                            "cuit":  "27100004297",
                                            "telefono":  "",
                                            "rubro":  "Yerba Mate"
                                        },
                         "type":  "Feature",
                         "geometry":  {
                                          "coordinates":  [
                                                              -55.8244311,
                                                              -27.9133623
                                                          ],
                                          "type":  "Point"
                                      }
                     },
                     {
                         "properties":  {
                                            "cliente":  "DALCOLMO ELSA",
                                            "AFIP":  "ok",
                                            "Estado AFIP":  "ok",
                                            "direccion":  "AV SAN MARTIN Y BELG 0",
                                            "Base":  "Listados Corrientes",
                                            "localidad":  "COLONIA LIEBIG\u0027S",
                                            "provincia":  "CORRIENTES",
                                            "CRM":  "NO",
                                            "cuit":  "27064848793",
                                            "telefono":  "",
                                            "rubro":  "Yerba Mate"
                                        },
                         "type":  "Feature",
                         "geometry":  {
                                          "coordinates":  [
                                                              -55.8244311,
                                                              -27.9133623
                                                          ],
                                          "type":  "Point"
                                      }
                     },
                     {
                         "properties":  {
                                            "cliente":  "SEQUEIRA MARIA",
                                            "AFIP":  "ok",
                                            "Estado AFIP":  "ok",
                                            "direccion":  "RUTA NACIONAL 14 KM 743 0 Piso:00 Dpto:00 S:00 T:00 M:00",
                                            "Base":  "Listados Corrientes",
                                            "localidad":  "GOB. ING. V. VIRASORO",
                                            "provincia":  "CORRIENTES",
                                            "CRM":  "NO",
                                            "cuit":  "27062667260",
                                            "telefono":  "",
                                            "rubro":  "Yerba Mate"
                                        },
                         "type":  "Feature",
                         "geometry":  {
                                          "coordinates":  [
                                                              -57.8869739,
                                                              -29.0177384
                                                          ],
                                          "type":  "Point"
                                      }
                     },
                     {
                         "properties":  {
                                            "cliente":  "BOICHO ROSA",
                                            "AFIP":  "ok",
                                            "Estado AFIP":  "ok",
                                            "direccion":  "SAN MARTIN",
                                            "Base":  "Listados Corrientes",
                                            "localidad":  "ITUZAINGO",
                                            "provincia":  "CORRIENTES",
                                            "CRM":  "NO",
                                            "cuit":  "27054435393",
                                            "telefono":  "",
                                            "rubro":  "Yerba Mate"
                                        },
                         "type":  "Feature",
                         "geometry":  {
                                          "coordinates":  [
                                                              -56.6893413,
                                                              -27.5896182
                                                          ],
                                          "type":  "Point"
                                      }
                     },
                     {
                         "properties":  {
                                            "cliente":  "KOVACH MARIA TERESA",
                                            "AFIP":  "ok",
                                            "Estado AFIP":  "ok",
                                            "direccion":  "COLONIA UNION",
                                            "Base":  "Listados Corrientes",
                                            "localidad":  "GOB. ING. V. VIRASORO",
                                            "provincia":  "CORRIENTES",
                                            "CRM":  "NO",
                                            "cuit":  "27045369116",
                                            "telefono":  "",
                                            "rubro":  "Yerba Mate"
                                        },
                         "type":  "Feature",
                         "geometry":  {
                                          "coordinates":  [
                                                              -57.8869739,
                                                              -29.0177384
                                                          ],
                                          "type":  "Point"
                                      }
                     },
                     {
                         "properties":  {
                                            "cliente":  "ZUBRZYCKI MARIA ELENA",
                                            "AFIP":  "ok",
                                            "Estado AFIP":  "ok",
                                            "direccion":  "ESPA\u0026#209;A 399",
                                            "Base":  "Listados Corrientes",
                                            "localidad":  "APOSTOLES",
                                            "provincia":  "MISIONES",
                                            "CRM":  "NO",
                                            "cuit":  "27045366540",
                                            "telefono":  "",
                                            "rubro":  "Yerba Mate"
                                        },
                         "type":  "Feature",
                         "geometry":  {
                                          "coordinates":  [
                                                              -55.7549174,
                                                              -27.9139657
                                                          ],
                                          "type":  "Point"
                                      }
                     },
                     {
                         "properties":  {
                                            "cliente":  "KUNASCHIK FRANCISCA",
                                            "AFIP":  "ok",
                                            "Estado AFIP":  "ok",
                                            "direccion":  "SIN CALLE 0",
                                            "Base":  "Listados Corrientes",
                                            "localidad":  "SAN JOSE",
                                            "provincia":  "MISIONES",
                                            "CRM":  "NO",
                                            "cuit":  "27041516718",
                                            "telefono":  "",
                                            "rubro":  "Yerba Mate"
                                        },
                         "type":  "Feature",
                         "geometry":  {
                                          "coordinates":  [
                                                              -55.7801147,
                                                              -27.7700457
                                                          ],
                                          "type":  "Point"
                                      }
                     },
                     {
                         "properties":  {
                                            "cliente":  "TINACHUKA VERONICA",
                                            "AFIP":  "ok",
                                            "Estado AFIP":  "ok",
                                            "direccion":  "COLONIA LIEBIG",
                                            "Base":  "Listados Corrientes",
                                            "localidad":  "COLONIA LIEBIG\u0027S",
                                            "provincia":  "CORRIENTES",
                                            "CRM":  "NO",
                                            "cuit":  "27041493459",
                                            "telefono":  "",
                                            "rubro":  "Yerba Mate"
                                        },
                         "type":  "Feature",
                         "geometry":  {
                                          "coordinates":  [
                                                              -55.8244311,
                                                              -27.9133623
                                                          ],
                                          "type":  "Point"
                                      }
                     },
                     {
                         "properties":  {
                                            "cliente":  "BARAN HECTOR RAMON",
                                            "AFIP":  "ok",
                                            "Estado AFIP":  "ok",
                                            "direccion":  "MITRE 377",
                                            "Base":  "Listados Corrientes",
                                            "localidad":  "SANTO TOME",
                                            "provincia":  "CORRIENTES",
                                            "CRM":  "NO",
                                            "cuit":  "23365491739",
                                            "telefono":  "",
                                            "rubro":  "Yerba Mate"
                                        },
                         "type":  "Feature",
                         "geometry":  {
                                          "coordinates":  [
                                                              -56.0351419,
                                                              -28.5497034
                                                          ],
                                          "type":  "Point"
                                      }
                     },
                     {
                         "properties":  {
                                            "cliente":  "SEÑUK FERNANDO GABRIEL",
                                            "AFIP":  "ok",
                                            "Estado AFIP":  "ok",
                                            "direccion":  "PARAJE KM 17",
                                            "Base":  "Listados Corrientes",
                                            "localidad":  "COLONIA LIEBIG\u0027S",
                                            "provincia":  "CORRIENTES",
                                            "CRM":  "NO",
                                            "cuit":  "23360586049",
                                            "telefono":  "",
                                            "rubro":  "Yerba Mate"
                                        },
                         "type":  "Feature",
                         "geometry":  {
                                          "coordinates":  [
                                                              -55.8244311,
                                                              -27.9133623
                                                          ],
                                          "type":  "Point"
                                      }
                     },
                     {
                         "properties":  {
                                            "cliente":  "ANDRUSYSZYN ALFREDO OSCAR",
                                            "AFIP":  "ok",
                                            "Estado AFIP":  "ok",
                                            "direccion":  "CHACRA 223",
                                            "Base":  "Listados Corrientes",
                                            "localidad":  "CONCEPCION DE LA SIERRA",
                                            "provincia":  "MISIONES",
                                            "CRM":  "NO",
                                            "cuit":  "23223516629",
                                            "telefono":  "",
                                            "rubro":  "Yerba Mate"
                                        },
                         "type":  "Feature",
                         "geometry":  {
                                          "coordinates":  [
                                                              -55.5216043,
                                                              -27.9805862
                                                          ],
                                          "type":  "Point"
                                      }
                     },
                     {
                         "properties":  {
                                            "cliente":  "STRASS MARCELO DANTE",
                                            "AFIP":  "ok",
                                            "Estado AFIP":  "ok",
                                            "direccion":  "FELIX DE AZARA 703",
                                            "Base":  "Listados Corrientes",
                                            "localidad":  "GOB. ING. V. VIRASORO",
                                            "provincia":  "CORRIENTES",
                                            "CRM":  "NO",
                                            "cuit":  "23202597319",
                                            "telefono":  "",
                                            "rubro":  "Yerba Mate"
                                        },
                         "type":  "Feature",
                         "geometry":  {
                                          "coordinates":  [
                                                              -57.8869739,
                                                              -29.0177384
                                                          ],
                                          "type":  "Point"
                                      }
                     },
                     {
                         "properties":  {
                                            "cliente":  "BIEN NORMA ELISA",
                                            "AFIP":  "ok",
                                            "Estado AFIP":  "ok",
                                            "direccion":  "LOTE AGRICOLA 110 0",
                                            "Base":  "Listados Corrientes",
                                            "localidad":  "COLONIA LIEBIG\u0027S",
                                            "provincia":  "CORRIENTES",
                                            "CRM":  "NO",
                                            "cuit":  "23202167594",
                                            "telefono":  "",
                                            "rubro":  "Yerba Mate"
                                        },
                         "type":  "Feature",
                         "geometry":  {
                                          "coordinates":  [
                                                              -55.8244311,
                                                              -27.9133623
                                                          ],
                                          "type":  "Point"
                                      }
                     },
                     {
                         "properties":  {
                                            "cliente":  "GERULA JUAN RICARDO",
                                            "AFIP":  "ok",
                                            "Estado AFIP":  "ok",
                                            "direccion":  "P LOPEZ 0     M:232",
                                            "Base":  "Listados Corrientes",
                                            "localidad":  "GARRUCHOS",
                                            "provincia":  "CORRIENTES",
                                            "CRM":  "NO",
                                            "cuit":  "23166490189",
                                            "telefono":  "",
                                            "rubro":  "Yerba Mate"
                                        },
                         "type":  "Feature",
                         "geometry":  {
                                          "coordinates":  [
                                                              -55.6506167,
                                                              -28.1737667
                                                          ],
                                          "type":  "Point"
                                      }
                     },
                     {
                         "properties":  {
                                            "cliente":  "KACHUK DORA MARGARITA",
                                            "AFIP":  "ok",
                                            "Estado AFIP":  "ok",
                                            "direccion":  "LOTE 38B 0",
                                            "Base":  "Listados Corrientes",
                                            "localidad":  "GOB. ING. V. VIRASORO",
                                            "provincia":  "CORRIENTES",
                                            "CRM":  "NO",
                                            "cuit":  "23166490014",
                                            "telefono":  "",
                                            "rubro":  "Yerba Mate"
                                        },
                         "type":  "Feature",
                         "geometry":  {
                                          "coordinates":  [
                                                              -57.8869739,
                                                              -29.0177384
                                                          ],
                                          "type":  "Point"
                                      }
                     },
                     {
                         "properties":  {
                                            "cliente":  "DALCOLMO NELSON OMAR",
                                            "AFIP":  "ok",
                                            "Estado AFIP":  "ok",
                                            "direccion":  "RUTA PROV. 73",
                                            "Base":  "Listados Corrientes",
                                            "localidad":  "GARRUCHOS",
                                            "provincia":  "CORRIENTES",
                                            "CRM":  "NO",
                                            "cuit":  "23162954229",
                                            "telefono":  "",
                                            "rubro":  "Yerba Mate"
                                        },
                         "type":  "Feature",
                         "geometry":  {
                                          "coordinates":  [
                                                              -55.6506167,
                                                              -28.1737667
                                                          ],
                                          "type":  "Point"
                                      }
                     },
                     {
                         "properties":  {
                                            "cliente":  "MARQUEZ JOSE LUIS",
                                            "AFIP":  "ok",
                                            "Estado AFIP":  "ok",
                                            "direccion":  "MZ V-CASA 7",
                                            "Base":  "Listados Corrientes",
                                            "localidad":  "GOB. ING. V. VIRASORO",
                                            "provincia":  "CORRIENTES",
                                            "CRM":  "NO",
                                            "cuit":  "23146528899",
                                            "telefono":  "",
                                            "rubro":  "Yerba Mate"
                                        },
                         "type":  "Feature",
                         "geometry":  {
                                          "coordinates":  [
                                                              -57.8869739,
                                                              -29.0177384
                                                          ],
                                          "type":  "Point"
                                      }
                     },
                     {
                         "properties":  {
                                            "cliente":  "GLINKA JUAN DOMINGO",
                                            "AFIP":  "ok",
                                            "Estado AFIP":  "ok",
                                            "direccion":  "COL.SAN JUAN-SECC III - LOTE 18",
                                            "Base":  "Listados Corrientes",
                                            "localidad":  "SANTO TOME",
                                            "provincia":  "CORRIENTES",
                                            "CRM":  "NO",
                                            "cuit":  "23133795049",
                                            "telefono":  "",
                                            "rubro":  "Yerba Mate"
                                        },
                         "type":  "Feature",
                         "geometry":  {
                                          "coordinates":  [
                                                              -56.0351419,
                                                              -28.5497034
                                                          ],
                                          "type":  "Point"
                                      }
                     },
                     {
                         "properties":  {
                                            "cliente":  "YASNIKOWSKI ELVA JACINTA",
                                            "AFIP":  "ok",
                                            "Estado AFIP":  "ok",
                                            "direccion":  "AV COCOMAROLA-CASA 17 0 M:a",
                                            "Base":  "Listados Corrientes",
                                            "localidad":  "GOB. ING. V. VIRASORO",
                                            "provincia":  "CORRIENTES",
                                            "CRM":  "NO",
                                            "cuit":  "23133794204",
                                            "telefono":  "",
                                            "rubro":  "Yerba Mate"
                                        },
                         "type":  "Feature",
                         "geometry":  {
                                          "coordinates":  [
                                                              -57.8869739,
                                                              -29.0177384
                                                          ],
                                          "type":  "Point"
                                      }
                     },
                     {
                         "properties":  {
                                            "cliente":  "URBIETA EDUARDO HECTOR",
                                            "AFIP":  "ok",
                                            "Estado AFIP":  "ok",
                                            "direccion":  "TERCERA SEC RURAL-PARC1B-R68 0",
                                            "Base":  "Listados Corrientes",
                                            "localidad":  "COLONIA GARABI",
                                            "provincia":  "CORRIENTES",
                                            "CRM":  "NO",
                                            "cuit":  "23133579699",
                                            "telefono":  "",
                                            "rubro":  "Forestal"
                                        },
                         "type":  "Feature",
                         "geometry":  {
                                          "coordinates":  [
                                                              -57.8869739,
                                                              -29.0177384
                                                          ],
                                          "type":  "Point"
                                      }
                     },
                     {
                         "properties":  {
                                            "cliente":  "FAIFER CARLOS OSCAR",
                                            "AFIP":  "ok",
                                            "Estado AFIP":  "ok",
                                            "direccion":  "LOTE AGRICOLA  171 0",
                                            "Base":  "Listados Corrientes",
                                            "localidad":  "COLONIA LIEBIG\u0027S",
                                            "provincia":  "CORRIENTES",
                                            "CRM":  "NO",
                                            "cuit":  "23130053939",
                                            "telefono":  "",
                                            "rubro":  "Yerba Mate"
                                        },
                         "type":  "Feature",
                         "geometry":  {
                                          "coordinates":  [
                                                              -55.8244311,
                                                              -27.9133623
                                                          ],
                                          "type":  "Point"
                                      }
                     },
                     {
                         "properties":  {
                                            "cliente":  "CHALECHI ORLANDO JOSE",
                                            "AFIP":  "ok",
                                            "Estado AFIP":  "ok",
                                            "direccion":  "AV. SAN MARTIN 0",
                                            "Base":  "Listados Corrientes",
                                            "localidad":  "COLONIA LIEBIG\u0027S",
                                            "provincia":  "CORRIENTES",
                                            "CRM":  "NO",
                                            "cuit":  "23127489319",
                                            "telefono":  "",
                                            "rubro":  "Yerba Mate"
                                        },
                         "type":  "Feature",
                         "geometry":  {
                                          "coordinates":  [
                                                              -55.8244311,
                                                              -27.9133623
                                                          ],
                                          "type":  "Point"
                                      }
                     },
                     {
                         "properties":  {
                                            "cliente":  "GOMEZ CRISPIN FAUSTINO",
                                            "AFIP":  "ok",
                                            "Estado AFIP":  "ok",
                                            "direccion":  "S N",
                                            "Base":  "Listados Corrientes",
                                            "localidad":  "COLONIA LIEBIG\u0027S",
                                            "provincia":  "CORRIENTES",
                                            "CRM":  "NO",
                                            "cuit":  "23120086979",
                                            "telefono":  "",
                                            "rubro":  "Yerba Mate"
                                        },
                         "type":  "Feature",
                         "geometry":  {
                                          "coordinates":  [
                                                              -55.8244311,
                                                              -27.9133623
                                                          ],
                                          "type":  "Point"
                                      }
                     },
                     {
                         "properties":  {
                                            "cliente":  "FERNANDEZ RODOLFO ALFREDO",
                                            "AFIP":  "ok",
                                            "Estado AFIP":  "ok",
                                            "direccion":  "FERNANDEZ BLANCO 346",
                                            "Base":  "Listados Corrientes",
                                            "localidad":  "GOB. ING. V. VIRASORO",
                                            "provincia":  "CORRIENTES",
                                            "CRM":  "NO",
                                            "cuit":  "23113363029",
                                            "telefono":  "",
                                            "rubro":  "Forestal"
                                        },
                         "type":  "Feature",
                         "geometry":  {
                                          "coordinates":  [
                                                              -57.8869739,
                                                              -29.0177384
                                                          ],
                                          "type":  "Point"
                                      }
                     },
                     {
                         "properties":  {
                                            "cliente":  "FERNANDEZ RODOLFO ALFREDO",
                                            "AFIP":  "ok",
                                            "Estado AFIP":  "ok",
                                            "direccion":  "FERNANDEZ BLANCO 346",
                                            "Base":  "Listados Corrientes",
                                            "localidad":  "GOB. ING. V. VIRASORO",
                                            "provincia":  "CORRIENTES",
                                            "CRM":  "NO",
                                            "cuit":  "23113363029",
                                            "telefono":  "",
                                            "rubro":  "Forestal"
                                        },
                         "type":  "Feature",
                         "geometry":  {
                                          "coordinates":  [
                                                              -57.8869739,
                                                              -29.0177384
                                                          ],
                                          "type":  "Point"
                                      }
                     },
                     {
                         "properties":  {
                                            "cliente":  "FERNANDEZ FROILAN CARLOS",
                                            "AFIP":  "ok",
                                            "Estado AFIP":  "ok",
                                            "direccion":  "RUTA NAC 14 Y LAVALL 14",
                                            "Base":  "Listados Corrientes",
                                            "localidad":  "GOB. ING. V. VIRASORO",
                                            "provincia":  "CORRIENTES",
                                            "CRM":  "NO",
                                            "cuit":  "23083321989",
                                            "telefono":  "",
                                            "rubro":  "Yerba Mate"
                                        },
                         "type":  "Feature",
                         "geometry":  {
                                          "coordinates":  [
                                                              -57.8869739,
                                                              -29.0177384
                                                          ],
                                          "type":  "Point"
                                      }
                     },
                     {
                         "properties":  {
                                            "cliente":  "MESCHER JUAN LOTARIO",
                                            "AFIP":  "ok",
                                            "Estado AFIP":  "ok",
                                            "direccion":  "AV. MAIPU 1575 Piso:11 Dpto:C",
                                            "Base":  "Listados Corrientes",
                                            "localidad":  "VICENTE LOPEZ",
                                            "provincia":  "BUENOS AIRES",
                                            "CRM":  "NO",
                                            "cuit":  "23046093429",
                                            "telefono":  "",
                                            "rubro":  "Yerba Mate"
                                        },
                         "type":  "Feature",
                         "geometry":  {
                                          "coordinates":  [
                                                              -58.4748977,
                                                              -34.525763
                                                          ],
                                          "type":  "Point"
                                      }
                     },
                     {
                         "properties":  {
                                            "cliente":  "SMIJOSKI SEBASTIAN ENRIQUE",
                                            "AFIP":  "ok",
                                            "Estado AFIP":  "ok",
                                            "direccion":  "LOTE 38",
                                            "Base":  "Listados Corrientes",
                                            "localidad":  "GARRUCHOS",
                                            "provincia":  "CORRIENTES",
                                            "CRM":  "NO",
                                            "cuit":  "20392203312",
                                            "telefono":  "",
                                            "rubro":  "Yerba Mate"
                                        },
                         "type":  "Feature",
                         "geometry":  {
                                          "coordinates":  [
                                                              -55.6506167,
                                                              -28.1737667
                                                          ],
                                          "type":  "Point"
                                      }
                     },
                     {
                         "properties":  {
                                            "cliente":  "HORODYSKY CARLOS DAMIAN",
                                            "AFIP":  "ok",
                                            "Estado AFIP":  "ok",
                                            "direccion":  "LOTE 14 1",
                                            "Base":  "Listados Corrientes",
                                            "localidad":  "GARRUCHOS",
                                            "provincia":  "CORRIENTES",
                                            "CRM":  "NO",
                                            "cuit":  "20364554584",
                                            "telefono":  "",
                                            "rubro":  "Yerba Mate"
                                        },
                         "type":  "Feature",
                         "geometry":  {
                                          "coordinates":  [
                                                              -55.6506167,
                                                              -28.1737667
                                                          ],
                                          "type":  "Point"
                                      }
                     },
                     {
                         "properties":  {
                                            "cliente":  "CHUKEL GUSTAVO",
                                            "AFIP":  "ok",
                                            "Estado AFIP":  "ok",
                                            "direccion":  "SOBRE RUTA 94 0",
                                            "Base":  "Listados Corrientes",
                                            "localidad":  "COLONIA GARABI",
                                            "provincia":  "CORRIENTES",
                                            "CRM":  "NO",
                                            "cuit":  "20364462086",
                                            "telefono":  "",
                                            "rubro":  "Yerba Mate"
                                        },
                         "type":  "Feature",
                         "geometry":  {
                                          "coordinates":  [
                                                              -57.8869739,
                                                              -29.0177384
                                                          ],
                                          "type":  "Point"
                                      }
                     },
                     {
                         "properties":  {
                                            "cliente":  "ROTCHYN MILTON HERNAN",
                                            "AFIP":  "ok",
                                            "Estado AFIP":  "ok",
                                            "direccion":  "LOTE AGRICOLA 9",
                                            "Base":  "Listados Corrientes",
                                            "localidad":  "SANTO TOME",
                                            "provincia":  "CORRIENTES",
                                            "CRM":  "NO",
                                            "cuit":  "20360589669",
                                            "telefono":  "",
                                            "rubro":  "Yerba Mate"
                                        },
                         "type":  "Feature",
                         "geometry":  {
                                          "coordinates":  [
                                                              -56.0351419,
                                                              -28.5497034
                                                          ],
                                          "type":  "Point"
                                      }
                     },
                     {
                         "properties":  {
                                            "cliente":  "COSTAGANNA EMILIANO ALEJANDRO",
                                            "AFIP":  "ok",
                                            "Estado AFIP":  "ok",
                                            "direccion":  "AV. 9 DE JULIO 0",
                                            "Base":  "Listados Corrientes",
                                            "localidad":  "SAN CARLOS",
                                            "provincia":  "CORRIENTES",
                                            "CRM":  "NO",
                                            "cuit":  "20354354544",
                                            "telefono":  "",
                                            "rubro":  "Yerba Mate"
                                        },
                         "type":  "Feature",
                         "geometry":  {
                                          "coordinates":  [
                                                              -55.8955906,
                                                              -27.7466978
                                                          ],
                                          "type":  "Point"
                                      }
                     },
                     {
                         "properties":  {
                                            "cliente":  "WDOWIAK ANTONIO FRANCISCO JAVIER",
                                            "AFIP":  "ok",
                                            "Estado AFIP":  "ok",
                                            "direccion":  "25 DE MAYO 0",
                                            "Base":  "Listados Corrientes",
                                            "localidad":  "AZARA",
                                            "provincia":  "MISIONES",
                                            "CRM":  "NO",
                                            "cuit":  "20348865413",
                                            "telefono":  "",
                                            "rubro":  "Yerba Mate"
                                        },
                         "type":  "Feature",
                         "geometry":  {
                                          "coordinates":  [
                                                              -55.6770963,
                                                              -28.0607112
                                                          ],
                                          "type":  "Point"
                                      }
                     },
                     {
                         "properties":  {
                                            "cliente":  "KARABYN JORGE RICARDO",
                                            "AFIP":  "ok",
                                            "Estado AFIP":  "ok",
                                            "direccion":  "RIVADAVIA Y 9 DE JULIO 0",
                                            "Base":  "Listados Corrientes",
                                            "localidad":  "COLONIA LIEBIG\u0027S",
                                            "provincia":  "CORRIENTES",
                                            "CRM":  "NO",
                                            "cuit":  "20338088257",
                                            "telefono":  "",
                                            "rubro":  "Forestal"
                                        },
                         "type":  "Feature",
                         "geometry":  {
                                          "coordinates":  [
                                                              -55.8244311,
                                                              -27.9133623
                                                          ],
                                          "type":  "Point"
                                      }
                     },
                     {
                         "properties":  {
                                            "cliente":  "KARABYN JORGE RICARDO",
                                            "AFIP":  "ok",
                                            "Estado AFIP":  "ok",
                                            "direccion":  "RIVADAVIA Y 9 DE JULIO 0",
                                            "Base":  "Listados Corrientes",
                                            "localidad":  "COLONIA LIEBIG\u0027S",
                                            "provincia":  "CORRIENTES",
                                            "CRM":  "NO",
                                            "cuit":  "20338088257",
                                            "telefono":  "",
                                            "rubro":  "Forestal"
                                        },
                         "type":  "Feature",
                         "geometry":  {
                                          "coordinates":  [
                                                              -55.8244311,
                                                              -27.9133623
                                                          ],
                                          "type":  "Point"
                                      }
                     },
                     {
                         "properties":  {
                                            "cliente":  "GLINKA GUSTAVO DAMIAN",
                                            "AFIP":  "ok",
                                            "Estado AFIP":  "ok",
                                            "direccion":  "PARAJE COLONIA UNION 0",
                                            "Base":  "Listados Corrientes",
                                            "localidad":  "GOB. ING. V. VIRASORO",
                                            "provincia":  "CORRIENTES",
                                            "CRM":  "NO",
                                            "cuit":  "20335806795",
                                            "telefono":  "",
                                            "rubro":  "Yerba Mate"
                                        },
                         "type":  "Feature",
                         "geometry":  {
                                          "coordinates":  [
                                                              -57.8869739,
                                                              -29.0177384
                                                          ],
                                          "type":  "Point"
                                      }
                     },
                     {
                         "properties":  {
                                            "cliente":  "MACIEL BERNARDO ALBERTO",
                                            "AFIP":  "ok",
                                            "Estado AFIP":  "ok",
                                            "direccion":  "Primera Seccion Chacra 0",
                                            "Base":  "Listados Corrientes",
                                            "localidad":  "SANTO TOME",
                                            "provincia":  "CORRIENTES",
                                            "CRM":  "NO",
                                            "cuit":  "20326561674",
                                            "telefono":  "",
                                            "rubro":  "Yerba Mate"
                                        },
                         "type":  "Feature",
                         "geometry":  {
                                          "coordinates":  [
                                                              -56.0351419,
                                                              -28.5497034
                                                          ],
                                          "type":  "Point"
                                      }
                     },
                     {
                         "properties":  {
                                            "cliente":  "POUCH MAURO ALFONSO",
                                            "AFIP":  "ok",
                                            "Estado AFIP":  "ok",
                                            "direccion":  "LOTE 3-COL PASO LOPEZ 0",
                                            "Base":  "Listados Corrientes",
                                            "localidad":  "GARRUCHOS",
                                            "provincia":  "CORRIENTES",
                                            "CRM":  "NO",
                                            "cuit":  "20321433287",
                                            "telefono":  "",
                                            "rubro":  "Yerba Mate"
                                        },
                         "type":  "Feature",
                         "geometry":  {
                                          "coordinates":  [
                                                              -55.6506167,
                                                              -28.1737667
                                                          ],
                                          "type":  "Point"
                                      }
                     },
                     {
                         "properties":  {
                                            "cliente":  "KOVACH GUILLERMO GERMAN",
                                            "AFIP":  "ok",
                                            "Estado AFIP":  "ok",
                                            "direccion":  "B\u0026#176; INVICO - 81 VIV. - CASA 41     M:B",
                                            "Base":  "Listados Corrientes",
                                            "localidad":  "GOB. ING. V. VIRASORO",
                                            "provincia":  "CORRIENTES",
                                            "CRM":  "NO",
                                            "cuit":  "20317876719",
                                            "telefono":  "",
                                            "rubro":  "Yerba Mate"
                                        },
                         "type":  "Feature",
                         "geometry":  {
                                          "coordinates":  [
                                                              -57.8869739,
                                                              -29.0177384
                                                          ],
                                          "type":  "Point"
                                      }
                     },
                     {
                         "properties":  {
                                            "cliente":  "MEABE RAIMUNDO",
                                            "AFIP":  "ok",
                                            "Estado AFIP":  "ok",
                                            "direccion":  "JUAN RAMON VIDAL 854",
                                            "Base":  "Listados Corrientes",
                                            "localidad":  "GOB. ING. V. VIRASORO",
                                            "provincia":  "CORRIENTES",
                                            "CRM":  "NO",
                                            "cuit":  "20315339627",
                                            "telefono":  "",
                                            "rubro":  "Yerba Mate"
                                        },
                         "type":  "Feature",
                         "geometry":  {
                                          "coordinates":  [
                                                              -57.8869739,
                                                              -29.0177384
                                                          ],
                                          "type":  "Point"
                                      }
                     },
                     {
                         "properties":  {
                                            "cliente":  "ROTCZYN ANDRES DEMETRIO",
                                            "AFIP":  "ok",
                                            "Estado AFIP":  "ok",
                                            "direccion":  "COL. UNION - LOTE 8",
                                            "Base":  "Listados Corrientes",
                                            "localidad":  "GOB. ING. V. VIRASORO",
                                            "provincia":  "CORRIENTES",
                                            "CRM":  "NO",
                                            "cuit":  "20311836383",
                                            "telefono":  "",
                                            "rubro":  "Yerba Mate"
                                        },
                         "type":  "Feature",
                         "geometry":  {
                                          "coordinates":  [
                                                              -57.8869739,
                                                              -29.0177384
                                                          ],
                                          "type":  "Point"
                                      }
                     },
                     {
                         "properties":  {
                                            "cliente":  "IVASIUTA EDUARDO ROLANDO",
                                            "AFIP":  "ok",
                                            "Estado AFIP":  "ok",
                                            "direccion":  "MANUEL OCAMPO 802",
                                            "Base":  "Listados Corrientes",
                                            "localidad":  "GOB. ING. V. VIRASORO",
                                            "provincia":  "CORRIENTES",
                                            "CRM":  "NO",
                                            "cuit":  "20311836189",
                                            "telefono":  "",
                                            "rubro":  "Yerba Mate"
                                        },
                         "type":  "Feature",
                         "geometry":  {
                                          "coordinates":  [
                                                              -57.8869739,
                                                              -29.0177384
                                                          ],
                                          "type":  "Point"
                                      }
                     },
                     {
                         "properties":  {
                                            "cliente":  "KOVACH RAMON ANTONIO",
                                            "AFIP":  "ok",
                                            "Estado AFIP":  "ok",
                                            "direccion":  "COL. UNION - LOTE 38   S:b3",
                                            "Base":  "Listados Corrientes",
                                            "localidad":  "GOB. ING. V. VIRASORO",
                                            "provincia":  "CORRIENTES",
                                            "CRM":  "NO",
                                            "cuit":  "20308270417",
                                            "telefono":  "",
                                            "rubro":  "Yerba Mate"
                                        },
                         "type":  "Feature",
                         "geometry":  {
                                          "coordinates":  [
                                                              -57.8869739,
                                                              -29.0177384
                                                          ],
                                          "type":  "Point"
                                      }
                     },
                     {
                         "properties":  {
                                            "cliente":  "MULLER ALBERTO DANIEL",
                                            "AFIP":  "ok",
                                            "Estado AFIP":  "ok",
                                            "direccion":  "LOTE AGRICOLA 115",
                                            "Base":  "Listados Corrientes",
                                            "localidad":  "COLONIA LIEBIG\u0027S",
                                            "provincia":  "CORRIENTES",
                                            "CRM":  "NO",
                                            "cuit":  "20306879880",
                                            "telefono":  "",
                                            "rubro":  "Forestal"
                                        },
                         "type":  "Feature",
                         "geometry":  {
                                          "coordinates":  [
                                                              -55.8244311,
                                                              -27.9133623
                                                          ],
                                          "type":  "Point"
                                      }
                     },
                     {
                         "properties":  {
                                            "cliente":  "PONA ARIEL LUIS",
                                            "AFIP":  "ok",
                                            "Estado AFIP":  "ok",
                                            "direccion":  "CHACRA 39-COL UNION 0",
                                            "Base":  "Listados Corrientes",
                                            "localidad":  "GARRUCHOS",
                                            "provincia":  "CORRIENTES",
                                            "CRM":  "NO",
                                            "cuit":  "20300957901",
                                            "telefono":  "",
                                            "rubro":  "Yerba Mate"
                                        },
                         "type":  "Feature",
                         "geometry":  {
                                          "coordinates":  [
                                                              -55.6506167,
                                                              -28.1737667
                                                          ],
                                          "type":  "Point"
                                      }
                     },
                     {
                         "properties":  {
                                            "cliente":  "GONZALEZ JOSE LUIS",
                                            "AFIP":  "ok",
                                            "Estado AFIP":  "ok",
                                            "direccion":  "RUTA PROVINCIAL 69 KM 0.5 0",
                                            "Base":  "Listados Corrientes",
                                            "localidad":  "GOB. ING. V. VIRASORO",
                                            "provincia":  "CORRIENTES",
                                            "CRM":  "NO",
                                            "cuit":  "20300628312",
                                            "telefono":  "",
                                            "rubro":  "Yerba Mate"
                                        },
                         "type":  "Feature",
                         "geometry":  {
                                          "coordinates":  [
                                                              -57.8869739,
                                                              -29.0177384
                                                          ],
                                          "type":  "Point"
                                      }
                     },
                     {
                         "properties":  {
                                            "cliente":  "FICZUK LUIS ENRIQUE",
                                            "AFIP":  "ok",
                                            "Estado AFIP":  "ok",
                                            "direccion":  "COL. UNION - ZONA RURAL 0",
                                            "Base":  "Listados Corrientes",
                                            "localidad":  "GOB. ING. V. VIRASORO",
                                            "provincia":  "CORRIENTES",
                                            "CRM":  "NO",
                                            "cuit":  "20296894568",
                                            "telefono":  "",
                                            "rubro":  "Yerba Mate"
                                        },
                         "type":  "Feature",
                         "geometry":  {
                                          "coordinates":  [
                                                              -57.8869739,
                                                              -29.0177384
                                                          ],
                                          "type":  "Point"
                                      }
                     },
                     {
                         "properties":  {
                                            "cliente":  "IVASIUTA JUAN MIGUEL",
                                            "AFIP":  "ok",
                                            "Estado AFIP":  "ok",
                                            "direccion":  "COL. UNION - LOTE 46",
                                            "Base":  "Listados Corrientes",
                                            "localidad":  "GARRUCHOS",
                                            "provincia":  "CORRIENTES",
                                            "CRM":  "NO",
                                            "cuit":  "20296893529",
                                            "telefono":  "",
                                            "rubro":  "Arroz"
                                        },
                         "type":  "Feature",
                         "geometry":  {
                                          "coordinates":  [
                                                              -55.6506167,
                                                              -28.1737667
                                                          ],
                                          "type":  "Point"
                                      }
                     },
                     {
                         "properties":  {
                                            "cliente":  "GROSKO ALFREDO ARIEL",
                                            "AFIP":  "ok",
                                            "Estado AFIP":  "ok",
                                            "direccion":  "AV SAN MARTIN 0 Piso:0 Dpto:0 S:0 T:0 M:0",
                                            "Base":  "Listados Corrientes",
                                            "localidad":  "COLONIA LIEBIG\u0027S",
                                            "provincia":  "CORRIENTES",
                                            "CRM":  "NO",
                                            "cuit":  "20291830928",
                                            "telefono":  "",
                                            "rubro":  "Yerba Mate"
                                        },
                         "type":  "Feature",
                         "geometry":  {
                                          "coordinates":  [
                                                              -55.8244311,
                                                              -27.9133623
                                                          ],
                                          "type":  "Point"
                                      }
                     },
                     {
                         "properties":  {
                                            "cliente":  "KOVACH VICTOR HUGO",
                                            "AFIP":  "ok",
                                            "Estado AFIP":  "ok",
                                            "direccion":  "COLONIA UNION - LOTE 38",
                                            "Base":  "Listados Corrientes",
                                            "localidad":  "GARRUCHOS",
                                            "provincia":  "CORRIENTES",
                                            "CRM":  "NO",
                                            "cuit":  "20289757652",
                                            "telefono":  "",
                                            "rubro":  "Yerba Mate"
                                        },
                         "type":  "Feature",
                         "geometry":  {
                                          "coordinates":  [
                                                              -55.6506167,
                                                              -28.1737667
                                                          ],
                                          "type":  "Point"
                                      }
                     },
                     {
                         "properties":  {
                                            "cliente":  "TUZINKIEVICZ JULIO MARTIN",
                                            "AFIP":  "ok",
                                            "Estado AFIP":  "ok",
                                            "direccion":  "MAUEL OCAMPO  - CASA 40",
                                            "Base":  "Listados Corrientes",
                                            "localidad":  "GOB. ING. V. VIRASORO",
                                            "provincia":  "CORRIENTES",
                                            "CRM":  "NO",
                                            "cuit":  "20289756354",
                                            "telefono":  "",
                                            "rubro":  "Yerba Mate"
                                        },
                         "type":  "Feature",
                         "geometry":  {
                                          "coordinates":  [
                                                              -57.8869739,
                                                              -29.0177384
                                                          ],
                                          "type":  "Point"
                                      }
                     },
                     {
                         "properties":  {
                                            "cliente":  "CHIMINSKI RAUL CESAR",
                                            "AFIP":  "ok",
                                            "Estado AFIP":  "ok",
                                            "direccion":  "LOTE 3",
                                            "Base":  "Listados Corrientes",
                                            "localidad":  "GARRUCHOS",
                                            "provincia":  "CORRIENTES",
                                            "CRM":  "NO",
                                            "cuit":  "20286092471",
                                            "telefono":  "",
                                            "rubro":  "Yerba Mate"
                                        },
                         "type":  "Feature",
                         "geometry":  {
                                          "coordinates":  [
                                                              -55.6506167,
                                                              -28.1737667
                                                          ],
                                          "type":  "Point"
                                      }
                     },
                     {
                         "properties":  {
                                            "cliente":  "HORODYSKI RUBEN ANGEL",
                                            "AFIP":  "ok",
                                            "Estado AFIP":  "ok",
                                            "direccion":  "JUAN YAPARI S/N 0",
                                            "Base":  "Listados Corrientes",
                                            "localidad":  "APOSTOLES",
                                            "provincia":  "MISIONES",
                                            "CRM":  "NO",
                                            "cuit":  "20283133207",
                                            "telefono":  "",
                                            "rubro":  "Yerba Mate"
                                        },
                         "type":  "Feature",
                         "geometry":  {
                                          "coordinates":  [
                                                              -55.7549174,
                                                              -27.9139657
                                                          ],
                                          "type":  "Point"
                                      }
                     },
                     {
                         "properties":  {
                                            "cliente":  "KILIAN JULIO WALDEMAR",
                                            "AFIP":  "ok",
                                            "Estado AFIP":  "ok",
                                            "direccion":  "9 DE JULIO Y MITRE 653",
                                            "Base":  "Listados Corrientes",
                                            "localidad":  "COLONIA LIEBIG\u0027S",
                                            "provincia":  "CORRIENTES",
                                            "CRM":  "NO",
                                            "cuit":  "20274772825",
                                            "telefono":  "",
                                            "rubro":  "Yerba Mate"
                                        },
                         "type":  "Feature",
                         "geometry":  {
                                          "coordinates":  [
                                                              -55.8244311,
                                                              -27.9133623
                                                          ],
                                          "type":  "Point"
                                      }
                     },
                     {
                         "properties":  {
                                            "cliente":  "IVASIUTA NORBERTO MARIANO",
                                            "AFIP":  "ok",
                                            "Estado AFIP":  "ok",
                                            "direccion":  "COL. UNION - LOTE 3",
                                            "Base":  "Listados Corrientes",
                                            "localidad":  "GARRUCHOS",
                                            "provincia":  "CORRIENTES",
                                            "CRM":  "NO",
                                            "cuit":  "20274461196",
                                            "telefono":  "",
                                            "rubro":  "Yerba Mate"
                                        },
                         "type":  "Feature",
                         "geometry":  {
                                          "coordinates":  [
                                                              -55.6506167,
                                                              -28.1737667
                                                          ],
                                          "type":  "Point"
                                      }
                     },
                     {
                         "properties":  {
                                            "cliente":  "JACIUK HECTOR RAUL",
                                            "AFIP":  "ok",
                                            "Estado AFIP":  "ok",
                                            "direccion":  "LOTE AGRICOLA N\u0026#186;49 0",
                                            "Base":  "Listados Corrientes",
                                            "localidad":  "COLONIA LIEBIG\u0027S",
                                            "provincia":  "CORRIENTES",
                                            "CRM":  "NO",
                                            "cuit":  "20273539086",
                                            "telefono":  "",
                                            "rubro":  "Yerba Mate"
                                        },
                         "type":  "Feature",
                         "geometry":  {
                                          "coordinates":  [
                                                              -55.8244311,
                                                              -27.9133623
                                                          ],
                                          "type":  "Point"
                                      }
                     },
                     {
                         "properties":  {
                                            "cliente":  "BIEN ORLANDO DARIO MARIANO",
                                            "AFIP":  "ok",
                                            "Estado AFIP":  "ok",
                                            "direccion":  "LOTE AG. 110.CAMPO LA MERCED 0",
                                            "Base":  "Listados Corrientes",
                                            "localidad":  "COLONIA LIEBIG\u0027S",
                                            "provincia":  "CORRIENTES",
                                            "CRM":  "NO",
                                            "cuit":  "20271922818",
                                            "telefono":  "",
                                            "rubro":  "Yerba Mate"
                                        },
                         "type":  "Feature",
                         "geometry":  {
                                          "coordinates":  [
                                                              -55.8244311,
                                                              -27.9133623
                                                          ],
                                          "type":  "Point"
                                      }
                     },
                     {
                         "properties":  {
                                            "cliente":  "WDOWIAK CLAUDIO MARTIN",
                                            "AFIP":  "ok",
                                            "Estado AFIP":  "ok",
                                            "direccion":  "25 DE MAYO 0",
                                            "Base":  "Listados Corrientes",
                                            "localidad":  "AZARA",
                                            "provincia":  "MISIONES",
                                            "CRM":  "NO",
                                            "cuit":  "20266368284",
                                            "telefono":  "",
                                            "rubro":  "Yerba Mate"
                                        },
                         "type":  "Feature",
                         "geometry":  {
                                          "coordinates":  [
                                                              -55.6770963,
                                                              -28.0607112
                                                          ],
                                          "type":  "Point"
                                      }
                     },
                     {
                         "properties":  {
                                            "cliente":  "SMIJOWSKI CARLOS GUILLERMO",
                                            "AFIP":  "ok",
                                            "Estado AFIP":  "ok",
                                            "direccion":  "LOTE AGRICOLA 33",
                                            "Base":  "Listados Corrientes",
                                            "localidad":  "COLONIA LIEBIG\u0027S",
                                            "provincia":  "CORRIENTES",
                                            "CRM":  "NO",
                                            "cuit":  "20264145385",
                                            "telefono":  "",
                                            "rubro":  "Yerba Mate"
                                        },
                         "type":  "Feature",
                         "geometry":  {
                                          "coordinates":  [
                                                              -55.8244311,
                                                              -27.9133623
                                                          ],
                                          "type":  "Point"
                                      }
                     },
                     {
                         "properties":  {
                                            "cliente":  "VALERIO SERGIO IGNACIO",
                                            "AFIP":  "ok",
                                            "Estado AFIP":  "ok",
                                            "direccion":  "LOTE 194.PARAJE LA MERCED-R.PCIAL 74",
                                            "Base":  "Listados Corrientes",
                                            "localidad":  "COLONIA LIEBIG\u0027S",
                                            "provincia":  "CORRIENTES",
                                            "CRM":  "NO",
                                            "cuit":  "20263415400",
                                            "telefono":  "",
                                            "rubro":  "Yerba Mate"
                                        },
                         "type":  "Feature",
                         "geometry":  {
                                          "coordinates":  [
                                                              -55.8244311,
                                                              -27.9133623
                                                          ],
                                          "type":  "Point"
                                      }
                     },
                     {
                         "properties":  {
                                            "cliente":  "CACZURAK HUGO ORLANDO",
                                            "AFIP":  "ok",
                                            "Estado AFIP":  "ok",
                                            "direccion":  "COL. UNION - ZONA RURAL 0",
                                            "Base":  "Listados Corrientes",
                                            "localidad":  "GOB. ING. V. VIRASORO",
                                            "provincia":  "CORRIENTES",
                                            "CRM":  "NO",
                                            "cuit":  "20262337317",
                                            "telefono":  "",
                                            "rubro":  "Yerba Mate"
                                        },
                         "type":  "Feature",
                         "geometry":  {
                                          "coordinates":  [
                                                              -57.8869739,
                                                              -29.0177384
                                                          ],
                                          "type":  "Point"
                                      }
                     },
                     {
                         "properties":  {
                                            "cliente":  "SMICHOWSKI ORLANDO ROGELIO",
                                            "AFIP":  "ok",
                                            "Estado AFIP":  "ok",
                                            "direccion":  "LOTE AGRICOLA 3",
                                            "Base":  "Listados Corrientes",
                                            "localidad":  "COLONIA LIEBIG\u0027S",
                                            "provincia":  "CORRIENTES",
                                            "CRM":  "NO",
                                            "cuit":  "20258107994",
                                            "telefono":  "",
                                            "rubro":  "Yerba Mate"
                                        },
                         "type":  "Feature",
                         "geometry":  {
                                          "coordinates":  [
                                                              -55.8244311,
                                                              -27.9133623
                                                          ],
                                          "type":  "Point"
                                      }
                     },
                     {
                         "properties":  {
                                            "cliente":  "MERENDA CARLOS ANDRES",
                                            "AFIP":  "ok",
                                            "Estado AFIP":  "ok",
                                            "direccion":  "ZONA RURAL - CHACRA 187",
                                            "Base":  "Listados Corrientes",
                                            "localidad":  "COLONIA LIEBIG\u0027S",
                                            "provincia":  "CORRIENTES",
                                            "CRM":  "NO",
                                            "cuit":  "20248358409",
                                            "telefono":  "",
                                            "rubro":  "Yerba Mate"
                                        },
                         "type":  "Feature",
                         "geometry":  {
                                          "coordinates":  [
                                                              -55.8244311,
                                                              -27.9133623
                                                          ],
                                          "type":  "Point"
                                      }
                     },
                     {
                         "properties":  {
                                            "cliente":  "OSTAPOVICZ JOSE LUIS",
                                            "AFIP":  "ok",
                                            "Estado AFIP":  "ok",
                                            "direccion":  "Laguna Brava 0  Dpto:23   M:B",
                                            "Base":  "Listados Corrientes",
                                            "localidad":  "GOB. ING. V. VIRASORO",
                                            "provincia":  "CORRIENTES",
                                            "CRM":  "NO",
                                            "cuit":  "20246448516",
                                            "telefono":  "",
                                            "rubro":  "Yerba Mate"
                                        },
                         "type":  "Feature",
                         "geometry":  {
                                          "coordinates":  [
                                                              -57.8869739,
                                                              -29.0177384
                                                          ],
                                          "type":  "Point"
                                      }
                     },
                     {
                         "properties":  {
                                            "cliente":  "IVASIUTA CARLOS RUBEN",
                                            "AFIP":  "ok",
                                            "Estado AFIP":  "ok",
                                            "direccion":  "LOS ALAMOS-CASA 17 M:Q",
                                            "Base":  "Listados Corrientes",
                                            "localidad":  "APOSTOLES",
                                            "provincia":  "MISIONES",
                                            "CRM":  "NO",
                                            "cuit":  "20246448281",
                                            "telefono":  "",
                                            "rubro":  "Yerba Mate"
                                        },
                         "type":  "Feature",
                         "geometry":  {
                                          "coordinates":  [
                                                              -55.7549174,
                                                              -27.9139657
                                                          ],
                                          "type":  "Point"
                                      }
                     },
                     {
                         "properties":  {
                                            "cliente":  "YVACIUTA ROBERTO PEDRO",
                                            "AFIP":  "ok",
                                            "Estado AFIP":  "ok",
                                            "direccion":  "COLONIA UNION 0",
                                            "Base":  "Listados Corrientes",
                                            "localidad":  "GOB. ING. V. VIRASORO",
                                            "provincia":  "CORRIENTES",
                                            "CRM":  "NO",
                                            "cuit":  "20246447285",
                                            "telefono":  "",
                                            "rubro":  "Yerba Mate"
                                        },
                         "type":  "Feature",
                         "geometry":  {
                                          "coordinates":  [
                                                              -57.8869739,
                                                              -29.0177384
                                                          ],
                                          "type":  "Point"
                                      }
                     },
                     {
                         "properties":  {
                                            "cliente":  "SOLONYCZNY JULIO ENRIQUE",
                                            "AFIP":  "ok",
                                            "Estado AFIP":  "ok",
                                            "direccion":  "RIVADAVIA 0",
                                            "Base":  "Listados Corrientes",
                                            "localidad":  "COLONIA LIEBIG\u0027S",
                                            "provincia":  "CORRIENTES",
                                            "CRM":  "NO",
                                            "cuit":  "20245371609",
                                            "telefono":  "",
                                            "rubro":  "Forestal"
                                        },
                         "type":  "Feature",
                         "geometry":  {
                                          "coordinates":  [
                                                              -55.8244311,
                                                              -27.9133623
                                                          ],
                                          "type":  "Point"
                                      }
                     },
                     {
                         "properties":  {
                                            "cliente":  "YENDRYKA VICTOR CARLOS",
                                            "AFIP":  "ok",
                                            "Estado AFIP":  "ok",
                                            "direccion":  "GENDARMERIA NAC. 0 M:185",
                                            "Base":  "Listados Corrientes",
                                            "localidad":  "AZARA",
                                            "provincia":  "MISIONES",
                                            "CRM":  "NO",
                                            "cuit":  "20244179194",
                                            "telefono":  "",
                                            "rubro":  "Yerba Mate"
                                        },
                         "type":  "Feature",
                         "geometry":  {
                                          "coordinates":  [
                                                              -55.6770963,
                                                              -28.0607112
                                                          ],
                                          "type":  "Point"
                                      }
                     },
                     {
                         "properties":  {
                                            "cliente":  "PONCE MALGARITA",
                                            "AFIP":  "ok",
                                            "Estado AFIP":  "ok",
                                            "direccion":  "RUTA PROVINCIAL 94 0",
                                            "Base":  "Listados Corrientes",
                                            "localidad":  "COLONIA GARABI",
                                            "provincia":  "CORRIENTES",
                                            "CRM":  "NO",
                                            "cuit":  "20235201195",
                                            "telefono":  "",
                                            "rubro":  "Yerba Mate"
                                        },
                         "type":  "Feature",
                         "geometry":  {
                                          "coordinates":  [
                                                              -57.8869739,
                                                              -29.0177384
                                                          ],
                                          "type":  "Point"
                                      }
                     },
                     {
                         "properties":  {
                                            "cliente":  "NAVAJAS ATILIO RICARDO",
                                            "AFIP":  "ok",
                                            "Estado AFIP":  "ok",
                                            "direccion":  "RUTA 14 - KM 744",
                                            "Base":  "Listados Corrientes",
                                            "localidad":  "GOB. ING. V. VIRASORO",
                                            "provincia":  "CORRIENTES",
                                            "CRM":  "NO",
                                            "cuit":  "20233544451",
                                            "telefono":  "",
                                            "rubro":  "Yerba Mate"
                                        },
                         "type":  "Feature",
                         "geometry":  {
                                          "coordinates":  [
                                                              -57.8869739,
                                                              -29.0177384
                                                          ],
                                          "type":  "Point"
                                      }
                     },
                     {
                         "properties":  {
                                            "cliente":  "BEREZNICKI MARIO JOSE",
                                            "AFIP":  "ok",
                                            "Estado AFIP":  "ok",
                                            "direccion":  "LOTE 31",
                                            "Base":  "Listados Corrientes",
                                            "localidad":  "COLONIA LIEBIG\u0027S",
                                            "provincia":  "CORRIENTES",
                                            "CRM":  "NO",
                                            "cuit":  "20226994484",
                                            "telefono":  "",
                                            "rubro":  "Yerba Mate"
                                        },
                         "type":  "Feature",
                         "geometry":  {
                                          "coordinates":  [
                                                              -55.8244311,
                                                              -27.9133623
                                                          ],
                                          "type":  "Point"
                                      }
                     },
                     {
                         "properties":  {
                                            "cliente":  "MARQUEZ FELIPE",
                                            "AFIP":  "ok",
                                            "Estado AFIP":  "ok",
                                            "direccion":  "LOT.0-MZ O-CHACRA 74 0",
                                            "Base":  "Listados Corrientes",
                                            "localidad":  "SANTO TOME",
                                            "provincia":  "CORRIENTES",
                                            "CRM":  "NO",
                                            "cuit":  "20224778334",
                                            "telefono":  "",
                                            "rubro":  "Yerba Mate"
                                        },
                         "type":  "Feature",
                         "geometry":  {
                                          "coordinates":  [
                                                              -56.0351419,
                                                              -28.5497034
                                                          ],
                                          "type":  "Point"
                                      }
                     },
                     {
                         "properties":  {
                                            "cliente":  "ALEKSANDROW JOSE LUIS",
                                            "AFIP":  "ok",
                                            "Estado AFIP":  "ok",
                                            "direccion":  "AV. SAN MARTIN 1",
                                            "Base":  "Listados Corrientes",
                                            "localidad":  "COLONIA LIEBIG\u0027S",
                                            "provincia":  "CORRIENTES",
                                            "CRM":  "NO",
                                            "cuit":  "20221849842",
                                            "telefono":  "",
                                            "rubro":  "Yerba Mate"
                                        },
                         "type":  "Feature",
                         "geometry":  {
                                          "coordinates":  [
                                                              -55.8244311,
                                                              -27.9133623
                                                          ],
                                          "type":  "Point"
                                      }
                     },
                     {
                         "properties":  {
                                            "cliente":  "RODRIGUEZ JOSE DANIEL",
                                            "AFIP":  "ok",
                                            "Estado AFIP":  "ok",
                                            "direccion":  "B 200 VIVI 23",
                                            "Base":  "Listados Corrientes",
                                            "localidad":  "SANTO TOME",
                                            "provincia":  "CORRIENTES",
                                            "CRM":  "NO",
                                            "cuit":  "20219768568",
                                            "telefono":  "",
                                            "rubro":  "Yerba Mate"
                                        },
                         "type":  "Feature",
                         "geometry":  {
                                          "coordinates":  [
                                                              -56.0351419,
                                                              -28.5497034
                                                          ],
                                          "type":  "Point"
                                      }
                     },
                     {
                         "properties":  {
                                            "cliente":  "ROTCZYN ANDRES MIGUEL",
                                            "AFIP":  "ok",
                                            "Estado AFIP":  "ok",
                                            "direccion":  "ALVEAR 1669",
                                            "Base":  "Listados Corrientes",
                                            "localidad":  "APOSTOLES",
                                            "provincia":  "MISIONES",
                                            "CRM":  "NO",
                                            "cuit":  "20219078049",
                                            "telefono":  "",
                                            "rubro":  "Yerba Mate"
                                        },
                         "type":  "Feature",
                         "geometry":  {
                                          "coordinates":  [
                                                              -55.7549174,
                                                              -27.9139657
                                                          ],
                                          "type":  "Point"
                                      }
                     },
                     {
                         "properties":  {
                                            "cliente":  "WULF RUBEN DARIO",
                                            "AFIP":  "ok",
                                            "Estado AFIP":  "ok",
                                            "direccion":  "LOTE AGRICOLA 116",
                                            "Base":  "Listados Corrientes",
                                            "localidad":  "COLONIA LIEBIG\u0027S",
                                            "provincia":  "CORRIENTES",
                                            "CRM":  "NO",
                                            "cuit":  "20217937419",
                                            "telefono":  "",
                                            "rubro":  "Yerba Mate"
                                        },
                         "type":  "Feature",
                         "geometry":  {
                                          "coordinates":  [
                                                              -55.8244311,
                                                              -27.9133623
                                                          ],
                                          "type":  "Point"
                                      }
                     },
                     {
                         "properties":  {
                                            "cliente":  "STASIUK NESTOR FABIAN",
                                            "AFIP":  "ok",
                                            "Estado AFIP":  "ok",
                                            "direccion":  "AV. SAN MARTIN 0",
                                            "Base":  "Listados Corrientes",
                                            "localidad":  "COLONIA LIEBIG\u0027S",
                                            "provincia":  "CORRIENTES",
                                            "CRM":  "NO",
                                            "cuit":  "20213687930",
                                            "telefono":  "",
                                            "rubro":  "Yerba Mate"
                                        },
                         "type":  "Feature",
                         "geometry":  {
                                          "coordinates":  [
                                                              -55.8244311,
                                                              -27.9133623
                                                          ],
                                          "type":  "Point"
                                      }
                     },
                     {
                         "properties":  {
                                            "cliente":  "KRUSZELNICKI MIGUEL ANGEL",
                                            "AFIP":  "ok",
                                            "Estado AFIP":  "ok",
                                            "direccion":  "ROQUE GONZALEZ 183",
                                            "Base":  "Listados Corrientes",
                                            "localidad":  "APOSTOLES",
                                            "provincia":  "MISIONES",
                                            "CRM":  "NO",
                                            "cuit":  "20213005988",
                                            "telefono":  "",
                                            "rubro":  "Yerba Mate"
                                        },
                         "type":  "Feature",
                         "geometry":  {
                                          "coordinates":  [
                                                              -55.7549174,
                                                              -27.9139657
                                                          ],
                                          "type":  "Point"
                                      }
                     },
                     {
                         "properties":  {
                                            "cliente":  "BRAGANZA HECTOR RUBEN",
                                            "AFIP":  "ok",
                                            "Estado AFIP":  "ok",
                                            "direccion":  "LOTE AGRICOLA 81",
                                            "Base":  "Listados Corrientes",
                                            "localidad":  "COLONIA LIEBIG\u0027S",
                                            "provincia":  "CORRIENTES",
                                            "CRM":  "NO",
                                            "cuit":  "20210584928",
                                            "telefono":  "",
                                            "rubro":  "Yerba Mate"
                                        },
                         "type":  "Feature",
                         "geometry":  {
                                          "coordinates":  [
                                                              -55.8244311,
                                                              -27.9133623
                                                          ],
                                          "type":  "Point"
                                      }
                     },
                     {
                         "properties":  {
                                            "cliente":  "SELB MARCELO ARTURO",
                                            "AFIP":  "ok",
                                            "Estado AFIP":  "ok",
                                            "direccion":  "LOTE AGRICOLA 109",
                                            "Base":  "Listados Corrientes",
                                            "localidad":  "COLONIA LIEBIG\u0027S",
                                            "provincia":  "CORRIENTES",
                                            "CRM":  "NO",
                                            "cuit":  "20202168206",
                                            "telefono":  "",
                                            "rubro":  "Yerba Mate"
                                        },
                         "type":  "Feature",
                         "geometry":  {
                                          "coordinates":  [
                                                              -55.8244311,
                                                              -27.9133623
                                                          ],
                                          "type":  "Point"
                                      }
                     },
                     {
                         "properties":  {
                                            "cliente":  "KOWACZ HECTOR OSCAR",
                                            "AFIP":  "ok",
                                            "Estado AFIP":  "ok",
                                            "direccion":  "AV. SAN MARTIN 0 Piso:0 Dpto:0 S:0 T:0 M:0",
                                            "Base":  "Listados Corrientes",
                                            "localidad":  "COLONIA LIEBIG\u0027S",
                                            "provincia":  "CORRIENTES",
                                            "CRM":  "NO",
                                            "cuit":  "20202168109",
                                            "telefono":  "",
                                            "rubro":  "Yerba Mate"
                                        },
                         "type":  "Feature",
                         "geometry":  {
                                          "coordinates":  [
                                                              -55.8244311,
                                                              -27.9133623
                                                          ],
                                          "type":  "Point"
                                      }
                     },
                     {
                         "properties":  {
                                            "cliente":  "STACIUK JULIO OSCAR",
                                            "AFIP":  "ok",
                                            "Estado AFIP":  "ok",
                                            "direccion":  "MARIANO MORENO 0",
                                            "Base":  "Listados Corrientes",
                                            "localidad":  "COLONIA LIEBIG\u0027S",
                                            "provincia":  "CORRIENTES",
                                            "CRM":  "NO",
                                            "cuit":  "20202167293",
                                            "telefono":  "",
                                            "rubro":  "Yerba Mate"
                                        },
                         "type":  "Feature",
                         "geometry":  {
                                          "coordinates":  [
                                                              -55.8244311,
                                                              -27.9133623
                                                          ],
                                          "type":  "Point"
                                      }
                     },
                     {
                         "properties":  {
                                            "cliente":  "AQUINO MANUEL RODOLFO",
                                            "AFIP":  "ok",
                                            "Estado AFIP":  "ok",
                                            "direccion":  "\u0026#209;AEMBE Y SARMIENTO 0",
                                            "Base":  "Listados Corrientes",
                                            "localidad":  "GOB. ING. V. VIRASORO",
                                            "provincia":  "CORRIENTES",
                                            "CRM":  "NO",
                                            "cuit":  "20186929463",
                                            "telefono":  "",
                                            "rubro":  "Yerba Mate"
                                        },
                         "type":  "Feature",
                         "geometry":  {
                                          "coordinates":  [
                                                              -57.8869739,
                                                              -29.0177384
                                                          ],
                                          "type":  "Point"
                                      }
                     },
                     {
                         "properties":  {
                                            "cliente":  "HORODYSKY ALBERTO CARLOS",
                                            "AFIP":  "ok",
                                            "Estado AFIP":  "ok",
                                            "direccion":  "COL. UNION - LOTE 14",
                                            "Base":  "Listados Corrientes",
                                            "localidad":  "GOB. ING. V. VIRASORO",
                                            "provincia":  "CORRIENTES",
                                            "CRM":  "NO",
                                            "cuit":  "20182459012",
                                            "telefono":  "",
                                            "rubro":  "Yerba Mate"
                                        },
                         "type":  "Feature",
                         "geometry":  {
                                          "coordinates":  [
                                                              -57.8869739,
                                                              -29.0177384
                                                          ],
                                          "type":  "Point"
                                      }
                     },
                     {
                         "properties":  {
                                            "cliente":  "STRUSA JUAN DEMETRIO",
                                            "AFIP":  "ok",
                                            "Estado AFIP":  "ok",
                                            "direccion":  "AV. SAN MARTIN 0",
                                            "Base":  "Listados Corrientes",
                                            "localidad":  "COLONIA LIEBIG\u0027S",
                                            "provincia":  "CORRIENTES",
                                            "CRM":  "NO",
                                            "cuit":  "20181052717",
                                            "telefono":  "",
                                            "rubro":  "Forestal"
                                        },
                         "type":  "Feature",
                         "geometry":  {
                                          "coordinates":  [
                                                              -55.8244311,
                                                              -27.9133623
                                                          ],
                                          "type":  "Point"
                                      }
                     },
                     {
                         "properties":  {
                                            "cliente":  "FARINA MIGUEL ANGEL",
                                            "AFIP":  "ok",
                                            "Estado AFIP":  "ok",
                                            "direccion":  "LOTE A-W2-334.3-COL UNION 0",
                                            "Base":  "Listados Corrientes",
                                            "localidad":  "GOB. ING. V. VIRASORO",
                                            "provincia":  "CORRIENTES",
                                            "CRM":  "NO",
                                            "cuit":  "20180876546",
                                            "telefono":  "",
                                            "rubro":  "Yerba Mate"
                                        },
                         "type":  "Feature",
                         "geometry":  {
                                          "coordinates":  [
                                                              -57.8869739,
                                                              -29.0177384
                                                          ],
                                          "type":  "Point"
                                      }
                     },
                     {
                         "properties":  {
                                            "cliente":  "FICZUK VICTOR ALEJANDRO",
                                            "AFIP":  "ok",
                                            "Estado AFIP":  "ok",
                                            "direccion":  "AMADO BONPLAND 520",
                                            "Base":  "Listados Corrientes",
                                            "localidad":  "GOB. ING. V. VIRASORO",
                                            "provincia":  "CORRIENTES",
                                            "CRM":  "NO",
                                            "cuit":  "20177736423",
                                            "telefono":  "",
                                            "rubro":  "Yerba Mate"
                                        },
                         "type":  "Feature",
                         "geometry":  {
                                          "coordinates":  [
                                                              -57.8869739,
                                                              -29.0177384
                                                          ],
                                          "type":  "Point"
                                      }
                     },
                     {
                         "properties":  {
                                            "cliente":  "CABRERA PAULINO",
                                            "AFIP":  "ok",
                                            "Estado AFIP":  "ok",
                                            "direccion":  "AV. AMERICA 0",
                                            "Base":  "Listados Corrientes",
                                            "localidad":  "GARRUCHOS",
                                            "provincia":  "CORRIENTES",
                                            "CRM":  "NO",
                                            "cuit":  "20176856050",
                                            "telefono":  "",
                                            "rubro":  "Yerba Mate"
                                        },
                         "type":  "Feature",
                         "geometry":  {
                                          "coordinates":  [
                                                              -55.6506167,
                                                              -28.1737667
                                                          ],
                                          "type":  "Point"
                                      }
                     },
                     {
                         "properties":  {
                                            "cliente":  "KOVACH CARLOS HECTOR",
                                            "AFIP":  "ok",
                                            "Estado AFIP":  "ok",
                                            "direccion":  "LOTE 9 0",
                                            "Base":  "Listados Corrientes",
                                            "localidad":  "COLONIA LIEBIG\u0027S",
                                            "provincia":  "CORRIENTES",
                                            "CRM":  "NO",
                                            "cuit":  "20174965480",
                                            "telefono":  "",
                                            "rubro":  "Yerba Mate"
                                        },
                         "type":  "Feature",
                         "geometry":  {
                                          "coordinates":  [
                                                              -55.8244311,
                                                              -27.9133623
                                                          ],
                                          "type":  "Point"
                                      }
                     },
                     {
                         "properties":  {
                                            "cliente":  "KACHUK JUAN CARLOS",
                                            "AFIP":  "ok",
                                            "Estado AFIP":  "ok",
                                            "direccion":  "COL. UNION 0",
                                            "Base":  "Listados Corrientes",
                                            "localidad":  "SANTO TOME",
                                            "provincia":  "CORRIENTES",
                                            "CRM":  "NO",
                                            "cuit":  "20174962457",
                                            "telefono":  "",
                                            "rubro":  "Yerba Mate"
                                        },
                         "type":  "Feature",
                         "geometry":  {
                                          "coordinates":  [
                                                              -56.0351419,
                                                              -28.5497034
                                                          ],
                                          "type":  "Point"
                                      }
                     },
                     {
                         "properties":  {
                                            "cliente":  "KRUCHOWSKI GABRIEL GUSTAVO",
                                            "AFIP":  "ok",
                                            "Estado AFIP":  "ok",
                                            "direccion":  "FELIX DE AZARA EX 68 - N\u0026#186; 1062",
                                            "Base":  "Listados Corrientes",
                                            "localidad":  "GOB. ING. V. VIRASORO",
                                            "provincia":  "CORRIENTES",
                                            "CRM":  "NO",
                                            "cuit":  "20174232475",
                                            "telefono":  "",
                                            "rubro":  "Forestal"
                                        },
                         "type":  "Feature",
                         "geometry":  {
                                          "coordinates":  [
                                                              -57.8869739,
                                                              -29.0177384
                                                          ],
                                          "type":  "Point"
                                      }
                     },
                     {
                         "properties":  {
                                            "cliente":  "MINIGOZI JOSE ALEJANDRO",
                                            "AFIP":  "ok",
                                            "Estado AFIP":  "ok",
                                            "direccion":  "SAN MARTIN 0",
                                            "Base":  "Listados Corrientes",
                                            "localidad":  "GARRUCHOS",
                                            "provincia":  "CORRIENTES",
                                            "CRM":  "NO",
                                            "cuit":  "20173509643",
                                            "telefono":  "",
                                            "rubro":  "Yerba Mate"
                                        },
                         "type":  "Feature",
                         "geometry":  {
                                          "coordinates":  [
                                                              -55.6506167,
                                                              -28.1737667
                                                          ],
                                          "type":  "Point"
                                      }
                     },
                     {
                         "properties":  {
                                            "cliente":  "REICHELT JUAN CARLOS",
                                            "AFIP":  "ok",
                                            "Estado AFIP":  "ok",
                                            "direccion":  "LOTE 165 0",
                                            "Base":  "Listados Corrientes",
                                            "localidad":  "COLONIA LIEBIG\u0027S",
                                            "provincia":  "CORRIENTES",
                                            "CRM":  "NO",
                                            "cuit":  "20173103663",
                                            "telefono":  "",
                                            "rubro":  "Forestal"
                                        },
                         "type":  "Feature",
                         "geometry":  {
                                          "coordinates":  [
                                                              -55.8244311,
                                                              -27.9133623
                                                          ],
                                          "type":  "Point"
                                      }
                     },
                     {
                         "properties":  {
                                            "cliente":  "LEONARDELLI JORGE MIGUEL",
                                            "AFIP":  "ok",
                                            "Estado AFIP":  "ok",
                                            "direccion":  "GENERAL PAZ EX 620 2930",
                                            "Base":  "Listados Corrientes",
                                            "localidad":  "GOB. ING. V. VIRASORO",
                                            "provincia":  "CORRIENTES",
                                            "CRM":  "NO",
                                            "cuit":  "20173103639",
                                            "telefono":  "",
                                            "rubro":  "Yerba Mate"
                                        },
                         "type":  "Feature",
                         "geometry":  {
                                          "coordinates":  [
                                                              -57.8869739,
                                                              -29.0177384
                                                          ],
                                          "type":  "Point"
                                      }
                     },
                     {
                         "properties":  {
                                            "cliente":  "FEYUK JULIO HECTOR",
                                            "AFIP":  "ok",
                                            "Estado AFIP":  "ok",
                                            "direccion":  "SAN MARTIN ZONA RURA 34",
                                            "Base":  "Listados Corrientes",
                                            "localidad":  "SAN CARLOS",
                                            "provincia":  "CORRIENTES",
                                            "CRM":  "NO",
                                            "cuit":  "20172355472",
                                            "telefono":  "",
                                            "rubro":  "Yerba Mate"
                                        },
                         "type":  "Feature",
                         "geometry":  {
                                          "coordinates":  [
                                                              -55.8955906,
                                                              -27.7466978
                                                          ],
                                          "type":  "Point"
                                      }
                     },
                     {
                         "properties":  {
                                            "cliente":  "FEYUK JULIO HECTOR",
                                            "AFIP":  "ok",
                                            "Estado AFIP":  "ok",
                                            "direccion":  "SAN MARTIN ZONA RURA 34",
                                            "Base":  "Listados Corrientes",
                                            "localidad":  "SAN CARLOS",
                                            "provincia":  "CORRIENTES",
                                            "CRM":  "NO",
                                            "cuit":  "20172355472",
                                            "telefono":  "",
                                            "rubro":  "Yerba Mate"
                                        },
                         "type":  "Feature",
                         "geometry":  {
                                          "coordinates":  [
                                                              -55.8955906,
                                                              -27.7466978
                                                          ],
                                          "type":  "Point"
                                      }
                     },
                     {
                         "properties":  {
                                            "cliente":  "KAMMERER FEDERICO",
                                            "AFIP":  "ok",
                                            "Estado AFIP":  "ok",
                                            "direccion":  "GENERAL PAZ 1512",
                                            "Base":  "Listados Corrientes",
                                            "localidad":  "APOSTOLES",
                                            "provincia":  "MISIONES",
                                            "CRM":  "NO",
                                            "cuit":  "20167191704",
                                            "telefono":  "",
                                            "rubro":  "Yerba Mate"
                                        },
                         "type":  "Feature",
                         "geometry":  {
                                          "coordinates":  [
                                                              -55.7549174,
                                                              -27.9139657
                                                          ],
                                          "type":  "Point"
                                      }
                     },
                     {
                         "properties":  {
                                            "cliente":  "STVASS ORLANDO ALFREDO",
                                            "AFIP":  "ok",
                                            "Estado AFIP":  "ok",
                                            "direccion":  "LOTE AGRICOLA 190",
                                            "Base":  "Listados Corrientes",
                                            "localidad":  "COLONIA LIEBIG\u0027S",
                                            "provincia":  "CORRIENTES",
                                            "CRM":  "NO",
                                            "cuit":  "20167191690",
                                            "telefono":  "",
                                            "rubro":  "Yerba Mate"
                                        },
                         "type":  "Feature",
                         "geometry":  {
                                          "coordinates":  [
                                                              -55.8244311,
                                                              -27.9133623
                                                          ],
                                          "type":  "Point"
                                      }
                     },
                     {
                         "properties":  {
                                            "cliente":  "SKROMEDA MIGUEL ANGEL",
                                            "AFIP":  "ok",
                                            "Estado AFIP":  "ok",
                                            "direccion":  "LOTE 6",
                                            "Base":  "Listados Corrientes",
                                            "localidad":  "SANTO TOME",
                                            "provincia":  "CORRIENTES",
                                            "CRM":  "NO",
                                            "cuit":  "20166490163",
                                            "telefono":  "",
                                            "rubro":  "Yerba Mate"
                                        },
                         "type":  "Feature",
                         "geometry":  {
                                          "coordinates":  [
                                                              -56.0351419,
                                                              -28.5497034
                                                          ],
                                          "type":  "Point"
                                      }
                     },
                     {
                         "properties":  {
                                            "cliente":  "WULF HARRY MIGUEL",
                                            "AFIP":  "ok",
                                            "Estado AFIP":  "ok",
                                            "direccion":  "ALVEAR 44",
                                            "Base":  "Listados Corrientes",
                                            "localidad":  "APOSTOLES",
                                            "provincia":  "MISIONES",
                                            "CRM":  "NO",
                                            "cuit":  "20165461194",
                                            "telefono":  "",
                                            "rubro":  "Yerba Mate"
                                        },
                         "type":  "Feature",
                         "geometry":  {
                                          "coordinates":  [
                                                              -55.7549174,
                                                              -27.9139657
                                                          ],
                                          "type":  "Point"
                                      }
                     },
                     {
                         "properties":  {
                                            "cliente":  "WIRZ SERGIO HUGO",
                                            "AFIP":  "ok",
                                            "Estado AFIP":  "ok",
                                            "direccion":  "MORCILLO 2631",
                                            "Base":  "Listados Corrientes",
                                            "localidad":  "POSADAS",
                                            "provincia":  "MISIONES",
                                            "CRM":  "NO",
                                            "cuit":  "20162558537",
                                            "telefono":  "",
                                            "rubro":  "Forestal"
                                        },
                         "type":  "Feature",
                         "geometry":  {
                                          "coordinates":  [
                                                              -55.894295,
                                                              -27.3664824
                                                          ],
                                          "type":  "Point"
                                      }
                     },
                     {
                         "properties":  {
                                            "cliente":  "WIRZ SERGIO HUGO",
                                            "AFIP":  "ok",
                                            "Estado AFIP":  "ok",
                                            "direccion":  "MORCILLO 2631",
                                            "Base":  "Listados Corrientes",
                                            "localidad":  "POSADAS",
                                            "provincia":  "MISIONES",
                                            "CRM":  "NO",
                                            "cuit":  "20162558537",
                                            "telefono":  "",
                                            "rubro":  "Forestal"
                                        },
                         "type":  "Feature",
                         "geometry":  {
                                          "coordinates":  [
                                                              -55.894295,
                                                              -27.3664824
                                                          ],
                                          "type":  "Point"
                                      }
                     },
                     {
                         "properties":  {
                                            "cliente":  "FEYUK PEDRO PABLO",
                                            "AFIP":  "ok",
                                            "Estado AFIP":  "ok",
                                            "direccion":  "AV. 25 DE MAYO 0",
                                            "Base":  "Listados Corrientes",
                                            "localidad":  "GOB. ING. V. VIRASORO",
                                            "provincia":  "CORRIENTES",
                                            "CRM":  "NO",
                                            "cuit":  "20147268425",
                                            "telefono":  "",
                                            "rubro":  "Yerba Mate"
                                        },
                         "type":  "Feature",
                         "geometry":  {
                                          "coordinates":  [
                                                              -57.8869739,
                                                              -29.0177384
                                                          ],
                                          "type":  "Point"
                                      }
                     },
                     {
                         "properties":  {
                                            "cliente":  "FRIDLMEIER ESTEBAN ENRIQUE",
                                            "AFIP":  "ok",
                                            "Estado AFIP":  "ok",
                                            "direccion":  "LOTE 199 0",
                                            "Base":  "Listados Corrientes",
                                            "localidad":  "COLONIA LIEBIG\u0027S",
                                            "provincia":  "CORRIENTES",
                                            "CRM":  "NO",
                                            "cuit":  "20145385785",
                                            "telefono":  "",
                                            "rubro":  "Yerba Mate"
                                        },
                         "type":  "Feature",
                         "geometry":  {
                                          "coordinates":  [
                                                              -55.8244311,
                                                              -27.9133623
                                                          ],
                                          "type":  "Point"
                                      }
                     },
                     {
                         "properties":  {
                                            "cliente":  "OSTAPOVICHI JOSE ARTURO",
                                            "AFIP":  "ok",
                                            "Estado AFIP":  "ok",
                                            "direccion":  "LOTE 1",
                                            "Base":  "Listados Corrientes",
                                            "localidad":  "GARRUCHOS",
                                            "provincia":  "CORRIENTES",
                                            "CRM":  "NO",
                                            "cuit":  "20144737424",
                                            "telefono":  "",
                                            "rubro":  "Yerba Mate"
                                        },
                         "type":  "Feature",
                         "geometry":  {
                                          "coordinates":  [
                                                              -55.6506167,
                                                              -28.1737667
                                                          ],
                                          "type":  "Point"
                                      }
                     },
                     {
                         "properties":  {
                                            "cliente":  "STREKER JOSE MIGUEL",
                                            "AFIP":  "ok",
                                            "Estado AFIP":  "ok",
                                            "direccion":  "S N SN",
                                            "Base":  "Listados Corrientes",
                                            "localidad":  "SANTO TOME",
                                            "provincia":  "CORRIENTES",
                                            "CRM":  "NO",
                                            "cuit":  "20144737254",
                                            "telefono":  "",
                                            "rubro":  "Yerba Mate"
                                        },
                         "type":  "Feature",
                         "geometry":  {
                                          "coordinates":  [
                                                              -56.0351419,
                                                              -28.5497034
                                                          ],
                                          "type":  "Point"
                                      }
                     },
                     {
                         "properties":  {
                                            "cliente":  "ARBELAIZ JOSE LUIS",
                                            "AFIP":  "ok",
                                            "Estado AFIP":  "ok",
                                            "direccion":  "RUTA 121 CHACRA 141",
                                            "Base":  "Listados Corrientes",
                                            "localidad":  "SANTO TOME",
                                            "provincia":  "CORRIENTES",
                                            "CRM":  "NO",
                                            "cuit":  "20144178913",
                                            "telefono":  "",
                                            "rubro":  "Yerba Mate"
                                        },
                         "type":  "Feature",
                         "geometry":  {
                                          "coordinates":  [
                                                              -56.0351419,
                                                              -28.5497034
                                                          ],
                                          "type":  "Point"
                                      }
                     },
                     {
                         "properties":  {
                                            "cliente":  "FEYUK JORGE DEMETRIO",
                                            "AFIP":  "ok",
                                            "Estado AFIP":  "ok",
                                            "direccion":  "AV. SAN MARTIN 0",
                                            "Base":  "Listados Corrientes",
                                            "localidad":  "COLONIA LIEBIG\u0027S",
                                            "provincia":  "CORRIENTES",
                                            "CRM":  "NO",
                                            "cuit":  "20142180562",
                                            "telefono":  "",
                                            "rubro":  "Yerba Mate"
                                        },
                         "type":  "Feature",
                         "geometry":  {
                                          "coordinates":  [
                                                              -55.8244311,
                                                              -27.9133623
                                                          ],
                                          "type":  "Point"
                                      }
                     },
                     {
                         "properties":  {
                                            "cliente":  "HANDZIAK RICARDO DANIEL",
                                            "AFIP":  "ok",
                                            "Estado AFIP":  "ok",
                                            "direccion":  "AV. SAN MARTIN 99",
                                            "Base":  "Listados Corrientes",
                                            "localidad":  "COLONIA LIEBIG\u0027S",
                                            "provincia":  "CORRIENTES",
                                            "CRM":  "NO",
                                            "cuit":  "20141167457",
                                            "telefono":  "",
                                            "rubro":  "Yerba Mate"
                                        },
                         "type":  "Feature",
                         "geometry":  {
                                          "coordinates":  [
                                                              -55.8244311,
                                                              -27.9133623
                                                          ],
                                          "type":  "Point"
                                      }
                     },
                     {
                         "properties":  {
                                            "cliente":  "ARASENCHUK ROGELIO RAUL",
                                            "AFIP":  "ok",
                                            "Estado AFIP":  "ok",
                                            "direccion":  "ZONA RURAL",
                                            "Base":  "Listados Corrientes",
                                            "localidad":  "COLONIA LIEBIG\u0027S",
                                            "provincia":  "CORRIENTES",
                                            "CRM":  "NO",
                                            "cuit":  "20138061575",
                                            "telefono":  "",
                                            "rubro":  "Yerba Mate"
                                        },
                         "type":  "Feature",
                         "geometry":  {
                                          "coordinates":  [
                                                              -55.8244311,
                                                              -27.9133623
                                                          ],
                                          "type":  "Point"
                                      }
                     },
                     {
                         "properties":  {
                                            "cliente":  "STREKER MARCELO LUIS",
                                            "AFIP":  "ok",
                                            "Estado AFIP":  "ok",
                                            "direccion":  "COL UNION-ZONA RURAL 0",
                                            "Base":  "Listados Corrientes",
                                            "localidad":  "GOB. ING. V. VIRASORO",
                                            "provincia":  "CORRIENTES",
                                            "CRM":  "NO",
                                            "cuit":  "20137876109",
                                            "telefono":  "",
                                            "rubro":  "Yerba Mate"
                                        },
                         "type":  "Feature",
                         "geometry":  {
                                          "coordinates":  [
                                                              -57.8869739,
                                                              -29.0177384
                                                          ],
                                          "type":  "Point"
                                      }
                     },
                     {
                         "properties":  {
                                            "cliente":  "CERVERA CARLOS EDGARDO",
                                            "AFIP":  "ok",
                                            "Estado AFIP":  "ok",
                                            "direccion":  "mariano moreno 1724",
                                            "Base":  "Listados Corrientes",
                                            "localidad":  "ITUZAINGO",
                                            "provincia":  "CORRIENTES",
                                            "CRM":  "NO",
                                            "cuit":  "20136581148",
                                            "telefono":  "",
                                            "rubro":  "Yerba Mate"
                                        },
                         "type":  "Feature",
                         "geometry":  {
                                          "coordinates":  [
                                                              -56.6893413,
                                                              -27.5896182
                                                          ],
                                          "type":  "Point"
                                      }
                     },
                     {
                         "properties":  {
                                            "cliente":  "FARINA JOSE OSCAR",
                                            "AFIP":  "ok",
                                            "Estado AFIP":  "ok",
                                            "direccion":  "CAMPA#A DEL DESI",
                                            "Base":  "Listados Corrientes",
                                            "localidad":  "GOBERNADOR INGENIERO VALENTIN VIRASORO",
                                            "provincia":  "CORRIENTES",
                                            "CRM":  "NO",
                                            "cuit":  "20136389840",
                                            "telefono":  "",
                                            "rubro":  "Yerba Mate"
                                        },
                         "type":  "Feature",
                         "geometry":  {
                                          "coordinates":  [
                                                              -56.0183999,
                                                              -28.0529003
                                                          ],
                                          "type":  "Point"
                                      }
                     },
                     {
                         "properties":  {
                                            "cliente":  "KRUK PEDRO LUIS",
                                            "AFIP":  "ok",
                                            "Estado AFIP":  "ok",
                                            "direccion":  "LOTE 293",
                                            "Base":  "Listados Corrientes",
                                            "localidad":  "AZARA",
                                            "provincia":  "MISIONES",
                                            "CRM":  "NO",
                                            "cuit":  "20135348229",
                                            "telefono":  "",
                                            "rubro":  "Yerba Mate"
                                        },
                         "type":  "Feature",
                         "geometry":  {
                                          "coordinates":  [
                                                              -55.6770963,
                                                              -28.0607112
                                                          ],
                                          "type":  "Point"
                                      }
                     },
                     {
                         "properties":  {
                                            "cliente":  "SCROMEDA PEDRO ANGEL",
                                            "AFIP":  "ok",
                                            "Estado AFIP":  "ok",
                                            "direccion":  "COLONIA UNION 0",
                                            "Base":  "Listados Corrientes",
                                            "localidad":  "GOB. ING. V. VIRASORO",
                                            "provincia":  "CORRIENTES",
                                            "CRM":  "NO",
                                            "cuit":  "20133794434",
                                            "telefono":  "",
                                            "rubro":  "Yerba Mate"
                                        },
                         "type":  "Feature",
                         "geometry":  {
                                          "coordinates":  [
                                                              -57.8869739,
                                                              -29.0177384
                                                          ],
                                          "type":  "Point"
                                      }
                     },
                     {
                         "properties":  {
                                            "cliente":  "SKROMEDA JUAN PEDRO",
                                            "AFIP":  "ok",
                                            "Estado AFIP":  "ok",
                                            "direccion":  "ROBERTO SHUNTHEIN 1308",
                                            "Base":  "Listados Corrientes",
                                            "localidad":  "GOB. ING. V. VIRASORO",
                                            "provincia":  "CORRIENTES",
                                            "CRM":  "NO",
                                            "cuit":  "20127737534",
                                            "telefono":  "",
                                            "rubro":  "Yerba Mate"
                                        },
                         "type":  "Feature",
                         "geometry":  {
                                          "coordinates":  [
                                                              -57.8869739,
                                                              -29.0177384
                                                          ],
                                          "type":  "Point"
                                      }
                     },
                     {
                         "properties":  {
                                            "cliente":  "SUCESION DE MALAÑUK MARIO OSCAR",
                                            "AFIP":  "ok",
                                            "Estado AFIP":  "ok",
                                            "direccion":  "HUMADA RAMELLA 113",
                                            "Base":  "Listados Corrientes",
                                            "localidad":  "APOSTOLES",
                                            "provincia":  "MISIONES",
                                            "CRM":  "NO",
                                            "cuit":  "20127489328",
                                            "telefono":  "",
                                            "rubro":  "Yerba Mate"
                                        },
                         "type":  "Feature",
                         "geometry":  {
                                          "coordinates":  [
                                                              -55.7549174,
                                                              -27.9139657
                                                          ],
                                          "type":  "Point"
                                      }
                     },
                     {
                         "properties":  {
                                            "cliente":  "VILLORDO LORENZO",
                                            "AFIP":  "ok",
                                            "Estado AFIP":  "ok",
                                            "direccion":  "AVDA AMERICA 0",
                                            "Base":  "Listados Corrientes",
                                            "localidad":  "COLONIA GARABI",
                                            "provincia":  "CORRIENTES",
                                            "CRM":  "NO",
                                            "cuit":  "20123747225",
                                            "telefono":  "",
                                            "rubro":  "Forestal"
                                        },
                         "type":  "Feature",
                         "geometry":  {
                                          "coordinates":  [
                                                              -57.8869739,
                                                              -29.0177384
                                                          ],
                                          "type":  "Point"
                                      }
                     },
                     {
                         "properties":  {
                                            "cliente":  "CHUQUEL VICTORIANO",
                                            "AFIP":  "ok",
                                            "Estado AFIP":  "ok",
                                            "direccion":  "RUTA 94",
                                            "Base":  "Listados Corrientes",
                                            "localidad":  "COLONIA GARABI",
                                            "provincia":  "CORRIENTES",
                                            "CRM":  "NO",
                                            "cuit":  "20123747144",
                                            "telefono":  "",
                                            "rubro":  "Yerba Mate"
                                        },
                         "type":  "Feature",
                         "geometry":  {
                                          "coordinates":  [
                                                              -57.8869739,
                                                              -29.0177384
                                                          ],
                                          "type":  "Point"
                                      }
                     },
                     {
                         "properties":  {
                                            "cliente":  "KOPETKO JUAN CARLOS",
                                            "AFIP":  "ok",
                                            "Estado AFIP":  "ok",
                                            "direccion":  "S N SN",
                                            "Base":  "Listados Corrientes",
                                            "localidad":  "SANTO TOME",
                                            "provincia":  "CORRIENTES",
                                            "CRM":  "NO",
                                            "cuit":  "20123232691",
                                            "telefono":  "",
                                            "rubro":  "Yerba Mate"
                                        },
                         "type":  "Feature",
                         "geometry":  {
                                          "coordinates":  [
                                                              -56.0351419,
                                                              -28.5497034
                                                          ],
                                          "type":  "Point"
                                      }
                     },
                     {
                         "properties":  {
                                            "cliente":  "KUSESEN RUBEN RAMON",
                                            "AFIP":  "ok",
                                            "Estado AFIP":  "ok",
                                            "direccion":  "RUTA 34 0",
                                            "Base":  "Listados Corrientes",
                                            "localidad":  "SAN CARLOS",
                                            "provincia":  "CORRIENTES",
                                            "CRM":  "NO",
                                            "cuit":  "20120264452",
                                            "telefono":  "",
                                            "rubro":  "Yerba Mate"
                                        },
                         "type":  "Feature",
                         "geometry":  {
                                          "coordinates":  [
                                                              -55.8955906,
                                                              -27.7466978
                                                          ],
                                          "type":  "Point"
                                      }
                     },
                     {
                         "properties":  {
                                            "cliente":  "KUSESEN RUBEN RAMON",
                                            "AFIP":  "ok",
                                            "Estado AFIP":  "ok",
                                            "direccion":  "RUTA 34 0",
                                            "Base":  "Listados Corrientes",
                                            "localidad":  "SAN CARLOS",
                                            "provincia":  "CORRIENTES",
                                            "CRM":  "NO",
                                            "cuit":  "20120264452",
                                            "telefono":  "",
                                            "rubro":  "Yerba Mate"
                                        },
                         "type":  "Feature",
                         "geometry":  {
                                          "coordinates":  [
                                                              -55.8955906,
                                                              -27.7466978
                                                          ],
                                          "type":  "Point"
                                      }
                     },
                     {
                         "properties":  {
                                            "cliente":  "SEQUEIRA JULIO HECTOR",
                                            "AFIP":  "ok",
                                            "Estado AFIP":  "ok",
                                            "direccion":  "SIN CALLE 0",
                                            "Base":  "Listados Corrientes",
                                            "localidad":  "COLONIA LIEBIG\u0027S",
                                            "provincia":  "CORRIENTES",
                                            "CRM":  "NO",
                                            "cuit":  "20120086295",
                                            "telefono":  "",
                                            "rubro":  "Yerba Mate"
                                        },
                         "type":  "Feature",
                         "geometry":  {
                                          "coordinates":  [
                                                              -55.8244311,
                                                              -27.9133623
                                                          ],
                                          "type":  "Point"
                                      }
                     },
                     {
                         "properties":  {
                                            "cliente":  "ZICHAIKOSKI OSCAR JOSE",
                                            "AFIP":  "ok",
                                            "Estado AFIP":  "ok",
                                            "direccion":  "LOTE 50",
                                            "Base":  "Listados Corrientes",
                                            "localidad":  "SANTO TOME",
                                            "provincia":  "CORRIENTES",
                                            "CRM":  "NO",
                                            "cuit":  "20119411999",
                                            "telefono":  "",
                                            "rubro":  "Yerba Mate"
                                        },
                         "type":  "Feature",
                         "geometry":  {
                                          "coordinates":  [
                                                              -56.0351419,
                                                              -28.5497034
                                                          ],
                                          "type":  "Point"
                                      }
                     },
                     {
                         "properties":  {
                                            "cliente":  "CONTI MARIO JOSE",
                                            "AFIP":  "ok",
                                            "Estado AFIP":  "ok",
                                            "direccion":  "B VICTORIA",
                                            "Base":  "Listados Corrientes",
                                            "localidad":  "GOB. ING. V. VIRASORO",
                                            "provincia":  "CORRIENTES",
                                            "CRM":  "NO",
                                            "cuit":  "20115796993",
                                            "telefono":  "",
                                            "rubro":  "Yerba Mate"
                                        },
                         "type":  "Feature",
                         "geometry":  {
                                          "coordinates":  [
                                                              -57.8869739,
                                                              -29.0177384
                                                          ],
                                          "type":  "Point"
                                      }
                     },
                     {
                         "properties":  {
                                            "cliente":  "KOVACH RAUL BERTO",
                                            "AFIP":  "ok",
                                            "Estado AFIP":  "ok",
                                            "direccion":  "COL. UNION - CASILLA CORREO  4 -LOTE B 3",
                                            "Base":  "Listados Corrientes",
                                            "localidad":  "SANTO TOME",
                                            "provincia":  "CORRIENTES",
                                            "CRM":  "NO",
                                            "cuit":  "20114720047",
                                            "telefono":  "",
                                            "rubro":  "Arroz"
                                        },
                         "type":  "Feature",
                         "geometry":  {
                                          "coordinates":  [
                                                              -56.0351419,
                                                              -28.5497034
                                                          ],
                                          "type":  "Point"
                                      }
                     },
                     {
                         "properties":  {
                                            "cliente":  "JACIUK ELIAS RAUL",
                                            "AFIP":  "ok",
                                            "Estado AFIP":  "ok",
                                            "direccion":  "25 DE MAYO 0",
                                            "Base":  "Listados Corrientes",
                                            "localidad":  "COLONIA LIEBIG\u0027S",
                                            "provincia":  "CORRIENTES",
                                            "CRM":  "NO",
                                            "cuit":  "20114093166",
                                            "telefono":  "",
                                            "rubro":  "Yerba Mate"
                                        },
                         "type":  "Feature",
                         "geometry":  {
                                          "coordinates":  [
                                                              -55.8244311,
                                                              -27.9133623
                                                          ],
                                          "type":  "Point"
                                      }
                     },
                     {
                         "properties":  {
                                            "cliente":  "SCRABIUK ROBERTO PEDRO",
                                            "AFIP":  "ok",
                                            "Estado AFIP":  "ok",
                                            "direccion":  "PARAJE KM 517     M:B",
                                            "Base":  "Listados Corrientes",
                                            "localidad":  "COLONIA LIEBIG\u0027S",
                                            "provincia":  "CORRIENTES",
                                            "CRM":  "NO",
                                            "cuit":  "20111835951",
                                            "telefono":  "",
                                            "rubro":  "Yerba Mate"
                                        },
                         "type":  "Feature",
                         "geometry":  {
                                          "coordinates":  [
                                                              -55.8244311,
                                                              -27.9133623
                                                          ],
                                          "type":  "Point"
                                      }
                     },
                     {
                         "properties":  {
                                            "cliente":  "YACOVICH RAFAEL OSVALDO",
                                            "AFIP":  "ok",
                                            "Estado AFIP":  "ok",
                                            "direccion":  "LOTE AGRICOLA N\u0026#186; 17 - ZONA RURAL 0",
                                            "Base":  "Listados Corrientes",
                                            "localidad":  "COLONIA LIEBIG\u0027S",
                                            "provincia":  "CORRIENTES",
                                            "CRM":  "NO",
                                            "cuit":  "20109797643",
                                            "telefono":  "",
                                            "rubro":  "Yerba Mate"
                                        },
                         "type":  "Feature",
                         "geometry":  {
                                          "coordinates":  [
                                                              -55.8244311,
                                                              -27.9133623
                                                          ],
                                          "type":  "Point"
                                      }
                     },
                     {
                         "properties":  {
                                            "cliente":  "FARINA ERNESTO ANGEL",
                                            "AFIP":  "ok",
                                            "Estado AFIP":  "ok",
                                            "direccion":  "COL RURAL-UNION-R. 37 0",
                                            "Base":  "Listados Corrientes",
                                            "localidad":  "GOB. ING. V. VIRASORO",
                                            "provincia":  "CORRIENTES",
                                            "CRM":  "NO",
                                            "cuit":  "20105131020",
                                            "telefono":  "",
                                            "rubro":  "Yerba Mate"
                                        },
                         "type":  "Feature",
                         "geometry":  {
                                          "coordinates":  [
                                                              -57.8869739,
                                                              -29.0177384
                                                          ],
                                          "type":  "Point"
                                      }
                     },
                     {
                         "properties":  {
                                            "cliente":  "FICZUK ROBERTO",
                                            "AFIP":  "ok",
                                            "Estado AFIP":  "ok",
                                            "direccion":  "COLONIA UNION-LOTE 18 0",
                                            "Base":  "Listados Corrientes",
                                            "localidad":  "GOB. ING. V. VIRASORO",
                                            "provincia":  "CORRIENTES",
                                            "CRM":  "NO",
                                            "cuit":  "20103792453",
                                            "telefono":  "",
                                            "rubro":  "Yerba Mate"
                                        },
                         "type":  "Feature",
                         "geometry":  {
                                          "coordinates":  [
                                                              -57.8869739,
                                                              -29.0177384
                                                          ],
                                          "type":  "Point"
                                      }
                     },
                     {
                         "properties":  {
                                            "cliente":  "HAUCK OSCAR FEDERICO",
                                            "AFIP":  "ok",
                                            "Estado AFIP":  "ok",
                                            "direccion":  "PARAJE 3 BOCAS",
                                            "Base":  "Listados Corrientes",
                                            "localidad":  "COLONIA LIEBIG\u0027S",
                                            "provincia":  "CORRIENTES",
                                            "CRM":  "NO",
                                            "cuit":  "20103479631",
                                            "telefono":  "",
                                            "rubro":  "Yerba Mate"
                                        },
                         "type":  "Feature",
                         "geometry":  {
                                          "coordinates":  [
                                                              -55.8244311,
                                                              -27.9133623
                                                          ],
                                          "type":  "Point"
                                      }
                     },
                     {
                         "properties":  {
                                            "cliente":  "BOND GERARDO JOSE",
                                            "AFIP":  "ok",
                                            "Estado AFIP":  "ok",
                                            "direccion":  "AV SAN MARTIN Y ALEM S/N 0 Piso:0 Dpto:0 S:0 T:0 M:0",
                                            "Base":  "Listados Corrientes",
                                            "localidad":  "COLONIA LIEBIG\u0027S",
                                            "provincia":  "CORRIENTES",
                                            "CRM":  "NO",
                                            "cuit":  "20101982719",
                                            "telefono":  "",
                                            "rubro":  "Yerba Mate"
                                        },
                         "type":  "Feature",
                         "geometry":  {
                                          "coordinates":  [
                                                              -55.8244311,
                                                              -27.9133623
                                                          ],
                                          "type":  "Point"
                                      }
                     },
                     {
                         "properties":  {
                                            "cliente":  "CIPUZAK ALFREDO ERNESTO",
                                            "AFIP":  "ok",
                                            "Estado AFIP":  "ok",
                                            "direccion":  "COLONIA LIEBIG 0",
                                            "Base":  "Listados Corrientes",
                                            "localidad":  "COLONIA LIEBIG\u0027S",
                                            "provincia":  "CORRIENTES",
                                            "CRM":  "NO",
                                            "cuit":  "20085611527",
                                            "telefono":  "",
                                            "rubro":  "Yerba Mate"
                                        },
                         "type":  "Feature",
                         "geometry":  {
                                          "coordinates":  [
                                                              -55.8244311,
                                                              -27.9133623
                                                          ],
                                          "type":  "Point"
                                      }
                     },
                     {
                         "properties":  {
                                            "cliente":  "ROTCHEN ERNESTO PABLO",
                                            "AFIP":  "ok",
                                            "Estado AFIP":  "ok",
                                            "direccion":  "RUTA 37 -   KM 15 0",
                                            "Base":  "Listados Corrientes",
                                            "localidad":  "GOB. ING. V. VIRASORO",
                                            "provincia":  "CORRIENTES",
                                            "CRM":  "NO",
                                            "cuit":  "20085479130",
                                            "telefono":  "",
                                            "rubro":  "Yerba Mate"
                                        },
                         "type":  "Feature",
                         "geometry":  {
                                          "coordinates":  [
                                                              -57.8869739,
                                                              -29.0177384
                                                          ],
                                          "type":  "Point"
                                      }
                     },
                     {
                         "properties":  {
                                            "cliente":  "GOROWSKI MIGUEL ALBERTO",
                                            "AFIP":  "ok",
                                            "Estado AFIP":  "ok",
                                            "direccion":  "GDOR FERRE Y BOMPLAN 0",
                                            "Base":  "Listados Corrientes",
                                            "localidad":  "GOB. ING. V. VIRASORO",
                                            "provincia":  "CORRIENTES",
                                            "CRM":  "NO",
                                            "cuit":  "20083321882",
                                            "telefono":  "",
                                            "rubro":  "Yerba Mate"
                                        },
                         "type":  "Feature",
                         "geometry":  {
                                          "coordinates":  [
                                                              -57.8869739,
                                                              -29.0177384
                                                          ],
                                          "type":  "Point"
                                      }
                     },
                     {
                         "properties":  {
                                            "cliente":  "DE ABELLEYRA EDUARDO FLORENCIO",
                                            "AFIP":  "ok",
                                            "Estado AFIP":  "ok",
                                            "direccion":  "FERNANDEZ BLANCO 2202",
                                            "Base":  "Listados Corrientes",
                                            "localidad":  "GOB. ING. V. VIRASORO",
                                            "provincia":  "CORRIENTES",
                                            "CRM":  "NO",
                                            "cuit":  "20082497723",
                                            "telefono":  "",
                                            "rubro":  "Forestal"
                                        },
                         "type":  "Feature",
                         "geometry":  {
                                          "coordinates":  [
                                                              -57.8869739,
                                                              -29.0177384
                                                          ],
                                          "type":  "Point"
                                      }
                     },
                     {
                         "properties":  {
                                            "cliente":  "KUZYZYN NERON MARIANO",
                                            "AFIP":  "ok",
                                            "Estado AFIP":  "ok",
                                            "direccion":  "CH 42 0",
                                            "Base":  "Listados Corrientes",
                                            "localidad":  "SAN CARLOS",
                                            "provincia":  "CORRIENTES",
                                            "CRM":  "NO",
                                            "cuit":  "20078334879",
                                            "telefono":  "",
                                            "rubro":  "Yerba Mate"
                                        },
                         "type":  "Feature",
                         "geometry":  {
                                          "coordinates":  [
                                                              -55.8955906,
                                                              -27.7466978
                                                          ],
                                          "type":  "Point"
                                      }
                     },
                     {
                         "properties":  {
                                            "cliente":  "KRAINSKI JULIO",
                                            "AFIP":  "ok",
                                            "Estado AFIP":  "ok",
                                            "direccion":  "LIBERTAD 1061",
                                            "Base":  "Listados Corrientes",
                                            "localidad":  "APOSTOLES",
                                            "provincia":  "MISIONES",
                                            "CRM":  "NO",
                                            "cuit":  "20078311984",
                                            "telefono":  "",
                                            "rubro":  "Yerba Mate"
                                        },
                         "type":  "Feature",
                         "geometry":  {
                                          "coordinates":  [
                                                              -55.7549174,
                                                              -27.9139657
                                                          ],
                                          "type":  "Point"
                                      }
                     },
                     {
                         "properties":  {
                                            "cliente":  "GROSKO ALFREDO ANGEL",
                                            "AFIP":  "ok",
                                            "Estado AFIP":  "ok",
                                            "direccion":  "LOTE AGRICOLA N 100",
                                            "Base":  "Listados Corrientes",
                                            "localidad":  "COLONIA LIEBIG\u0027S",
                                            "provincia":  "CORRIENTES",
                                            "CRM":  "NO",
                                            "cuit":  "20076662437",
                                            "telefono":  "",
                                            "rubro":  "Yerba Mate"
                                        },
                         "type":  "Feature",
                         "geometry":  {
                                          "coordinates":  [
                                                              -55.8244311,
                                                              -27.9133623
                                                          ],
                                          "type":  "Point"
                                      }
                     },
                     {
                         "properties":  {
                                            "cliente":  "TENASCZUK ELIAS JOSE",
                                            "AFIP":  "ok",
                                            "Estado AFIP":  "ok",
                                            "direccion":  "RUTA 14 (PARAJE CENTINELA) KM 782",
                                            "Base":  "Listados Corrientes",
                                            "localidad":  "COLONIA LIEBIG\u0027S",
                                            "provincia":  "CORRIENTES",
                                            "CRM":  "NO",
                                            "cuit":  "20075888210",
                                            "telefono":  "",
                                            "rubro":  "Yerba Mate"
                                        },
                         "type":  "Feature",
                         "geometry":  {
                                          "coordinates":  [
                                                              -55.8244311,
                                                              -27.9133623
                                                          ],
                                          "type":  "Point"
                                      }
                     },
                     {
                         "properties":  {
                                            "cliente":  "SIMKIN ALVARO ARTURO",
                                            "AFIP":  "ok",
                                            "Estado AFIP":  "ok",
                                            "direccion":  "CHACRA LOTE 35",
                                            "Base":  "Listados Corrientes",
                                            "localidad":  "SAN CARLOS",
                                            "provincia":  "CORRIENTES",
                                            "CRM":  "NO",
                                            "cuit":  "20075863110",
                                            "telefono":  "",
                                            "rubro":  "Yerba Mate"
                                        },
                         "type":  "Feature",
                         "geometry":  {
                                          "coordinates":  [
                                                              -55.8955906,
                                                              -27.7466978
                                                          ],
                                          "type":  "Point"
                                      }
                     },
                     {
                         "properties":  {
                                            "cliente":  "HOLOVATE RODOLFO RAUL",
                                            "AFIP":  "ok",
                                            "Estado AFIP":  "ok",
                                            "direccion":  "LOTE 153",
                                            "Base":  "Listados Corrientes",
                                            "localidad":  "COLONIA LIEBIG\u0027S",
                                            "provincia":  "CORRIENTES",
                                            "CRM":  "NO",
                                            "cuit":  "20075597860",
                                            "telefono":  "",
                                            "rubro":  "Yerba Mate"
                                        },
                         "type":  "Feature",
                         "geometry":  {
                                          "coordinates":  [
                                                              -55.8244311,
                                                              -27.9133623
                                                          ],
                                          "type":  "Point"
                                      }
                     },
                     {
                         "properties":  {
                                            "cliente":  "SUCESION DE MARTYNIUK ROBERTO ORESTES",
                                            "AFIP":  "ok",
                                            "Estado AFIP":  "ok",
                                            "direccion":  "LOTE161 0",
                                            "Base":  "Listados Corrientes",
                                            "localidad":  "COLONIA LIEBIG\u0027S",
                                            "provincia":  "CORRIENTES",
                                            "CRM":  "NO",
                                            "cuit":  "20075591870",
                                            "telefono":  "",
                                            "rubro":  "Yerba Mate"
                                        },
                         "type":  "Feature",
                         "geometry":  {
                                          "coordinates":  [
                                                              -55.8244311,
                                                              -27.9133623
                                                          ],
                                          "type":  "Point"
                                      }
                     },
                     {
                         "properties":  {
                                            "cliente":  "ROTCZYN EUGENIO JOSE",
                                            "AFIP":  "ok",
                                            "Estado AFIP":  "ok",
                                            "direccion":  "COL. UNION - LOTE 27",
                                            "Base":  "Listados Corrientes",
                                            "localidad":  "SANTO TOME",
                                            "provincia":  "CORRIENTES",
                                            "CRM":  "NO",
                                            "cuit":  "20075530715",
                                            "telefono":  "",
                                            "rubro":  "Yerba Mate"
                                        },
                         "type":  "Feature",
                         "geometry":  {
                                          "coordinates":  [
                                                              -56.0351419,
                                                              -28.5497034
                                                          ],
                                          "type":  "Point"
                                      }
                     },
                     {
                         "properties":  {
                                            "cliente":  "SCROMEDA CARLOS",
                                            "AFIP":  "ok",
                                            "Estado AFIP":  "ok",
                                            "direccion":  "S N SN",
                                            "Base":  "Listados Corrientes",
                                            "localidad":  "SANTO TOME",
                                            "provincia":  "CORRIENTES",
                                            "CRM":  "NO",
                                            "cuit":  "20075529474",
                                            "telefono":  "",
                                            "rubro":  "Yerba Mate"
                                        },
                         "type":  "Feature",
                         "geometry":  {
                                          "coordinates":  [
                                                              -56.0351419,
                                                              -28.5497034
                                                          ],
                                          "type":  "Point"
                                      }
                     },
                     {
                         "properties":  {
                                            "cliente":  "SUCESION DE HROMADIUK MIGUEL",
                                            "AFIP":  "ok",
                                            "Estado AFIP":  "ok",
                                            "direccion":  "S N SN",
                                            "Base":  "Listados Corrientes",
                                            "localidad":  "COLONIA LIEBIG\u0027S",
                                            "provincia":  "CORRIENTES",
                                            "CRM":  "NO",
                                            "cuit":  "20075470925",
                                            "telefono":  "",
                                            "rubro":  "Yerba Mate"
                                        },
                         "type":  "Feature",
                         "geometry":  {
                                          "coordinates":  [
                                                              -55.8244311,
                                                              -27.9133623
                                                          ],
                                          "type":  "Point"
                                      }
                     },
                     {
                         "properties":  {
                                            "cliente":  "KABALA VALENTIN PAULO",
                                            "AFIP":  "ok",
                                            "Estado AFIP":  "ok",
                                            "direccion":  "SAN MARTIN 250",
                                            "Base":  "Listados Corrientes",
                                            "localidad":  "APOSTOLES",
                                            "provincia":  "MISIONES",
                                            "CRM":  "NO",
                                            "cuit":  "20075441488",
                                            "telefono":  "",
                                            "rubro":  "Yerba Mate"
                                        },
                         "type":  "Feature",
                         "geometry":  {
                                          "coordinates":  [
                                                              -55.7549174,
                                                              -27.9139657
                                                          ],
                                          "type":  "Point"
                                      }
                     },
                     {
                         "properties":  {
                                            "cliente":  "KABALA VALENTIN PAULO",
                                            "AFIP":  "ok",
                                            "Estado AFIP":  "ok",
                                            "direccion":  "SAN MARTIN 250",
                                            "Base":  "Listados Corrientes",
                                            "localidad":  "APOSTOLES",
                                            "provincia":  "MISIONES",
                                            "CRM":  "NO",
                                            "cuit":  "20075441488",
                                            "telefono":  "",
                                            "rubro":  "Yerba Mate"
                                        },
                         "type":  "Feature",
                         "geometry":  {
                                          "coordinates":  [
                                                              -55.7549174,
                                                              -27.9139657
                                                          ],
                                          "type":  "Point"
                                      }
                     },
                     {
                         "properties":  {
                                            "cliente":  "STRECKIR MARIANO JOSE",
                                            "AFIP":  "ok",
                                            "Estado AFIP":  "ok",
                                            "direccion":  "COL. UNION - LOTE 5",
                                            "Base":  "Listados Corrientes",
                                            "localidad":  "GARRUCHOS",
                                            "provincia":  "CORRIENTES",
                                            "CRM":  "NO",
                                            "cuit":  "20075420340",
                                            "telefono":  "",
                                            "rubro":  "Yerba Mate"
                                        },
                         "type":  "Feature",
                         "geometry":  {
                                          "coordinates":  [
                                                              -55.6506167,
                                                              -28.1737667
                                                          ],
                                          "type":  "Point"
                                      }
                     },
                     {
                         "properties":  {
                                            "cliente":  "KNEBEL ROMUALDO",
                                            "AFIP":  "ok",
                                            "Estado AFIP":  "ok",
                                            "direccion":  "PARAJE LA COSTA -LOTE NUMERO 38 38",
                                            "Base":  "Listados Corrientes",
                                            "localidad":  "COLONIA GARABI",
                                            "provincia":  "CORRIENTES",
                                            "CRM":  "NO",
                                            "cuit":  "20074667822",
                                            "telefono":  "",
                                            "rubro":  "Yerba Mate"
                                        },
                         "type":  "Feature",
                         "geometry":  {
                                          "coordinates":  [
                                                              -57.8869739,
                                                              -29.0177384
                                                          ],
                                          "type":  "Point"
                                      }
                     },
                     {
                         "properties":  {
                                            "cliente":  "SKROMEDA ROBERTO SIMON",
                                            "AFIP":  "ok",
                                            "Estado AFIP":  "ok",
                                            "direccion":  "LOTE 26",
                                            "Base":  "Listados Corrientes",
                                            "localidad":  "GARRUCHOS",
                                            "provincia":  "CORRIENTES",
                                            "CRM":  "NO",
                                            "cuit":  "20057115344",
                                            "telefono":  "",
                                            "rubro":  "Yerba Mate"
                                        },
                         "type":  "Feature",
                         "geometry":  {
                                          "coordinates":  [
                                                              -55.6506167,
                                                              -28.1737667
                                                          ],
                                          "type":  "Point"
                                      }
                     },
                     {
                         "properties":  {
                                            "cliente":  "POUCH EDUARDO ALFONSO",
                                            "AFIP":  "ok",
                                            "Estado AFIP":  "ok",
                                            "direccion":  "PASO LOPEZ",
                                            "Base":  "Listados Corrientes",
                                            "localidad":  "GARRUCHOS",
                                            "provincia":  "CORRIENTES",
                                            "CRM":  "NO",
                                            "cuit":  "20057115328",
                                            "telefono":  "",
                                            "rubro":  "Yerba Mate"
                                        },
                         "type":  "Feature",
                         "geometry":  {
                                          "coordinates":  [
                                                              -55.6506167,
                                                              -28.1737667
                                                          ],
                                          "type":  "Point"
                                      }
                     },
                     {
                         "properties":  {
                                            "cliente":  "FURTADO ADAN",
                                            "AFIP":  "ok",
                                            "Estado AFIP":  "ok",
                                            "direccion":  "GARABI 0",
                                            "Base":  "Listados Corrientes",
                                            "localidad":  "COLONIA GARABI",
                                            "provincia":  "CORRIENTES",
                                            "CRM":  "NO",
                                            "cuit":  "20057096668",
                                            "telefono":  "",
                                            "rubro":  "Forestal"
                                        },
                         "type":  "Feature",
                         "geometry":  {
                                          "coordinates":  [
                                                              -57.8869739,
                                                              -29.0177384
                                                          ],
                                          "type":  "Point"
                                      }
                     },
                     {
                         "properties":  {
                                            "cliente":  "YVACIUTA PEDRO",
                                            "AFIP":  "ok",
                                            "Estado AFIP":  "ok",
                                            "direccion":  "TRANSITO COCO MAROLA 2544",
                                            "Base":  "Listados Corrientes",
                                            "localidad":  "GOB. ING. V. VIRASORO",
                                            "provincia":  "CORRIENTES",
                                            "CRM":  "NO",
                                            "cuit":  "20056977415",
                                            "telefono":  "",
                                            "rubro":  "Yerba Mate"
                                        },
                         "type":  "Feature",
                         "geometry":  {
                                          "coordinates":  [
                                                              -57.8869739,
                                                              -29.0177384
                                                          ],
                                          "type":  "Point"
                                      }
                     },
                     {
                         "properties":  {
                                            "cliente":  "YVACIUTA PEDRO",
                                            "AFIP":  "ok",
                                            "Estado AFIP":  "ok",
                                            "direccion":  "TRANSITO COCO MAROLA 2544",
                                            "Base":  "Listados Corrientes",
                                            "localidad":  "GOB. ING. V. VIRASORO",
                                            "provincia":  "CORRIENTES",
                                            "CRM":  "NO",
                                            "cuit":  "20056977415",
                                            "telefono":  "",
                                            "rubro":  "Yerba Mate"
                                        },
                         "type":  "Feature",
                         "geometry":  {
                                          "coordinates":  [
                                                              -57.8869739,
                                                              -29.0177384
                                                          ],
                                          "type":  "Point"
                                      }
                     },
                     {
                         "properties":  {
                                            "cliente":  "FESTEY JUAN",
                                            "AFIP":  "ok",
                                            "Estado AFIP":  "ok",
                                            "direccion":  "BONPLAND 179",
                                            "Base":  "Listados Corrientes",
                                            "localidad":  "GOB. ING. V. VIRASORO",
                                            "provincia":  "CORRIENTES",
                                            "CRM":  "NO",
                                            "cuit":  "20056951025",
                                            "telefono":  "",
                                            "rubro":  "Yerba Mate"
                                        },
                         "type":  "Feature",
                         "geometry":  {
                                          "coordinates":  [
                                                              -57.8869739,
                                                              -29.0177384
                                                          ],
                                          "type":  "Point"
                                      }
                     },
                     {
                         "properties":  {
                                            "cliente":  "BIEN ADOLFO LUIS",
                                            "AFIP":  "ok",
                                            "Estado AFIP":  "ok",
                                            "direccion":  "LOTE 68",
                                            "Base":  "Listados Corrientes",
                                            "localidad":  "COLONIA LIEBIG\u0027S",
                                            "provincia":  "CORRIENTES",
                                            "CRM":  "NO",
                                            "cuit":  "20056743201",
                                            "telefono":  "",
                                            "rubro":  "Yerba Mate"
                                        },
                         "type":  "Feature",
                         "geometry":  {
                                          "coordinates":  [
                                                              -55.8244311,
                                                              -27.9133623
                                                          ],
                                          "type":  "Point"
                                      }
                     },
                     {
                         "properties":  {
                                            "cliente":  "KRAINSKI RAMON",
                                            "AFIP":  "ok",
                                            "Estado AFIP":  "ok",
                                            "direccion":  "KM 517",
                                            "Base":  "Listados Corrientes",
                                            "localidad":  "COLONIA LIEBIG\u0027S",
                                            "provincia":  "CORRIENTES",
                                            "CRM":  "NO",
                                            "cuit":  "20056695037",
                                            "telefono":  "",
                                            "rubro":  "Yerba Mate"
                                        },
                         "type":  "Feature",
                         "geometry":  {
                                          "coordinates":  [
                                                              -55.8244311,
                                                              -27.9133623
                                                          ],
                                          "type":  "Point"
                                      }
                     },
                     {
                         "properties":  {
                                            "cliente":  "SOHNLE ALBERTO ERNESTO",
                                            "AFIP":  "ok",
                                            "Estado AFIP":  "ok",
                                            "direccion":  "AV. SAN MARTIN 0",
                                            "Base":  "Listados Corrientes",
                                            "localidad":  "COLONIA LIEBIG\u0027S",
                                            "provincia":  "CORRIENTES",
                                            "CRM":  "NO",
                                            "cuit":  "20056665499",
                                            "telefono":  "",
                                            "rubro":  "Yerba Mate"
                                        },
                         "type":  "Feature",
                         "geometry":  {
                                          "coordinates":  [
                                                              -55.8244311,
                                                              -27.9133623
                                                          ],
                                          "type":  "Point"
                                      }
                     },
                     {
                         "properties":  {
                                            "cliente":  "KOWACZ LUIS LORENZO",
                                            "AFIP":  "ok",
                                            "Estado AFIP":  "ok",
                                            "direccion":  "COLONIA LIEBIG CTES 0",
                                            "Base":  "Listados Corrientes",
                                            "localidad":  "COLONIA LIEBIG\u0027S",
                                            "provincia":  "CORRIENTES",
                                            "CRM":  "NO",
                                            "cuit":  "20056641174",
                                            "telefono":  "",
                                            "rubro":  "Yerba Mate"
                                        },
                         "type":  "Feature",
                         "geometry":  {
                                          "coordinates":  [
                                                              -55.8244311,
                                                              -27.9133623
                                                          ],
                                          "type":  "Point"
                                      }
                     },
                     {
                         "properties":  {
                                            "cliente":  "KAMMERER FEDERICO GERMAN",
                                            "AFIP":  "ok",
                                            "Estado AFIP":  "ok",
                                            "direccion":  "AV SAN MARTIN 0",
                                            "Base":  "Listados Corrientes",
                                            "localidad":  "COLONIA LIEBIG\u0027S",
                                            "provincia":  "CORRIENTES",
                                            "CRM":  "NO",
                                            "cuit":  "20056473166",
                                            "telefono":  "",
                                            "rubro":  "Yerba Mate"
                                        },
                         "type":  "Feature",
                         "geometry":  {
                                          "coordinates":  [
                                                              -55.8244311,
                                                              -27.9133623
                                                          ],
                                          "type":  "Point"
                                      }
                     },
                     {
                         "properties":  {
                                            "cliente":  "KAMMERER FEDERICO GERMAN",
                                            "AFIP":  "ok",
                                            "Estado AFIP":  "ok",
                                            "direccion":  "AV SAN MARTIN 0",
                                            "Base":  "Listados Corrientes",
                                            "localidad":  "COLONIA LIEBIG\u0027S",
                                            "provincia":  "CORRIENTES",
                                            "CRM":  "NO",
                                            "cuit":  "20056473166",
                                            "telefono":  "",
                                            "rubro":  "Yerba Mate"
                                        },
                         "type":  "Feature",
                         "geometry":  {
                                          "coordinates":  [
                                                              -55.8244311,
                                                              -27.9133623
                                                          ],
                                          "type":  "Point"
                                      }
                     },
                     {
                         "properties":  {
                                            "cliente":  "KAMMERER FEDERICO GERMAN",
                                            "AFIP":  "ok",
                                            "Estado AFIP":  "ok",
                                            "direccion":  "AV SAN MARTIN 0",
                                            "Base":  "Listados Corrientes",
                                            "localidad":  "COLONIA LIEBIG\u0027S",
                                            "provincia":  "CORRIENTES",
                                            "CRM":  "NO",
                                            "cuit":  "20056473166",
                                            "telefono":  "",
                                            "rubro":  "Yerba Mate"
                                        },
                         "type":  "Feature",
                         "geometry":  {
                                          "coordinates":  [
                                                              -55.8244311,
                                                              -27.9133623
                                                          ],
                                          "type":  "Point"
                                      }
                     },
                     {
                         "properties":  {
                                            "cliente":  "STVASS ALFREDO",
                                            "AFIP":  "ok",
                                            "Estado AFIP":  "ok",
                                            "direccion":  "LOTE AGRICOLA 190",
                                            "Base":  "Listados Corrientes",
                                            "localidad":  "COLONIA LIEBIG\u0027S",
                                            "provincia":  "CORRIENTES",
                                            "CRM":  "NO",
                                            "cuit":  "20056377884",
                                            "telefono":  "",
                                            "rubro":  "Yerba Mate"
                                        },
                         "type":  "Feature",
                         "geometry":  {
                                          "coordinates":  [
                                                              -55.8244311,
                                                              -27.9133623
                                                          ],
                                          "type":  "Point"
                                      }
                     },
                     {
                         "properties":  {
                                            "cliente":  "SUCESION DE MEJALENKO PABLO",
                                            "AFIP":  "ok",
                                            "Estado AFIP":  "ok",
                                            "direccion":  "ITALIA Y BOLIVIA 311 Dpto:1",
                                            "Base":  "Listados Corrientes",
                                            "localidad":  "APOSTOLES",
                                            "provincia":  "MISIONES",
                                            "CRM":  "NO",
                                            "cuit":  "20033629088",
                                            "telefono":  "",
                                            "rubro":  "Cítricos"
                                        },
                         "type":  "Feature",
                         "geometry":  {
                                          "coordinates":  [
                                                              -55.7549174,
                                                              -27.9139657
                                                          ],
                                          "type":  "Point"
                                      }
                     }
                 ],
    "type":  "FeatureCollection"
}
