{
  "type": "FeatureCollection",
  "features": [
    {
      "type": "Feature",
      "properties": {
        "nombre": "Aarón Castellanos",
        "provincia": "Santa Fe",
        "cuit": "30674769675",
        "sucursal": "FUERA ADR",
        "maquinas": ""
      },
      "geometry": {
        "type": "Point",
        "coordinates": [
          -60.719191456454084,
          -31.680358640605977
        ]
      }
    },
    {
      "type": "Feature",
      "properties": {
        "nombre": "Acebal",
        "provincia": "Santa Fe",
        "cuit": "30677473572",
        "sucursal": "ROSARIO",
        "maquinas": ""
      },
      "geometry": {
        "type": "Point",
        "coordinates": [
          -60.653422926776535,
          -31.681791091190462
        ]
      }
    },
    {
      "type": "Feature",
      "properties": {
        "nombre": "Aguará Grande",
        "provincia": "Santa Fe",
        "cuit": "30674277748",
        "sucursal": "CERES",
        "maquinas": ""
      },
      "geometry": {
        "type": "Point",
        "coordinates": [
          -60.67983866028319,
          -31.627260956975277
        ]
      }
    },
    {
      "type": "Feature",
      "properties": {
        "nombre": "Albarellos",
        "provincia": "Santa Fe",
        "cuit": "30651291220",
        "sucursal": "FUERA ADR",
        "maquinas": ""
      },
      "geometry": {
        "type": "Point",
        "coordinates": [
          -60.65223250081916,
          -31.60139930204615
        ]
      }
    },
    {
      "type": "Feature",
      "properties": {
        "nombre": "Alcorta",
        "provincia": "Santa Fe",
        "cuit": "30677482202",
        "sucursal": "FUERA ADR",
        "maquinas": ""
      },
      "geometry": {
        "type": "Point",
        "coordinates": [
          -60.723634065842454,
          -31.657149845914905
        ]
      }
    },
    {
      "type": "Feature",
      "properties": {
        "nombre": "Aldao",
        "provincia": "Santa Fe",
        "cuit": "30999079896",
        "sucursal": "TOTORAS",
        "maquinas": ""
      },
      "geometry": {
        "type": "Point",
        "coordinates": [
          -60.74043206339345,
          -31.629415250745748
        ]
      }
    },
    {
      "type": "Feature",
      "properties": {
        "nombre": "Alejandra",
        "provincia": "Santa Fe",
        "cuit": "30674337805",
        "sucursal": "SAN JUSTO",
        "maquinas": "TRACTORES-JOHN DEERE-5065E | DESENCONTRADA-GENOVESE-DESENGENO | DESENCONTRADA-GENOVESE-DESENGENO | DESMALEZADORAS-SPANGHERO-YAGO - SPANGHERO | DESMALEZADORAS-SPANGHERO-YAGO - SPANGHERO | EXCAVADORAS-OTRA MARCA-OTRO | MOTONIVELADORAS-OTRA MARCA-OTRO | "
      },
      "geometry": {
        "type": "Point",
        "coordinates": [
          -60.72728242036055,
          -31.63974647555711
        ]
      }
    },
    {
      "type": "Feature",
      "properties": {
        "nombre": "Álvarez",
        "provincia": "Santa Fe",
        "cuit": "nan",
        "sucursal": "CAÑADA DE GOMEZ",
        "maquinas": ""
      },
      "geometry": {
        "type": "Point",
        "coordinates": [
          -60.725667624809105,
          -31.62628514027053
        ]
      }
    },
    {
      "type": "Feature",
      "properties": {
        "nombre": "Alvear",
        "provincia": "Santa Fe",
        "cuit": "30677485589",
        "sucursal": "FUERA ADR",
        "maquinas": "RETROEXCAVADORAS-JOHN DEERE-310L | MOTONIVELADORAS-JOHN DEERE-670D | "
      },
      "geometry": {
        "type": "Point",
        "coordinates": [
          -60.652689992796255,
          -31.60853134039532
        ]
      }
    },
    {
      "type": "Feature",
      "properties": {
        "nombre": "Ambrosetti",
        "provincia": "Santa Fe",
        "cuit": "30674245463",
        "sucursal": "CERES",
        "maquinas": ""
      },
      "geometry": {
        "type": "Point",
        "coordinates": [
          -60.72191723988988,
          -31.583763626943185
        ]
      }
    },
    {
      "type": "Feature",
      "properties": {
        "nombre": "Amenábar",
        "provincia": "Santa Fe",
        "cuit": "30674768997",
        "sucursal": "FUERA ADR",
        "maquinas": ""
      },
      "geometry": {
        "type": "Point",
        "coordinates": [
          -60.66953061610851,
          -31.593322944547445
        ]
      }
    },
    {
      "type": "Feature",
      "properties": {
        "nombre": "Angélica",
        "provincia": "Santa Fe",
        "cuit": "30999186315",
        "sucursal": "FUERA ADR",
        "maquinas": ""
      },
      "geometry": {
        "type": "Point",
        "coordinates": [
          -60.66315764005006,
          -31.652027451819073
        ]
      }
    },
    {
      "type": "Feature",
      "properties": {
        "nombre": "Angeloni",
        "provincia": "Santa Fe",
        "cuit": "30678407662",
        "sucursal": "SAN JUSTO",
        "maquinas": "MOTONIVELADORAS-VOLVO-G940 | MOTONIVELADORAS-OTRA MARCA-OTRO | RETROEXCAVADORAS-CAT-416 | EXCAVADORAS-VOLVO-EC200D | DESENCONTRADA-OTRA MARCA-OTRO | TRACTORES-PAUNY-210A | "
      },
      "geometry": {
        "type": "Point",
        "coordinates": [
          -60.69147071736619,
          -31.655423845429535
        ]
      }
    },
    {
      "type": "Feature",
      "properties": {
        "nombre": "Arequito",
        "provincia": "Santa Fe",
        "cuit": "33673980819",
        "sucursal": "CAÑADA DE GOMEZ",
        "maquinas": "RETROEXCAVADORAS-MASSEY FERGUSON-OTRO | MINICARGADORAS-OTRA MARCA-OTRO | "
      },
      "geometry": {
        "type": "Point",
        "coordinates": [
          -60.71594903110067,
          -31.58499312887483
        ]
      }
    },
    {
      "type": "Feature",
      "properties": {
        "nombre": "Arminda",
        "provincia": "Santa Fe",
        "cuit": "nan",
        "sucursal": "FUERA ADR",
        "maquinas": ""
      },
      "geometry": {
        "type": "Point",
        "coordinates": [
          -60.708402909748166,
          -31.597909139133726
        ]
      }
    },
    {
      "type": "Feature",
      "properties": {
        "nombre": "Arocena",
        "provincia": "Santa Fe",
        "cuit": "30999017386",
        "sucursal": "FUERA ADR",
        "maquinas": ""
      },
      "geometry": {
        "type": "Point",
        "coordinates": [
          -60.681953064004844,
          -31.601862377802277
        ]
      }
    },
    {
      "type": "Feature",
      "properties": {
        "nombre": "Arroyo Aguiar",
        "provincia": "Santa Fe",
        "cuit": "30674589472",
        "sucursal": "SAN JUSTO",
        "maquinas": "TRACTORES-JOHN DEERE-5065E | "
      },
      "geometry": {
        "type": "Point",
        "coordinates": [
          -60.661687444429546,
          -31.67654790098693
        ]
      }
    },
    {
      "type": "Feature",
      "properties": {
        "nombre": "Arroyo Ceibal",
        "provincia": "Santa Fe",
        "cuit": "30674369634",
        "sucursal": "AVELLANEDA",
        "maquinas": "TRACTORES-JOHN DEERE-5705 | "
      },
      "geometry": {
        "type": "Point",
        "coordinates": [
          -60.676227518548835,
          -31.627470908851972
        ]
      }
    },
    {
      "type": "Feature",
      "properties": {
        "nombre": "Arroyo Leyes",
        "provincia": "Santa Fe",
        "cuit": "30674576540",
        "sucursal": "SAN JUSTO",
        "maquinas": "TRACTORES-JOHN DEERE-5065 | TRACTORES-JOHN DEERE-5045E | TRACTORES-JOHN DEERE-5045E | TRACTORES-JOHN DEERE-5075E | DESMALEZADORAS-SPANGHERO-YAGO - SPANGHERO | DESMALEZADORAS-SPANGHERO-YAGO - SPANGHERO | DESENCONTRADA-POWEROAD-DESC80PW | DESENCONTRADA-POWEROAD-DESC80PW | MOTONIVELADORAS-OTRA MARCA-OTRO | "
      },
      "geometry": {
        "type": "Point",
        "coordinates": [
          -60.7209722759539,
          -31.646316149178546
        ]
      }
    },
    {
      "type": "Feature",
      "properties": {
        "nombre": "Arroyo Seco",
        "provincia": "Santa Fe",
        "cuit": "30656606742",
        "sucursal": "ROSARIO",
        "maquinas": "RETROEXCAVADORAS-NEW HOLLAND-OTRO | RETROEXCAVADORAS-JOHN DEERE-310L | "
      },
      "geometry": {
        "type": "Point",
        "coordinates": [
          -60.667013842761364,
          -31.5992857864915
        ]
      }
    },
    {
      "type": "Feature",
      "properties": {
        "nombre": "Arrufó",
        "provincia": "Santa Fe",
        "cuit": " 30674249116",
        "sucursal": "CERES",
        "maquinas": ""
      },
      "geometry": {
        "type": "Point",
        "coordinates": [
          -60.69471945099339,
          -31.6030861530909
        ]
      }
    },
    {
      "type": "Feature",
      "properties": {
        "nombre": "Arteaga",
        "provincia": "Santa Fe",
        "cuit": "30999080290",
        "sucursal": "FUERA ADR",
        "maquinas": ""
      },
      "geometry": {
        "type": "Point",
        "coordinates": [
          -60.69447742987986,
          -31.59957441404826
        ]
      }
    },
    {
      "type": "Feature",
      "properties": {
        "nombre": "Ataliva",
        "provincia": "Santa Fe",
        "cuit": "30674287220",
        "sucursal": "FUERA ADR",
        "maquinas": "TRACTORES-JOHN DEERE-2530 | RETROEXCAVADORAS-JOHN DEERE-310L | "
      },
      "geometry": {
        "type": "Point",
        "coordinates": [
          -60.68674578546263,
          -31.611552547311426
        ]
      }
    },
    {
      "type": "Feature",
      "properties": {
        "nombre": "Aurelia",
        "provincia": "Santa Fe",
        "cuit": "nan",
        "sucursal": "FUERA ADR",
        "maquinas": ""
      },
      "geometry": {
        "type": "Point",
        "coordinates": [
          -60.68351522732034,
          -31.682860357807183
        ]
      }
    },
    {
      "type": "Feature",
      "properties": {
        "nombre": "Barrancas",
        "provincia": "Santa Fe",
        "cuit": "nan",
        "sucursal": "TOTORAS",
        "maquinas": ""
      },
      "geometry": {
        "type": "Point",
        "coordinates": [
          -60.66060878641795,
          -31.63004590796618
        ]
      }
    },
    {
      "type": "Feature",
      "properties": {
        "nombre": "Bauer y Sigel",
        "provincia": "Santa Fe",
        "cuit": "30674278043",
        "sucursal": "FUERA ADR",
        "maquinas": ""
      },
      "geometry": {
        "type": "Point",
        "coordinates": [
          -60.688552668749516,
          -31.603786890395874
        ]
      }
    },
    {
      "type": "Feature",
      "properties": {
        "nombre": "Bella Italia",
        "provincia": "Santa Fe",
        "cuit": "30674288529",
        "sucursal": "FUERA ADR",
        "maquinas": ""
      },
      "geometry": {
        "type": "Point",
        "coordinates": [
          -60.66269388459187,
          -31.657621414979765
        ]
      }
    },
    {
      "type": "Feature",
      "properties": {
        "nombre": "Berabevú",
        "provincia": "Santa Fe",
        "cuit": "nan",
        "sucursal": "FUERA ADR",
        "maquinas": ""
      },
      "geometry": {
        "type": "Point",
        "coordinates": [
          -60.703433208491155,
          -31.603750400997978
        ]
      }
    },
    {
      "type": "Feature",
      "properties": {
        "nombre": "Berna",
        "provincia": "Santa Fe",
        "cuit": "30674372635",
        "sucursal": "AVELLANEDA",
        "maquinas": "TRACTORES-JOHN DEERE-5065 | "
      },
      "geometry": {
        "type": "Point",
        "coordinates": [
          -60.67870276042787,
          -31.629969764163153
        ]
      }
    },
    {
      "type": "Feature",
      "properties": {
        "nombre": "Bernardo de Irigoyen",
        "provincia": "Santa Fe",
        "cuit": "nan",
        "sucursal": "FUERA ADR",
        "maquinas": "TRACTORES-MASSEY FERGUSON-OTRO | TRACTORES-APACHE-OTRO | TRACTORES-PAUNY-OTRO | TRACTORES-FIAT-OTRO | MOTONIVELADORAS-CATERPILLAR-OTRO | RETROEXCAVADORAS-NEW HOLLAND-OTRO | "
      },
      "geometry": {
        "type": "Point",
        "coordinates": [
          -60.7026958322531,
          -31.68285801256132
        ]
      }
    },
    {
      "type": "Feature",
      "properties": {
        "nombre": "Bombal",
        "provincia": "Santa Fe",
        "cuit": "30651166272",
        "sucursal": "CAÑADA DE GOMEZ",
        "maquinas": ""
      },
      "geometry": {
        "type": "Point",
        "coordinates": [
          -60.67061451166424,
          -31.658074656297725
        ]
      }
    },
    {
      "type": "Feature",
      "properties": {
        "nombre": "Bouquet",
        "provincia": "Santa Fe",
        "cuit": "30673839866",
        "sucursal": "TOTORAS",
        "maquinas": ""
      },
      "geometry": {
        "type": "Point",
        "coordinates": [
          -60.707759918902454,
          -31.611650906336518
        ]
      }
    },
    {
      "type": "Feature",
      "properties": {
        "nombre": "Bustinza",
        "provincia": "Santa Fe",
        "cuit": "30673851807",
        "sucursal": "CAÑADA DE GOMEZ",
        "maquinas": "RETROEXCAVADORAS-OTRA MARCA-OTRO | "
      },
      "geometry": {
        "type": "Point",
        "coordinates": [
          -60.65032783871827,
          -31.6554460755657
        ]
      }
    },
    {
      "type": "Feature",
      "properties": {
        "nombre": "Cabal",
        "provincia": "Santa Fe",
        "cuit": "30678385545",
        "sucursal": "SAN JUSTO",
        "maquinas": "TRACTORES-JOHN DEERE-5045E | TRACTORES JARDIN-JOHN DEERE-E140 | DESMALEZADORAS-SPANGHERO-YAGO - SPANGHERO | RETROEXCAVADORAS-JOHN DEERE-410L | "
      },
      "geometry": {
        "type": "Point",
        "coordinates": [
          -60.71391563912655,
          -31.595940272608775
        ]
      }
    },
    {
      "type": "Feature",
      "properties": {
        "nombre": "Cacique Ariacaiquin",
        "provincia": "Santa Fe",
        "cuit": "30678429771",
        "sucursal": "SAN JUSTO",
        "maquinas": "TRACTORES-JOHN DEERE-5075E | TRACTORES-JOHN DEERE-5090E | CARGADOR FRONTAL-JOHN DEERE-562 | RETROEXCAVADORAS-OMAR MARTIN-OM1000R | CARGADOR FRONTAL-SPACE-PFSPACE | DESENCONTRADA-OTRA MARCA-OTRO | DESMALEZADORAS-OTRA MARCA-OTRO | MOTONIVELADORAS-OTRA MARCA-OTRO | "
      },
      "geometry": {
        "type": "Point",
        "coordinates": [
          -60.71497513495122,
          -31.673282043640867
        ]
      }
    },
    {
      "type": "Feature",
      "properties": {
        "nombre": "Cafferata",
        "provincia": "Santa Fe",
        "cuit": "30639505533",
        "sucursal": "FUERA ADR",
        "maquinas": ""
      },
      "geometry": {
        "type": "Point",
        "coordinates": [
          -60.6699533069948,
          -31.638808896403525
        ]
      }
    },
    {
      "type": "Feature",
      "properties": {
        "nombre": "Campo Andino",
        "provincia": "Santa Fe",
        "cuit": "33678359209",
        "sucursal": "SAN JUSTO",
        "maquinas": "TRACTORES JARDIN-JOHN DEERE-JARDIN D130 | RETROEXCAVADORAS-JOHN DEERE-310L | TRACTORES-JOHN DEERE-5075E | DESMALEZADORAS-SPANGHERO-YAGO - SPANGHERO | "
      },
      "geometry": {
        "type": "Point",
        "coordinates": [
          -60.70363502499799,
          -31.661751768781826
        ]
      }
    },
    {
      "type": "Feature",
      "properties": {
        "nombre": "Hardy",
        "provincia": "Santa Fe",
        "cuit": "nan",
        "sucursal": "AVELLANEDA",
        "maquinas": ""
      },
      "geometry": {
        "type": "Point",
        "coordinates": [
          -60.74339271681284,
          -31.624980824542792
        ]
      }
    },
    {
      "type": "Feature",
      "properties": {
        "nombre": "Campo Piaggio",
        "provincia": "Santa Fe",
        "cuit": "33999028859",
        "sucursal": "FUERA ADR",
        "maquinas": ""
      },
      "geometry": {
        "type": "Point",
        "coordinates": [
          -60.73223330201471,
          -31.645138843609605
        ]
      }
    },
    {
      "type": "Feature",
      "properties": {
        "nombre": "Candioti",
        "provincia": "Santa Fe",
        "cuit": "33678398549",
        "sucursal": "SAN JUSTO",
        "maquinas": "TRACTORES-JOHN DEERE-5075E | "
      },
      "geometry": {
        "type": "Point",
        "coordinates": [
          -60.71071863718318,
          -31.58988939827424
        ]
      }
    },
    {
      "type": "Feature",
      "properties": {
        "nombre": "Cañada de Gomez",
        "provincia": "Santa Fe",
        "cuit": "30648599966",
        "sucursal": "CAÑADA DE GOMEZ",
        "maquinas": "RETROEXCAVADORAS-JOHN DEERE-310J | MINICARGADORAS-BOBCAT-S450 | RETROEXCAVADORAS-JCB-4CX | RETROEXCAVADORAS-JOHN DEERE-310J | "
      },
      "geometry": {
        "type": "Point",
        "coordinates": [
          -60.66929872411105,
          -31.66513133509101
        ]
      }
    },
    {
      "type": "Feature",
      "properties": {
        "nombre": "Cañada del Ucle",
        "provincia": "Santa Fe",
        "cuit": "nan",
        "sucursal": "FUERA ADR",
        "maquinas": ""
      },
      "geometry": {
        "type": "Point",
        "coordinates": [
          -60.688990121707484,
          -31.649421582939024
        ]
      }
    },
    {
      "type": "Feature",
      "properties": {
        "nombre": "Cañada Ombu",
        "provincia": "Santa Fe",
        "cuit": "30674369944",
        "sucursal": "AVELLANEDA",
        "maquinas": "TRACTORES-JOHN DEERE-3420 | "
      },
      "geometry": {
        "type": "Point",
        "coordinates": [
          -60.67940967826888,
          -31.621391931043192
        ]
      }
    },
    {
      "type": "Feature",
      "properties": {
        "nombre": "Cañada Rica",
        "provincia": "Santa Fe",
        "cuit": "nan",
        "sucursal": "FUERA ADR",
        "maquinas": ""
      },
      "geometry": {
        "type": "Point",
        "coordinates": [
          -60.729691037828,
          -31.63308230155872
        ]
      }
    },
    {
      "type": "Feature",
      "properties": {
        "nombre": "Cañada Rosquin",
        "provincia": "Santa Fe",
        "cuit": "33627328139",
        "sucursal": "CARLOS PELLEGRINI",
        "maquinas": ""
      },
      "geometry": {
        "type": "Point",
        "coordinates": [
          -60.65815290973518,
          -31.5945111077919
        ]
      }
    },
    {
      "type": "Feature",
      "properties": {
        "nombre": "Capivara",
        "provincia": "Santa Fe",
        "cuit": "nan",
        "sucursal": "CERES",
        "maquinas": ""
      },
      "geometry": {
        "type": "Point",
        "coordinates": [
          -60.65243788391726,
          -31.650319228130467
        ]
      }
    },
    {
      "type": "Feature",
      "properties": {
        "nombre": "Carlos Pellegrini",
        "provincia": "Santa Fe",
        "cuit": "30674645402",
        "sucursal": "CARLOS PELLEGRINI",
        "maquinas": ""
      },
      "geometry": {
        "type": "Point",
        "coordinates": [
          -60.68553835209451,
          -31.64231983600476
        ]
      }
    },
    {
      "type": "Feature",
      "properties": {
        "nombre": "Carmen",
        "provincia": "Santa Fe",
        "cuit": "nan",
        "sucursal": "FUERA ADR",
        "maquinas": ""
      },
      "geometry": {
        "type": "Point",
        "coordinates": [
          -60.735701860778555,
          -31.5979837421255
        ]
      }
    },
    {
      "type": "Feature",
      "properties": {
        "nombre": "Carmen del Sauce",
        "provincia": "Santa Fe",
        "cuit": "nan",
        "sucursal": "ROSARIO",
        "maquinas": ""
      },
      "geometry": {
        "type": "Point",
        "coordinates": [
          -60.66566824520648,
          -31.64076668176453
        ]
      }
    },
    {
      "type": "Feature",
      "properties": {
        "nombre": "Carreras",
        "provincia": "Santa Fe",
        "cuit": "nan",
        "sucursal": "FUERA ADR",
        "maquinas": ""
      },
      "geometry": {
        "type": "Point",
        "coordinates": [
          -60.703240133123856,
          -31.593121966785144
        ]
      }
    },
    {
      "type": "Feature",
      "properties": {
        "nombre": "CARRIZALES ESTACION CLARKE",
        "provincia": "Santa Fe",
        "cuit": "30673851114",
        "sucursal": "TOTORAS",
        "maquinas": "RETROEXCAVADORAS-MASSEY FERGUSON-OTRO | "
      },
      "geometry": {
        "type": "Point",
        "coordinates": [
          -60.67492275789704,
          -31.661456331714007
        ]
      }
    },
    {
      "type": "Feature",
      "properties": {
        "nombre": "Casalegno",
        "provincia": "Santa Fe",
        "cuit": "nan",
        "sucursal": "TOTORAS",
        "maquinas": ""
      },
      "geometry": {
        "type": "Point",
        "coordinates": [
          -60.70753647761805,
          -31.677760927101126
        ]
      }
    },
    {
      "type": "Feature",
      "properties": {
        "nombre": "Casas",
        "provincia": "Santa Fe",
        "cuit": "30999020077",
        "sucursal": "CARLOS PELLEGRINI",
        "maquinas": "RETROEXCAVADORAS-JOHN DEERE-OTRO | "
      },
      "geometry": {
        "type": "Point",
        "coordinates": [
          -60.67920634811581,
          -31.628463287640884
        ]
      }
    },
    {
      "type": "Feature",
      "properties": {
        "nombre": "Castelar",
        "provincia": "Santa Fe",
        "cuit": "nan",
        "sucursal": "FUERA ADR",
        "maquinas": ""
      },
      "geometry": {
        "type": "Point",
        "coordinates": [
          -60.689819527695676,
          -31.61824442339061
        ]
      }
    },
    {
      "type": "Feature",
      "properties": {
        "nombre": "Aarón Castellanos",
        "provincia": "Santa Fe",
        "cuit": "30674769675",
        "sucursal": "FUERA ADR",
        "maquinas": ""
      },
      "geometry": {
        "type": "Point",
        "coordinates": [
          -60.70944431688359,
          -31.60878592498412
        ]
      }
    },
    {
      "type": "Feature",
      "properties": {
        "nombre": "Cayasta",
        "provincia": "Santa Fe",
        "cuit": "30678354186",
        "sucursal": "SAN JUSTO",
        "maquinas": "TRACTORES-JOHN DEERE-5600 | TRACTORES-JOHN DEERE-5065 | DESENCONTRADA-OTRA MARCA-OTRO | DESENCONTRADA-OTRA MARCA-OTRO | MOTONIVELADORAS-OTRA MARCA-OTRO | TRACTORES-DEUTZ-FAHR-OTRO | TRACTORES-DEUTZ-FAHR-OTRO | TRACTORES-DEUTZ-FAHR-OTRO | RETROEXCAVADORAS-JOHN DEERE-310L | "
      },
      "geometry": {
        "type": "Point",
        "coordinates": [
          -60.74901392637416,
          -31.672576849347713
        ]
      }
    },
    {
      "type": "Feature",
      "properties": {
        "nombre": "Cayastacito",
        "provincia": "Santa Fe",
        "cuit": "30678364971",
        "sucursal": "SAN JUSTO",
        "maquinas": "TRACTORES-JOHN DEERE-5075E | TRACTORES-FIAT-400 | TRACTORES-FIAT-900 | TANQUE DE COMBUSTIBLE-OTRA MARCA-OTRO | RETROEXCAVADORAS-JOHN DEERE-310 | CORTADORA DE PASTO-OTRA MARCA-OTRO | CORTADORA DE PASTO-OTRA MARCA-OTRO | DESENCONTRADA-OTRA MARCA-OTRO | DESENCONTRADA-OTRA MARCA-OTRO | DESMALEZADORAS-OTRA MARCA-OTRO | PALA DE ARRASTRE-OTRA MARCA-OTRO | RETROEXCAVADORAS-JOHN DEERE-310K | "
      },
      "geometry": {
        "type": "Point",
        "coordinates": [
          -60.69060120393201,
          -31.66442727344861
        ]
      }
    },
    {
      "type": "Feature",
      "properties": {
        "nombre": "Centeno",
        "provincia": "Santa Fe",
        "cuit": "30999015855",
        "sucursal": "TOTORAS",
        "maquinas": "RETROEXCAVADORAS-JOHN DEERE-310L | RETROEXCAVADORAS-CASE-Retro | MOTONIVELADORAS-OTRA MARCA-OTRO | TRACTORES-CASE-Farmall JXM75 | TRACTORES-CASE-Farmall JXM75 | "
      },
      "geometry": {
        "type": "Point",
        "coordinates": [
          -60.66911446325192,
          -31.61722474376583
        ]
      }
    },
    {
      "type": "Feature",
      "properties": {
        "nombre": "Cepeda",
        "provincia": "Santa Fe",
        "cuit": "nan",
        "sucursal": "FUERA ADR",
        "maquinas": ""
      },
      "geometry": {
        "type": "Point",
        "coordinates": [
          -60.696405534845645,
          -31.602991912343292
        ]
      }
    },
    {
      "type": "Feature",
      "properties": {
        "nombre": "Chabas",
        "provincia": "Santa Fe",
        "cuit": "nan",
        "sucursal": "FUERA ADR",
        "maquinas": ""
      },
      "geometry": {
        "type": "Point",
        "coordinates": [
          -60.67945435130951,
          -31.584988643596404
        ]
      }
    },
    {
      "type": "Feature",
      "properties": {
        "nombre": "Chañar Ladeado",
        "provincia": "Santa Fe",
        "cuit": "33999128489",
        "sucursal": "FUERA ADR",
        "maquinas": ""
      },
      "geometry": {
        "type": "Point",
        "coordinates": [
          -60.67032195274967,
          -31.658485818418562
        ]
      }
    },
    {
      "type": "Feature",
      "properties": {
        "nombre": "Chapuy",
        "provincia": "Santa Fe",
        "cuit": "30674765920",
        "sucursal": "FUERA ADR",
        "maquinas": ""
      },
      "geometry": {
        "type": "Point",
        "coordinates": [
          -60.686279227012385,
          -31.619152470562042
        ]
      }
    },
    {
      "type": "Feature",
      "properties": {
        "nombre": "Chovet",
        "provincia": "Santa Fe",
        "cuit": "nan",
        "sucursal": "FUERA ADR",
        "maquinas": ""
      },
      "geometry": {
        "type": "Point",
        "coordinates": [
          -60.6668630867478,
          -31.613464846085126
        ]
      }
    },
    {
      "type": "Feature",
      "properties": {
        "nombre": "Christophersen",
        "provincia": "Santa Fe",
        "cuit": "nan",
        "sucursal": "FUERA ADR",
        "maquinas": ""
      },
      "geometry": {
        "type": "Point",
        "coordinates": [
          -60.66973580454766,
          -31.6508964347493
        ]
      }
    },
    {
      "type": "Feature",
      "properties": {
        "nombre": "Clason",
        "provincia": "Santa Fe",
        "cuit": "30673863058",
        "sucursal": "TOTORAS",
        "maquinas": "TRACTORES-FIAT-SOMECA 55 | "
      },
      "geometry": {
        "type": "Point",
        "coordinates": [
          -60.687458042713644,
          -31.61772754246538
        ]
      }
    },
    {
      "type": "Feature",
      "properties": {
        "nombre": "Colonia Ana",
        "provincia": "Santa Fe",
        "cuit": "nan",
        "sucursal": "CERES",
        "maquinas": ""
      },
      "geometry": {
        "type": "Point",
        "coordinates": [
          -60.677237853026725,
          -31.662173110878683
        ]
      }
    },
    {
      "type": "Feature",
      "properties": {
        "nombre": "Colonia Belgrano",
        "provincia": "Santa Fe",
        "cuit": "nan",
        "sucursal": "CARLOS PELLEGRINI",
        "maquinas": ""
      },
      "geometry": {
        "type": "Point",
        "coordinates": [
          -60.73396786597659,
          -31.608993484330878
        ]
      }
    },
    {
      "type": "Feature",
      "properties": {
        "nombre": "Colonia Bicha",
        "provincia": "Santa Fe",
        "cuit": "30684411043",
        "sucursal": "FUERA ADR",
        "maquinas": ""
      },
      "geometry": {
        "type": "Point",
        "coordinates": [
          -60.72366382947826,
          -31.66968657480647
        ]
      }
    },
    {
      "type": "Feature",
      "properties": {
        "nombre": "Bigand",
        "provincia": "Santa Fe",
        "cuit": "30677475486",
        "sucursal": "CAÑADA DE GOMEZ",
        "maquinas": ""
      },
      "geometry": {
        "type": "Point",
        "coordinates": [
          -60.653914817530065,
          -31.65443025508662
        ]
      }
    },
    {
      "type": "Feature",
      "properties": {
        "nombre": "Colonia Bossi",
        "provincia": "Santa Fe",
        "cuit": "nan",
        "sucursal": "CERES",
        "maquinas": ""
      },
      "geometry": {
        "type": "Point",
        "coordinates": [
          -60.73762113237873,
          -31.5908062946478
        ]
      }
    },
    {
      "type": "Feature",
      "properties": {
        "nombre": "Colonia Cavour",
        "provincia": "Santa Fe",
        "cuit": "nan",
        "sucursal": "SAN JUSTO",
        "maquinas": ""
      },
      "geometry": {
        "type": "Point",
        "coordinates": [
          -60.744933921786085,
          -31.674488840805257
        ]
      }
    },
    {
      "type": "Feature",
      "properties": {
        "nombre": "Colonia Cello",
        "provincia": "Santa Fe",
        "cuit": "nan",
        "sucursal": "FUERA ADR",
        "maquinas": ""
      },
      "geometry": {
        "type": "Point",
        "coordinates": [
          -60.70316063463716,
          -31.66619419342109
        ]
      }
    },
    {
      "type": "Feature",
      "properties": {
        "nombre": "Colonia Clara",
        "provincia": "Santa Fe",
        "cuit": "nan",
        "sucursal": "CERES",
        "maquinas": ""
      },
      "geometry": {
        "type": "Point",
        "coordinates": [
          -60.70044546948606,
          -31.65537314713015
        ]
      }
    },
    {
      "type": "Feature",
      "properties": {
        "nombre": "Colonia Dolores",
        "provincia": "Santa Fe",
        "cuit": "33686934069",
        "sucursal": "SAN JUSTO",
        "maquinas": "TRACTORES-JOHN DEERE-5065E | "
      },
      "geometry": {
        "type": "Point",
        "coordinates": [
          -60.71456394614549,
          -31.602845899358325
        ]
      }
    },
    {
      "type": "Feature",
      "properties": {
        "nombre": "Dos Rosas y La Legua",
        "provincia": "Santa Fe",
        "cuit": "33684352429",
        "sucursal": "MORTEROS",
        "maquinas": ""
      },
      "geometry": {
        "type": "Point",
        "coordinates": [
          -60.71580764801715,
          -31.665200096922305
        ]
      }
    },
    {
      "type": "Feature",
      "properties": {
        "nombre": "Duran",
        "provincia": "Santa Fe",
        "cuit": "30674356257",
        "sucursal": "SAN JUSTO",
        "maquinas": "TRACTORES-JOHN DEERE-5725 | TRACTORES-JOHN DEERE-5090E | RETROEXCAVADORAS-JOHN DEERE-310J | TRACTORES-JOHN DEERE-5090E | "
      },
      "geometry": {
        "type": "Point",
        "coordinates": [
          -60.66906952960435,
          -31.593405158010658
        ]
      }
    },
    {
      "type": "Feature",
      "properties": {
        "nombre": "Esther",
        "provincia": "Santa Fe",
        "cuit": "nan",
        "sucursal": "SAN JUSTO",
        "maquinas": ""
      },
      "geometry": {
        "type": "Point",
        "coordinates": [
          -60.6850990615147,
          -31.675278363809053
        ]
      }
    },
    {
      "type": "Feature",
      "properties": {
        "nombre": "Colonia Iturraspe",
        "provincia": "Santa Fe",
        "cuit": "30674323812",
        "sucursal": "FUERA ADR",
        "maquinas": ""
      },
      "geometry": {
        "type": "Point",
        "coordinates": [
          -60.688144144553576,
          -31.682365579334586
        ]
      }
    },
    {
      "type": "Feature",
      "properties": {
        "nombre": "Colonia Mascias",
        "provincia": "Santa Fe",
        "cuit": "30674557953",
        "sucursal": "SAN JUSTO",
        "maquinas": "TRACTORES-JOHN DEERE-5082E | TRACTORES JARDIN-JOHN DEERE-Z355 | TRACTORES-FIAT-700 E | TRACTORES-FIAT-U 25 | ACOPLADOS-PLEGADOS SAN JUSTO-ACOPLADO 4MTS | "
      },
      "geometry": {
        "type": "Point",
        "coordinates": [
          -60.65570252899134,
          -31.64960417650854
        ]
      }
    },
    {
      "type": "Feature",
      "properties": {
        "nombre": "Colonia Maua",
        "provincia": "Santa Fe",
        "cuit": "nan",
        "sucursal": "SAN JUSTO",
        "maquinas": ""
      },
      "geometry": {
        "type": "Point",
        "coordinates": [
          -60.70723964598843,
          -31.638646263188274
        ]
      }
    },
    {
      "type": "Feature",
      "properties": {
        "nombre": "Colonia Raquel",
        "provincia": "Santa Fe",
        "cuit": "nan",
        "sucursal": "FUERA ADR",
        "maquinas": ""
      },
      "geometry": {
        "type": "Point",
        "coordinates": [
          -60.741241261767264,
          -31.639083234272228
        ]
      }
    },
    {
      "type": "Feature",
      "properties": {
        "nombre": "Colonia Rosa",
        "provincia": "Santa Fe",
        "cuit": "30674280749",
        "sucursal": "CERES",
        "maquinas": ""
      },
      "geometry": {
        "type": "Point",
        "coordinates": [
          -60.68158909683262,
          -31.640452814256616
        ]
      }
    },
    {
      "type": "Feature",
      "properties": {
        "nombre": "Colonia San Jose",
        "provincia": "Santa Fe",
        "cuit": "nan",
        "sucursal": "FUERA ADR",
        "maquinas": ""
      },
      "geometry": {
        "type": "Point",
        "coordinates": [
          -60.72781726386676,
          -31.623383915652315
        ]
      }
    },
    {
      "type": "Feature",
      "properties": {
        "nombre": "Colonia Teresa",
        "provincia": "Santa Fe",
        "cuit": "nan",
        "sucursal": "SAN JUSTO",
        "maquinas": ""
      },
      "geometry": {
        "type": "Point",
        "coordinates": [
          -60.651397830492364,
          -31.65361213306579
        ]
      }
    },
    {
      "type": "Feature",
      "properties": {
        "nombre": "Constanza",
        "provincia": "Santa Fe",
        "cuit": "30674289444",
        "sucursal": "CERES",
        "maquinas": ""
      },
      "geometry": {
        "type": "Point",
        "coordinates": [
          -60.66498612006199,
          -31.624445638862912
        ]
      }
    },
    {
      "type": "Feature",
      "properties": {
        "nombre": "Coronel Arnold",
        "provincia": "Santa Fe",
        "cuit": "30673969557",
        "sucursal": "CAÑADA DE GOMEZ",
        "maquinas": ""
      },
      "geometry": {
        "type": "Point",
        "coordinates": [
          -60.74255636202186,
          -31.631081385702764
        ]
      }
    },
    {
      "type": "Feature",
      "properties": {
        "nombre": "Coronel Bogado",
        "provincia": "Santa Fe",
        "cuit": "30651960459",
        "sucursal": "FUERA ADR",
        "maquinas": "RETROEXCAVADORAS-JOHN DEERE-310L | "
      },
      "geometry": {
        "type": "Point",
        "coordinates": [
          -60.70673096256508,
          -31.656917753982615
        ]
      }
    },
    {
      "type": "Feature",
      "properties": {
        "nombre": "Coronel Fraga",
        "provincia": "Santa Fe",
        "cuit": "30673390338",
        "sucursal": "FUERA ADR",
        "maquinas": ""
      },
      "geometry": {
        "type": "Point",
        "coordinates": [
          -60.733857493988424,
          -31.6192819678815
        ]
      }
    },
    {
      "type": "Feature",
      "properties": {
        "nombre": "Coronel Rodolfo S. Dominguez",
        "provincia": "Santa Fe",
        "cuit": "nan",
        "sucursal": "ROSARIO",
        "maquinas": ""
      },
      "geometry": {
        "type": "Point",
        "coordinates": [
          -60.65061320703279,
          -31.617629598438025
        ]
      }
    },
    {
      "type": "Feature",
      "properties": {
        "nombre": "Correa",
        "provincia": "Santa Fe",
        "cuit": "30999080746",
        "sucursal": "TOTORAS",
        "maquinas": "MOTONIVELADORAS-OTRA MARCA-OTRO | RETROEXCAVADORAS-NEW HOLLAND-OTRO | "
      },
      "geometry": {
        "type": "Point",
        "coordinates": [
          -60.6770674672609,
          -31.590305482098948
        ]
      }
    },
    {
      "type": "Feature",
      "properties": {
        "nombre": "Crispi",
        "provincia": "Santa Fe",
        "cuit": "30674640907",
        "sucursal": "CARLOS PELLEGRINI",
        "maquinas": ""
      },
      "geometry": {
        "type": "Point",
        "coordinates": [
          -60.708580398586285,
          -31.622568900270487
        ]
      }
    },
    {
      "type": "Feature",
      "properties": {
        "nombre": "Cululú",
        "provincia": "Santa Fe",
        "cuit": "30678355794",
        "sucursal": "SAN JUSTO",
        "maquinas": ""
      },
      "geometry": {
        "type": "Point",
        "coordinates": [
          -60.731980421825334,
          -31.65508941331909
        ]
      }
    },
    {
      "type": "Feature",
      "properties": {
        "nombre": "Curupaity",
        "provincia": "Santa Fe",
        "cuit": "30674281281",
        "sucursal": "CERES",
        "maquinas": ""
      },
      "geometry": {
        "type": "Point",
        "coordinates": [
          -60.711334627755065,
          -31.599372235600054
        ]
      }
    },
    {
      "type": "Feature",
      "properties": {
        "nombre": "Desvío Arijón",
        "provincia": "Santa Fe",
        "cuit": "30999026253",
        "sucursal": "FUERA ADR",
        "maquinas": ""
      },
      "geometry": {
        "type": "Point",
        "coordinates": [
          -60.66882390719271,
          -31.636966171737665
        ]
      }
    },
    {
      "type": "Feature",
      "properties": {
        "nombre": "Diaz",
        "provincia": "Santa Fe",
        "cuit": "33999047829",
        "sucursal": "TOTORAS",
        "maquinas": "TRACTORES-MASSEY FERGUSON-OTRO | TRACTORES-VALTRA-A990 | MOTONIVELADORAS-CATERPILLAR-OTRO | RETROEXCAVADORAS-CASE-OTRO | "
      },
      "geometry": {
        "type": "Point",
        "coordinates": [
          -60.699874030945566,
          -31.629488459526335
        ]
      }
    },
    {
      "type": "Feature",
      "properties": {
        "nombre": "Diego de Alvear",
        "provincia": "Santa Fe",
        "cuit": "30674767141",
        "sucursal": "FUERA ADR",
        "maquinas": ""
      },
      "geometry": {
        "type": "Point",
        "coordinates": [
          -60.73022421467163,
          -31.61677996863238
        ]
      }
    },
    {
      "type": "Feature",
      "properties": {
        "nombre": "Egusquiza",
        "provincia": "Santa Fe",
        "cuit": "30674307817",
        "sucursal": "FUERA ADR",
        "maquinas": ""
      },
      "geometry": {
        "type": "Point",
        "coordinates": [
          -60.68794087059739,
          -31.633697732541535
        ]
      }
    },
    {
      "type": "Feature",
      "properties": {
        "nombre": "El Araza",
        "provincia": "Santa Fe",
        "cuit": "30674344860",
        "sucursal": "AVELLANEDA",
        "maquinas": "RETROEXCAVADORAS-JOHN DEERE-310J | RETROEXCAVADORAS-JOHN DEERE-310J | TRACTORES-JOHN DEERE-5080ED | "
      },
      "geometry": {
        "type": "Point",
        "coordinates": [
          -60.74146092058014,
          -31.617868457630426
        ]
      }
    },
    {
      "type": "Feature",
      "properties": {
        "nombre": "El Rabon",
        "provincia": "Santa Fe",
        "cuit": "30674355579",
        "sucursal": "AVELLANEDA",
        "maquinas": "TRACTORES-JOHN DEERE-5065E | "
      },
      "geometry": {
        "type": "Point",
        "coordinates": [
          -60.69510019474698,
          -31.678697244640304
        ]
      }
    },
    {
      "type": "Feature",
      "properties": {
        "nombre": "El Sombrerito",
        "provincia": "Santa Fe",
        "cuit": "33674343189",
        "sucursal": "AVELLANEDA",
        "maquinas": ""
      },
      "geometry": {
        "type": "Point",
        "coordinates": [
          -60.71263730868028,
          -31.634476967465048
        ]
      }
    },
    {
      "type": "Feature",
      "properties": {
        "nombre": "Elisa",
        "provincia": "Santa Fe",
        "cuit": "30678375132",
        "sucursal": "SAN JUSTO",
        "maquinas": "TRACTORES-JOHN DEERE-5075E | TRACTORES-JOHN DEERE-5090E | RETROEXCAVADORAS-OMAR MARTIN-OM 950R | DESMALEZADORAS-SPANGHERO-YAGO - SPANGHERO | CARGADOR FRONTAL-SPACE-PFSPACE | HOJA NIVELADORA-SPANGHERO-HOJANIVSPANG | TANQUE DE COMBUSTIBLE-OTRA MARCA-OTRO | "
      },
      "geometry": {
        "type": "Point",
        "coordinates": [
          -60.71139572442206,
          -31.592417841967904
        ]
      }
    },
    {
      "type": "Feature",
      "properties": {
        "nombre": "Elortondo",
        "provincia": "Santa Fe",
        "cuit": "30639331853",
        "sucursal": "FUERA ADR",
        "maquinas": ""
      },
      "geometry": {
        "type": "Point",
        "coordinates": [
          -60.65559254273407,
          -31.649722064668357
        ]
      }
    },
    {
      "type": "Feature",
      "properties": {
        "nombre": "Emilia",
        "provincia": "Santa Fe",
        "cuit": "30678352655",
        "sucursal": "SAN JUSTO",
        "maquinas": "TRACTORES JARDIN-JOHN DEERE-JARDIN D130 | TRACTORES-NEW HOLLAND-70HP | TRACTORES-VALTRA-BM100 | TRACTORES-FIAT-700 E | "
      },
      "geometry": {
        "type": "Point",
        "coordinates": [
          -60.738948813066195,
          -31.63817308440662
        ]
      }
    },
    {
      "type": "Feature",
      "properties": {
        "nombre": "Empalme San Carlos",
        "provincia": "Santa Fe",
        "cuit": "30674574327",
        "sucursal": "FUERA ADR",
        "maquinas": ""
      },
      "geometry": {
        "type": "Point",
        "coordinates": [
          -60.73788532507041,
          -31.680446176819032
        ]
      }
    },
    {
      "type": "Feature",
      "properties": {
        "nombre": "Empalme Villa Constitución",
        "provincia": "Santa Fe",
        "cuit": "30999073235",
        "sucursal": "FUERA ADR",
        "maquinas": ""
      },
      "geometry": {
        "type": "Point",
        "coordinates": [
          -60.723150905182955,
          -31.633356769285797
        ]
      }
    },
    {
      "type": "Feature",
      "properties": {
        "nombre": "Esmeralda",
        "provincia": "Santa Fe",
        "cuit": "30674302793",
        "sucursal": "FUERA ADR",
        "maquinas": "TRACTORES-CHERY-Chery RC1404-C | MOTONIVELADORAS-CAT-120H | TRACTORES-JOHN DEERE-5090E | "
      },
      "geometry": {
        "type": "Point",
        "coordinates": [
          -60.74862116258625,
          -31.660021076949096
        ]
      }
    },
    {
      "type": "Feature",
      "properties": {
        "nombre": "Estacion Clucellas",
        "provincia": "Santa Fe",
        "cuit": "30674321216",
        "sucursal": "FUERA ADR",
        "maquinas": "TRACTORES-MASSEY FERGUSON-1175 | TRACTORES-MASSEY FERGUSON-1075 | "
      },
      "geometry": {
        "type": "Point",
        "coordinates": [
          -60.69263695629045,
          -31.603760059783706
        ]
      }
    },
    {
      "type": "Feature",
      "properties": {
        "nombre": "Esteban Rams",
        "provincia": "Santa Fe",
        "cuit": "30674359531",
        "sucursal": "CERES",
        "maquinas": ""
      },
      "geometry": {
        "type": "Point",
        "coordinates": [
          -60.65668450126165,
          -31.62873110365846
        ]
      }
    },
    {
      "type": "Feature",
      "properties": {
        "nombre": "Eusebia",
        "provincia": "Santa Fe",
        "cuit": "30674289207",
        "sucursal": "FUERA ADR",
        "maquinas": ""
      },
      "geometry": {
        "type": "Point",
        "coordinates": [
          -60.71322125962674,
          -31.643556469410115
        ]
      }
    },
    {
      "type": "Feature",
      "properties": {
        "nombre": "Eustolia",
        "provincia": "Santa Fe",
        "cuit": "30674313191",
        "sucursal": "FUERA ADR",
        "maquinas": ""
      },
      "geometry": {
        "type": "Point",
        "coordinates": [
          -60.74930914535038,
          -31.58943938740402
        ]
      }
    },
    {
      "type": "Feature",
      "properties": {
        "nombre": "Felicia",
        "provincia": "Santa Fe",
        "cuit": "30678376058",
        "sucursal": "FUERA ADR",
        "maquinas": "RETROEXCAVADORAS-JOHN DEERE-310L | "
      },
      "geometry": {
        "type": "Point",
        "coordinates": [
          -60.715343379680725,
          -31.635300821761607
        ]
      }
    },
    {
      "type": "Feature",
      "properties": {
        "nombre": "Fidela",
        "provincia": "Santa Fe",
        "cuit": "33674282279",
        "sucursal": "FUERA ADR",
        "maquinas": ""
      },
      "geometry": {
        "type": "Point",
        "coordinates": [
          -60.67434813117256,
          -31.62546585395678
        ]
      }
    },
    {
      "type": "Feature",
      "properties": {
        "nombre": "Fighiera",
        "provincia": "Santa Fe",
        "cuit": "nan",
        "sucursal": "ROSARIO",
        "maquinas": ""
      },
      "geometry": {
        "type": "Point",
        "coordinates": [
          -60.692360552533906,
          -31.659206232117572
        ]
      }
    },
    {
      "type": "Feature",
      "properties": {
        "nombre": "Fortin Olmos",
        "provincia": "Santa Fe",
        "cuit": "30674364756",
        "sucursal": "AVELLANEDA",
        "maquinas": "TRACTORES JARDIN-JOHN DEERE-JARDIN D130 | DESMALEZADORAS-SPANGHERO-YAGO - SPANGHERO | "
      },
      "geometry": {
        "type": "Point",
        "coordinates": [
          -60.69492802569881,
          -31.62993942942402
        ]
      }
    },
    {
      "type": "Feature",
      "properties": {
        "nombre": "Franck",
        "provincia": "Santa Fe",
        "cuit": "30674595448",
        "sucursal": "FUERA ADR",
        "maquinas": ""
      },
      "geometry": {
        "type": "Point",
        "coordinates": [
          -60.731579490644755,
          -31.61332214133277
        ]
      }
    },
    {
      "type": "Feature",
      "properties": {
        "nombre": "Fuentes",
        "provincia": "Santa Fe",
        "cuit": "30673943485",
        "sucursal": "FUERA ADR",
        "maquinas": ""
      },
      "geometry": {
        "type": "Point",
        "coordinates": [
          -60.6886260813008,
          -31.653635427213366
        ]
      }
    },
    {
      "type": "Feature",
      "properties": {
        "nombre": "Gaboto",
        "provincia": "Santa Fe",
        "cuit": "nan",
        "sucursal": "TOTORAS",
        "maquinas": ""
      },
      "geometry": {
        "type": "Point",
        "coordinates": [
          -60.739583598384066,
          -31.61817809622942
        ]
      }
    },
    {
      "type": "Feature",
      "properties": {
        "nombre": "Galisteo",
        "provincia": "Santa Fe",
        "cuit": "33674296199",
        "sucursal": "FUERA ADR",
        "maquinas": ""
      },
      "geometry": {
        "type": "Point",
        "coordinates": [
          -60.675920439453996,
          -31.595007576246594
        ]
      }
    },
    {
      "type": "Feature",
      "properties": {
        "nombre": "Garabato",
        "provincia": "Santa Fe",
        "cuit": "30674354106",
        "sucursal": "AVELLANEDA",
        "maquinas": "TRACTORES-JOHN DEERE-5090E | "
      },
      "geometry": {
        "type": "Point",
        "coordinates": [
          -60.727957779512906,
          -31.68290157441706
        ]
      }
    },
    {
      "type": "Feature",
      "properties": {
        "nombre": "Garibaldi",
        "provincia": "Santa Fe",
        "cuit": " 30684337722",
        "sucursal": "FUERA ADR",
        "maquinas": ""
      },
      "geometry": {
        "type": "Point",
        "coordinates": [
          -60.74111836747545,
          -31.673628878396215
        ]
      }
    },
    {
      "type": "Feature",
      "properties": {
        "nombre": "Gato Colorado",
        "provincia": "Santa Fe",
        "cuit": "30674380689",
        "sucursal": "CERES",
        "maquinas": ""
      },
      "geometry": {
        "type": "Point",
        "coordinates": [
          -60.68200062391948,
          -31.657460826781662
        ]
      }
    },
    {
      "type": "Feature",
      "properties": {
        "nombre": "General Gelly",
        "provincia": "Santa Fe",
        "cuit": "30651921801",
        "sucursal": "FUERA ADR",
        "maquinas": ""
      },
      "geometry": {
        "type": "Point",
        "coordinates": [
          -60.69728667193104,
          -31.59421222257694
        ]
      }
    },
    {
      "type": "Feature",
      "properties": {
        "nombre": "General Lagos",
        "provincia": "Santa Fe",
        "cuit": "30677478450",
        "sucursal": "FUERA ADR",
        "maquinas": "MOTONIVELADORAS-JOHN DEERE-OTRO | RETROEXCAVADORAS-JOHN DEERE-310L | "
      },
      "geometry": {
        "type": "Point",
        "coordinates": [
          -60.65073822259938,
          -31.610094692743715
        ]
      }
    },
    {
      "type": "Feature",
      "properties": {
        "nombre": "Gessler",
        "provincia": "Santa Fe",
        "cuit": "30999028302",
        "sucursal": "FUERA ADR",
        "maquinas": "RETROEXCAVADORAS-JOHN DEERE-310L | "
      },
      "geometry": {
        "type": "Point",
        "coordinates": [
          -60.71910420928109,
          -31.605094017379855
        ]
      }
    },
    {
      "type": "Feature",
      "properties": {
        "nombre": "Gobernador Crespo",
        "provincia": "Santa Fe",
        "cuit": "30674592236",
        "sucursal": "SAN JUSTO",
        "maquinas": "TRACTORES-JOHN DEERE-5075 | RETROEXCAVADORAS-JOHN DEERE-310J | MOTONIVELADORAS-OTRA MARCA-OTRO | TRACTORES-CASE-Farmall 80JX | RETROEXCAVADORAS-JOHN DEERE-310K | RETROEXCAVADORAS-JOHN DEERE-310K | TRACTORES-JOHN DEERE-5080ES | "
      },
      "geometry": {
        "type": "Point",
        "coordinates": [
          -60.72808996471398,
          -31.61413297680377
        ]
      }
    },
    {
      "type": "Feature",
      "properties": {
        "nombre": "Gödeken",
        "provincia": "Santa Fe",
        "cuit": "30673962838",
        "sucursal": "FUERA ADR",
        "maquinas": ""
      },
      "geometry": {
        "type": "Point",
        "coordinates": [
          -60.705583970253016,
          -31.623888747982093
        ]
      }
    },
    {
      "type": "Feature",
      "properties": {
        "nombre": "Godoy",
        "provincia": "Santa Fe",
        "cuit": "30677473645",
        "sucursal": "FUERA ADR",
        "maquinas": "RETROEXCAVADORAS-JOHN DEERE-310G | "
      },
      "geometry": {
        "type": "Point",
        "coordinates": [
          -60.68164128868561,
          -31.636293632254578
        ]
      }
    },
    {
      "type": "Feature",
      "properties": {
        "nombre": "Golondrina",
        "provincia": "Santa Fe",
        "cuit": "30674353800",
        "sucursal": "AVELLANEDA",
        "maquinas": ""
      },
      "geometry": {
        "type": "Point",
        "coordinates": [
          -60.69291203685883,
          -31.598288405211164
        ]
      }
    },
    {
      "type": "Feature",
      "properties": {
        "nombre": "Gregoria Pérez de Denis",
        "provincia": "Santa Fe",
        "cuit": "30674374093",
        "sucursal": "CERES",
        "maquinas": ""
      },
      "geometry": {
        "type": "Point",
        "coordinates": [
          -60.715761003436704,
          -31.5991683236514
        ]
      }
    },
    {
      "type": "Feature",
      "properties": {
        "nombre": "Grutly",
        "provincia": "Santa Fe",
        "cuit": "30681943508",
        "sucursal": "SAN JUSTO",
        "maquinas": "RETROEXCAVADORAS-JOHN DEERE-310L | "
      },
      "geometry": {
        "type": "Point",
        "coordinates": [
          -60.657648308526916,
          -31.672234876398903
        ]
      }
    },
    {
      "type": "Feature",
      "properties": {
        "nombre": "Guadalupe Norte",
        "provincia": "Santa Fe",
        "cuit": "30674376142",
        "sucursal": "AVELLANEDA",
        "maquinas": "TRACTORES-NEW HOLLAND-OTRO | TRACTORES-JOHN DEERE-5080ED | "
      },
      "geometry": {
        "type": "Point",
        "coordinates": [
          -60.709852052271394,
          -31.589633226790152
        ]
      }
    },
    {
      "type": "Feature",
      "properties": {
        "nombre": "Helvecia",
        "provincia": "Santa Fe",
        "cuit": "30999024587",
        "sucursal": "SAN JUSTO",
        "maquinas": "TRACTORES-FIAT-115-90 | TRACTORES-JOHN DEERE-5080ED | TRACTORES-JOHN DEERE-6120E | "
      },
      "geometry": {
        "type": "Point",
        "coordinates": [
          -60.654058036825866,
          -31.59785247827729
        ]
      }
    },
    {
      "type": "Feature",
      "properties": {
        "nombre": "Hersilia",
        "provincia": "Santa Fe",
        "cuit": "30674278426",
        "sucursal": "CERES",
        "maquinas": "TRACTORES-PAUNY-OTRO | TRACTORES-PAUNY-OTRO | TRACTORES-DEUTZ-OTRO | TRACTORES-DEUTZ-OTRO | PALA DE ARRASTRE-TBEH-PA3000 VT | CARGADOR FRONTAL-OTRA MARCA-OTRO | RETROEXCAVADORAS-OTRA MARCA-OTRO | "
      },
      "geometry": {
        "type": "Point",
        "coordinates": [
          -60.70318655818142,
          -31.584600895984117
        ]
      }
    },
    {
      "type": "Feature",
      "properties": {
        "nombre": "Hipatia",
        "provincia": "Santa Fe",
        "cuit": "30678406984",
        "sucursal": "SAN JUSTO",
        "maquinas": ""
      },
      "geometry": {
        "type": "Point",
        "coordinates": [
          -60.660885236179034,
          -31.605734601058014
        ]
      }
    },
    {
      "type": "Feature",
      "properties": {
        "nombre": "Huanqueros",
        "provincia": "Santa Fe",
        "cuit": "30674267955",
        "sucursal": "CERES",
        "maquinas": ""
      },
      "geometry": {
        "type": "Point",
        "coordinates": [
          -60.691383044333385,
          -31.645263799564354
        ]
      }
    },
    {
      "type": "Feature",
      "properties": {
        "nombre": "Colonia Hugentobler",
        "provincia": "Santa Fe",
        "cuit": "30674296955",
        "sucursal": "FUERA ADR",
        "maquinas": "DESMALEZADORAS-OTRA MARCA-OTRO | DESMALEZADORAS-OTRA MARCA-OTRO | DESMALEZADORAS-OTRA MARCA-OTRO | "
      },
      "geometry": {
        "type": "Point",
        "coordinates": [
          -60.71677892584024,
          -31.62944851646383
        ]
      }
    },
    {
      "type": "Feature",
      "properties": {
        "nombre": "Hughes",
        "provincia": "Santa Fe",
        "cuit": "30999009197",
        "sucursal": "FUERA ADR",
        "maquinas": ""
      },
      "geometry": {
        "type": "Point",
        "coordinates": [
          -60.68306228401847,
          -31.59876866600731
        ]
      }
    },
    {
      "type": "Feature",
      "properties": {
        "nombre": "Humberto 1ro",
        "provincia": "Santa Fe",
        "cuit": "30674275907",
        "sucursal": "SAN JUSTO",
        "maquinas": "RETROEXCAVADORAS-JOHN DEERE-310L | TRACTORES-JOHN DEERE-3420 | TRACTORES-NEW HOLLAND-TT4.55 | TRACTORES-FIAT-780 | TRACTORES-MASSEY FERGUSON-1175 | "
      },
      "geometry": {
        "type": "Point",
        "coordinates": [
          -60.73382087844587,
          -31.658872547722346
        ]
      }
    },
    {
      "type": "Feature",
      "properties": {
        "nombre": "Humboldt",
        "provincia": "Santa Fe",
        "cuit": "30678411341",
        "sucursal": "FUERA ADR",
        "maquinas": "TRACTORES-JOHN DEERE-5065E | "
      },
      "geometry": {
        "type": "Point",
        "coordinates": [
          -60.69708355303065,
          -31.679971327491195
        ]
      }
    },
    {
      "type": "Feature",
      "properties": {
        "nombre": "Ibarlucea",
        "provincia": "Santa Fe",
        "cuit": "30640488596",
        "sucursal": "TOTORAS",
        "maquinas": ""
      },
      "geometry": {
        "type": "Point",
        "coordinates": [
          -60.74407108428255,
          -31.662460936432847
        ]
      }
    },
    {
      "type": "Feature",
      "properties": {
        "nombre": "Ingeniero Chanourdie",
        "provincia": "Santa Fe",
        "cuit": "30674370349",
        "sucursal": "AVELLANEDA",
        "maquinas": ""
      },
      "geometry": {
        "type": "Point",
        "coordinates": [
          -60.66243794417065,
          -31.62267271233622
        ]
      }
    },
    {
      "type": "Feature",
      "properties": {
        "nombre": "Intiyaco",
        "provincia": "Santa Fe",
        "cuit": "30674354270",
        "sucursal": "AVELLANEDA",
        "maquinas": ""
      },
      "geometry": {
        "type": "Point",
        "coordinates": [
          -60.740020116379355,
          -31.66227423051662
        ]
      }
    },
    {
      "type": "Feature",
      "properties": {
        "nombre": "Ituzaingó",
        "provincia": "Santa Fe",
        "cuit": "30683896310",
        "sucursal": "FUERA ADR",
        "maquinas": ""
      },
      "geometry": {
        "type": "Point",
        "coordinates": [
          -60.72377084002822,
          -31.5928064500069
        ]
      }
    },
    {
      "type": "Feature",
      "properties": {
        "nombre": "Jacinto L. Arauz",
        "provincia": "Santa Fe",
        "cuit": "30681978549",
        "sucursal": "SAN JUSTO",
        "maquinas": "TRACTORES-JOHN DEERE-5065E | DESENCONTRADA-OTRA MARCA-OTRO | DESMALEZADORAS-OTRA MARCA-OTRO | DESMALEZADORAS-OTRA MARCA-OTRO | HOJA NIVELADORA-OTRA MARCA-OTRO | PALA DE ARRASTRE-OTRA MARCA-OTRO | TANQUE DE COMBUSTIBLE-OTRA MARCA-OTRO | TRACTORES JARDIN-OTRA MARCA-OTRO | TRACTORES-DEUTZ-Ax 4.120 | "
      },
      "geometry": {
        "type": "Point",
        "coordinates": [
          -60.69738224215179,
          -31.66112673555847
        ]
      }
    },
    {
      "type": "Feature",
      "properties": {
        "nombre": "Josefina",
        "provincia": "Santa Fe",
        "cuit": "30674309275",
        "sucursal": "FUERA ADR",
        "maquinas": ""
      },
      "geometry": {
        "type": "Point",
        "coordinates": [
          -60.653057772456116,
          -31.591385598485743
        ]
      }
    },
    {
      "type": "Feature",
      "properties": {
        "nombre": "Juan Bernabé Molina",
        "provincia": "Santa Fe",
        "cuit": "30999129850",
        "sucursal": "FUERA ADR",
        "maquinas": ""
      },
      "geometry": {
        "type": "Point",
        "coordinates": [
          -60.70634659179882,
          -31.674969200540303
        ]
      }
    },
    {
      "type": "Feature",
      "properties": {
        "nombre": "Juan de Garay",
        "provincia": "Santa Fe",
        "cuit": "33674391159",
        "sucursal": "CERES",
        "maquinas": ""
      },
      "geometry": {
        "type": "Point",
        "coordinates": [
          -60.653242941815506,
          -31.606913409319557
        ]
      }
    },
    {
      "type": "Feature",
      "properties": {
        "nombre": "Juncal",
        "provincia": "Santa Fe",
        "cuit": "30677515968",
        "sucursal": "FUERA ADR",
        "maquinas": "RETROEXCAVADORAS-JOHN DEERE-310L | "
      },
      "geometry": {
        "type": "Point",
        "coordinates": [
          -60.67386665659292,
          -31.64454873867924
        ]
      }
    },
    {
      "type": "Feature",
      "properties": {
        "nombre": "La Brava",
        "provincia": "Santa Fe",
        "cuit": "30674343945",
        "sucursal": "AVELLANEDA",
        "maquinas": "TRACTORES-JOHN DEERE-5082E | TRACTORES-JOHN DEERE-5082E | RETROEXCAVADORAS-OMAR MARTIN-OM 950R | CARGADOR FRONTAL-OMAR MARTIN-OM-500-F | "
      },
      "geometry": {
        "type": "Point",
        "coordinates": [
          -60.69116750192912,
          -31.590159074213034
        ]
      }
    },
    {
      "type": "Feature",
      "properties": {
        "nombre": "La Cabral",
        "provincia": "Santa Fe",
        "cuit": "30674331246",
        "sucursal": "CERES",
        "maquinas": ""
      },
      "geometry": {
        "type": "Point",
        "coordinates": [
          -60.72283141279021,
          -31.67321478712982
        ]
      }
    },
    {
      "type": "Feature",
      "properties": {
        "nombre": "La Camila",
        "provincia": "Santa Fe",
        "cuit": "33678365659",
        "sucursal": "SAN JUSTO",
        "maquinas": "TRACTORES-NEW HOLLAND-TT75 | TRACTORES-JOHN DEERE-2032R | TRACTORES-JOHN DEERE-5080ED | RETROEXCAVADORAS-CASE-580N | "
      },
      "geometry": {
        "type": "Point",
        "coordinates": [
          -60.666951389591645,
          -31.669725301695934
        ]
      }
    },
    {
      "type": "Feature",
      "properties": {
        "nombre": "La Chispa",
        "provincia": "Santa Fe",
        "cuit": "30674784755",
        "sucursal": "FUERA ADR",
        "maquinas": ""
      },
      "geometry": {
        "type": "Point",
        "coordinates": [
          -60.72125593559791,
          -31.616992352037567
        ]
      }
    },
    {
      "type": "Feature",
      "properties": {
        "nombre": "La Criolla",
        "provincia": "Santa Fe",
        "cuit": "30678359064",
        "sucursal": "SAN JUSTO",
        "maquinas": "RETROEXCAVADORAS-JOHN DEERE-310L | TRACTORES-JOHN DEERE-5090E | TRACTORES-FIAT-700 E | TRACTORES-FIAT-800 | TRACTORES-FIAT-800 | "
      },
      "geometry": {
        "type": "Point",
        "coordinates": [
          -60.65251698654014,
          -31.629151301778958
        ]
      }
    },
    {
      "type": "Feature",
      "properties": {
        "nombre": "La Gallareta",
        "provincia": "Santa Fe",
        "cuit": "30674337112",
        "sucursal": "SAN JUSTO",
        "maquinas": "TRACTORES JARDIN-JOHN DEERE-JARDIN D130 | TRACTORES JARDIN-JOHN DEERE-JARDIN D130 | TRACTORES-MTD-MODELO UNICO | "
      },
      "geometry": {
        "type": "Point",
        "coordinates": [
          -60.65941930175672,
          -31.67032356527483
        ]
      }
    },
    {
      "type": "Feature",
      "properties": {
        "nombre": "La Lucila",
        "provincia": "Santa Fe",
        "cuit": "30674284256",
        "sucursal": "CERES",
        "maquinas": "TRACTORES-PAUNY-180C | TRACTORES-MASSEY FERGUSON-1195 | "
      },
      "geometry": {
        "type": "Point",
        "coordinates": [
          -60.65529204496138,
          -31.59902994150809
        ]
      }
    },
    {
      "type": "Feature",
      "properties": {
        "nombre": "La Pelada",
        "provincia": "Santa Fe",
        "cuit": "30678358386",
        "sucursal": "SAN JUSTO",
        "maquinas": "TRACTORES-JOHN DEERE-5403 | "
      },
      "geometry": {
        "type": "Point",
        "coordinates": [
          -60.74187892361887,
          -31.639228979741684
        ]
      }
    },
    {
      "type": "Feature",
      "properties": {
        "nombre": "La Penca y Caraguata",
        "provincia": "Santa Fe",
        "cuit": "30678422505",
        "sucursal": "SAN JUSTO",
        "maquinas": "TRACTORES-JOHN DEERE-5090E | TRACTORES-PAUNY-EVO 230A | TRACTORES-FIAT-780 | TRACTORES-FIAT-780 | MOTONIVELADORAS-OTRA MARCA-OTRO | "
      },
      "geometry": {
        "type": "Point",
        "coordinates": [
          -60.6613706615538,
          -31.648598898827657
        ]
      }
    },
    {
      "type": "Feature",
      "properties": {
        "nombre": "La Rubia",
        "provincia": "Santa Fe",
        "cuit": "30674284019",
        "sucursal": "CERES",
        "maquinas": "RETROEXCAVADORAS-CAT-426 | "
      },
      "geometry": {
        "type": "Point",
        "coordinates": [
          -60.71407942077411,
          -31.670783600163208
        ]
      }
    },
    {
      "type": "Feature",
      "properties": {
        "nombre": "La Sarita",
        "provincia": "Santa Fe",
        "cuit": "30674354343",
        "sucursal": "AVELLANEDA",
        "maquinas": "TRACTORES-JOHN DEERE-5403 | TRACTORES JARDIN-JOHN DEERE-JARDIN D130 | TRACTORES-JOHN DEERE-5082E | "
      },
      "geometry": {
        "type": "Point",
        "coordinates": [
          -60.73952829327531,
          -31.658917804700298
        ]
      }
    },
    {
      "type": "Feature",
      "properties": {
        "nombre": "La Vanguardia",
        "provincia": "Santa Fe",
        "cuit": "nan",
        "sucursal": "FUERA ADR",
        "maquinas": ""
      },
      "geometry": {
        "type": "Point",
        "coordinates": [
          -60.68804584055669,
          -31.613053557508817
        ]
      }
    },
    {
      "type": "Feature",
      "properties": {
        "nombre": "Labordeboy",
        "provincia": "Santa Fe",
        "cuit": "30674775578",
        "sucursal": "FUERA ADR",
        "maquinas": ""
      },
      "geometry": {
        "type": "Point",
        "coordinates": [
          -60.71916467373159,
          -31.664482244632687
        ]
      }
    },
    {
      "type": "Feature",
      "properties": {
        "nombre": "Landeta",
        "provincia": "Santa Fe",
        "cuit": "30674636535",
        "sucursal": "CARLOS PELLEGRINI",
        "maquinas": ""
      },
      "geometry": {
        "type": "Point",
        "coordinates": [
          -60.655006109018736,
          -31.65014384843449
        ]
      }
    },
    {
      "type": "Feature",
      "properties": {
        "nombre": "Lanteri",
        "provincia": "Santa Fe",
        "cuit": "30674345549",
        "sucursal": "AVELLANEDA",
        "maquinas": "TRACTORES-JOHN DEERE-5065 | TRACTORES JARDIN-JOHN DEERE-JARDIN D130 | TRACTORES-JOHN DEERE-5082E | "
      },
      "geometry": {
        "type": "Point",
        "coordinates": [
          -60.701861208115126,
          -31.614407787651423
        ]
      }
    },
    {
      "type": "Feature",
      "properties": {
        "nombre": "Larrechea",
        "provincia": "Santa Fe",
        "cuit": "33999028549",
        "sucursal": "FUERA ADR",
        "maquinas": ""
      },
      "geometry": {
        "type": "Point",
        "coordinates": [
          -60.73559878401104,
          -31.637534409462443
        ]
      }
    },
    {
      "type": "Feature",
      "properties": {
        "nombre": "Las Avispas",
        "provincia": "Santa Fe",
        "cuit": "nan",
        "sucursal": "CERES",
        "maquinas": ""
      },
      "geometry": {
        "type": "Point",
        "coordinates": [
          -60.66823100294445,
          -31.643199886833685
        ]
      }
    },
    {
      "type": "Feature",
      "properties": {
        "nombre": "Las Bandurrias",
        "provincia": "Santa Fe",
        "cuit": "30674641067",
        "sucursal": "CARLOS PELLEGRINI",
        "maquinas": ""
      },
      "geometry": {
        "type": "Point",
        "coordinates": [
          -60.722126770852235,
          -31.66617989335085
        ]
      }
    },
    {
      "type": "Feature",
      "properties": {
        "nombre": "Las Garzas",
        "provincia": "Santa Fe",
        "cuit": "30716728192",
        "sucursal": "AVELLANEDA",
        "maquinas": ""
      },
      "geometry": {
        "type": "Point",
        "coordinates": [
          -60.73789114049156,
          -31.636112291464446
        ]
      }
    },
    {
      "type": "Feature",
      "properties": {
        "nombre": "Las Palmeras",
        "provincia": "Santa Fe",
        "cuit": "nan",
        "sucursal": "CERES",
        "maquinas": ""
      },
      "geometry": {
        "type": "Point",
        "coordinates": [
          -60.74108183389661,
          -31.66504273308926
        ]
      }
    },
    {
      "type": "Feature",
      "properties": {
        "nombre": "Las Petacas",
        "provincia": "Santa Fe",
        "cuit": "30674648789",
        "sucursal": "CARLOS PELLEGRINI",
        "maquinas": "TRACTORES JARDIN-JOHN DEERE-JARDIN D130 | "
      },
      "geometry": {
        "type": "Point",
        "coordinates": [
          -60.66795985080952,
          -31.62137417551533
        ]
      }
    },
    {
      "type": "Feature",
      "properties": {
        "nombre": "Las Tunas",
        "provincia": "Santa Fe",
        "cuit": "30678356235",
        "sucursal": "FUERA ADR",
        "maquinas": ""
      },
      "geometry": {
        "type": "Point",
        "coordinates": [
          -60.660267180427674,
          -31.63258699069935
        ]
      }
    },
    {
      "type": "Feature",
      "properties": {
        "nombre": "Lazzarino",
        "provincia": "Santa Fe",
        "cuit": "30674806325",
        "sucursal": "FUERA ADR",
        "maquinas": ""
      },
      "geometry": {
        "type": "Point",
        "coordinates": [
          -60.700218669984736,
          -31.649795013827646
        ]
      }
    },
    {
      "type": "Feature",
      "properties": {
        "nombre": "Lehmann",
        "provincia": "Santa Fe",
        "cuit": "30674299474",
        "sucursal": "FUERA ADR",
        "maquinas": ""
      },
      "geometry": {
        "type": "Point",
        "coordinates": [
          -60.707070074508174,
          -31.612645138450823
        ]
      }
    },
    {
      "type": "Feature",
      "properties": {
        "nombre": "Llambi Campbell",
        "provincia": "Santa Fe",
        "cuit": "30674574874",
        "sucursal": "SAN JUSTO",
        "maquinas": "TRACTORES JARDIN-JOHN DEERE-JARDIN D130 | TRACTORES JARDIN-JOHN DEERE-JARDIN D130 | RETROEXCAVADORAS-JOHN DEERE-310L | TRACTORES-JOHN DEERE-5075E | TRACTORES-JOHN DEERE-5082E | TRACTORES-JOHN DEERE-5060 | "
      },
      "geometry": {
        "type": "Point",
        "coordinates": [
          -60.67968863963696,
          -31.678346313806124
        ]
      }
    },
    {
      "type": "Feature",
      "properties": {
        "nombre": "Logroño",
        "provincia": "Santa Fe",
        "cuit": "30674354726",
        "sucursal": "CERES",
        "maquinas": "RETROEXCAVADORAS-NEW HOLLAND-OTRO | TRACTORES-JOHN DEERE-5705 | TRACTORES-CASE-QL | MOTONIVELADORAS-CAT-120H | "
      },
      "geometry": {
        "type": "Point",
        "coordinates": [
          -60.67171984046104,
          -31.67434938270366
        ]
      }
    },
    {
      "type": "Feature",
      "properties": {
        "nombre": "Loma Alta",
        "provincia": "Santa Fe",
        "cuit": "30999028787",
        "sucursal": "FUERA ADR",
        "maquinas": "TRACTORES-CASE-Farmall JXM75 | TRACTORES-FIAT-800 | TRACTORES-FIAT-780 | DESMALEZADORAS-METALBERT-DHM 3000 | "
      },
      "geometry": {
        "type": "Point",
        "coordinates": [
          -60.65363720737349,
          -31.608392641183727
        ]
      }
    },
    {
      "type": "Feature",
      "properties": {
        "nombre": "Lopez",
        "provincia": "Santa Fe",
        "cuit": "30999028094",
        "sucursal": "FUERA ADR",
        "maquinas": ""
      },
      "geometry": {
        "type": "Point",
        "coordinates": [
          -60.668639885891736,
          -31.669128329169443
        ]
      }
    },
    {
      "type": "Feature",
      "properties": {
        "nombre": "Los Amores",
        "provincia": "Santa Fe",
        "cuit": "30674355404",
        "sucursal": "AVELLANEDA",
        "maquinas": ""
      },
      "geometry": {
        "type": "Point",
        "coordinates": [
          -60.71284157118811,
          -31.607228369126837
        ]
      }
    },
    {
      "type": "Feature",
      "properties": {
        "nombre": "Los Cardos",
        "provincia": "Santa Fe",
        "cuit": "30674651542",
        "sucursal": "CARLOS PELLEGRINI",
        "maquinas": "TRACTORES-JOHN DEERE-6110D | RETROEXCAVADORAS-JOHN DEERE-310E | "
      },
      "geometry": {
        "type": "Point",
        "coordinates": [
          -60.718808504728884,
          -31.602325787297566
        ]
      }
    },
    {
      "type": "Feature",
      "properties": {
        "nombre": "Los Laureles",
        "provincia": "Santa Fe",
        "cuit": "30674341349",
        "sucursal": "AVELLANEDA",
        "maquinas": "TRACTORES-JOHN DEERE-5725 | "
      },
      "geometry": {
        "type": "Point",
        "coordinates": [
          -60.73003375811378,
          -31.647759101547116
        ]
      }
    },
    {
      "type": "Feature",
      "properties": {
        "nombre": "Los Molinos",
        "provincia": "Santa Fe",
        "cuit": "30673064201",
        "sucursal": "FUERA ADR",
        "maquinas": ""
      },
      "geometry": {
        "type": "Point",
        "coordinates": [
          -60.72482148458016,
          -31.599848480027177
        ]
      }
    },
    {
      "type": "Feature",
      "properties": {
        "nombre": "Los Quirquinchos",
        "provincia": "Santa Fe",
        "cuit": "33656693679",
        "sucursal": "FUERA ADR",
        "maquinas": "MOTONIVELADORAS-JOHN DEERE-OTRO | MOTONIVELADORAS-JOHN DEERE-770G/GP | "
      },
      "geometry": {
        "type": "Point",
        "coordinates": [
          -60.738789157902424,
          -31.656424660367932
        ]
      }
    },
    {
      "type": "Feature",
      "properties": {
        "nombre": "Los Tabanos",
        "provincia": "Santa Fe",
        "cuit": "30716642530",
        "sucursal": "AVELLANEDA",
        "maquinas": ""
      },
      "geometry": {
        "type": "Point",
        "coordinates": [
          -60.70062520388223,
          -31.635344904295327
        ]
      }
    },
    {
      "type": "Feature",
      "properties": {
        "nombre": "Lucio V.Lopez",
        "provincia": "Santa Fe",
        "cuit": "30673874386",
        "sucursal": "TOTORAS",
        "maquinas": ""
      },
      "geometry": {
        "type": "Point",
        "coordinates": [
          -60.67849659939523,
          -31.65534058712349
        ]
      }
    },
    {
      "type": "Feature",
      "properties": {
        "nombre": "Luis Palacios",
        "provincia": "Santa Fe",
        "cuit": "30676898863",
        "sucursal": "TOTORAS",
        "maquinas": "RETROEXCAVADORAS-JOHN DEERE-310L | MINICARGADORAS-JOHN DEERE-318G | MINICARGADORAS-JOHN DEERE-318G iT4 | "
      },
      "geometry": {
        "type": "Point",
        "coordinates": [
          -60.72481910097955,
          -31.673404497926647
        ]
      }
    },
    {
      "type": "Feature",
      "properties": {
        "nombre": "Maciel",
        "provincia": "Santa Fe",
        "cuit": "30674151043",
        "sucursal": "TOTORAS",
        "maquinas": "RETROEXCAVADORAS-JOHN DEERE-310L | "
      },
      "geometry": {
        "type": "Point",
        "coordinates": [
          -60.67246376055257,
          -31.63588219308395
        ]
      }
    },
    {
      "type": "Feature",
      "properties": {
        "nombre": "Maggiolo",
        "provincia": "Santa Fe",
        "cuit": "30639506076",
        "sucursal": "FUERA ADR",
        "maquinas": ""
      },
      "geometry": {
        "type": "Point",
        "coordinates": [
          -60.73188205286744,
          -31.666434596032644
        ]
      }
    },
    {
      "type": "Feature",
      "properties": {
        "nombre": "Marcelino Escalada",
        "provincia": "Santa Fe",
        "cuit": "30681939683",
        "sucursal": "SAN JUSTO",
        "maquinas": "TRACTORES-JOHN DEERE-5080ES | TRACTORES-FIAT-700 E | MOTONIVELADORAS-OTRA MARCA-OTRO | "
      },
      "geometry": {
        "type": "Point",
        "coordinates": [
          -60.702163939483064,
          -31.588700372853957
        ]
      }
    },
    {
      "type": "Feature",
      "properties": {
        "nombre": "Margarita",
        "provincia": "Santa Fe",
        "cuit": "30674354416",
        "sucursal": "SAN JUSTO",
        "maquinas": "RETROEXCAVADORAS-JOHN DEERE-310L | TRACTORES-JOHN DEERE-5065E | TRACTORES JARDIN-JOHN DEERE-JARDIN X300 | "
      },
      "geometry": {
        "type": "Point",
        "coordinates": [
          -60.71728944733294,
          -31.625412759788215
        ]
      }
    },
    {
      "type": "Feature",
      "properties": {
        "nombre": "María Juana",
        "provincia": "Santa Fe",
        "cuit": "30674242707",
        "sucursal": "FUERA ADR",
        "maquinas": ""
      },
      "geometry": {
        "type": "Point",
        "coordinates": [
          -60.70454174644375,
          -31.585846387583185
        ]
      }
    },
    {
      "type": "Feature",
      "properties": {
        "nombre": "Maria Luisa",
        "provincia": "Santa Fe",
        "cuit": "30681962715",
        "sucursal": "AVELLANEDA",
        "maquinas": ""
      },
      "geometry": {
        "type": "Point",
        "coordinates": [
          -60.69177235054215,
          -31.675950935448416
        ]
      }
    },
    {
      "type": "Feature",
      "properties": {
        "nombre": "María Susana",
        "provincia": "Santa Fe",
        "cuit": "30678358211",
        "sucursal": "CARLOS PELLEGRINI",
        "maquinas": ""
      },
      "geometry": {
        "type": "Point",
        "coordinates": [
          -60.687071385703454,
          -31.6714537133499
        ]
      }
    },
    {
      "type": "Feature",
      "properties": {
        "nombre": "María Teresa",
        "provincia": "Santa Fe",
        "cuit": "30639505843",
        "sucursal": "CAÑADA DE GOMEZ",
        "maquinas": ""
      },
      "geometry": {
        "type": "Point",
        "coordinates": [
          -60.689972630388894,
          -31.659291254688853
        ]
      }
    },
    {
      "type": "Feature",
      "properties": {
        "nombre": "Matilde",
        "provincia": "Santa Fe",
        "cuit": "30674573576",
        "sucursal": "FUERA ADR",
        "maquinas": ""
      },
      "geometry": {
        "type": "Point",
        "coordinates": [
          -60.733373180892514,
          -31.593673784073196
        ]
      }
    },
    {
      "type": "Feature",
      "properties": {
        "nombre": "Maximo Paz",
        "provincia": "Santa Fe",
        "cuit": "30677493468",
        "sucursal": "FUERA ADR",
        "maquinas": "RETROEXCAVADORAS-JOHN DEERE-310L | "
      },
      "geometry": {
        "type": "Point",
        "coordinates": [
          -60.703136620194925,
          -31.6298790189979
        ]
      }
    },
    {
      "type": "Feature",
      "properties": {
        "nombre": "Melincué",
        "provincia": "Santa Fe",
        "cuit": "30674777007",
        "sucursal": "FUERA ADR",
        "maquinas": ""
      },
      "geometry": {
        "type": "Point",
        "coordinates": [
          -60.73519803581582,
          -31.583875462301737
        ]
      }
    },
    {
      "type": "Feature",
      "properties": {
        "nombre": "Miguel Torres",
        "provincia": "Santa Fe",
        "cuit": "30674767389",
        "sucursal": "FUERA ADR",
        "maquinas": ""
      },
      "geometry": {
        "type": "Point",
        "coordinates": [
          -60.66661104516922,
          -31.59873682193097
        ]
      }
    },
    {
      "type": "Feature",
      "properties": {
        "nombre": "Moisés Ville",
        "provincia": "Santa Fe",
        "cuit": "30674284876",
        "sucursal": "MORTEROS",
        "maquinas": ""
      },
      "geometry": {
        "type": "Point",
        "coordinates": [
          -60.69991205341949,
          -31.614490283871937
        ]
      }
    },
    {
      "type": "Feature",
      "properties": {
        "nombre": "Monigotes",
        "provincia": "Santa Fe",
        "cuit": "nan",
        "sucursal": "CERES",
        "maquinas": ""
      },
      "geometry": {
        "type": "Point",
        "coordinates": [
          -60.70499721364732,
          -31.672734115967046
        ]
      }
    },
    {
      "type": "Feature",
      "properties": {
        "nombre": "Monje",
        "provincia": "Santa Fe",
        "cuit": "nan",
        "sucursal": "TOTORAS",
        "maquinas": ""
      },
      "geometry": {
        "type": "Point",
        "coordinates": [
          -60.74097459124403,
          -31.614573890323378
        ]
      }
    },
    {
      "type": "Feature",
      "properties": {
        "nombre": "Monte Oscuridad",
        "provincia": "Santa Fe",
        "cuit": "30684347825",
        "sucursal": "CERES",
        "maquinas": ""
      },
      "geometry": {
        "type": "Point",
        "coordinates": [
          -60.68378025964797,
          -31.672109700447706
        ]
      }
    },
    {
      "type": "Feature",
      "properties": {
        "nombre": "Monte Vera",
        "provincia": "Santa Fe",
        "cuit": "30674592783",
        "sucursal": "SAN JUSTO",
        "maquinas": ""
      },
      "geometry": {
        "type": "Point",
        "coordinates": [
          -60.6978525402272,
          -31.65913903750898
        ]
      }
    },
    {
      "type": "Feature",
      "properties": {
        "nombre": "Montefiore",
        "provincia": "Santa Fe",
        "cuit": "30674391087",
        "sucursal": "CERES",
        "maquinas": "TRACTORES-MASSEY FERGUSON-292 | TRACTORES-MASSEY FERGUSON-1175 | TRACTORES-MASSEY FERGUSON-1175 | MOTONIVELADORAS-LIANGONG-MG 14 | "
      },
      "geometry": {
        "type": "Point",
        "coordinates": [
          -60.6883481325154,
          -31.636280633373453
        ]
      }
    },
    {
      "type": "Feature",
      "properties": {
        "nombre": "Montes de Oca",
        "provincia": "Santa Fe",
        "cuit": "30673840643",
        "sucursal": "CAÑADA DE GOMEZ",
        "maquinas": ""
      },
      "geometry": {
        "type": "Point",
        "coordinates": [
          -60.70783799929629,
          -31.60704510383343
        ]
      }
    },
    {
      "type": "Feature",
      "properties": {
        "nombre": "Murphy",
        "provincia": "Santa Fe",
        "cuit": "30674767761",
        "sucursal": "FUERA ADR",
        "maquinas": "RETROEXCAVADORAS-JOHN DEERE-310J | "
      },
      "geometry": {
        "type": "Point",
        "coordinates": [
          -60.67499938515678,
          -31.64327299229852
        ]
      }
    },
    {
      "type": "Feature",
      "properties": {
        "nombre": "Nare",
        "provincia": "Santa Fe",
        "cuit": "33678402619",
        "sucursal": "SAN JUSTO",
        "maquinas": "TRACTORES-JOHN DEERE-5403 | DESENCONTRADA-OTRA MARCA-OTRO | DESENCONTRADA-OTRA MARCA-OTRO | DESMALEZADORAS-YOMEL-DESMYOMEL | HOJA NIVELADORA-OTRA MARCA-OTRO | MOTONIVELADORAS-CATERPILLAR-OTRO | TRACTORES-FIAT-700 E | TRACTORES-FIAT-700 E | TRACTORES-DEUTZ-FAHR-MODELO UNICO | TRACTORES-DEUTZ-FAHR-MODELO UNICO | "
      },
      "geometry": {
        "type": "Point",
        "coordinates": [
          -60.72103973431165,
          -31.60024127500891
        ]
      }
    },
    {
      "type": "Feature",
      "properties": {
        "nombre": "Nelson",
        "provincia": "Santa Fe",
        "cuit": "30674557198",
        "sucursal": "SAN JUSTO",
        "maquinas": "RETROEXCAVADORAS-JOHN DEERE-310L | MOTONIVELADORAS-CATERPILLAR-OTRO | TRACTORES-MASSEY FERGUSON-2625 | TRACTORES-MASSEY FERGUSON-2625 | TRACTORES-FIAT-700 E | TRACTORES-FIAT-900 | TRACTORES-FIAT-OTRO | TRACTORES-FIAT-OTRO | DESMALEZADORAS-OTRA MARCA-OTRO | DESMALEZADORAS-OTRA MARCA-OTRO | DESMALEZADORAS-OTRA MARCA-OTRO | TANQUE DE COMBUSTIBLE-OTRA MARCA-OTRO | DESENCONTRADA-OTRA MARCA-OTRO | DESENCONTRADA-OTRA MARCA-OTRO | RETROEXCAVADORAS-JOHN DEERE-310L | "
      },
      "geometry": {
        "type": "Point",
        "coordinates": [
          -60.72835097080435,
          -31.62292238685375
        ]
      }
    },
    {
      "type": "Feature",
      "properties": {
        "nombre": "Nicanor Molinas",
        "provincia": "Santa Fe",
        "cuit": "30699248777",
        "sucursal": "AVELLANEDA",
        "maquinas": "TRACTORES-JOHN DEERE-5090E | "
      },
      "geometry": {
        "type": "Point",
        "coordinates": [
          -60.67595165198298,
          -31.631612873180405
        ]
      }
    },
    {
      "type": "Feature",
      "properties": {
        "nombre": "Nuevo Torino",
        "provincia": "Santa Fe",
        "cuit": "30678361077",
        "sucursal": "FUERA ADR",
        "maquinas": ""
      },
      "geometry": {
        "type": "Point",
        "coordinates": [
          -60.65322284477919,
          -31.65510583067529
        ]
      }
    },
    {
      "type": "Feature",
      "properties": {
        "nombre": "Ñanducita",
        "provincia": "Santa Fe",
        "cuit": "nan",
        "sucursal": "CERES",
        "maquinas": ""
      },
      "geometry": {
        "type": "Point",
        "coordinates": [
          -60.68187952253956,
          -31.647940870022662
        ]
      }
    },
    {
      "type": "Feature",
      "properties": {
        "nombre": "Oliveros",
        "provincia": "Santa Fe",
        "cuit": "30674501109",
        "sucursal": "TOTORAS",
        "maquinas": "TRACTORES-JOHN DEERE-5065 | TRACTORES-JOHN DEERE-5082E | TRACTORES-JOHN DEERE-5075E | TRACTORES JARDIN-JOHN DEERE-JARDIN Z445 | "
      },
      "geometry": {
        "type": "Point",
        "coordinates": [
          -60.71164538339642,
          -31.61661443946173
        ]
      }
    },
    {
      "type": "Feature",
      "properties": {
        "nombre": "Palacios",
        "provincia": "Santa Fe",
        "cuit": "30674306373",
        "sucursal": "CERES",
        "maquinas": "TRACTORES-JOHN DEERE-5065E | RETROEXCAVADORAS-JOHN DEERE-310J | MINICARGADORAS-JOHN DEERE-316GR iT4 | "
      },
      "geometry": {
        "type": "Point",
        "coordinates": [
          -60.67097713413217,
          -31.671673262183695
        ]
      }
    },
    {
      "type": "Feature",
      "properties": {
        "nombre": "Pavon",
        "provincia": "Santa Fe",
        "cuit": "nan",
        "sucursal": "FUERA ADR",
        "maquinas": ""
      },
      "geometry": {
        "type": "Point",
        "coordinates": [
          -60.66102734163804,
          -31.62563579419842
        ]
      }
    },
    {
      "type": "Feature",
      "properties": {
        "nombre": "Pavon Arriba",
        "provincia": "Santa Fe",
        "cuit": "nan",
        "sucursal": "FUERA ADR",
        "maquinas": ""
      },
      "geometry": {
        "type": "Point",
        "coordinates": [
          -60.731675039428595,
          -31.671676418797418
        ]
      }
    },
    {
      "type": "Feature",
      "properties": {
        "nombre": "Pedro Gomez Cello",
        "provincia": "Santa Fe",
        "cuit": "30678365277",
        "sucursal": "SAN JUSTO",
        "maquinas": "TRACTORES-JOHN DEERE-5075 | TRACTORES-JOHN DEERE-5065E | TRACTORES-JOHN DEERE-5090E | "
      },
      "geometry": {
        "type": "Point",
        "coordinates": [
          -60.73570311328389,
          -31.60607442936304
        ]
      }
    },
    {
      "type": "Feature",
      "properties": {
        "nombre": "Peyrano",
        "provincia": "Santa Fe",
        "cuit": "30658825468",
        "sucursal": "FUERA ADR",
        "maquinas": ""
      },
      "geometry": {
        "type": "Point",
        "coordinates": [
          -60.72062986749011,
          -31.607881292788655
        ]
      }
    },
    {
      "type": "Feature",
      "properties": {
        "nombre": "Piamonte",
        "provincia": "Santa Fe",
        "cuit": "30674642675",
        "sucursal": "CARLOS PELLEGRINI",
        "maquinas": "RETROEXCAVADORAS-MASSEY FERGUSON-OTRO | TRACTORES-NEW HOLLAND-TT45 | "
      },
      "geometry": {
        "type": "Point",
        "coordinates": [
          -60.73873236943878,
          -31.67834278338105
        ]
      }
    },
    {
      "type": "Feature",
      "properties": {
        "nombre": "Pilar",
        "provincia": "Santa Fe",
        "cuit": "30674554296",
        "sucursal": "FUERA ADR",
        "maquinas": ""
      },
      "geometry": {
        "type": "Point",
        "coordinates": [
          -60.668012541943035,
          -31.64088499825537
        ]
      }
    },
    {
      "type": "Feature",
      "properties": {
        "nombre": "Piñero",
        "provincia": "Santa Fe",
        "cuit": "30642937096",
        "sucursal": "FUERA ADR",
        "maquinas": ""
      },
      "geometry": {
        "type": "Point",
        "coordinates": [
          -60.69339934652493,
          -31.610549099111445
        ]
      }
    },
    {
      "type": "Feature",
      "properties": {
        "nombre": "Plaza Clucellas",
        "provincia": "Santa Fe",
        "cuit": "30674329926",
        "sucursal": "FUERA ADR",
        "maquinas": ""
      },
      "geometry": {
        "type": "Point",
        "coordinates": [
          -60.66948189969013,
          -31.607814546298442
        ]
      }
    },
    {
      "type": "Feature",
      "properties": {
        "nombre": "Portugalete",
        "provincia": "Santa Fe",
        "cuit": "33674304159",
        "sucursal": "CERES",
        "maquinas": "RETROEXCAVADORAS-JOHN DEERE-310L | "
      },
      "geometry": {
        "type": "Point",
        "coordinates": [
          -60.73143783537707,
          -31.65848617092012
        ]
      }
    },
    {
      "type": "Feature",
      "properties": {
        "nombre": "Pozo Borrado",
        "provincia": "Santa Fe",
        "cuit": "30674374239",
        "sucursal": "CERES",
        "maquinas": "TRACTORES-AGCO ALLIS-240 | TRACTORES-AGCO ALLIS-220 | "
      },
      "geometry": {
        "type": "Point",
        "coordinates": [
          -60.73050391821499,
          -31.621518596733925
        ]
      }
    },
    {
      "type": "Feature",
      "properties": {
        "nombre": "Presidente Roca",
        "provincia": "Santa Fe",
        "cuit": "30999173930",
        "sucursal": "FUERA ADR",
        "maquinas": ""
      },
      "geometry": {
        "type": "Point",
        "coordinates": [
          -60.70524801770233,
          -31.647567044863145
        ]
      }
    },
    {
      "type": "Feature",
      "properties": {
        "nombre": "Progreso",
        "provincia": "Santa Fe",
        "cuit": "30678383879",
        "sucursal": "SAN JUSTO",
        "maquinas": "TRACTORES-JOHN DEERE-5075E | RETROEXCAVADORAS-JOHN DEERE-310G | "
      },
      "geometry": {
        "type": "Point",
        "coordinates": [
          -60.741870039265606,
          -31.627512740504542
        ]
      }
    },
    {
      "type": "Feature",
      "properties": {
        "nombre": "Providencia",
        "provincia": "Santa Fe",
        "cuit": "30678391758",
        "sucursal": "SAN JUSTO",
        "maquinas": "TRACTORES-JOHN DEERE-5075E | TRACTORES-VALTRA-90HP | TRACTORES-MASSEY FERGUSON-1075 | TRACTORES-FIAT-700 E | TRACTORES-FIAT-SUPERSON 55 | ACOPLADOS-GENTILI-G-3 3/4 TN | CARGADOR FRONTAL-OMAR MARTIN-OM-500-F | CARGADOR FRONTAL-OMAR MARTIN-OM 250-F | DESMALEZADORAS-GROSSPAL-AVF3000 | PALA DE ARRASTRE-GROSSPAL-NOVA 200 | TANQUES DE AGUA-ALBERTI MAQUINARIA-26.000 L Azul | TRACTORES JARDIN-OTRA MARCA-MODELO UNICO | TRACTORES JARDIN-OTRA MARCA-MODELO UNICO | "
      },
      "geometry": {
        "type": "Point",
        "coordinates": [
          -60.73016095927132,
          -31.626599959242657
        ]
      }
    },
    {
      "type": "Feature",
      "properties": {
        "nombre": "Pueblo Andino",
        "provincia": "Santa Fe",
        "cuit": "33673875829",
        "sucursal": "TOTORAS",
        "maquinas": "TRACTORES-JOHN DEERE-5403 | TRACTORES-FIAT-880 | TRACTORES-FIAT-800 | RETROEXCAVADORAS-JCB-Modelo unico | MOTONIVELADORAS-OTRA MARCA-OTRO | MOTONIVELADORAS-SDLG-G9190F | "
      },
      "geometry": {
        "type": "Point",
        "coordinates": [
          -60.66293476779035,
          -31.65443937915757
        ]
      }
    },
    {
      "type": "Feature",
      "properties": {
        "nombre": "Pueblo Irigoyen",
        "provincia": "Santa Fe",
        "cuit": "30674142249",
        "sucursal": "FUERA ADR",
        "maquinas": "TRACTORES-DEUTZ-A 65 | TRACTORES-DEUTZ-A 85 | TRACTORES-FIAT-800 | TRACTORES-FIAT-780 | MOTONIVELADORAS-ASTARSA-OTRO | "
      },
      "geometry": {
        "type": "Point",
        "coordinates": [
          -60.73991150185542,
          -31.618068231253833
        ]
      }
    },
    {
      "type": "Feature",
      "properties": {
        "nombre": "Pueblo Marini",
        "provincia": "Santa Fe",
        "cuit": "nan",
        "sucursal": "FUERA ADR",
        "maquinas": ""
      },
      "geometry": {
        "type": "Point",
        "coordinates": [
          -60.73374097836476,
          -31.662704576150638
        ]
      }
    },
    {
      "type": "Feature",
      "properties": {
        "nombre": "San Justo",
        "provincia": "Santa Fe",
        "cuit": "30999027799",
        "sucursal": "SAN JUSTO",
        "maquinas": "TRACTORES-JOHN DEERE-5403 | TRACTORES-JOHN DEERE-5045E | TRACTORES-JOHN DEERE-5065E | RETROEXCAVADORAS-JOHN DEERE-310J | RETROEXCAVADORAS-JOHN DEERE-310L | "
      },
      "geometry": {
        "type": "Point",
        "coordinates": [
          -60.746287153640495,
          -31.633792176639723
        ]
      }
    },
    {
      "type": "Feature",
      "properties": {
        "nombre": "Recreo",
        "provincia": "Santa Fe",
        "cuit": "30999046076",
        "sucursal": "SAN JUSTO",
        "maquinas": "RETROEXCAVADORAS-JOHN DEERE-310J | "
      },
      "geometry": {
        "type": "Point",
        "coordinates": [
          -60.67391431220436,
          -31.664992736480567
        ]
      }
    },
    {
      "type": "Feature",
      "properties": {
        "nombre": "Santa Fe",
        "provincia": "Santa Fe",
        "cuit": "30999033381",
        "sucursal": "SAN JUSTO",
        "maquinas": "MOTONIVELADORAS-JOHN DEERE-620 | MOTONIVELADORAS-JOHN DEERE-620 | MOTONIVELADORAS-JOHN DEERE-620G | TRACTORES-JOHN DEERE-6105E | TRACTORES-JOHN DEERE-6105E | TRACTORES-JOHN DEERE-5090E | TRACTORES-JOHN DEERE-5090E | "
      },
      "geometry": {
        "type": "Point",
        "coordinates": [
          -60.65316321848382,
          -31.63611975180833
        ]
      }
    },
    {
      "type": "Feature",
      "properties": {
        "nombre": "Santo Tome",
        "provincia": "Santa Fe",
        "cuit": "30999027934",
        "sucursal": "SAN JUSTO",
        "maquinas": "RETROEXCAVADORAS-HYDROMAC-OTRO | RETROEXCAVADORAS-JOHN DEERE-310P | "
      },
      "geometry": {
        "type": "Point",
        "coordinates": [
          -60.71481333740658,
          -31.610103753241468
        ]
      }
    },
    {
      "type": "Feature",
      "properties": {
        "nombre": "Roldan",
        "provincia": "Santa Fe",
        "cuit": "30674480144",
        "sucursal": "CAÑADA DE GOMEZ",
        "maquinas": "RETROEXCAVADORAS-JOHN DEERE-310L | "
      },
      "geometry": {
        "type": "Point",
        "coordinates": [
          -60.6959655558208,
          -31.62274529193537
        ]
      }
    },
    {
      "type": "Feature",
      "properties": {
        "nombre": "San Genaro",
        "provincia": "Santa Fe",
        "cuit": "30710380607",
        "sucursal": "TOTORAS",
        "maquinas": "RETROEXCAVADORAS-JOHN DEERE-310P | "
      },
      "geometry": {
        "type": "Point",
        "coordinates": [
          -60.65569092266218,
          -31.6394483969569
        ]
      }
    },
    {
      "type": "Feature",
      "properties": {
        "nombre": "Sastre",
        "provincia": "Santa Fe",
        "cuit": "30674637523",
        "sucursal": "CARLOS PELLEGRINI",
        "maquinas": "RETROEXCAVADORAS-OTRA MARCA-OTRO | MOTONIVELADORAS-CATERPILLAR-OTRO | "
      },
      "geometry": {
        "type": "Point",
        "coordinates": [
          -60.67904348464967,
          -31.588819495431874
        ]
      }
    },
    {
      "type": "Feature",
      "properties": {
        "nombre": "Villa Cañas",
        "provincia": "Santa Fe",
        "cuit": "30639505150",
        "sucursal": "CAÑADA DE GOMEZ",
        "maquinas": "RETROEXCAVADORAS-JOHN DEERE-310L | "
      },
      "geometry": {
        "type": "Point",
        "coordinates": [
          -60.74174180909971,
          -31.658934156168097
        ]
      }
    },
    {
      "type": "Feature",
      "properties": {
        "nombre": "Pueblo Muñoz",
        "provincia": "Santa Fe",
        "cuit": "nan",
        "sucursal": "FUERA ADR",
        "maquinas": ""
      },
      "geometry": {
        "type": "Point",
        "coordinates": [
          -60.73882714022003,
          -31.661119169705447
        ]
      }
    },
    {
      "type": "Feature",
      "properties": {
        "nombre": "Pueblo Uranga (Uranga)",
        "provincia": "Santa Fe",
        "cuit": "30677530592",
        "sucursal": "CAÑADA DE GOMEZ",
        "maquinas": ""
      },
      "geometry": {
        "type": "Point",
        "coordinates": [
          -60.739006625555426,
          -31.65753389596735
        ]
      }
    },
    {
      "type": "Feature",
      "properties": {
        "nombre": "Pujato",
        "provincia": "Santa Fe",
        "cuit": "30673964741",
        "sucursal": "CAÑADA DE GOMEZ",
        "maquinas": "TRACTORES-MASSEY FERGUSON-1185 | TRACTORES-MASSEY FERGUSON-165 | TRACTORES-FIAT-800 | TRACTORES-VALTRA-BH180 | RETROEXCAVADORAS-MASSEY FERGUSON-OTRO | MOTONIVELADORAS-CATERPILLAR-140K | "
      },
      "geometry": {
        "type": "Point",
        "coordinates": [
          -60.7431304579783,
          -31.618839552781704
        ]
      }
    },
    {
      "type": "Feature",
      "properties": {
        "nombre": "Pujato Norte",
        "provincia": "Santa Fe",
        "cuit": "30674614426",
        "sucursal": "FUERA ADR",
        "maquinas": ""
      },
      "geometry": {
        "type": "Point",
        "coordinates": [
          -60.705439014742645,
          -31.64684306716356
        ]
      }
    },
    {
      "type": "Feature",
      "properties": {
        "nombre": "Ramayon",
        "provincia": "Santa Fe",
        "cuit": "30678400188",
        "sucursal": "SAN JUSTO",
        "maquinas": "TRACTORES-PAUNY-TPAUNY100-120 | TRACTORES-PAUNY-TPAUNY80-100 | RETROEXCAVADORAS-NEW HOLLAND-Modelo unico | RETROEXCAVADORAS-JOHN DEERE-310L | "
      },
      "geometry": {
        "type": "Point",
        "coordinates": [
          -60.741179913712344,
          -31.673744468306676
        ]
      }
    },
    {
      "type": "Feature",
      "properties": {
        "nombre": "Ramona",
        "provincia": "Santa Fe",
        "cuit": "30674282725",
        "sucursal": "FUERA ADR",
        "maquinas": ""
      },
      "geometry": {
        "type": "Point",
        "coordinates": [
          -60.68957955635347,
          -31.651732650775422
        ]
      }
    },
    {
      "type": "Feature",
      "properties": {
        "nombre": "Ricardone",
        "provincia": "Santa Fe",
        "cuit": "30651885694",
        "sucursal": "TOTORAS",
        "maquinas": "TRACTORES-JOHN DEERE-2530 | RETROEXCAVADORAS-OTRA MARCA-OTRO | RETROEXCAVADORAS-LIUGONG-OTRO | "
      },
      "geometry": {
        "type": "Point",
        "coordinates": [
          -60.71312036231999,
          -31.609293242598547
        ]
      }
    },
    {
      "type": "Feature",
      "properties": {
        "nombre": "Rivadavia",
        "provincia": "Santa Fe",
        "cuit": "nan",
        "sucursal": "SAN JUSTO",
        "maquinas": ""
      },
      "geometry": {
        "type": "Point",
        "coordinates": [
          -60.70037649365125,
          -31.612123049674523
        ]
      }
    },
    {
      "type": "Feature",
      "properties": {
        "nombre": "Rueda",
        "provincia": "Santa Fe",
        "cuit": "30677485104",
        "sucursal": "FUERA ADR",
        "maquinas": ""
      },
      "geometry": {
        "type": "Point",
        "coordinates": [
          -60.737647106679354,
          -31.63971802482244
        ]
      }
    },
    {
      "type": "Feature",
      "properties": {
        "nombre": "Sa Pereira",
        "provincia": "Santa Fe",
        "cuit": "30678374527",
        "sucursal": "FUERA ADR",
        "maquinas": ""
      },
      "geometry": {
        "type": "Point",
        "coordinates": [
          -60.68940879332383,
          -31.678235004925202
        ]
      }
    },
    {
      "type": "Feature",
      "properties": {
        "nombre": "Saguier",
        "provincia": "Santa Fe",
        "cuit": "30674278280",
        "sucursal": "FUERA ADR",
        "maquinas": ""
      },
      "geometry": {
        "type": "Point",
        "coordinates": [
          -60.68647327230277,
          -31.65788014812985
        ]
      }
    },
    {
      "type": "Feature",
      "properties": {
        "nombre": "Saladero Mariano Cabal",
        "provincia": "Santa Fe",
        "cuit": "30678386606",
        "sucursal": "SAN JUSTO",
        "maquinas": "RETROEXCAVADORAS-JOHN DEERE-310L | "
      },
      "geometry": {
        "type": "Point",
        "coordinates": [
          -60.691757093268826,
          -31.677878920655566
        ]
      }
    },
    {
      "type": "Feature",
      "properties": {
        "nombre": "Salto Grande",
        "provincia": "Santa Fe",
        "cuit": "30673882575",
        "sucursal": "TOTORAS",
        "maquinas": "TRACTORES JARDIN-JOHN DEERE-Z255 | MOTONIVELADORAS-JOHN DEERE-670D | TRACTORES-JOHN DEERE-5075E | "
      },
      "geometry": {
        "type": "Point",
        "coordinates": [
          -60.70643233612904,
          -31.66521906929681
        ]
      }
    },
    {
      "type": "Feature",
      "properties": {
        "nombre": "San Agustin",
        "provincia": "Santa Fe",
        "cuit": "30678381892",
        "sucursal": "FUERA ADR",
        "maquinas": "RETROEXCAVADORAS-JOHN DEERE-310L | "
      },
      "geometry": {
        "type": "Point",
        "coordinates": [
          -60.652722262921245,
          -31.615994538692817
        ]
      }
    },
    {
      "type": "Feature",
      "properties": {
        "nombre": "San Antonio",
        "provincia": "Santa Fe",
        "cuit": "30674314635",
        "sucursal": "FUERA ADR",
        "maquinas": "RETROEXCAVADORAS-JOHN DEERE-310L | "
      },
      "geometry": {
        "type": "Point",
        "coordinates": [
          -60.72612108592347,
          -31.656469999297876
        ]
      }
    },
    {
      "type": "Feature",
      "properties": {
        "nombre": "San Antonio de Obligado",
        "provincia": "Santa Fe",
        "cuit": "30674342647",
        "sucursal": "AVELLANEDA",
        "maquinas": ""
      },
      "geometry": {
        "type": "Point",
        "coordinates": [
          -60.725516880454535,
          -31.670334598993453
        ]
      }
    },
    {
      "type": "Feature",
      "properties": {
        "nombre": "San Bernardo",
        "provincia": "Santa Fe",
        "cuit": "30678401931",
        "sucursal": "CERES",
        "maquinas": "TRACTORES-NEW HOLLAND-5070 | TRACTORES-MASSEY FERGUSON-1075 | TRACTORES-FIAT-700 E | TRACTORES-FIAT-SUPERSON 55 | ACOPLADOS-PLEGADOS SAN JUSTO-ACOPLADO 4MTS | CARGADOR FRONTAL-OTRA MARCA-OTRO | CORTADORA DE PASTO-OTRA MARCA-OTRO | DESENCONTRADA-OTRA MARCA-OTRO | DESMALEZADORAS-GROSSPAL-AV-150 | PALA DE ARRASTRE-GROSSPAL-NOVA 150 | TRACTORES JARDIN-OTRA MARCA-MODELO UNICO | "
      },
      "geometry": {
        "type": "Point",
        "coordinates": [
          -60.748279944141984,
          -31.613060816327796
        ]
      }
    },
    {
      "type": "Feature",
      "properties": {
        "nombre": "San Carlos Norte",
        "provincia": "Santa Fe",
        "cuit": "30999049040",
        "sucursal": "FUERA ADR",
        "maquinas": ""
      },
      "geometry": {
        "type": "Point",
        "coordinates": [
          -60.72903520407536,
          -31.62633500693738
        ]
      }
    },
    {
      "type": "Feature",
      "properties": {
        "nombre": "San Carlos Sur",
        "provincia": "Santa Fe",
        "cuit": "30678354011",
        "sucursal": "FUERA ADR",
        "maquinas": ""
      },
      "geometry": {
        "type": "Point",
        "coordinates": [
          -60.72597137432528,
          -31.65015212831083
        ]
      }
    },
    {
      "type": "Feature",
      "properties": {
        "nombre": "San Eduardo",
        "provincia": "Santa Fe",
        "cuit": "30649879903",
        "sucursal": "FUERA ADR",
        "maquinas": ""
      },
      "geometry": {
        "type": "Point",
        "coordinates": [
          -60.735814214010844,
          -31.63987040436462
        ]
      }
    },
    {
      "type": "Feature",
      "properties": {
        "nombre": "San Eugenio",
        "provincia": "Santa Fe",
        "cuit": "nan",
        "sucursal": "FUERA ADR",
        "maquinas": ""
      },
      "geometry": {
        "type": "Point",
        "coordinates": [
          -60.6558519552501,
          -31.663472453955592
        ]
      }
    },
    {
      "type": "Feature",
      "properties": {
        "nombre": "San Fabián",
        "provincia": "Santa Fe",
        "cuit": "30674150675",
        "sucursal": "FUERA ADR",
        "maquinas": ""
      },
      "geometry": {
        "type": "Point",
        "coordinates": [
          -60.73637258314708,
          -31.657879049265567
        ]
      }
    },
    {
      "type": "Feature",
      "properties": {
        "nombre": "San Francisco",
        "provincia": "Santa Fe",
        "cuit": "30674767214",
        "sucursal": "FUERA ADR",
        "maquinas": "RETROEXCAVADORAS-JOHN DEERE-310L | "
      },
      "geometry": {
        "type": "Point",
        "coordinates": [
          -60.73306312727155,
          -31.68057197118236
        ]
      }
    },
    {
      "type": "Feature",
      "properties": {
        "nombre": "San Gregorio",
        "provincia": "Santa Fe",
        "cuit": "30649274440",
        "sucursal": "FUERA ADR",
        "maquinas": ""
      },
      "geometry": {
        "type": "Point",
        "coordinates": [
          -60.67835537137396,
          -31.598254147993142
        ]
      }
    },
    {
      "type": "Feature",
      "properties": {
        "nombre": "San Jerónimo del Sauce",
        "provincia": "Santa Fe",
        "cuit": "30692368998",
        "sucursal": "FUERA ADR",
        "maquinas": ""
      },
      "geometry": {
        "type": "Point",
        "coordinates": [
          -60.69310184927683,
          -31.65404337481456
        ]
      }
    },
    {
      "type": "Feature",
      "properties": {
        "nombre": "San Jerónimo Sud",
        "provincia": "Santa Fe",
        "cuit": "33676896959",
        "sucursal": "CAÑADA DE GOMEZ",
        "maquinas": "TRACTORES-CASE-Farmall JXM75 | TRACTORES-CASE-Farmall 120A | TRACTORES-APACHE-OTRO | TRACTORES-FIAT-400 | MOTONIVELADORAS-TIANGONG-PY 160M | RETROEXCAVADORAS-NEW HOLLAND-B90 | RETROEXCAVADORAS-NEW HOLLAND-OTRO | MOTONIVELADORAS-JOHN DEERE-620P | "
      },
      "geometry": {
        "type": "Point",
        "coordinates": [
          -60.67418020270169,
          -31.673105835674516
        ]
      }
    },
    {
      "type": "Feature",
      "properties": {
        "nombre": "San José de la Esquina",
        "provincia": "Santa Fe",
        "cuit": "30673974607",
        "sucursal": "FUERA ADR",
        "maquinas": ""
      },
      "geometry": {
        "type": "Point",
        "coordinates": [
          -60.65744067974708,
          -31.630498667528464
        ]
      }
    },
    {
      "type": "Feature",
      "properties": {
        "nombre": "San Mariano",
        "provincia": "Santa Fe",
        "cuit": "30678351667",
        "sucursal": "FUERA ADR",
        "maquinas": ""
      },
      "geometry": {
        "type": "Point",
        "coordinates": [
          -60.66667638480043,
          -31.629831452345353
        ]
      }
    },
    {
      "type": "Feature",
      "properties": {
        "nombre": "San Martin de las Escobas",
        "provincia": "Santa Fe",
        "cuit": "30999048982",
        "sucursal": "CARLOS PELLEGRINI",
        "maquinas": ""
      },
      "geometry": {
        "type": "Point",
        "coordinates": [
          -60.69410070889761,
          -31.667289110176544
        ]
      }
    },
    {
      "type": "Feature",
      "properties": {
        "nombre": "San Martin Norte",
        "provincia": "Santa Fe",
        "cuit": "30678431164",
        "sucursal": "SAN JUSTO",
        "maquinas": "TRACTORES-JOHN DEERE-5075 | TRACTORES JARDIN-JOHN DEERE-JARDIN D130 | "
      },
      "geometry": {
        "type": "Point",
        "coordinates": [
          -60.70317518854058,
          -31.63610015213584
        ]
      }
    },
    {
      "type": "Feature",
      "properties": {
        "nombre": "San Vicente",
        "provincia": "Santa Fe",
        "cuit": "30674242324",
        "sucursal": "FUERA ADR",
        "maquinas": "MOTONIVELADORAS-OTRA MARCA-OTRO | TRACTORES-PAUNY-EVO 250A | "
      },
      "geometry": {
        "type": "Point",
        "coordinates": [
          -60.656036915169615,
          -31.62775417866045
        ]
      }
    },
    {
      "type": "Feature",
      "properties": {
        "nombre": "Sancti Spiritu",
        "provincia": "Santa Fe",
        "cuit": "30639716194",
        "sucursal": "FUERA ADR",
        "maquinas": ""
      },
      "geometry": {
        "type": "Point",
        "coordinates": [
          -60.67073035837766,
          -31.682990833537808
        ]
      }
    },
    {
      "type": "Feature",
      "properties": {
        "nombre": "Sanford",
        "provincia": "Santa Fe",
        "cuit": "nan",
        "sucursal": "FUERA ADR",
        "maquinas": ""
      },
      "geometry": {
        "type": "Point",
        "coordinates": [
          -60.74867654074597,
          -31.604652664239175
        ]
      }
    },
    {
      "type": "Feature",
      "properties": {
        "nombre": "Santa Clara de Buena Vista",
        "provincia": "Santa Fe",
        "cuit": "30674620949",
        "sucursal": "FUERA ADR",
        "maquinas": ""
      },
      "geometry": {
        "type": "Point",
        "coordinates": [
          -60.653144788591916,
          -31.634567532749926
        ]
      }
    },
    {
      "type": "Feature",
      "properties": {
        "nombre": "Santa Clara de Saguier",
        "provincia": "Santa Fe",
        "cuit": "30674243312",
        "sucursal": "FUERA ADR",
        "maquinas": ""
      },
      "geometry": {
        "type": "Point",
        "coordinates": [
          -60.683217594087004,
          -31.61706821785963
        ]
      }
    },
    {
      "type": "Feature",
      "properties": {
        "nombre": "Santa Isabel",
        "provincia": "Santa Fe",
        "cuit": "nan",
        "sucursal": "FUERA ADR",
        "maquinas": ""
      },
      "geometry": {
        "type": "Point",
        "coordinates": [
          -60.70318274843466,
          -31.671114596183124
        ]
      }
    },
    {
      "type": "Feature",
      "properties": {
        "nombre": "Santa Margarita",
        "provincia": "Santa Fe",
        "cuit": "30674354963",
        "sucursal": "CERES",
        "maquinas": "RETROEXCAVADORAS-JOHN DEERE-310L | "
      },
      "geometry": {
        "type": "Point",
        "coordinates": [
          -60.72259704412472,
          -31.62698675240149
        ]
      }
    },
    {
      "type": "Feature",
      "properties": {
        "nombre": "Santa María Centro",
        "provincia": "Santa Fe",
        "cuit": "30668042844",
        "sucursal": "FUERA ADR",
        "maquinas": ""
      },
      "geometry": {
        "type": "Point",
        "coordinates": [
          -60.70755205119255,
          -31.664639593878718
        ]
      }
    },
    {
      "type": "Feature",
      "properties": {
        "nombre": "Santa María Norte",
        "provincia": "Santa Fe",
        "cuit": "30678382023",
        "sucursal": "FUERA ADR",
        "maquinas": ""
      },
      "geometry": {
        "type": "Point",
        "coordinates": [
          -60.68057101863874,
          -31.610710829079668
        ]
      }
    },
    {
      "type": "Feature",
      "properties": {
        "nombre": "Santa Rosa de Calchines",
        "provincia": "Santa Fe",
        "cuit": "30999049350",
        "sucursal": "SAN JUSTO",
        "maquinas": "TRACTORES-JOHN DEERE-5075 | TRACTORES-JOHN DEERE-5075 | TRACTORES-JOHN DEERE-5090E | "
      },
      "geometry": {
        "type": "Point",
        "coordinates": [
          -60.66818002017633,
          -31.653804401070275
        ]
      }
    },
    {
      "type": "Feature",
      "properties": {
        "nombre": "Santa Teresa",
        "provincia": "Santa Fe",
        "cuit": "30656272682",
        "sucursal": "FUERA ADR",
        "maquinas": "RETROEXCAVADORAS-JOHN DEERE-310L | RETROEXCAVADORAS-JOHN DEERE-310L | "
      },
      "geometry": {
        "type": "Point",
        "coordinates": [
          -60.70805279133593,
          -31.624017063340702
        ]
      }
    },
    {
      "type": "Feature",
      "properties": {
        "nombre": "Santo Domingo",
        "provincia": "Santa Fe",
        "cuit": "30678356545",
        "sucursal": "SAN JUSTO",
        "maquinas": ""
      },
      "geometry": {
        "type": "Point",
        "coordinates": [
          -60.7442981560578,
          -31.60397581153541
        ]
      }
    },
    {
      "type": "Feature",
      "properties": {
        "nombre": "Santurce",
        "provincia": "Santa Fe",
        "cuit": "30674285317",
        "sucursal": "SAN JUSTO",
        "maquinas": "TRACTORES-JOHN DEERE-5090E | "
      },
      "geometry": {
        "type": "Point",
        "coordinates": [
          -60.72772835546798,
          -31.60202879568969
        ]
      }
    },
    {
      "type": "Feature",
      "properties": {
        "nombre": "Sargento Cabral",
        "provincia": "Santa Fe",
        "cuit": "30999130255",
        "sucursal": "FUERA ADR",
        "maquinas": ""
      },
      "geometry": {
        "type": "Point",
        "coordinates": [
          -60.71793989803429,
          -31.63797417211179
        ]
      }
    },
    {
      "type": "Feature",
      "properties": {
        "nombre": "Sarmiento",
        "provincia": "Santa Fe",
        "cuit": "nan",
        "sucursal": "SAN JUSTO",
        "maquinas": ""
      },
      "geometry": {
        "type": "Point",
        "coordinates": [
          -60.72172567937057,
          -31.652660688840353
        ]
      }
    },
    {
      "type": "Feature",
      "properties": {
        "nombre": "Sauce Viejo",
        "provincia": "Santa Fe",
        "cuit": "30678357606",
        "sucursal": "SAN JUSTO",
        "maquinas": "RETROEXCAVADORAS-JOHN DEERE-310J | "
      },
      "geometry": {
        "type": "Point",
        "coordinates": [
          -60.671687927915286,
          -31.667279740591127
        ]
      }
    },
    {
      "type": "Feature",
      "properties": {
        "nombre": "Serodino",
        "provincia": "Santa Fe",
        "cuit": "30673841321",
        "sucursal": "TOTORAS",
        "maquinas": "RETROEXCAVADORAS-JOHN DEERE-310J | "
      },
      "geometry": {
        "type": "Point",
        "coordinates": [
          -60.717850647711074,
          -31.594920221334537
        ]
      }
    },
    {
      "type": "Feature",
      "properties": {
        "nombre": "Silva",
        "provincia": "Santa Fe",
        "cuit": "nan",
        "sucursal": "SAN JUSTO",
        "maquinas": ""
      },
      "geometry": {
        "type": "Point",
        "coordinates": [
          -60.68599197488147,
          -31.658129210191657
        ]
      }
    },
    {
      "type": "Feature",
      "properties": {
        "nombre": "Soldini",
        "provincia": "Santa Fe",
        "cuit": "30677484116",
        "sucursal": "ROSARIO",
        "maquinas": ""
      },
      "geometry": {
        "type": "Point",
        "coordinates": [
          -60.679191668017964,
          -31.666870444089646
        ]
      }
    },
    {
      "type": "Feature",
      "properties": {
        "nombre": "Soledad",
        "provincia": "Santa Fe",
        "cuit": "33684389519",
        "sucursal": "CERES",
        "maquinas": "TRACTORES-JOHN DEERE-5403 | TRACTORES-AGRINAR-OTRO | TRACTORES-FIAT-700 E | TRACTORES-FIAT-SOMECA 55 | TRACTORES-FIAT-900 | ACOPLADOS-PLEGADOS SAN JUSTO-ACOPLADO 4MTS | ACOPLADOS-PLEGADOS SAN JUSTO-ACOPLADO 4MTS | CARGADOR FRONTAL-OMAR MARTIN-OM 260 F | DESMALEZADORAS-YOMEL-1521 | MOTONIVELADORAS-TIANGONG-PY 160M | TRACTORES JARDIN-OTRA MARCA-MODELO UNICO | "
      },
      "geometry": {
        "type": "Point",
        "coordinates": [
          -60.682916602062505,
          -31.592906244045214
        ]
      }
    },
    {
      "type": "Feature",
      "properties": {
        "nombre": "Soutomayor",
        "provincia": "Santa Fe",
        "cuit": "30678358904",
        "sucursal": "SAN JUSTO",
        "maquinas": ""
      },
      "geometry": {
        "type": "Point",
        "coordinates": [
          -60.70768739885685,
          -31.62248043760892
        ]
      }
    },
    {
      "type": "Feature",
      "properties": {
        "nombre": "Susana",
        "provincia": "Santa Fe",
        "cuit": "30674279589",
        "sucursal": "FUERA ADR",
        "maquinas": ""
      },
      "geometry": {
        "type": "Point",
        "coordinates": [
          -60.73243716748787,
          -31.63681765438751
        ]
      }
    },
    {
      "type": "Feature",
      "properties": {
        "nombre": "Tacuarendi",
        "provincia": "Santa Fe",
        "cuit": "30674338895",
        "sucursal": "AVELLANEDA",
        "maquinas": "TRACTORES-JOHN DEERE-5403 | "
      },
      "geometry": {
        "type": "Point",
        "coordinates": [
          -60.74502792334391,
          -31.635426762854806
        ]
      }
    },
    {
      "type": "Feature",
      "properties": {
        "nombre": "Tacural",
        "provincia": "Santa Fe",
        "cuit": "30674280439",
        "sucursal": "FUERA ADR",
        "maquinas": "RETROEXCAVADORAS-JOHN DEERE-310L | RETROEXCAVADORAS-JOHN DEERE-310L | "
      },
      "geometry": {
        "type": "Point",
        "coordinates": [
          -60.709908673608524,
          -31.655266507200253
        ]
      }
    },
    {
      "type": "Feature",
      "properties": {
        "nombre": "Tacurales",
        "provincia": "Santa Fe",
        "cuit": "30674323057",
        "sucursal": "FUERA ADR",
        "maquinas": "TRACTORES-DEUTZ-Ax 100 | TRACTORES-DEUTZ-Ax 100 | "
      },
      "geometry": {
        "type": "Point",
        "coordinates": [
          -60.6909591142509,
          -31.671131441526345
        ]
      }
    },
    {
      "type": "Feature",
      "properties": {
        "nombre": "Tartagal",
        "provincia": "Santa Fe",
        "cuit": "30674364063",
        "sucursal": "AVELLANEDA",
        "maquinas": ""
      },
      "geometry": {
        "type": "Point",
        "coordinates": [
          -60.731930168259254,
          -31.631926395610297
        ]
      }
    },
    {
      "type": "Feature",
      "properties": {
        "nombre": "Teodelina",
        "provincia": "Santa Fe",
        "cuit": "30639505398",
        "sucursal": "FUERA ADR",
        "maquinas": ""
      },
      "geometry": {
        "type": "Point",
        "coordinates": [
          -60.67564231094367,
          -31.58753973656401
        ]
      }
    },
    {
      "type": "Feature",
      "properties": {
        "nombre": "Theobald",
        "provincia": "Santa Fe",
        "cuit": "30654751338",
        "sucursal": "FUERA ADR",
        "maquinas": "RETROEXCAVADORAS-JOHN DEERE-310L | "
      },
      "geometry": {
        "type": "Point",
        "coordinates": [
          -60.653622189317794,
          -31.675261686510723
        ]
      }
    },
    {
      "type": "Feature",
      "properties": {
        "nombre": "Timbues",
        "provincia": "Santa Fe",
        "cuit": "30676883025",
        "sucursal": "TOTORAS",
        "maquinas": "TRACTORES JARDIN-JOHN DEERE-JARDIN LA125 | TRACTORES-JOHN DEERE-5045E | TRACTORES-JOHN DEERE-5090E | TRACTORES-JOHN DEERE-3036 | "
      },
      "geometry": {
        "type": "Point",
        "coordinates": [
          -60.69742555818321,
          -31.58946418858451
        ]
      }
    },
    {
      "type": "Feature",
      "properties": {
        "nombre": "Toba",
        "provincia": "Santa Fe",
        "cuit": "30674364373",
        "sucursal": "AVELLANEDA",
        "maquinas": "TRACTORES-JOHN DEERE-5045E | "
      },
      "geometry": {
        "type": "Point",
        "coordinates": [
          -60.74546260382031,
          -31.620076072567944
        ]
      }
    },
    {
      "type": "Feature",
      "properties": {
        "nombre": "Tortugas",
        "provincia": "Santa Fe",
        "cuit": "30673850126",
        "sucursal": "CAÑADA DE GOMEZ",
        "maquinas": "TRACTORES-JOHN DEERE-5082E | RETROEXCAVADORAS-NEW HOLLAND-OTRO | MOTONIVELADORAS-KOMATSU-OTRO | "
      },
      "geometry": {
        "type": "Point",
        "coordinates": [
          -60.716063464179314,
          -31.625304829578432
        ]
      }
    },
    {
      "type": "Feature",
      "properties": {
        "nombre": "Traill",
        "provincia": "Santa Fe",
        "cuit": "30674650554",
        "sucursal": "CARLOS PELLEGRINI",
        "maquinas": "TRACTORES-JOHN DEERE-3420 | "
      },
      "geometry": {
        "type": "Point",
        "coordinates": [
          -60.749073845860785,
          -31.61185413222152
        ]
      }
    },
    {
      "type": "Feature",
      "properties": {
        "nombre": "Vera y Pintado",
        "provincia": "Santa Fe",
        "cuit": "30678365587",
        "sucursal": "SAN JUSTO",
        "maquinas": "TRACTORES JARDIN-JOHN DEERE-JARDIN D130 | TRACTORES-NEW HOLLAND-110-90 | MOTONIVELADORAS-OTRA MARCA-OTRO | TRACTORES-JOHN DEERE-5082E | "
      },
      "geometry": {
        "type": "Point",
        "coordinates": [
          -60.73624386477766,
          -31.586335965254776
        ]
      }
    },
    {
      "type": "Feature",
      "properties": {
        "nombre": "Videla",
        "provincia": "Santa Fe",
        "cuit": "30678349727",
        "sucursal": "SAN JUSTO",
        "maquinas": "TRACTORES-MASSEY FERGUSON-1075 | TRACTORES-MASSEY FERGUSON-1095 | TRACTORES-MASSEY FERGUSON-1175 | TRACTORES-MASSEY FERGUSON-1195 | TRACTORES-AGRALE-5075,4 | ACOPLADOS-PLEGADOS SAN JUSTO-ACOPLADO 4MTS | ACOPLADOS-PLEGADOS SAN JUSTO-ACOPLADO 4MTS | CORTADORA DE PASTO-OTRA MARCA-OTRO | CORTADORA DE PASTO-OTRA MARCA-OTRO | CORTADORA DE PASTO-OTRA MARCA-OTRO | CARGADOR FRONTAL-KOMATSU-W180 | DESMALEZADORAS-GROSSPAL-AV-150 | DESMALEZADORAS-GROSSPAL-AVF3000 | MOTONIVELADORAS-ARGENTRAK-PY 9130 | PALA DE ARRASTRE-TBEH-PA3000 | TRACTORES JARDIN-OTRA MARCA-MODELO UNICO | TRACTORES JARDIN-OTRA MARCA-MODELO UNICO | TRACTORES JARDIN-OTRA MARCA-MODELO UNICO | RETROEXCAVADORAS-JOHN DEERE-310J | "
      },
      "geometry": {
        "type": "Point",
        "coordinates": [
          -60.71651963933293,
          -31.674484370427052
        ]
      }
    },
    {
      "type": "Feature",
      "properties": {
        "nombre": "Vila",
        "provincia": "Santa Fe",
        "cuit": "nan",
        "sucursal": "FUERA ADR",
        "maquinas": ""
      },
      "geometry": {
        "type": "Point",
        "coordinates": [
          -60.73539784296749,
          -31.659037726588043
        ]
      }
    },
    {
      "type": "Feature",
      "properties": {
        "nombre": "Villa Amelia",
        "provincia": "Santa Fe",
        "cuit": "nan",
        "sucursal": "FUERA ADR",
        "maquinas": ""
      },
      "geometry": {
        "type": "Point",
        "coordinates": [
          -60.72886282432377,
          -31.662054640159926
        ]
      }
    },
    {
      "type": "Feature",
      "properties": {
        "nombre": "Villa Ana",
        "provincia": "Santa Fe",
        "cuit": "30674343252",
        "sucursal": "AVELLANEDA",
        "maquinas": "TRACTORES-JOHN DEERE-5065E | "
      },
      "geometry": {
        "type": "Point",
        "coordinates": [
          -60.69452144694774,
          -31.640374245910618
        ]
      }
    },
    {
      "type": "Feature",
      "properties": {
        "nombre": "Villa Eloisa",
        "provincia": "Santa Fe",
        "cuit": "30673864119",
        "sucursal": "TOTORAS",
        "maquinas": "RETROEXCAVADORAS-JOHN DEERE-310L | TRACTORES-MASSEY FERGUSON-296 | TRACTORES-MASSEY FERGUSON-297 | TRACTORES-MASSEY FERGUSON-299 | MOTONIVELADORAS-OTRA MARCA-OTRO | "
      },
      "geometry": {
        "type": "Point",
        "coordinates": [
          -60.67055177370305,
          -31.67897075282449
        ]
      }
    },
    {
      "type": "Feature",
      "properties": {
        "nombre": "Villa Guillermina",
        "provincia": "Santa Fe",
        "cuit": "30674337422",
        "sucursal": "AVELLANEDA",
        "maquinas": "TRACTORES-JOHN DEERE-5403 | TRACTORES-JOHN DEERE-5403 | "
      },
      "geometry": {
        "type": "Point",
        "coordinates": [
          -60.654001249814115,
          -31.604229781236487
        ]
      }
    },
    {
      "type": "Feature",
      "properties": {
        "nombre": "Villa Minetti",
        "provincia": "Santa Fe",
        "cuit": "30999136741",
        "sucursal": "CERES",
        "maquinas": "TRACTORES-DEUTZ-Ax110L | TRACTORES-PAUNY-MODELO UNICO | TRACTORES-PAUNY-210C | RETROEXCAVADORAS-TBEH-Modelo unico | MOTONIVELADORAS-OTRA MARCA-OTRO | RETROEXCAVADORAS-JOHN DEERE-310L | "
      },
      "geometry": {
        "type": "Point",
        "coordinates": [
          -60.69221188734941,
          -31.6359280571336
        ]
      }
    },
    {
      "type": "Feature",
      "properties": {
        "nombre": "Villa Mugueta",
        "provincia": "Santa Fe",
        "cuit": "nan",
        "sucursal": "FUERA ADR",
        "maquinas": ""
      },
      "geometry": {
        "type": "Point",
        "coordinates": [
          -60.68004329076949,
          -31.6010384003468
        ]
      }
    },
    {
      "type": "Feature",
      "properties": {
        "nombre": "Villa San Jose",
        "provincia": "Santa Fe",
        "cuit": "nan",
        "sucursal": "FUERA ADR",
        "maquinas": ""
      },
      "geometry": {
        "type": "Point",
        "coordinates": [
          -60.7288684824361,
          -31.63999335157367
        ]
      }
    },
    {
      "type": "Feature",
      "properties": {
        "nombre": "Villa Saralegui",
        "provincia": "Santa Fe",
        "cuit": "30674287603",
        "sucursal": "CERES",
        "maquinas": "TRACTORES-JOHN DEERE-5065 | RETROEXCAVADORAS-JOHN DEERE-310L | TRACTORES-PAUNY-220 | TRACTORES-PAUNY-EVO 230A | MOTONIVELADORAS-TIANGONG-PY 160M | "
      },
      "geometry": {
        "type": "Point",
        "coordinates": [
          -60.74940933196603,
          -31.639860862164348
        ]
      }
    },
    {
      "type": "Feature",
      "properties": {
        "nombre": "Villa Trinidad",
        "provincia": "Santa Fe",
        "cuit": "30674277675",
        "sucursal": "CERES",
        "maquinas": "TRACTORES-DEUTZ-86 | TRACTORES-DEUTZ-86 | TRACTORES-DEUTZ-Ax 120 | TRACTORES-CASE-OTRO | RETROEXCAVADORAS-MASSEY FERGUSON-OTRO | RETROEXCAVADORAS-NEW HOLLAND-OTRO | "
      },
      "geometry": {
        "type": "Point",
        "coordinates": [
          -60.69482914863972,
          -31.66360900017463
        ]
      }
    },
    {
      "type": "Feature",
      "properties": {
        "nombre": "Villada",
        "provincia": "Santa Fe",
        "cuit": "30999129478",
        "sucursal": "FUERA ADR",
        "maquinas": ""
      },
      "geometry": {
        "type": "Point",
        "coordinates": [
          -60.70204226155588,
          -31.672481695827514
        ]
      }
    },
    {
      "type": "Feature",
      "properties": {
        "nombre": "Virginia",
        "provincia": "Santa Fe",
        "cuit": "nan",
        "sucursal": "FUERA ADR",
        "maquinas": ""
      },
      "geometry": {
        "type": "Point",
        "coordinates": [
          -60.68020294668941,
          -31.6483868325538
        ]
      }
    },
    {
      "type": "Feature",
      "properties": {
        "nombre": "Wheelwright",
        "provincia": "Santa Fe",
        "cuit": "30674771998",
        "sucursal": "FUERA ADR",
        "maquinas": ""
      },
      "geometry": {
        "type": "Point",
        "coordinates": [
          -60.70714645373967,
          -31.617416969078995
        ]
      }
    },
    {
      "type": "Feature",
      "properties": {
        "nombre": "Zavalla",
        "provincia": "Santa Fe",
        "cuit": "nan",
        "sucursal": "ROSARIO",
        "maquinas": ""
      },
      "geometry": {
        "type": "Point",
        "coordinates": [
          -60.70770818644242,
          -31.641585439751697
        ]
      }
    },
    {
      "type": "Feature",
      "properties": {
        "nombre": "Zenón Pereyra",
        "provincia": "Santa Fe",
        "cuit": "30674273238",
        "sucursal": "FUERA ADR",
        "maquinas": "TRACTORES-JOHN DEERE-5090E38C | RETROEXCAVADORAS-LIUGONG-Modelo unico | TRACTORES-FIAT-700 E | RETROEXCAVADORAS-JOHN DEERE-310P | "
      },
      "geometry": {
        "type": "Point",
        "coordinates": [
          -60.740756833145596,
          -31.660067176003235
        ]
      }
    },
    {
      "type": "Feature",
      "properties": {
        "nombre": "Achiras",
        "provincia": "Córdoba",
        "cuit": "nan",
        "sucursal": "nan",
        "maquinas": ""
      },
      "geometry": {
        "type": "Point",
        "coordinates": [
          -64.15075068418918,
          -31.38795497871132
        ]
      }
    },
    {
      "type": "Feature",
      "properties": {
        "nombre": "Adelia María",
        "provincia": "Córdoba",
        "cuit": "30999051290",
        "sucursal": "nan",
        "maquinas": ""
      },
      "geometry": {
        "type": "Point",
        "coordinates": [
          -64.22780722268932,
          -31.363725649930974
        ]
      }
    },
    {
      "type": "Feature",
      "properties": {
        "nombre": "Agua de Oro",
        "provincia": "Córdoba",
        "cuit": "30678715332",
        "sucursal": "nan",
        "maquinas": ""
      },
      "geometry": {
        "type": "Point",
        "coordinates": [
          -64.15882891907376,
          -31.451663636476383
        ]
      }
    },
    {
      "type": "Feature",
      "properties": {
        "nombre": "Alcira",
        "provincia": "Córdoba",
        "cuit": "30581388655",
        "sucursal": "nan",
        "maquinas": "CARGADOR FRONTAL-XCMG-LW180K | CARGADOR FRONTAL-OTRA MARCA-OTRO | "
      },
      "geometry": {
        "type": "Point",
        "coordinates": [
          -64.21257431043018,
          -31.462425740143146
        ]
      }
    },
    {
      "type": "Feature",
      "properties": {
        "nombre": "Alejandro Roca",
        "provincia": "Córdoba",
        "cuit": "30999097258",
        "sucursal": "nan",
        "maquinas": ""
      },
      "geometry": {
        "type": "Point",
        "coordinates": [
          -64.15569126226332,
          -31.43963644961955
        ]
      }
    },
    {
      "type": "Feature",
      "properties": {
        "nombre": "Alejo Ledesma",
        "provincia": "Córdoba",
        "cuit": "nan",
        "sucursal": "nan",
        "maquinas": ""
      },
      "geometry": {
        "type": "Point",
        "coordinates": [
          -64.14449089834447,
          -31.404074093304846
        ]
      }
    },
    {
      "type": "Feature",
      "properties": {
        "nombre": "Alicia",
        "provincia": "Córdoba",
        "cuit": "30669170382",
        "sucursal": "MORTEROS",
        "maquinas": ""
      },
      "geometry": {
        "type": "Point",
        "coordinates": [
          -64.16405953169172,
          -31.377603956755756
        ]
      }
    },
    {
      "type": "Feature",
      "properties": {
        "nombre": "Almafuerte",
        "provincia": "Córdoba",
        "cuit": " 30999099471",
        "sucursal": "nan",
        "maquinas": ""
      },
      "geometry": {
        "type": "Point",
        "coordinates": [
          -64.18204163324735,
          -31.418532233437528
        ]
      }
    },
    {
      "type": "Feature",
      "properties": {
        "nombre": "Alpa Corral",
        "provincia": "Córdoba",
        "cuit": "30683936347",
        "sucursal": "nan",
        "maquinas": ""
      },
      "geometry": {
        "type": "Point",
        "coordinates": [
          -64.22831212126569,
          -31.376573041010346
        ]
      }
    },
    {
      "type": "Feature",
      "properties": {
        "nombre": "Alta Gracia",
        "provincia": "Córdoba",
        "cuit": "30999012260",
        "sucursal": "nan",
        "maquinas": ""
      },
      "geometry": {
        "type": "Point",
        "coordinates": [
          -64.19641590233029,
          -31.435776958531054
        ]
      }
    },
    {
      "type": "Feature",
      "properties": {
        "nombre": "Alto Alegre",
        "provincia": "Córdoba",
        "cuit": "30668245699",
        "sucursal": "nan",
        "maquinas": ""
      },
      "geometry": {
        "type": "Point",
        "coordinates": [
          -64.14764649740475,
          -31.396551910818925
        ]
      }
    },
    {
      "type": "Feature",
      "properties": {
        "nombre": "Altos de Chipión",
        "provincia": "Córdoba",
        "cuit": "33669144739",
        "sucursal": "nan",
        "maquinas": "TRACTORES-DEUTZ-65 | "
      },
      "geometry": {
        "type": "Point",
        "coordinates": [
          -64.16046565871228,
          -31.420736674857018
        ]
      }
    },
    {
      "type": "Feature",
      "properties": {
        "nombre": "Anisacate",
        "provincia": "Córdoba",
        "cuit": "30681005338",
        "sucursal": "nan",
        "maquinas": ""
      },
      "geometry": {
        "type": "Point",
        "coordinates": [
          -64.2147387025392,
          -31.43425776320038
        ]
      }
    },
    {
      "type": "Feature",
      "properties": {
        "nombre": "Arias",
        "provincia": "Córdoba",
        "cuit": " 30999066417",
        "sucursal": "nan",
        "maquinas": ""
      },
      "geometry": {
        "type": "Point",
        "coordinates": [
          -64.17246467130576,
          -31.373898587626513
        ]
      }
    },
    {
      "type": "Feature",
      "properties": {
        "nombre": "Arroyito",
        "provincia": "Córdoba",
        "cuit": "30999056799",
        "sucursal": "MORTEROS",
        "maquinas": ""
      },
      "geometry": {
        "type": "Point",
        "coordinates": [
          -64.19365174842896,
          -31.39600952022132
        ]
      }
    },
    {
      "type": "Feature",
      "properties": {
        "nombre": "Arroyo Algodon",
        "provincia": "Córdoba",
        "cuit": "nan",
        "sucursal": "nan",
        "maquinas": ""
      },
      "geometry": {
        "type": "Point",
        "coordinates": [
          -64.21068157509679,
          -31.37613718738929
        ]
      }
    },
    {
      "type": "Feature",
      "properties": {
        "nombre": "Arroyo Cabral",
        "provincia": "Córdoba",
        "cuit": "30999062764",
        "sucursal": "nan",
        "maquinas": ""
      },
      "geometry": {
        "type": "Point",
        "coordinates": [
          -64.18174569308604,
          -31.381940434781573
        ]
      }
    },
    {
      "type": "Feature",
      "properties": {
        "nombre": "Ausonia",
        "provincia": "Córdoba",
        "cuit": "30999114497",
        "sucursal": "nan",
        "maquinas": ""
      },
      "geometry": {
        "type": "Point",
        "coordinates": [
          -64.20308260536211,
          -31.366395124746038
        ]
      }
    },
    {
      "type": "Feature",
      "properties": {
        "nombre": "Ballesteros",
        "provincia": "Córdoba",
        "cuit": "30999066654",
        "sucursal": "nan",
        "maquinas": ""
      },
      "geometry": {
        "type": "Point",
        "coordinates": [
          -64.18008179468235,
          -31.45880520591879
        ]
      }
    },
    {
      "type": "Feature",
      "properties": {
        "nombre": "Balnearia",
        "provincia": "Córdoba",
        "cuit": "33688853759",
        "sucursal": "MORTEROS",
        "maquinas": "MINICARGADORAS-OTRA MARCA-OTRO | MOTONIVELADORAS-KOMATSU-GD655 5 | TRACTORES-NEW HOLLAND-7030 | TRACTORES-ZANELLO-220 | "
      },
      "geometry": {
        "type": "Point",
        "coordinates": [
          -64.21304021781074,
          -31.455850396624278
        ]
      }
    },
    {
      "type": "Feature",
      "properties": {
        "nombre": "Bell Ville",
        "provincia": "Córdoba",
        "cuit": "30668248590",
        "sucursal": "nan",
        "maquinas": ""
      },
      "geometry": {
        "type": "Point",
        "coordinates": [
          -64.1962455288138,
          -31.463113592621994
        ]
      }
    },
    {
      "type": "Feature",
      "properties": {
        "nombre": "Bengolea",
        "provincia": "Córdoba",
        "cuit": "30668860733",
        "sucursal": "nan",
        "maquinas": ""
      },
      "geometry": {
        "type": "Point",
        "coordinates": [
          -64.17618586033858,
          -31.42040731741782
        ]
      }
    },
    {
      "type": "Feature",
      "properties": {
        "nombre": "Benjamin Gould",
        "provincia": "Córdoba",
        "cuit": "nan",
        "sucursal": "nan",
        "maquinas": ""
      },
      "geometry": {
        "type": "Point",
        "coordinates": [
          -64.17681596550513,
          -31.430278155627303
        ]
      }
    },
    {
      "type": "Feature",
      "properties": {
        "nombre": "Berrotaran",
        "provincia": "Córdoba",
        "cuit": "nan",
        "sucursal": "nan",
        "maquinas": ""
      },
      "geometry": {
        "type": "Point",
        "coordinates": [
          -64.22836619327518,
          -31.402243488668887
        ]
      }
    },
    {
      "type": "Feature",
      "properties": {
        "nombre": "Bialet Massé",
        "provincia": "Córdoba",
        "cuit": "30678661860",
        "sucursal": "nan",
        "maquinas": ""
      },
      "geometry": {
        "type": "Point",
        "coordinates": [
          -64.13401422926923,
          -31.454822937318788
        ]
      }
    },
    {
      "type": "Feature",
      "properties": {
        "nombre": "Bouwer",
        "provincia": "Córdoba",
        "cuit": "30677565779",
        "sucursal": "nan",
        "maquinas": ""
      },
      "geometry": {
        "type": "Point",
        "coordinates": [
          -64.14199837961432,
          -31.430169298470712
        ]
      }
    },
    {
      "type": "Feature",
      "properties": {
        "nombre": "Brinkmann",
        "provincia": "Córdoba",
        "cuit": "30669207316",
        "sucursal": "MORTEROS",
        "maquinas": ""
      },
      "geometry": {
        "type": "Point",
        "coordinates": [
          -64.22898845992032,
          -31.457333157588227
        ]
      }
    },
    {
      "type": "Feature",
      "properties": {
        "nombre": "Buchardo",
        "provincia": "Córdoba",
        "cuit": "30999098939",
        "sucursal": "nan",
        "maquinas": ""
      },
      "geometry": {
        "type": "Point",
        "coordinates": [
          -64.14604741092589,
          -31.380091300203212
        ]
      }
    },
    {
      "type": "Feature",
      "properties": {
        "nombre": "Bulnes",
        "provincia": "Córdoba",
        "cuit": "30999100887",
        "sucursal": "nan",
        "maquinas": ""
      },
      "geometry": {
        "type": "Point",
        "coordinates": [
          -64.15394233450107,
          -31.393372397057774
        ]
      }
    },
    {
      "type": "Feature",
      "properties": {
        "nombre": "Calchín",
        "provincia": "Córdoba",
        "cuit": "30669378870",
        "sucursal": "nan",
        "maquinas": ""
      },
      "geometry": {
        "type": "Point",
        "coordinates": [
          -64.18701768548564,
          -31.387718939567772
        ]
      }
    },
    {
      "type": "Feature",
      "properties": {
        "nombre": "Calchín Oeste",
        "provincia": "Córdoba",
        "cuit": "30669377955",
        "sucursal": "nan",
        "maquinas": ""
      },
      "geometry": {
        "type": "Point",
        "coordinates": [
          -64.20561854230137,
          -31.40067566940406
        ]
      }
    },
    {
      "type": "Feature",
      "properties": {
        "nombre": "Camilo Aldao",
        "provincia": "Córdoba",
        "cuit": "30999066891",
        "sucursal": "nan",
        "maquinas": ""
      },
      "geometry": {
        "type": "Point",
        "coordinates": [
          -64.19227191880383,
          -31.456889194935947
        ]
      }
    },
    {
      "type": "Feature",
      "properties": {
        "nombre": "Canals",
        "provincia": "Córdoba",
        "cuit": "30668850495",
        "sucursal": "nan",
        "maquinas": ""
      },
      "geometry": {
        "type": "Point",
        "coordinates": [
          -64.13431845698497,
          -31.372197772522625
        ]
      }
    },
    {
      "type": "Feature",
      "properties": {
        "nombre": "Cañada de Luque",
        "provincia": "Córdoba",
        "cuit": "33999246619",
        "sucursal": "nan",
        "maquinas": ""
      },
      "geometry": {
        "type": "Point",
        "coordinates": [
          -64.19783046716609,
          -31.402283851603094
        ]
      }
    },
    {
      "type": "Feature",
      "properties": {
        "nombre": "Capilla del Carmen",
        "provincia": "Córdoba",
        "cuit": "nan",
        "sucursal": "nan",
        "maquinas": ""
      },
      "geometry": {
        "type": "Point",
        "coordinates": [
          -64.23066749865804,
          -31.43088446546705
        ]
      }
    },
    {
      "type": "Feature",
      "properties": {
        "nombre": "Capilla del Monte",
        "provincia": "Córdoba",
        "cuit": "30668542650",
        "sucursal": "nan",
        "maquinas": ""
      },
      "geometry": {
        "type": "Point",
        "coordinates": [
          -64.16515736577365,
          -31.375737492228538
        ]
      }
    },
    {
      "type": "Feature",
      "properties": {
        "nombre": "Capitán General Bernardo O’Higgins",
        "provincia": "Córdoba",
        "cuit": "30668446775",
        "sucursal": "nan",
        "maquinas": ""
      },
      "geometry": {
        "type": "Point",
        "coordinates": [
          -64.22209077274911,
          -31.391857893872505
        ]
      }
    },
    {
      "type": "Feature",
      "properties": {
        "nombre": "Carnerillo",
        "provincia": "Córdoba",
        "cuit": "30999226589",
        "sucursal": "nan",
        "maquinas": ""
      },
      "geometry": {
        "type": "Point",
        "coordinates": [
          -64.15662823212224,
          -31.43958942044504
        ]
      }
    },
    {
      "type": "Feature",
      "properties": {
        "nombre": "Carrilobo",
        "provincia": "Córdoba",
        "cuit": "30999226104",
        "sucursal": "nan",
        "maquinas": "TRACTORES-JOHN DEERE-2420 | MOTONIVELADORAS-OTRA MARCA-OTRO | CARGADOR FRONTAL-OTRA MARCA-OTRO | "
      },
      "geometry": {
        "type": "Point",
        "coordinates": [
          -64.2037369737535,
          -31.46166644578912
        ]
      }
    },
    {
      "type": "Feature",
      "properties": {
        "nombre": "Cavanagh",
        "provincia": "Córdoba",
        "cuit": "30999121523",
        "sucursal": "nan",
        "maquinas": ""
      },
      "geometry": {
        "type": "Point",
        "coordinates": [
          -64.1454091660733,
          -31.371360673370027
        ]
      }
    },
    {
      "type": "Feature",
      "properties": {
        "nombre": "Chaján",
        "provincia": "Córdoba",
        "cuit": "30669116655",
        "sucursal": "nan",
        "maquinas": ""
      },
      "geometry": {
        "type": "Point",
        "coordinates": [
          -64.20649250396563,
          -31.364383182884332
        ]
      }
    },
    {
      "type": "Feature",
      "properties": {
        "nombre": "Charras",
        "provincia": "Córdoba",
        "cuit": "30999099927",
        "sucursal": "nan",
        "maquinas": ""
      },
      "geometry": {
        "type": "Point",
        "coordinates": [
          -64.19560382299849,
          -31.432743569902804
        ]
      }
    },
    {
      "type": "Feature",
      "properties": {
        "nombre": "Chazón",
        "provincia": "Córdoba",
        "cuit": "30999113954",
        "sucursal": "nan",
        "maquinas": ""
      },
      "geometry": {
        "type": "Point",
        "coordinates": [
          -64.19841775716522,
          -31.455098624200147
        ]
      }
    },
    {
      "type": "Feature",
      "properties": {
        "nombre": "Chilibroste",
        "provincia": "Córdoba",
        "cuit": "30668288061",
        "sucursal": "nan",
        "maquinas": ""
      },
      "geometry": {
        "type": "Point",
        "coordinates": [
          -64.18827465306383,
          -31.371344334932825
        ]
      }
    },
    {
      "type": "Feature",
      "properties": {
        "nombre": "Cintra",
        "provincia": "Córdoba",
        "cuit": "nan",
        "sucursal": "nan",
        "maquinas": ""
      },
      "geometry": {
        "type": "Point",
        "coordinates": [
          -64.21273256968118,
          -31.43242272651973
        ]
      }
    },
    {
      "type": "Feature",
      "properties": {
        "nombre": "Colazo",
        "provincia": "Córdoba",
        "cuit": " 30999230020",
        "sucursal": "nan",
        "maquinas": ""
      },
      "geometry": {
        "type": "Point",
        "coordinates": [
          -64.20340873896309,
          -31.405023853979124
        ]
      }
    },
    {
      "type": "Feature",
      "properties": {
        "nombre": "Almada",
        "provincia": "Córdoba",
        "cuit": "nan",
        "sucursal": "nan",
        "maquinas": ""
      },
      "geometry": {
        "type": "Point",
        "coordinates": [
          -64.21679283990358,
          -31.423480985471564
        ]
      }
    },
    {
      "type": "Feature",
      "properties": {
        "nombre": "Colonia Bismarck",
        "provincia": "Córdoba",
        "cuit": "nan",
        "sucursal": "nan",
        "maquinas": ""
      },
      "geometry": {
        "type": "Point",
        "coordinates": [
          -64.18740766953051,
          -31.43214975284623
        ]
      }
    },
    {
      "type": "Feature",
      "properties": {
        "nombre": "Colonia Caroya",
        "provincia": "Córdoba",
        "cuit": "30999227712",
        "sucursal": "nan",
        "maquinas": ""
      },
      "geometry": {
        "type": "Point",
        "coordinates": [
          -64.21840199246657,
          -31.369168939995312
        ]
      }
    },
    {
      "type": "Feature",
      "properties": {
        "nombre": "Colonia Italiana",
        "provincia": "Córdoba",
        "cuit": "30668443490",
        "sucursal": "nan",
        "maquinas": ""
      },
      "geometry": {
        "type": "Point",
        "coordinates": [
          -64.13633825754556,
          -31.42753585332287
        ]
      }
    },
    {
      "type": "Feature",
      "properties": {
        "nombre": "Colonia Marina",
        "provincia": "Córdoba",
        "cuit": "30669163947",
        "sucursal": "MORTEROS",
        "maquinas": ""
      },
      "geometry": {
        "type": "Point",
        "coordinates": [
          -64.16301407868669,
          -31.43929608267483
        ]
      }
    },
    {
      "type": "Feature",
      "properties": {
        "nombre": "Colonia Prosperidad",
        "provincia": "Córdoba",
        "cuit": "nan",
        "sucursal": "MORTEROS",
        "maquinas": ""
      },
      "geometry": {
        "type": "Point",
        "coordinates": [
          -64.16703003823758,
          -31.397915686474086
        ]
      }
    },
    {
      "type": "Feature",
      "properties": {
        "nombre": "Colonia San Bartolomé",
        "provincia": "Córdoba",
        "cuit": "30999230268",
        "sucursal": "MORTEROS",
        "maquinas": ""
      },
      "geometry": {
        "type": "Point",
        "coordinates": [
          -64.17910488008414,
          -31.38505773589563
        ]
      }
    },
    {
      "type": "Feature",
      "properties": {
        "nombre": "Colonia Tirolesa",
        "provincia": "Córdoba",
        "cuit": "30668404533",
        "sucursal": "nan",
        "maquinas": ""
      },
      "geometry": {
        "type": "Point",
        "coordinates": [
          -64.15226100303977,
          -31.448089935947017
        ]
      }
    },
    {
      "type": "Feature",
      "properties": {
        "nombre": "Colonia Vignaud",
        "provincia": "Córdoba",
        "cuit": "30669208479",
        "sucursal": "MORTEROS",
        "maquinas": "TRACTORES-JOHN DEERE-5060 | "
      },
      "geometry": {
        "type": "Point",
        "coordinates": [
          -64.16602922128558,
          -31.391834792878804
        ]
      }
    },
    {
      "type": "Feature",
      "properties": {
        "nombre": "Córdoba",
        "provincia": "Córdoba",
        "cuit": "nan",
        "sucursal": "nan",
        "maquinas": ""
      },
      "geometry": {
        "type": "Point",
        "coordinates": [
          -64.22250639051279,
          -31.456207884437422
        ]
      }
    },
    {
      "type": "Feature",
      "properties": {
        "nombre": "Coronel Baigorria",
        "provincia": "Córdoba",
        "cuit": "30669133339",
        "sucursal": "nan",
        "maquinas": ""
      },
      "geometry": {
        "type": "Point",
        "coordinates": [
          -64.21324604711346,
          -31.391006506420577
        ]
      }
    },
    {
      "type": "Feature",
      "properties": {
        "nombre": "Coronel Moldes",
        "provincia": "Córdoba",
        "cuit": "33999100339",
        "sucursal": "nan",
        "maquinas": ""
      },
      "geometry": {
        "type": "Point",
        "coordinates": [
          -64.16381448976911,
          -31.410204202920557
        ]
      }
    },
    {
      "type": "Feature",
      "properties": {
        "nombre": "Corral de Bustos - Ifflinger",
        "provincia": "Córdoba",
        "cuit": "30999065976",
        "sucursal": "nan",
        "maquinas": ""
      },
      "geometry": {
        "type": "Point",
        "coordinates": [
          -64.19658807258351,
          -31.44957427944541
        ]
      }
    },
    {
      "type": "Feature",
      "properties": {
        "nombre": "Corralito",
        "provincia": "Córdoba",
        "cuit": "nan",
        "sucursal": "nan",
        "maquinas": ""
      },
      "geometry": {
        "type": "Point",
        "coordinates": [
          -64.19916790689676,
          -31.38317314108499
        ]
      }
    },
    {
      "type": "Feature",
      "properties": {
        "nombre": "Cosquín",
        "provincia": "Córdoba",
        "cuit": "30999013704",
        "sucursal": "nan",
        "maquinas": ""
      },
      "geometry": {
        "type": "Point",
        "coordinates": [
          -64.14415520194825,
          -31.420410251766604
        ]
      }
    },
    {
      "type": "Feature",
      "properties": {
        "nombre": "Costa Sacate",
        "provincia": "Córdoba",
        "cuit": "nan",
        "sucursal": "nan",
        "maquinas": ""
      },
      "geometry": {
        "type": "Point",
        "coordinates": [
          -64.15666110955472,
          -31.38839572989125
        ]
      }
    },
    {
      "type": "Feature",
      "properties": {
        "nombre": "Cruz Alta",
        "provincia": "Córdoba",
        "cuit": " 30999065801",
        "sucursal": "nan",
        "maquinas": ""
      },
      "geometry": {
        "type": "Point",
        "coordinates": [
          -64.14041594055475,
          -31.370414234517693
        ]
      }
    },
    {
      "type": "Feature",
      "properties": {
        "nombre": "Cruz del Eje",
        "provincia": "Córdoba",
        "cuit": "30999135680",
        "sucursal": "nan",
        "maquinas": ""
      },
      "geometry": {
        "type": "Point",
        "coordinates": [
          -64.1606532248602,
          -31.368405030044133
        ]
      }
    },
    {
      "type": "Feature",
      "properties": {
        "nombre": "Dalmacio Vélez Sarfield",
        "provincia": "Córdoba",
        "cuit": "30999098009",
        "sucursal": "nan",
        "maquinas": ""
      },
      "geometry": {
        "type": "Point",
        "coordinates": [
          -64.18263988769405,
          -31.380624898102436
        ]
      }
    },
    {
      "type": "Feature",
      "properties": {
        "nombre": "Dean Funes",
        "provincia": "Córdoba",
        "cuit": "30656355081",
        "sucursal": "nan",
        "maquinas": "MOTONIVELADORAS-SINOMACH-717H | MOTONIVELADORAS-OTRA MARCA-OTRO | MOTONIVELADORAS-LIUGONG-CLG4165D-HD | CARGADOR FRONTAL-OTRA MARCA-OTRO | MINICARGADORAS-OTRA MARCA-OTRO | MINICARGADORAS-LIUGONG-CLG365B | RETROEXCAVADORAS-LIANGONG-M44 | "
      },
      "geometry": {
        "type": "Point",
        "coordinates": [
          -64.15578456203447,
          -31.444196530271526
        ]
      }
    },
    {
      "type": "Feature",
      "properties": {
        "nombre": "Del Campillo",
        "provincia": "Córdoba",
        "cuit": "30999098866",
        "sucursal": "nan",
        "maquinas": ""
      },
      "geometry": {
        "type": "Point",
        "coordinates": [
          -64.23029010207927,
          -31.396816043657388
        ]
      }
    },
    {
      "type": "Feature",
      "properties": {
        "nombre": "Despeñaderos",
        "provincia": "Córdoba",
        "cuit": "30999067715 ",
        "sucursal": "nan",
        "maquinas": "CARGADOR FRONTAL-OTRA MARCA-OTRO | MOTONIVELADORAS-OTRA MARCA-OTRO | "
      },
      "geometry": {
        "type": "Point",
        "coordinates": [
          -64.1577556878462,
          -31.367451626933438
        ]
      }
    },
    {
      "type": "Feature",
      "properties": {
        "nombre": "Devoto",
        "provincia": "Córdoba",
        "cuit": "30669166393",
        "sucursal": "MORTEROS",
        "maquinas": ""
      },
      "geometry": {
        "type": "Point",
        "coordinates": [
          -64.14837952664834,
          -31.393835569536893
        ]
      }
    },
    {
      "type": "Feature",
      "properties": {
        "nombre": "El Arañado",
        "provincia": "Córdoba",
        "cuit": "nan",
        "sucursal": "MORTEROS",
        "maquinas": ""
      },
      "geometry": {
        "type": "Point",
        "coordinates": [
          -64.19237348270671,
          -31.456380442159524
        ]
      }
    },
    {
      "type": "Feature",
      "properties": {
        "nombre": "El Brete",
        "provincia": "Córdoba",
        "cuit": "33668541599",
        "sucursal": "nan",
        "maquinas": ""
      },
      "geometry": {
        "type": "Point",
        "coordinates": [
          -64.1723057312156,
          -31.373259872220764
        ]
      }
    },
    {
      "type": "Feature",
      "properties": {
        "nombre": "El Fortin",
        "provincia": "Córdoba",
        "cuit": "30657321865",
        "sucursal": "MORTEROS",
        "maquinas": "CARGADOR FRONTAL-OTRA MARCA-OTRO | EXCAVADORAS-DOOSAN-DX225LC | TRACTORES-ZANELLO-220 | TRACTORES-ZANELLO-220 | TRACTORES-ZANELLO-4125 | DESMALEZADORAS-AGROAR-TC 3215 | "
      },
      "geometry": {
        "type": "Point",
        "coordinates": [
          -64.14313754363076,
          -31.388495161698483
        ]
      }
    },
    {
      "type": "Feature",
      "properties": {
        "nombre": "El Tío",
        "provincia": "Córdoba",
        "cuit": "30688834925",
        "sucursal": "MORTEROS",
        "maquinas": ""
      },
      "geometry": {
        "type": "Point",
        "coordinates": [
          -64.18133041665503,
          -31.437398104302467
        ]
      }
    },
    {
      "type": "Feature",
      "properties": {
        "nombre": "Elena",
        "provincia": "Córdoba",
        "cuit": "30999050200",
        "sucursal": "nan",
        "maquinas": ""
      },
      "geometry": {
        "type": "Point",
        "coordinates": [
          -64.19413499699607,
          -31.416934178153753
        ]
      }
    },
    {
      "type": "Feature",
      "properties": {
        "nombre": "Embalse",
        "provincia": "Córdoba",
        "cuit": "33668701359",
        "sucursal": "nan",
        "maquinas": ""
      },
      "geometry": {
        "type": "Point",
        "coordinates": [
          -64.17263189687758,
          -31.37254420742962
        ]
      }
    },
    {
      "type": "Feature",
      "properties": {
        "nombre": "Estación General Paz",
        "provincia": "Córdoba",
        "cuit": "30678654422",
        "sucursal": "nan",
        "maquinas": ""
      },
      "geometry": {
        "type": "Point",
        "coordinates": [
          -64.17643528253863,
          -31.39704485129112
        ]
      }
    },
    {
      "type": "Feature",
      "properties": {
        "nombre": "Est.Juarez Celman",
        "provincia": "Córdoba",
        "cuit": "30655791635",
        "sucursal": "nan",
        "maquinas": ""
      },
      "geometry": {
        "type": "Point",
        "coordinates": [
          -64.14874462987207,
          -31.43447635780725
        ]
      }
    },
    {
      "type": "Feature",
      "properties": {
        "nombre": "Etruria",
        "provincia": "Córdoba",
        "cuit": " 30999114012",
        "sucursal": "nan",
        "maquinas": ""
      },
      "geometry": {
        "type": "Point",
        "coordinates": [
          -64.20774063252055,
          -31.459556052367912
        ]
      }
    },
    {
      "type": "Feature",
      "properties": {
        "nombre": "Freyre",
        "provincia": "Córdoba",
        "cuit": "30669189180",
        "sucursal": "MORTEROS",
        "maquinas": ""
      },
      "geometry": {
        "type": "Point",
        "coordinates": [
          -64.16925272284278,
          -31.416369814530302
        ]
      }
    },
    {
      "type": "Feature",
      "properties": {
        "nombre": "General Baldissera",
        "provincia": "Córdoba",
        "cuit": "30999066107",
        "sucursal": "nan",
        "maquinas": ""
      },
      "geometry": {
        "type": "Point",
        "coordinates": [
          -64.16679439210789,
          -31.4109959334065
        ]
      }
    },
    {
      "type": "Feature",
      "properties": {
        "nombre": "General Cabrera",
        "provincia": "Córdoba",
        "cuit": "30999051436",
        "sucursal": "nan",
        "maquinas": "MINICARGADORAS-JOHN DEERE-OTRO | MINICARGADORAS-JOHN DEERE-317D | "
      },
      "geometry": {
        "type": "Point",
        "coordinates": [
          -64.19464681130245,
          -31.379829670970533
        ]
      }
    },
    {
      "type": "Feature",
      "properties": {
        "nombre": "General Deheza",
        "provincia": "Córdoba",
        "cuit": "30999051363",
        "sucursal": "nan",
        "maquinas": "CARGADOR FRONTAL-OTRA MARCA-OTRO | RETROEXCAVADORAS-OTRA MARCA-OTRO | "
      },
      "geometry": {
        "type": "Point",
        "coordinates": [
          -64.16353299423774,
          -31.44231008550583
        ]
      }
    },
    {
      "type": "Feature",
      "properties": {
        "nombre": "General Levalle",
        "provincia": "Córdoba",
        "cuit": "30999051673",
        "sucursal": "nan",
        "maquinas": ""
      },
      "geometry": {
        "type": "Point",
        "coordinates": [
          -64.2036202075574,
          -31.421451665322852
        ]
      }
    },
    {
      "type": "Feature",
      "properties": {
        "nombre": "General Roca",
        "provincia": "Córdoba",
        "cuit": "30668939836",
        "sucursal": "nan",
        "maquinas": "TRACTORES-PAUNY-180C | TRACTORES-PAUNY-180C | TRACTORES-PAUNY-EVO 250A | TRACTORES-PAUNY-EVO 250A | MOTONIVELADORAS-CASE-885B | PALAS CARGADORAS-NEW HOLLAND-W190B | "
      },
      "geometry": {
        "type": "Point",
        "coordinates": [
          -64.16649387128649,
          -31.36885776418773
        ]
      }
    },
    {
      "type": "Feature",
      "properties": {
        "nombre": "Guatimozin",
        "provincia": "Córdoba",
        "cuit": "nan",
        "sucursal": "nan",
        "maquinas": ""
      },
      "geometry": {
        "type": "Point",
        "coordinates": [
          -64.18747899814606,
          -31.43552892968935
        ]
      }
    },
    {
      "type": "Feature",
      "properties": {
        "nombre": "Hernando",
        "provincia": "Córdoba",
        "cuit": "30999050448",
        "sucursal": "nan",
        "maquinas": ""
      },
      "geometry": {
        "type": "Point",
        "coordinates": [
          -64.15560379093351,
          -31.398382682184593
        ]
      }
    },
    {
      "type": "Feature",
      "properties": {
        "nombre": "Huanchilla",
        "provincia": "Córdoba",
        "cuit": "30999099781",
        "sucursal": "nan",
        "maquinas": ""
      },
      "geometry": {
        "type": "Point",
        "coordinates": [
          -64.16806064209266,
          -31.43034843983893
        ]
      }
    },
    {
      "type": "Feature",
      "properties": {
        "nombre": "Huerta Grande",
        "provincia": "Córdoba",
        "cuit": "30651167198",
        "sucursal": "nan",
        "maquinas": ""
      },
      "geometry": {
        "type": "Point",
        "coordinates": [
          -64.16396664952619,
          -31.38287153757342
        ]
      }
    },
    {
      "type": "Feature",
      "properties": {
        "nombre": "Huinca Renanco",
        "provincia": "Córdoba",
        "cuit": "nan",
        "sucursal": "nan",
        "maquinas": ""
      },
      "geometry": {
        "type": "Point",
        "coordinates": [
          -64.1815161199665,
          -31.460731060100855
        ]
      }
    },
    {
      "type": "Feature",
      "properties": {
        "nombre": "Idiazabal",
        "provincia": "Córdoba",
        "cuit": "nan",
        "sucursal": "nan",
        "maquinas": ""
      },
      "geometry": {
        "type": "Point",
        "coordinates": [
          -64.20620432008147,
          -31.426855008591733
        ]
      }
    },
    {
      "type": "Feature",
      "properties": {
        "nombre": "Inriville",
        "provincia": "Córdoba",
        "cuit": "30668448379",
        "sucursal": "nan",
        "maquinas": ""
      },
      "geometry": {
        "type": "Point",
        "coordinates": [
          -64.18192542009507,
          -31.42644475499231
        ]
      }
    },
    {
      "type": "Feature",
      "properties": {
        "nombre": "Isla Verde",
        "provincia": "Córdoba",
        "cuit": "nan",
        "sucursal": "nan",
        "maquinas": ""
      },
      "geometry": {
        "type": "Point",
        "coordinates": [
          -64.21832410979563,
          -31.41103852820657
        ]
      }
    },
    {
      "type": "Feature",
      "properties": {
        "nombre": "Italó",
        "provincia": "Córdoba",
        "cuit": "30999098556",
        "sucursal": "nan",
        "maquinas": ""
      },
      "geometry": {
        "type": "Point",
        "coordinates": [
          -64.14522985994404,
          -31.44192575454188
        ]
      }
    },
    {
      "type": "Feature",
      "properties": {
        "nombre": "James Craik",
        "provincia": "Córdoba",
        "cuit": "nan",
        "sucursal": "nan",
        "maquinas": ""
      },
      "geometry": {
        "type": "Point",
        "coordinates": [
          -64.19163838795191,
          -31.421029331277545
        ]
      }
    },
    {
      "type": "Feature",
      "properties": {
        "nombre": "Jesus Maria",
        "provincia": "Córdoba",
        "cuit": "30999122201",
        "sucursal": "nan",
        "maquinas": "RETROEXCAVADORAS-JOHN DEERE-310G | RETROEXCAVADORAS-JOHN DEERE-310L | "
      },
      "geometry": {
        "type": "Point",
        "coordinates": [
          -64.1554942495846,
          -31.369015262628846
        ]
      }
    },
    {
      "type": "Feature",
      "properties": {
        "nombre": "Jovita",
        "provincia": "Córdoba",
        "cuit": "nan",
        "sucursal": "nan",
        "maquinas": ""
      },
      "geometry": {
        "type": "Point",
        "coordinates": [
          -64.18160449239565,
          -31.462900355408436
        ]
      }
    },
    {
      "type": "Feature",
      "properties": {
        "nombre": "Justiniano Posse",
        "provincia": "Córdoba",
        "cuit": "30999115868",
        "sucursal": "nan",
        "maquinas": ""
      },
      "geometry": {
        "type": "Point",
        "coordinates": [
          -64.16842646747907,
          -31.430994257045644
        ]
      }
    },
    {
      "type": "Feature",
      "properties": {
        "nombre": "La Calera",
        "provincia": "Córdoba",
        "cuit": "30999038715",
        "sucursal": "nan",
        "maquinas": ""
      },
      "geometry": {
        "type": "Point",
        "coordinates": [
          -64.1478915956679,
          -31.45992955199044
        ]
      }
    },
    {
      "type": "Feature",
      "properties": {
        "nombre": "La Carlota",
        "provincia": "Córdoba",
        "cuit": "30999050138",
        "sucursal": "nan",
        "maquinas": ""
      },
      "geometry": {
        "type": "Point",
        "coordinates": [
          -64.14085065097314,
          -31.45006307998493
        ]
      }
    },
    {
      "type": "Feature",
      "properties": {
        "nombre": "La Cautiva",
        "provincia": "Córdoba",
        "cuit": "nan",
        "sucursal": "nan",
        "maquinas": ""
      },
      "geometry": {
        "type": "Point",
        "coordinates": [
          -64.22787106103084,
          -31.37075649748061
        ]
      }
    },
    {
      "type": "Feature",
      "properties": {
        "nombre": "La Cesira",
        "provincia": "Córdoba",
        "cuit": "30668752531",
        "sucursal": "nan",
        "maquinas": ""
      },
      "geometry": {
        "type": "Point",
        "coordinates": [
          -64.18387081917383,
          -31.386709503039175
        ]
      }
    },
    {
      "type": "Feature",
      "properties": {
        "nombre": "La Cruz",
        "provincia": "Córdoba",
        "cuit": "nan",
        "sucursal": "nan",
        "maquinas": ""
      },
      "geometry": {
        "type": "Point",
        "coordinates": [
          -64.21689289150912,
          -31.413062597108027
        ]
      }
    },
    {
      "type": "Feature",
      "properties": {
        "nombre": "La Cumbre",
        "provincia": "Córdoba",
        "cuit": "30999025575",
        "sucursal": "nan",
        "maquinas": ""
      },
      "geometry": {
        "type": "Point",
        "coordinates": [
          -64.21259746936666,
          -31.375415486633056
        ]
      }
    },
    {
      "type": "Feature",
      "properties": {
        "nombre": "La Falda",
        "provincia": "Córdoba",
        "cuit": " 30999025338",
        "sucursal": "nan",
        "maquinas": ""
      },
      "geometry": {
        "type": "Point",
        "coordinates": [
          -64.19016192701572,
          -31.45741289371087
        ]
      }
    },
    {
      "type": "Feature",
      "properties": {
        "nombre": "La Francia",
        "provincia": "Córdoba",
        "cuit": "30654689403",
        "sucursal": "MORTEROS",
        "maquinas": "RETROEXCAVADORAS-OTRA MARCA-OTRO | CARGADOR FRONTAL-OTRA MARCA-OTRO | CARGADOR FRONTAL-OTRA MARCA-OTRO | TRACTORES-OTRA MARCA-OTRO | TRACTORES-OTRA MARCA-OTRO | DESMALEZADORAS-OTRA MARCA-OTRO | "
      },
      "geometry": {
        "type": "Point",
        "coordinates": [
          -64.18615062408819,
          -31.426974061490707
        ]
      }
    },
    {
      "type": "Feature",
      "properties": {
        "nombre": "La Granja",
        "provincia": "Córdoba",
        "cuit": "33678663609",
        "sucursal": "nan",
        "maquinas": ""
      },
      "geometry": {
        "type": "Point",
        "coordinates": [
          -64.21110353640955,
          -31.41423941590204
        ]
      }
    },
    {
      "type": "Feature",
      "properties": {
        "nombre": "La Laguna",
        "provincia": "Córdoba",
        "cuit": "nan",
        "sucursal": "nan",
        "maquinas": ""
      },
      "geometry": {
        "type": "Point",
        "coordinates": [
          -64.1340088547835,
          -31.43212137887837
        ]
      }
    },
    {
      "type": "Feature",
      "properties": {
        "nombre": "La Palestina",
        "provincia": "Córdoba",
        "cuit": "30669355463",
        "sucursal": "nan",
        "maquinas": ""
      },
      "geometry": {
        "type": "Point",
        "coordinates": [
          -64.2017794163248,
          -31.404264851797237
        ]
      }
    },
    {
      "type": "Feature",
      "properties": {
        "nombre": "La Paquita",
        "provincia": "Córdoba",
        "cuit": "30651153278",
        "sucursal": "MORTEROS",
        "maquinas": "TRACTORES JARDIN-JOHN DEERE-E140 | "
      },
      "geometry": {
        "type": "Point",
        "coordinates": [
          -64.17337089173826,
          -31.36606327568005
        ]
      }
    },
    {
      "type": "Feature",
      "properties": {
        "nombre": "La Para",
        "provincia": "Córdoba",
        "cuit": " 30999131863",
        "sucursal": "nan",
        "maquinas": ""
      },
      "geometry": {
        "type": "Point",
        "coordinates": [
          -64.18007216805297,
          -31.445526899479724
        ]
      }
    },
    {
      "type": "Feature",
      "properties": {
        "nombre": "La Paz",
        "provincia": "Córdoba",
        "cuit": "nan",
        "sucursal": "nan",
        "maquinas": ""
      },
      "geometry": {
        "type": "Point",
        "coordinates": [
          -64.1451105275777,
          -31.38323029045297
        ]
      }
    },
    {
      "type": "Feature",
      "properties": {
        "nombre": "La Playosa",
        "provincia": "Córdoba",
        "cuit": "30999062691",
        "sucursal": "nan",
        "maquinas": ""
      },
      "geometry": {
        "type": "Point",
        "coordinates": [
          -64.21150711189017,
          -31.394691102182772
        ]
      }
    },
    {
      "type": "Feature",
      "properties": {
        "nombre": "La Puerta",
        "provincia": "Córdoba",
        "cuit": "nan",
        "sucursal": "nan",
        "maquinas": ""
      },
      "geometry": {
        "type": "Point",
        "coordinates": [
          -64.14546520350886,
          -31.392289196245066
        ]
      }
    },
    {
      "type": "Feature",
      "properties": {
        "nombre": "La Tordilla",
        "provincia": "Córdoba",
        "cuit": "30669149618",
        "sucursal": "MORTEROS",
        "maquinas": ""
      },
      "geometry": {
        "type": "Point",
        "coordinates": [
          -64.2216036127492,
          -31.417981698046773
        ]
      }
    },
    {
      "type": "Feature",
      "properties": {
        "nombre": "Laborde",
        "provincia": "Córdoba",
        "cuit": "30999063515",
        "sucursal": "nan",
        "maquinas": ""
      },
      "geometry": {
        "type": "Point",
        "coordinates": [
          -64.20914071989608,
          -31.445544118799457
        ]
      }
    },
    {
      "type": "Feature",
      "properties": {
        "nombre": "Laboulaye",
        "provincia": "Córdoba",
        "cuit": "nan",
        "sucursal": "nan",
        "maquinas": ""
      },
      "geometry": {
        "type": "Point",
        "coordinates": [
          -64.13654251411093,
          -31.40893348371753
        ]
      }
    },
    {
      "type": "Feature",
      "properties": {
        "nombre": "Laguna Larga",
        "provincia": "Córdoba",
        "cuit": "nan",
        "sucursal": "nan",
        "maquinas": ""
      },
      "geometry": {
        "type": "Point",
        "coordinates": [
          -64.13520057735303,
          -31.37869259943153
        ]
      }
    },
    {
      "type": "Feature",
      "properties": {
        "nombre": "Las Acequias",
        "provincia": "Córdoba",
        "cuit": "30999100577",
        "sucursal": "nan",
        "maquinas": ""
      },
      "geometry": {
        "type": "Point",
        "coordinates": [
          -64.2008016595758,
          -31.460577511173085
        ]
      }
    },
    {
      "type": "Feature",
      "properties": {
        "nombre": "Las Arrias",
        "provincia": "Córdoba",
        "cuit": "30668352975",
        "sucursal": "nan",
        "maquinas": ""
      },
      "geometry": {
        "type": "Point",
        "coordinates": [
          -64.22661270100359,
          -31.38001330269337
        ]
      }
    },
    {
      "type": "Feature",
      "properties": {
        "nombre": "Las Higueras",
        "provincia": "Córdoba",
        "cuit": "30999051509",
        "sucursal": "nan",
        "maquinas": ""
      },
      "geometry": {
        "type": "Point",
        "coordinates": [
          -64.14738609255181,
          -31.368854384595014
        ]
      }
    },
    {
      "type": "Feature",
      "properties": {
        "nombre": "Las Junturas",
        "provincia": "Córdoba",
        "cuit": "nan",
        "sucursal": "nan",
        "maquinas": ""
      },
      "geometry": {
        "type": "Point",
        "coordinates": [
          -64.14948318736676,
          -31.402314545606945
        ]
      }
    },
    {
      "type": "Feature",
      "properties": {
        "nombre": "Las Peñas",
        "provincia": "Córdoba",
        "cuit": "nan",
        "sucursal": "nan",
        "maquinas": ""
      },
      "geometry": {
        "type": "Point",
        "coordinates": [
          -64.17975734848638,
          -31.4535927216618
        ]
      }
    },
    {
      "type": "Feature",
      "properties": {
        "nombre": "Las Perdices",
        "provincia": "Córdoba",
        "cuit": "30999050510",
        "sucursal": "nan",
        "maquinas": ""
      },
      "geometry": {
        "type": "Point",
        "coordinates": [
          -64.17722870298047,
          -31.46049331293785
        ]
      }
    },
    {
      "type": "Feature",
      "properties": {
        "nombre": "Las Tapias",
        "provincia": "Córdoba",
        "cuit": "30669243371",
        "sucursal": "nan",
        "maquinas": ""
      },
      "geometry": {
        "type": "Point",
        "coordinates": [
          -64.19511452803324,
          -31.36634244901606
        ]
      }
    },
    {
      "type": "Feature",
      "properties": {
        "nombre": "Las Varas",
        "provincia": "Córdoba",
        "cuit": "30669190898",
        "sucursal": "MORTEROS",
        "maquinas": "TRACTORES-JOHN DEERE-5055D | TRACTORES-JOHN DEERE-5055D | RETROEXCAVADORAS-MASSEY FERGUSON-MF 96 | DESMALEZADORAS-BAIMA-B400 | DESMALEZADORAS-BAIMA-B400 | PALA DE ARRASTRE-CAMAN-VIAL 3,5 m3 Cant. cilindros 3 Potencia tractor 70 -  75 HP Cant. ruedas 2 Ancho de corte 1,84 mts | "
      },
      "geometry": {
        "type": "Point",
        "coordinates": [
          -64.20864650628931,
          -31.42411769737664
        ]
      }
    },
    {
      "type": "Feature",
      "properties": {
        "nombre": "Las Varillas",
        "provincia": "Córdoba",
        "cuit": "30669188338",
        "sucursal": "MORTEROS",
        "maquinas": "CARGADOR FRONTAL-OTRA MARCA-OTRO | MOTONIVELADORAS-OTRA MARCA-OTRO | TRACTORES-PAUNY-230C | TRACTORES-PAUNY-210A | "
      },
      "geometry": {
        "type": "Point",
        "coordinates": [
          -64.16014559685524,
          -31.442523665209496
        ]
      }
    },
    {
      "type": "Feature",
      "properties": {
        "nombre": "Las Vertientes",
        "provincia": "Córdoba",
        "cuit": "nan",
        "sucursal": "nan",
        "maquinas": ""
      },
      "geometry": {
        "type": "Point",
        "coordinates": [
          -64.21432644132982,
          -31.4508746666095
        ]
      }
    },
    {
      "type": "Feature",
      "properties": {
        "nombre": "Leones",
        "provincia": "Córdoba",
        "cuit": "nan",
        "sucursal": "nan",
        "maquinas": ""
      },
      "geometry": {
        "type": "Point",
        "coordinates": [
          -64.15806479047286,
          -31.397458291273892
        ]
      }
    },
    {
      "type": "Feature",
      "properties": {
        "nombre": "Los Cerrillos",
        "provincia": "Córdoba",
        "cuit": "nan",
        "sucursal": "nan",
        "maquinas": ""
      },
      "geometry": {
        "type": "Point",
        "coordinates": [
          -64.16350363789829,
          -31.462920365197288
        ]
      }
    },
    {
      "type": "Feature",
      "properties": {
        "nombre": "Los Cisnes",
        "provincia": "Córdoba",
        "cuit": "nan",
        "sucursal": "nan",
        "maquinas": ""
      },
      "geometry": {
        "type": "Point",
        "coordinates": [
          -64.2010476521098,
          -31.4392211887275
        ]
      }
    },
    {
      "type": "Feature",
      "properties": {
        "nombre": "Los Cocos",
        "provincia": "Córdoba",
        "cuit": "30999045606",
        "sucursal": "nan",
        "maquinas": ""
      },
      "geometry": {
        "type": "Point",
        "coordinates": [
          -64.19969966469128,
          -31.43384319100834
        ]
      }
    },
    {
      "type": "Feature",
      "properties": {
        "nombre": "Los Cóndores",
        "provincia": "Córdoba",
        "cuit": "30999051126",
        "sucursal": "nan",
        "maquinas": ""
      },
      "geometry": {
        "type": "Point",
        "coordinates": [
          -64.20889045095838,
          -31.384373976080795
        ]
      }
    },
    {
      "type": "Feature",
      "properties": {
        "nombre": "Los Surgentes",
        "provincia": "Córdoba",
        "cuit": "30999066581",
        "sucursal": "nan",
        "maquinas": ""
      },
      "geometry": {
        "type": "Point",
        "coordinates": [
          -64.15119724586069,
          -31.409101146379925
        ]
      }
    },
    {
      "type": "Feature",
      "properties": {
        "nombre": "Los Zorros",
        "provincia": "Córdoba",
        "cuit": "30668670675",
        "sucursal": "nan",
        "maquinas": ""
      },
      "geometry": {
        "type": "Point",
        "coordinates": [
          -64.14393898215626,
          -31.444453897074375
        ]
      }
    },
    {
      "type": "Feature",
      "properties": {
        "nombre": "Lozada",
        "provincia": "Córdoba",
        "cuit": "nan",
        "sucursal": "nan",
        "maquinas": ""
      },
      "geometry": {
        "type": "Point",
        "coordinates": [
          -64.22837993206377,
          -31.411303359377598
        ]
      }
    },
    {
      "type": "Feature",
      "properties": {
        "nombre": "Luca",
        "provincia": "Córdoba",
        "cuit": "nan",
        "sucursal": "nan",
        "maquinas": ""
      },
      "geometry": {
        "type": "Point",
        "coordinates": [
          -64.18503773244674,
          -31.392949753348997
        ]
      }
    },
    {
      "type": "Feature",
      "properties": {
        "nombre": "Lucio Victorio Mansilla",
        "provincia": "Córdoba",
        "cuit": "nan",
        "sucursal": "nan",
        "maquinas": ""
      },
      "geometry": {
        "type": "Point",
        "coordinates": [
          -64.15857715000963,
          -31.41969055093705
        ]
      }
    },
    {
      "type": "Feature",
      "properties": {
        "nombre": "Luque",
        "provincia": "Córdoba",
        "cuit": "nan",
        "sucursal": "nan",
        "maquinas": ""
      },
      "geometry": {
        "type": "Point",
        "coordinates": [
          -64.18153030261809,
          -31.386369562630264
        ]
      }
    },
    {
      "type": "Feature",
      "properties": {
        "nombre": "Malagueño",
        "provincia": "Córdoba",
        "cuit": "30637237159",
        "sucursal": "nan",
        "maquinas": ""
      },
      "geometry": {
        "type": "Point",
        "coordinates": [
          -64.16692655283528,
          -31.40135732524848
        ]
      }
    },
    {
      "type": "Feature",
      "properties": {
        "nombre": "Malvinas Argentinas",
        "provincia": "Córdoba",
        "cuit": "30678660635",
        "sucursal": "nan",
        "maquinas": ""
      },
      "geometry": {
        "type": "Point",
        "coordinates": [
          -64.18784341957743,
          -31.45067037557571
        ]
      }
    },
    {
      "type": "Feature",
      "properties": {
        "nombre": "Manfredi",
        "provincia": "Córdoba",
        "cuit": "nan",
        "sucursal": "nan",
        "maquinas": ""
      },
      "geometry": {
        "type": "Point",
        "coordinates": [
          -64.1408382924206,
          -31.415210147114284
        ]
      }
    },
    {
      "type": "Feature",
      "properties": {
        "nombre": "Marcos Juarez",
        "provincia": "Córdoba",
        "cuit": "30999065739",
        "sucursal": "nan",
        "maquinas": "TRACTORES-PAUNY-EVO 230A | TRACTORES-PAUNY-EVO 230A | TRACTORES-JOHN DEERE-5090E | TRACTORES-JOHN DEERE-5090E | EXCAVADORAS-NEW HOLLAND-E215C | MOTONIVELADORAS-NEW HOLLAND-RG170 | MOTONIVELADORAS-NEW HOLLAND-RG170 | "
      },
      "geometry": {
        "type": "Point",
        "coordinates": [
          -64.14932392936296,
          -31.434203504873565
        ]
      }
    },
    {
      "type": "Feature",
      "properties": {
        "nombre": "Marull",
        "provincia": "Córdoba",
        "cuit": "nan",
        "sucursal": "MORTEROS",
        "maquinas": ""
      },
      "geometry": {
        "type": "Point",
        "coordinates": [
          -64.17447953051409,
          -31.416923379187597
        ]
      }
    },
    {
      "type": "Feature",
      "properties": {
        "nombre": "Matorrales",
        "provincia": "Córdoba",
        "cuit": "nan",
        "sucursal": "nan",
        "maquinas": ""
      },
      "geometry": {
        "type": "Point",
        "coordinates": [
          -64.21109072633305,
          -31.418864787639155
        ]
      }
    },
    {
      "type": "Feature",
      "properties": {
        "nombre": "Mattaldi",
        "provincia": "Córdoba",
        "cuit": "nan",
        "sucursal": "nan",
        "maquinas": ""
      },
      "geometry": {
        "type": "Point",
        "coordinates": [
          -64.16172197894088,
          -31.369767089090455
        ]
      }
    },
    {
      "type": "Feature",
      "properties": {
        "nombre": "Melo",
        "provincia": "Córdoba",
        "cuit": "nan",
        "sucursal": "nan",
        "maquinas": ""
      },
      "geometry": {
        "type": "Point",
        "coordinates": [
          -64.1644905390897,
          -31.46270350161747
        ]
      }
    },
    {
      "type": "Feature",
      "properties": {
        "nombre": "Mendiolaza",
        "provincia": "Córdoba",
        "cuit": "nan",
        "sucursal": "nan",
        "maquinas": ""
      },
      "geometry": {
        "type": "Point",
        "coordinates": [
          -64.18031329973071,
          -31.397206280399967
        ]
      }
    },
    {
      "type": "Feature",
      "properties": {
        "nombre": "Mi Granja",
        "provincia": "Córdoba",
        "cuit": "nan",
        "sucursal": "nan",
        "maquinas": ""
      },
      "geometry": {
        "type": "Point",
        "coordinates": [
          -64.1725318053395,
          -31.45474096994448
        ]
      }
    },
    {
      "type": "Feature",
      "properties": {
        "nombre": "Mina Clavero",
        "provincia": "Córdoba",
        "cuit": "30653277934",
        "sucursal": "nan",
        "maquinas": ""
      },
      "geometry": {
        "type": "Point",
        "coordinates": [
          -64.16547265945495,
          -31.444363456926602
        ]
      }
    },
    {
      "type": "Feature",
      "properties": {
        "nombre": "Miramar",
        "provincia": "Córdoba",
        "cuit": "30669153151",
        "sucursal": "MORTEROS",
        "maquinas": ""
      },
      "geometry": {
        "type": "Point",
        "coordinates": [
          -64.19376695674529,
          -31.401540900512263
        ]
      }
    },
    {
      "type": "Feature",
      "properties": {
        "nombre": "Monte Buey",
        "provincia": "Córdoba",
        "cuit": "33999063069",
        "sucursal": "nan",
        "maquinas": ""
      },
      "geometry": {
        "type": "Point",
        "coordinates": [
          -64.22728603470767,
          -31.46152418094982
        ]
      }
    },
    {
      "type": "Feature",
      "properties": {
        "nombre": "Monte Cristo",
        "provincia": "Córdoba",
        "cuit": "30999122139",
        "sucursal": "nan",
        "maquinas": ""
      },
      "geometry": {
        "type": "Point",
        "coordinates": [
          -64.1335817801738,
          -31.44854214907471
        ]
      }
    },
    {
      "type": "Feature",
      "properties": {
        "nombre": "Monte de los Gauchos",
        "provincia": "Córdoba",
        "cuit": "nan",
        "sucursal": "nan",
        "maquinas": ""
      },
      "geometry": {
        "type": "Point",
        "coordinates": [
          -64.17341089483538,
          -31.40432948137274
        ]
      }
    },
    {
      "type": "Feature",
      "properties": {
        "nombre": "Monte Leña",
        "provincia": "Córdoba",
        "cuit": "nan",
        "sucursal": "nan",
        "maquinas": ""
      },
      "geometry": {
        "type": "Point",
        "coordinates": [
          -64.17405378213985,
          -31.44055541104781
        ]
      }
    },
    {
      "type": "Feature",
      "properties": {
        "nombre": "Monte Maíz",
        "provincia": "Córdoba",
        "cuit": "33999063689",
        "sucursal": "nan",
        "maquinas": ""
      },
      "geometry": {
        "type": "Point",
        "coordinates": [
          -64.170988196255,
          -31.369513570821184
        ]
      }
    },
    {
      "type": "Feature",
      "properties": {
        "nombre": "Monte Ralo",
        "provincia": "Córdoba",
        "cuit": "30999122066",
        "sucursal": "nan",
        "maquinas": ""
      },
      "geometry": {
        "type": "Point",
        "coordinates": [
          -64.22378088005456,
          -31.37408371935571
        ]
      }
    },
    {
      "type": "Feature",
      "properties": {
        "nombre": "Morrison",
        "provincia": "Córdoba",
        "cuit": "nan",
        "sucursal": "nan",
        "maquinas": ""
      },
      "geometry": {
        "type": "Point",
        "coordinates": [
          -64.1980278596445,
          -31.41454937967512
        ]
      }
    },
    {
      "type": "Feature",
      "properties": {
        "nombre": "Morteros",
        "provincia": "Córdoba",
        "cuit": "30669163181",
        "sucursal": "MORTEROS",
        "maquinas": "TRACTORES-JOHN DEERE-5065E | TRACTORES-JOHN DEERE-5075E | CARGADOR FRONTAL-JOHN DEERE-553 | TRACTORES-JOHN DEERE-5080 | RETROEXCAVADORAS-JOHN DEERE-310L | TRACTORES-JOHN DEERE-5060 | TRACTORES-JOHN DEERE-5060 | TRACTORES-JOHN DEERE-5060 | TRACTORES-JOHN DEERE-5090E | "
      },
      "geometry": {
        "type": "Point",
        "coordinates": [
          -64.14870795721129,
          -31.405312166744828
        ]
      }
    },
    {
      "type": "Feature",
      "properties": {
        "nombre": "Noetinger",
        "provincia": "Córdoba",
        "cuit": "30999063205",
        "sucursal": "nan",
        "maquinas": ""
      },
      "geometry": {
        "type": "Point",
        "coordinates": [
          -64.18235385259806,
          -31.37154138811322
        ]
      }
    },
    {
      "type": "Feature",
      "properties": {
        "nombre": "Nono",
        "provincia": "Córdoba",
        "cuit": "30669251498",
        "sucursal": "nan",
        "maquinas": "RETROEXCAVADORAS-JOHN DEERE-310J | "
      },
      "geometry": {
        "type": "Point",
        "coordinates": [
          -64.16229784119257,
          -31.40613300286246
        ]
      }
    },
    {
      "type": "Feature",
      "properties": {
        "nombre": "Obispo Trejo",
        "provincia": "Córdoba",
        "cuit": "nan",
        "sucursal": "nan",
        "maquinas": ""
      },
      "geometry": {
        "type": "Point",
        "coordinates": [
          -64.20174625369677,
          -31.44890479225912
        ]
      }
    },
    {
      "type": "Feature",
      "properties": {
        "nombre": "Olaeta",
        "provincia": "Córdoba",
        "cuit": "nan",
        "sucursal": "nan",
        "maquinas": ""
      },
      "geometry": {
        "type": "Point",
        "coordinates": [
          -64.20092970642129,
          -31.434871443785717
        ]
      }
    },
    {
      "type": "Feature",
      "properties": {
        "nombre": "Oliva",
        "provincia": "Córdoba",
        "cuit": "30999050820",
        "sucursal": "nan",
        "maquinas": "MOTONIVELADORAS-JOHN DEERE-670G | MOTONIVELADORAS-OTRA MARCA-OTRO | MINICARGADORAS-OTRA MARCA-OTRO | MINICARGADORAS-BOBCAT-S450 | "
      },
      "geometry": {
        "type": "Point",
        "coordinates": [
          -64.23037626877569,
          -31.394347670157103
        ]
      }
    },
    {
      "type": "Feature",
      "properties": {
        "nombre": "Oncativo",
        "provincia": "Córdoba",
        "cuit": "30999016916",
        "sucursal": "nan",
        "maquinas": ""
      },
      "geometry": {
        "type": "Point",
        "coordinates": [
          -64.21527176106963,
          -31.439855331057487
        ]
      }
    },
    {
      "type": "Feature",
      "properties": {
        "nombre": "Ordoñez",
        "provincia": "Córdoba",
        "cuit": "30668256097",
        "sucursal": "nan",
        "maquinas": ""
      },
      "geometry": {
        "type": "Point",
        "coordinates": [
          -64.13585446252836,
          -31.364847902604954
        ]
      }
    },
    {
      "type": "Feature",
      "properties": {
        "nombre": "Pampayasta Sud",
        "provincia": "Córdoba",
        "cuit": "nan",
        "sucursal": "nan",
        "maquinas": ""
      },
      "geometry": {
        "type": "Point",
        "coordinates": [
          -64.14632125822618,
          -31.445201296520743
        ]
      }
    },
    {
      "type": "Feature",
      "properties": {
        "nombre": "Pascanas",
        "provincia": "Córdoba",
        "cuit": "nan",
        "sucursal": "nan",
        "maquinas": ""
      },
      "geometry": {
        "type": "Point",
        "coordinates": [
          -64.19833869929323,
          -31.41470186564536
        ]
      }
    },
    {
      "type": "Feature",
      "properties": {
        "nombre": "Pasco",
        "provincia": "Córdoba",
        "cuit": "nan",
        "sucursal": "nan",
        "maquinas": ""
      },
      "geometry": {
        "type": "Point",
        "coordinates": [
          -64.20857454775026,
          -31.41301598095529
        ]
      }
    },
    {
      "type": "Feature",
      "properties": {
        "nombre": "Pilar",
        "provincia": "Córdoba",
        "cuit": "30999098332",
        "sucursal": "nan",
        "maquinas": ""
      },
      "geometry": {
        "type": "Point",
        "coordinates": [
          -64.1955981797343,
          -31.37138468812196
        ]
      }
    },
    {
      "type": "Feature",
      "properties": {
        "nombre": "Piquillin",
        "provincia": "Córdoba",
        "cuit": "nan",
        "sucursal": "nan",
        "maquinas": ""
      },
      "geometry": {
        "type": "Point",
        "coordinates": [
          -64.18656077706473,
          -31.368895949576824
        ]
      }
    },
    {
      "type": "Feature",
      "properties": {
        "nombre": "Porteña",
        "provincia": "Córdoba",
        "cuit": "30669188028",
        "sucursal": "MORTEROS",
        "maquinas": ""
      },
      "geometry": {
        "type": "Point",
        "coordinates": [
          -64.22974162314141,
          -31.376329378173534
        ]
      }
    },
    {
      "type": "Feature",
      "properties": {
        "nombre": "Pozo del Molle",
        "provincia": "Córdoba",
        "cuit": "nan",
        "sucursal": "nan",
        "maquinas": ""
      },
      "geometry": {
        "type": "Point",
        "coordinates": [
          -64.14107790874404,
          -31.366778292273676
        ]
      }
    },
    {
      "type": "Feature",
      "properties": {
        "nombre": "Pueblo Italiano",
        "provincia": "Córdoba",
        "cuit": "nan",
        "sucursal": "nan",
        "maquinas": ""
      },
      "geometry": {
        "type": "Point",
        "coordinates": [
          -64.19822781975581,
          -31.40644271538813
        ]
      }
    },
    {
      "type": "Feature",
      "properties": {
        "nombre": "Quebracho Herrado",
        "provincia": "Córdoba",
        "cuit": "30669170072",
        "sucursal": "MORTEROS",
        "maquinas": ""
      },
      "geometry": {
        "type": "Point",
        "coordinates": [
          -64.14622719670595,
          -31.421098738503684
        ]
      }
    },
    {
      "type": "Feature",
      "properties": {
        "nombre": "Quilino",
        "provincia": "Córdoba",
        "cuit": "30999075696",
        "sucursal": "nan",
        "maquinas": ""
      },
      "geometry": {
        "type": "Point",
        "coordinates": [
          -64.17714592063757,
          -31.4557152054209
        ]
      }
    },
    {
      "type": "Feature",
      "properties": {
        "nombre": "Reducción",
        "provincia": "Córdoba",
        "cuit": "30999097320",
        "sucursal": "nan",
        "maquinas": ""
      },
      "geometry": {
        "type": "Point",
        "coordinates": [
          -64.21867962352914,
          -31.459598976242486
        ]
      }
    },
    {
      "type": "Feature",
      "properties": {
        "nombre": "Rio Ceballos",
        "provincia": "Córdoba",
        "cuit": "30668413958",
        "sucursal": "nan",
        "maquinas": "MOTONIVELADORAS-JOHN DEERE-570A | MOTONIVELADORAS-JOHN DEERE-OTRO | TRACTORES-MASSEY FERGUSON-35HP | "
      },
      "geometry": {
        "type": "Point",
        "coordinates": [
          -64.18763241458431,
          -31.420976617209952
        ]
      }
    },
    {
      "type": "Feature",
      "properties": {
        "nombre": "Rio Cuarto",
        "provincia": "Córdoba",
        "cuit": "30999050685",
        "sucursal": "nan",
        "maquinas": ""
      },
      "geometry": {
        "type": "Point",
        "coordinates": [
          -64.21195611212325,
          -31.43708644121781
        ]
      }
    },
    {
      "type": "Feature",
      "properties": {
        "nombre": "Rio de los Sauces",
        "provincia": "Córdoba",
        "cuit": "nan",
        "sucursal": "nan",
        "maquinas": ""
      },
      "geometry": {
        "type": "Point",
        "coordinates": [
          -64.13451891995186,
          -31.455801465403162
        ]
      }
    },
    {
      "type": "Feature",
      "properties": {
        "nombre": "Río Primero",
        "provincia": "Córdoba",
        "cuit": "30999067642",
        "sucursal": "nan",
        "maquinas": ""
      },
      "geometry": {
        "type": "Point",
        "coordinates": [
          -64.14304653962647,
          -31.42144179007157
        ]
      }
    },
    {
      "type": "Feature",
      "properties": {
        "nombre": "Rio Segundo",
        "provincia": "Córdoba",
        "cuit": "30999014794",
        "sucursal": "nan",
        "maquinas": "TRACTORES-JOHN DEERE-3036 | CARGADOR FRONTAL-OTRA MARCA-OTRO | MOTONIVELADORAS-LIANGONG-OTRO | TRACTORES-PAUNY-OTRO | TRACTORES-MASSEY FERGUSON-OTRO | "
      },
      "geometry": {
        "type": "Point",
        "coordinates": [
          -64.13112086724502,
          -31.394110742649108
        ]
      }
    },
    {
      "type": "Feature",
      "properties": {
        "nombre": "Río Tercero",
        "provincia": "Córdoba",
        "cuit": "30999229790",
        "sucursal": "nan",
        "maquinas": "MOTONIVELADORAS-PAUNY-MA160 | "
      },
      "geometry": {
        "type": "Point",
        "coordinates": [
          -64.22589444442036,
          -31.42082131248062
        ]
      }
    },
    {
      "type": "Feature",
      "properties": {
        "nombre": "Rosales",
        "provincia": "Córdoba",
        "cuit": "nan",
        "sucursal": "nan",
        "maquinas": ""
      },
      "geometry": {
        "type": "Point",
        "coordinates": [
          -64.18897592238476,
          -31.434268551022473
        ]
      }
    },
    {
      "type": "Feature",
      "properties": {
        "nombre": "Sacanta",
        "provincia": "Córdoba",
        "cuit": "nan",
        "sucursal": "MORTEROS",
        "maquinas": ""
      },
      "geometry": {
        "type": "Point",
        "coordinates": [
          -64.22920973078836,
          -31.375134726952542
        ]
      }
    },
    {
      "type": "Feature",
      "properties": {
        "nombre": "Saira",
        "provincia": "Córdoba",
        "cuit": "nan",
        "sucursal": "nan",
        "maquinas": ""
      },
      "geometry": {
        "type": "Point",
        "coordinates": [
          -64.14744214943428,
          -31.371926488212296
        ]
      }
    },
    {
      "type": "Feature",
      "properties": {
        "nombre": "Saldan",
        "provincia": "Córdoba",
        "cuit": "nan",
        "sucursal": "nan",
        "maquinas": ""
      },
      "geometry": {
        "type": "Point",
        "coordinates": [
          -64.22168396892042,
          -31.382549735321394
        ]
      }
    },
    {
      "type": "Feature",
      "properties": {
        "nombre": "Salsacate",
        "provincia": "Córdoba",
        "cuit": "30678681063",
        "sucursal": "nan",
        "maquinas": ""
      },
      "geometry": {
        "type": "Point",
        "coordinates": [
          -64.17082568797588,
          -31.402436040759685
        ]
      }
    },
    {
      "type": "Feature",
      "properties": {
        "nombre": "Salsipuedes",
        "provincia": "Córdoba",
        "cuit": "30678707909",
        "sucursal": "nan",
        "maquinas": ""
      },
      "geometry": {
        "type": "Point",
        "coordinates": [
          -64.15529600325806,
          -31.461714750635107
        ]
      }
    },
    {
      "type": "Feature",
      "properties": {
        "nombre": "Sampacho",
        "provincia": "Córdoba",
        "cuit": "nan",
        "sucursal": "nan",
        "maquinas": ""
      },
      "geometry": {
        "type": "Point",
        "coordinates": [
          -64.19828263680046,
          -31.40827368490032
        ]
      }
    },
    {
      "type": "Feature",
      "properties": {
        "nombre": "San Agustin",
        "provincia": "Córdoba",
        "cuit": "30999099544",
        "sucursal": "nan",
        "maquinas": ""
      },
      "geometry": {
        "type": "Point",
        "coordinates": [
          -64.22283137351887,
          -31.40369241340077
        ]
      }
    },
    {
      "type": "Feature",
      "properties": {
        "nombre": "San Antonio de Arredondo",
        "provincia": "Córdoba",
        "cuit": "nan",
        "sucursal": "nan",
        "maquinas": ""
      },
      "geometry": {
        "type": "Point",
        "coordinates": [
          -64.13784067629359,
          -31.377285906891675
        ]
      }
    },
    {
      "type": "Feature",
      "properties": {
        "nombre": "San Antonio de Litin",
        "provincia": "Córdoba",
        "cuit": "nan",
        "sucursal": "nan",
        "maquinas": ""
      },
      "geometry": {
        "type": "Point",
        "coordinates": [
          -64.1730316284586,
          -31.363863998132462
        ]
      }
    },
    {
      "type": "Feature",
      "properties": {
        "nombre": "San Basilio",
        "provincia": "Córdoba",
        "cuit": "nan",
        "sucursal": "nan",
        "maquinas": ""
      },
      "geometry": {
        "type": "Point",
        "coordinates": [
          -64.22273210779773,
          -31.42266644753764
        ]
      }
    },
    {
      "type": "Feature",
      "properties": {
        "nombre": "San Carlos Minas",
        "provincia": "Córdoba",
        "cuit": "nan",
        "sucursal": "nan",
        "maquinas": ""
      },
      "geometry": {
        "type": "Point",
        "coordinates": [
          -64.21476505635627,
          -31.394983183529874
        ]
      }
    },
    {
      "type": "Feature",
      "properties": {
        "nombre": "San Esteban",
        "provincia": "Córdoba",
        "cuit": "nan",
        "sucursal": "nan",
        "maquinas": ""
      },
      "geometry": {
        "type": "Point",
        "coordinates": [
          -64.202233248287,
          -31.387465154144646
        ]
      }
    },
    {
      "type": "Feature",
      "properties": {
        "nombre": "San Francisco",
        "provincia": "Córdoba",
        "cuit": "nan",
        "sucursal": "MORTEROS",
        "maquinas": ""
      },
      "geometry": {
        "type": "Point",
        "coordinates": [
          -64.16933675195796,
          -31.44349451099503
        ]
      }
    },
    {
      "type": "Feature",
      "properties": {
        "nombre": "San Francisco del Chañar",
        "provincia": "Córdoba",
        "cuit": "nan",
        "sucursal": "nan",
        "maquinas": ""
      },
      "geometry": {
        "type": "Point",
        "coordinates": [
          -64.13605894308714,
          -31.45978432772881
        ]
      }
    },
    {
      "type": "Feature",
      "properties": {
        "nombre": "San Javier de Yaca",
        "provincia": "Córdoba",
        "cuit": "33669244059",
        "sucursal": "nan",
        "maquinas": ""
      },
      "geometry": {
        "type": "Point",
        "coordinates": [
          -64.13714221380648,
          -31.373613206944544
        ]
      }
    },
    {
      "type": "Feature",
      "properties": {
        "nombre": "San José",
        "provincia": "Córdoba",
        "cuit": "nan",
        "sucursal": "nan",
        "maquinas": ""
      },
      "geometry": {
        "type": "Point",
        "coordinates": [
          -64.22294521803896,
          -31.393732189854624
        ]
      }
    },
    {
      "type": "Feature",
      "properties": {
        "nombre": "San José de la Dormida",
        "provincia": "Córdoba",
        "cuit": " 30999133157",
        "sucursal": "nan",
        "maquinas": ""
      },
      "geometry": {
        "type": "Point",
        "coordinates": [
          -64.13220049775235,
          -31.403264916828192
        ]
      }
    },
    {
      "type": "Feature",
      "properties": {
        "nombre": "San Jose de las Salinas",
        "provincia": "Córdoba",
        "cuit": "nan",
        "sucursal": "nan",
        "maquinas": ""
      },
      "geometry": {
        "type": "Point",
        "coordinates": [
          -64.19070490465865,
          -31.370855199469407
        ]
      }
    },
    {
      "type": "Feature",
      "properties": {
        "nombre": "San Marco Sierras",
        "provincia": "Córdoba",
        "cuit": "30668547229",
        "sucursal": "nan",
        "maquinas": ""
      },
      "geometry": {
        "type": "Point",
        "coordinates": [
          -64.1975688184346,
          -31.392923859956873
        ]
      }
    },
    {
      "type": "Feature",
      "properties": {
        "nombre": "San Marcos Sud",
        "provincia": "Córdoba",
        "cuit": "33668256479",
        "sucursal": "nan",
        "maquinas": ""
      },
      "geometry": {
        "type": "Point",
        "coordinates": [
          -64.22353600588663,
          -31.363882414413318
        ]
      }
    },
    {
      "type": "Feature",
      "properties": {
        "nombre": "San Pedro",
        "provincia": "Córdoba",
        "cuit": "nan",
        "sucursal": "nan",
        "maquinas": ""
      },
      "geometry": {
        "type": "Point",
        "coordinates": [
          -64.14110019563995,
          -31.429240576034633
        ]
      }
    },
    {
      "type": "Feature",
      "properties": {
        "nombre": "San Pedro Norte",
        "provincia": "Córdoba",
        "cuit": "nan",
        "sucursal": "nan",
        "maquinas": ""
      },
      "geometry": {
        "type": "Point",
        "coordinates": [
          -64.18263111987015,
          -31.411591567809005
        ]
      }
    },
    {
      "type": "Feature",
      "properties": {
        "nombre": "Santa Catalina / Holmberg",
        "provincia": "Córdoba",
        "cuit": "30999100267",
        "sucursal": "nan",
        "maquinas": ""
      },
      "geometry": {
        "type": "Point",
        "coordinates": [
          -64.20153558114974,
          -31.400169524343116
        ]
      }
    },
    {
      "type": "Feature",
      "properties": {
        "nombre": "Santa Eufemia",
        "provincia": "Córdoba",
        "cuit": "nan",
        "sucursal": "nan",
        "maquinas": ""
      },
      "geometry": {
        "type": "Point",
        "coordinates": [
          -64.2246760171141,
          -31.36466676312328
        ]
      }
    },
    {
      "type": "Feature",
      "properties": {
        "nombre": "Santa María de Punilla",
        "provincia": "Córdoba",
        "cuit": "30668356628",
        "sucursal": "nan",
        "maquinas": ""
      },
      "geometry": {
        "type": "Point",
        "coordinates": [
          -64.19499036829097,
          -31.36382661812494
        ]
      }
    },
    {
      "type": "Feature",
      "properties": {
        "nombre": "Santa Rosa de Calamuchita",
        "provincia": "Córdoba",
        "cuit": "30999051983",
        "sucursal": "nan",
        "maquinas": "CARGADOR FRONTAL-OTRA MARCA-OTRO | CARGADOR FRONTAL-OTRA MARCA-OTRO | CARGADOR FRONTAL-OTRA MARCA-OTRO | MOTONIVELADORAS-OTRA MARCA-OTRO | "
      },
      "geometry": {
        "type": "Point",
        "coordinates": [
          -64.17263943688936,
          -31.363716305311456
        ]
      }
    },
    {
      "type": "Feature",
      "properties": {
        "nombre": "Santiago Temple",
        "provincia": "Córdoba",
        "cuit": "30999038197",
        "sucursal": "nan",
        "maquinas": "RETROEXCAVADORAS-JOHN DEERE-310P | "
      },
      "geometry": {
        "type": "Point",
        "coordinates": [
          -64.16941186475024,
          -31.397879545889325
        ]
      }
    },
    {
      "type": "Feature",
      "properties": {
        "nombre": "Sarmiento",
        "provincia": "Córdoba",
        "cuit": "30999133084",
        "sucursal": "nan",
        "maquinas": "CARGADOR FRONTAL-XCMG-LW180K | "
      },
      "geometry": {
        "type": "Point",
        "coordinates": [
          -64.16611138310968,
          -31.421378367189245
        ]
      }
    },
    {
      "type": "Feature",
      "properties": {
        "nombre": "Saturnino María Laspiur",
        "provincia": "Córdoba",
        "cuit": "nan",
        "sucursal": "MORTEROS",
        "maquinas": ""
      },
      "geometry": {
        "type": "Point",
        "coordinates": [
          -64.16633873010744,
          -31.372717715806463
        ]
      }
    },
    {
      "type": "Feature",
      "properties": {
        "nombre": "Sebastián Elcano",
        "provincia": "Córdoba",
        "cuit": "30999132169",
        "sucursal": "nan",
        "maquinas": ""
      },
      "geometry": {
        "type": "Point",
        "coordinates": [
          -64.13502558118113,
          -31.454653791169854
        ]
      }
    },
    {
      "type": "Feature",
      "properties": {
        "nombre": "Seeber",
        "provincia": "Córdoba",
        "cuit": "nan",
        "sucursal": "MORTEROS",
        "maquinas": ""
      },
      "geometry": {
        "type": "Point",
        "coordinates": [
          -64.18407871414914,
          -31.42110677168765
        ]
      }
    },
    {
      "type": "Feature",
      "properties": {
        "nombre": "Serrano",
        "provincia": "Córdoba",
        "cuit": "30999050758",
        "sucursal": "nan",
        "maquinas": ""
      },
      "geometry": {
        "type": "Point",
        "coordinates": [
          -64.19125421653685,
          -31.41193876813317
        ]
      }
    },
    {
      "type": "Feature",
      "properties": {
        "nombre": "Serrezuela",
        "provincia": "Córdoba",
        "cuit": "nan",
        "sucursal": "nan",
        "maquinas": ""
      },
      "geometry": {
        "type": "Point",
        "coordinates": [
          -64.17306225120652,
          -31.430026219513262
        ]
      }
    },
    {
      "type": "Feature",
      "properties": {
        "nombre": "Silvio Pellico",
        "provincia": "Córdoba",
        "cuit": "nan",
        "sucursal": "nan",
        "maquinas": ""
      },
      "geometry": {
        "type": "Point",
        "coordinates": [
          -64.19282903032176,
          -31.364723776291925
        ]
      }
    },
    {
      "type": "Feature",
      "properties": {
        "nombre": "Sinsacate",
        "provincia": "Córdoba",
        "cuit": "30655431795",
        "sucursal": "nan",
        "maquinas": ""
      },
      "geometry": {
        "type": "Point",
        "coordinates": [
          -64.17586807201396,
          -31.413290985258694
        ]
      }
    },
    {
      "type": "Feature",
      "properties": {
        "nombre": "Tancacha",
        "provincia": "Córdoba",
        "cuit": "nan",
        "sucursal": "nan",
        "maquinas": ""
      },
      "geometry": {
        "type": "Point",
        "coordinates": [
          -64.18920768325991,
          -31.409502389726523
        ]
      }
    },
    {
      "type": "Feature",
      "properties": {
        "nombre": "Tanti",
        "provincia": "Córdoba",
        "cuit": "30999013569",
        "sucursal": "nan",
        "maquinas": ""
      },
      "geometry": {
        "type": "Point",
        "coordinates": [
          -64.18957675495172,
          -31.434851507708476
        ]
      }
    },
    {
      "type": "Feature",
      "properties": {
        "nombre": "Ticino",
        "provincia": "Córdoba",
        "cuit": "30999114322",
        "sucursal": "nan",
        "maquinas": ""
      },
      "geometry": {
        "type": "Point",
        "coordinates": [
          -64.21585555633516,
          -31.46062675766121
        ]
      }
    },
    {
      "type": "Feature",
      "properties": {
        "nombre": "Tio Pujio",
        "provincia": "Córdoba",
        "cuit": "nan",
        "sucursal": "nan",
        "maquinas": ""
      },
      "geometry": {
        "type": "Point",
        "coordinates": [
          -64.20383239338362,
          -31.446315320199744
        ]
      }
    },
    {
      "type": "Feature",
      "properties": {
        "nombre": "Toledo",
        "provincia": "Córdoba",
        "cuit": "nan",
        "sucursal": "nan",
        "maquinas": ""
      },
      "geometry": {
        "type": "Point",
        "coordinates": [
          -64.20244384027806,
          -31.413956383704715
        ]
      }
    },
    {
      "type": "Feature",
      "properties": {
        "nombre": "Tosquita",
        "provincia": "Córdoba",
        "cuit": "nan",
        "sucursal": "nan",
        "maquinas": ""
      },
      "geometry": {
        "type": "Point",
        "coordinates": [
          -64.20154041064353,
          -31.388154559489504
        ]
      }
    },
    {
      "type": "Feature",
      "properties": {
        "nombre": "Transito",
        "provincia": "Córdoba",
        "cuit": "30669182844",
        "sucursal": "MORTEROS",
        "maquinas": "TRACTORES-OTRA MARCA-OTRO | TRACTORES-OTRA MARCA-OTRO | MINICARGADORAS-JMV-WS50 | DESMALEZADORAS-AGROMEC-HILERADORA | "
      },
      "geometry": {
        "type": "Point",
        "coordinates": [
          -64.20571792299971,
          -31.386833478407354
        ]
      }
    },
    {
      "type": "Feature",
      "properties": {
        "nombre": "Ucacha",
        "provincia": "Córdoba",
        "cuit": "30999097630",
        "sucursal": "nan",
        "maquinas": ""
      },
      "geometry": {
        "type": "Point",
        "coordinates": [
          -64.17073730482679,
          -31.388477392181233
        ]
      }
    },
    {
      "type": "Feature",
      "properties": {
        "nombre": "Unquillo",
        "provincia": "Córdoba",
        "cuit": "nan",
        "sucursal": "nan",
        "maquinas": ""
      },
      "geometry": {
        "type": "Point",
        "coordinates": [
          -64.15990910172793,
          -31.457840100097528
        ]
      }
    },
    {
      "type": "Feature",
      "properties": {
        "nombre": "Valle Hermoso",
        "provincia": "Córdoba",
        "cuit": "30999027624",
        "sucursal": "nan",
        "maquinas": ""
      },
      "geometry": {
        "type": "Point",
        "coordinates": [
          -64.17397286832683,
          -31.407397923566794
        ]
      }
    },
    {
      "type": "Feature",
      "properties": {
        "nombre": "Viamonte",
        "provincia": "Córdoba",
        "cuit": "nan",
        "sucursal": "nan",
        "maquinas": ""
      },
      "geometry": {
        "type": "Point",
        "coordinates": [
          -64.18107983194334,
          -31.454990479751086
        ]
      }
    },
    {
      "type": "Feature",
      "properties": {
        "nombre": "Vicuña Mackenna",
        "provincia": "Córdoba",
        "cuit": "30999100712",
        "sucursal": "nan",
        "maquinas": ""
      },
      "geometry": {
        "type": "Point",
        "coordinates": [
          -64.21568528318832,
          -31.4246421671927
        ]
      }
    },
    {
      "type": "Feature",
      "properties": {
        "nombre": "Villa Allende",
        "provincia": "Córdoba",
        "cuit": "33650575739",
        "sucursal": "nan",
        "maquinas": ""
      },
      "geometry": {
        "type": "Point",
        "coordinates": [
          -64.21004899519895,
          -31.452216439738763
        ]
      }
    },
    {
      "type": "Feature",
      "properties": {
        "nombre": "Villa Ascasubi",
        "provincia": "Córdoba",
        "cuit": "30999097940",
        "sucursal": "nan",
        "maquinas": ""
      },
      "geometry": {
        "type": "Point",
        "coordinates": [
          -64.18785089483038,
          -31.42313917560443
        ]
      }
    },
    {
      "type": "Feature",
      "properties": {
        "nombre": "Villa Carlos Paz",
        "provincia": "Córdoba",
        "cuit": "30999013631",
        "sucursal": "nan",
        "maquinas": ""
      },
      "geometry": {
        "type": "Point",
        "coordinates": [
          -64.20862479099439,
          -31.39234525308365
        ]
      }
    },
    {
      "type": "Feature",
      "properties": {
        "nombre": "Villa Concepción del Tío",
        "provincia": "Córdoba",
        "cuit": "nan",
        "sucursal": "MORTEROS",
        "maquinas": ""
      },
      "geometry": {
        "type": "Point",
        "coordinates": [
          -64.1692614753503,
          -31.45154015899069
        ]
      }
    },
    {
      "type": "Feature",
      "properties": {
        "nombre": "Villa Cura Brochero",
        "provincia": "Córdoba",
        "cuit": "30652994543",
        "sucursal": "nan",
        "maquinas": ""
      },
      "geometry": {
        "type": "Point",
        "coordinates": [
          -64.18739440074529,
          -31.38476721984442
        ]
      }
    },
    {
      "type": "Feature",
      "properties": {
        "nombre": "Villa de las Rosas",
        "provincia": "Córdoba",
        "cuit": "30669243134",
        "sucursal": "nan",
        "maquinas": ""
      },
      "geometry": {
        "type": "Point",
        "coordinates": [
          -64.14998617876202,
          -31.3792196854828
        ]
      }
    },
    {
      "type": "Feature",
      "properties": {
        "nombre": "Villa de Maria",
        "provincia": "Córdoba",
        "cuit": "30999132789",
        "sucursal": "nan",
        "maquinas": ""
      },
      "geometry": {
        "type": "Point",
        "coordinates": [
          -64.13577928374883,
          -31.393657458735245
        ]
      }
    },
    {
      "type": "Feature",
      "properties": {
        "nombre": "Villa de Soto",
        "provincia": "Córdoba",
        "cuit": "30658464147",
        "sucursal": "nan",
        "maquinas": ""
      },
      "geometry": {
        "type": "Point",
        "coordinates": [
          -64.15465723276006,
          -31.39011649022842
        ]
      }
    },
    {
      "type": "Feature",
      "properties": {
        "nombre": "Villa del Dique",
        "provincia": "Córdoba",
        "cuit": "nan",
        "sucursal": "nan",
        "maquinas": ""
      },
      "geometry": {
        "type": "Point",
        "coordinates": [
          -64.23029722208462,
          -31.366254249792387
        ]
      }
    },
    {
      "type": "Feature",
      "properties": {
        "nombre": "Villa del Rosario",
        "provincia": "Córdoba",
        "cuit": "30999023041",
        "sucursal": "nan",
        "maquinas": ""
      },
      "geometry": {
        "type": "Point",
        "coordinates": [
          -64.21224393327662,
          -31.367093084113215
        ]
      }
    },
    {
      "type": "Feature",
      "properties": {
        "nombre": "Villa del Totoral",
        "provincia": "Córdoba",
        "cuit": "nan",
        "sucursal": "nan",
        "maquinas": ""
      },
      "geometry": {
        "type": "Point",
        "coordinates": [
          -64.22736642712174,
          -31.45300049866821
        ]
      }
    },
    {
      "type": "Feature",
      "properties": {
        "nombre": "Villa Dolores",
        "provincia": "Córdoba",
        "cuit": "30657733365",
        "sucursal": "MORTEROS",
        "maquinas": ""
      },
      "geometry": {
        "type": "Point",
        "coordinates": [
          -64.21735091367975,
          -31.42619602957147
        ]
      }
    },
    {
      "type": "Feature",
      "properties": {
        "nombre": "Villa Fontana",
        "provincia": "Córdoba",
        "cuit": "nan",
        "sucursal": "nan",
        "maquinas": ""
      },
      "geometry": {
        "type": "Point",
        "coordinates": [
          -64.20522551589912,
          -31.398337067587406
        ]
      }
    },
    {
      "type": "Feature",
      "properties": {
        "nombre": "Villa General Belgrano",
        "provincia": "Córdoba",
        "cuit": "30668656346",
        "sucursal": "nan",
        "maquinas": ""
      },
      "geometry": {
        "type": "Point",
        "coordinates": [
          -64.20008381156106,
          -31.40483556862675
        ]
      }
    },
    {
      "type": "Feature",
      "properties": {
        "nombre": "Villa Giardino",
        "provincia": "Córdoba",
        "cuit": "nan",
        "sucursal": "nan",
        "maquinas": ""
      },
      "geometry": {
        "type": "Point",
        "coordinates": [
          -64.13835142955004,
          -31.440853112482536
        ]
      }
    },
    {
      "type": "Feature",
      "properties": {
        "nombre": "Villa Huidobro",
        "provincia": "Córdoba",
        "cuit": "nan",
        "sucursal": "nan",
        "maquinas": ""
      },
      "geometry": {
        "type": "Point",
        "coordinates": [
          -64.14809164707633,
          -31.381924497732097
        ]
      }
    },
    {
      "type": "Feature",
      "properties": {
        "nombre": "Villa Maria",
        "provincia": "Córdoba",
        "cuit": "30999066727",
        "sucursal": "nan",
        "maquinas": ""
      },
      "geometry": {
        "type": "Point",
        "coordinates": [
          -64.2268725368029,
          -31.41624718218422
        ]
      }
    },
    {
      "type": "Feature",
      "properties": {
        "nombre": "Villa Nueva",
        "provincia": "Córdoba",
        "cuit": "30999062837",
        "sucursal": "nan",
        "maquinas": "RETROEXCAVADORAS-JOHN DEERE-310K | "
      },
      "geometry": {
        "type": "Point",
        "coordinates": [
          -64.18291286353436,
          -31.4546003643575
        ]
      }
    },
    {
      "type": "Feature",
      "properties": {
        "nombre": "Villa Parque Santa Ana",
        "provincia": "Córdoba",
        "cuit": "nan",
        "sucursal": "nan",
        "maquinas": ""
      },
      "geometry": {
        "type": "Point",
        "coordinates": [
          -64.13297722929985,
          -31.45214429485779
        ]
      }
    },
    {
      "type": "Feature",
      "properties": {
        "nombre": "Villa Icho Cruz",
        "provincia": "Córdoba",
        "cuit": "30678667427",
        "sucursal": "nan",
        "maquinas": ""
      },
      "geometry": {
        "type": "Point",
        "coordinates": [
          -64.16756785172979,
          -31.439592869814952
        ]
      }
    },
    {
      "type": "Feature",
      "properties": {
        "nombre": "Villa Rossi",
        "provincia": "Córdoba",
        "cuit": "30668742986",
        "sucursal": "nan",
        "maquinas": ""
      },
      "geometry": {
        "type": "Point",
        "coordinates": [
          -64.13570661623324,
          -31.42432172025931
        ]
      }
    },
    {
      "type": "Feature",
      "properties": {
        "nombre": "Villa Rumipal",
        "provincia": "Córdoba",
        "cuit": "30999227577",
        "sucursal": "nan",
        "maquinas": ""
      },
      "geometry": {
        "type": "Point",
        "coordinates": [
          -64.18643106696283,
          -31.446624562253756
        ]
      }
    },
    {
      "type": "Feature",
      "properties": {
        "nombre": "Villa Santa Cruz del Lago",
        "provincia": "Córdoba",
        "cuit": "33678677839",
        "sucursal": "nan",
        "maquinas": ""
      },
      "geometry": {
        "type": "Point",
        "coordinates": [
          -64.20904182737247,
          -31.38830723902558
        ]
      }
    },
    {
      "type": "Feature",
      "properties": {
        "nombre": "Villa Santa Rosa",
        "provincia": "Córdoba",
        "cuit": "nan",
        "sucursal": "nan",
        "maquinas": ""
      },
      "geometry": {
        "type": "Point",
        "coordinates": [
          -64.19561634732575,
          -31.396797817642728
        ]
      }
    },
    {
      "type": "Feature",
      "properties": {
        "nombre": "Villa Sarmiento",
        "provincia": "Córdoba",
        "cuit": "nan",
        "sucursal": "nan",
        "maquinas": ""
      },
      "geometry": {
        "type": "Point",
        "coordinates": [
          -64.16091167446598,
          -31.461202157975386
        ]
      }
    },
    {
      "type": "Feature",
      "properties": {
        "nombre": "Villa Tulumba",
        "provincia": "Córdoba",
        "cuit": "nan",
        "sucursal": "nan",
        "maquinas": ""
      },
      "geometry": {
        "type": "Point",
        "coordinates": [
          -64.2158743563192,
          -31.455376064999694
        ]
      }
    },
    {
      "type": "Feature",
      "properties": {
        "nombre": "Villa Valeria",
        "provincia": "Córdoba",
        "cuit": "nan",
        "sucursal": "nan",
        "maquinas": ""
      },
      "geometry": {
        "type": "Point",
        "coordinates": [
          -64.16009450946912,
          -31.418625526052374
        ]
      }
    },
    {
      "type": "Feature",
      "properties": {
        "nombre": "Villa Yacanto",
        "provincia": "Córdoba",
        "cuit": "30668675006",
        "sucursal": "nan",
        "maquinas": ""
      },
      "geometry": {
        "type": "Point",
        "coordinates": [
          -64.23069441725059,
          -31.40672227069862
        ]
      }
    },
    {
      "type": "Feature",
      "properties": {
        "nombre": "Wenceslao Escalante",
        "provincia": "Córdoba",
        "cuit": "30668237408",
        "sucursal": "nan",
        "maquinas": ""
      },
      "geometry": {
        "type": "Point",
        "coordinates": [
          -64.17632860912232,
          -31.43926345649419
        ]
      }
    },
    {
      "type": "Feature",
      "properties": {
        "nombre": "Apóstoles",
        "provincia": "Misiones",
        "cuit": "30999139880",
        "sucursal": "OBERA",
        "maquinas": ""
      },
      "geometry": {
        "type": "Point",
        "coordinates": [
          -58.44206623261639,
          -34.56286570476352
        ]
      }
    },
    {
      "type": "Feature",
      "properties": {
        "nombre": "Aristóbulo del Valle",
        "provincia": "Misiones",
        "cuit": "nan",
        "sucursal": "OBERA",
        "maquinas": ""
      },
      "geometry": {
        "type": "Point",
        "coordinates": [
          -58.36937238724794,
          -34.60330958870695
        ]
      }
    },
    {
      "type": "Feature",
      "properties": {
        "nombre": "Wanda",
        "provincia": "Misiones",
        "cuit": "30999161096",
        "sucursal": "OBERA",
        "maquinas": ""
      },
      "geometry": {
        "type": "Point",
        "coordinates": [
          -58.38694408466889,
          -34.61421256817951
        ]
      }
    },
    {
      "type": "Feature",
      "properties": {
        "nombre": "Soberbio",
        "provincia": "Misiones",
        "cuit": "30672394496",
        "sucursal": "OBERA",
        "maquinas": ""
      },
      "geometry": {
        "type": "Point",
        "coordinates": [
          -58.359228935428575,
          -34.595465076654
        ]
      }
    },
    {
      "type": "Feature",
      "properties": {
        "nombre": "Eldorado",
        "provincia": "Misiones",
        "cuit": "30999145783",
        "sucursal": "OBERA",
        "maquinas": ""
      },
      "geometry": {
        "type": "Point",
        "coordinates": [
          -58.40600128428418,
          -34.560805014781316
        ]
      }
    },
    {
      "type": "Feature",
      "properties": {
        "nombre": "Leandro N. Alem",
        "provincia": "Misiones",
        "cuit": "30672380576",
        "sucursal": "OBERA",
        "maquinas": ""
      },
      "geometry": {
        "type": "Point",
        "coordinates": [
          -58.368861535215466,
          -34.64027851193775
        ]
      }
    },
    {
      "type": "Feature",
      "properties": {
        "nombre": "Montecarlo",
        "provincia": "Misiones",
        "cuit": "30672436954",
        "sucursal": "OBERA",
        "maquinas": ""
      },
      "geometry": {
        "type": "Point",
        "coordinates": [
          -58.444095229615726,
          -34.62689516915984
        ]
      }
    },
    {
      "type": "Feature",
      "properties": {
        "nombre": "Obera",
        "provincia": "Misiones",
        "cuit": "30999054028",
        "sucursal": "OBERA",
        "maquinas": "TRACTORES-JOHN DEERE-5045 | "
      },
      "geometry": {
        "type": "Point",
        "coordinates": [
          -58.362404670616115,
          -34.57824337971891
        ]
      }
    },
    {
      "type": "Feature",
      "properties": {
        "nombre": "Posadas",
        "provincia": "Misiones",
        "cuit": "30672335880",
        "sucursal": "OBERA",
        "maquinas": ""
      },
      "geometry": {
        "type": "Point",
        "coordinates": [
          -58.39980682682502,
          -34.56318292965465
        ]
      }
    },
    {
      "type": "Feature",
      "properties": {
        "nombre": "Puerto Esperanza",
        "provincia": "Misiones",
        "cuit": "30672437322",
        "sucursal": "OBERA",
        "maquinas": ""
      },
      "geometry": {
        "type": "Point",
        "coordinates": [
          -58.38188733223579,
          -34.59664306267683
        ]
      }
    },
    {
      "type": "Feature",
      "properties": {
        "nombre": "Puerto Iguazú",
        "provincia": "Misiones",
        "cuit": "30656419349",
        "sucursal": "OBERA",
        "maquinas": ""
      },
      "geometry": {
        "type": "Point",
        "coordinates": [
          -58.41025767427275,
          -34.61415507122439
        ]
      }
    },
    {
      "type": "Feature",
      "properties": {
        "nombre": "Puerto Rico",
        "provincia": "Misiones",
        "cuit": "30672439546",
        "sucursal": "OBERA",
        "maquinas": ""
      },
      "geometry": {
        "type": "Point",
        "coordinates": [
          -58.41147101944914,
          -34.575177946448456
        ]
      }
    },
    {
      "type": "Feature",
      "properties": {
        "nombre": "San Ignacio",
        "provincia": "Misiones",
        "cuit": "30672335953",
        "sucursal": "OBERA",
        "maquinas": "TRACTORES-JOHN DEERE-2440 | TRACTORES-JOHN DEERE-2440 | "
      },
      "geometry": {
        "type": "Point",
        "coordinates": [
          -58.361982399971,
          -34.61095368416829
        ]
      }
    },
    {
      "type": "Feature",
      "properties": {
        "nombre": "San Javier",
        "provincia": "Misiones",
        "cuit": "nan",
        "sucursal": "OBERA",
        "maquinas": ""
      },
      "geometry": {
        "type": "Point",
        "coordinates": [
          -58.41540704458432,
          -34.61467951934203
        ]
      }
    },
    {
      "type": "Feature",
      "properties": {
        "nombre": "San Pedro",
        "provincia": "Misiones",
        "cuit": "30672440560",
        "sucursal": "OBERA",
        "maquinas": ""
      },
      "geometry": {
        "type": "Point",
        "coordinates": [
          -58.36623495172243,
          -34.565228247453575
        ]
      }
    },
    {
      "type": "Feature",
      "properties": {
        "nombre": "San Vicente",
        "provincia": "Misiones",
        "cuit": "33687916749",
        "sucursal": "OBERA",
        "maquinas": "EXCAVADORAS-JOHN DEERE-160G | RETROEXCAVADORAS-JOHN DEERE-310L | RETROEXCAVADORAS-JOHN DEERE-310P | "
      },
      "geometry": {
        "type": "Point",
        "coordinates": [
          -58.41389898990512,
          -34.648166355354256
        ]
      }
    },
    {
      "type": "Feature",
      "properties": {
        "nombre": "25 de Mayo",
        "provincia": "Misiones",
        "cuit": "30999156874",
        "sucursal": "OBERA",
        "maquinas": ""
      },
      "geometry": {
        "type": "Point",
        "coordinates": [
          -58.39647241723087,
          -34.62926743516272
        ]
      }
    },
    {
      "type": "Feature",
      "properties": {
        "nombre": "Bernardo de Irigoyen",
        "provincia": "Misiones",
        "cuit": "30672400232",
        "sucursal": "OBERA",
        "maquinas": ""
      },
      "geometry": {
        "type": "Point",
        "coordinates": [
          -58.42437226852393,
          -34.572523491200016
        ]
      }
    },
    {
      "type": "Feature",
      "properties": {
        "nombre": "Campo Grande",
        "provincia": "Misiones",
        "cuit": "30999154588",
        "sucursal": "OBERA",
        "maquinas": ""
      },
      "geometry": {
        "type": "Point",
        "coordinates": [
          -58.43074183761239,
          -34.588181023704855
        ]
      }
    },
    {
      "type": "Feature",
      "properties": {
        "nombre": "Campo Ramon",
        "provincia": "Misiones",
        "cuit": "30999154103",
        "sucursal": "obera",
        "maquinas": ""
      },
      "geometry": {
        "type": "Point",
        "coordinates": [
          -58.44757420735981,
          -34.59151729033834
        ]
      }
    },
    {
      "type": "Feature",
      "properties": {
        "nombre": "Campo Viera",
        "provincia": "Misiones",
        "cuit": "30672335643",
        "sucursal": "OBERA",
        "maquinas": "TRACTORES-JOHN DEERE-3420 | DESMALEZADORAS-OTRA MARCA-OTRO | TRACTORES-JOHN DEERE-3530 | "
      },
      "geometry": {
        "type": "Point",
        "coordinates": [
          -58.407349203176125,
          -34.64077266336082
        ]
      }
    },
    {
      "type": "Feature",
      "properties": {
        "nombre": "Candelaria",
        "provincia": "Misiones",
        "cuit": "30683238666",
        "sucursal": "OBERA",
        "maquinas": ""
      },
      "geometry": {
        "type": "Point",
        "coordinates": [
          -58.37578522327105,
          -34.637107572018365
        ]
      }
    },
    {
      "type": "Feature",
      "properties": {
        "nombre": "Comandante Andrés Guacurari",
        "provincia": "Misiones",
        "cuit": " 30672463595",
        "sucursal": "OBERA",
        "maquinas": ""
      },
      "geometry": {
        "type": "Point",
        "coordinates": [
          -58.40227413241621,
          -34.64565861273718
        ]
      }
    },
    {
      "type": "Feature",
      "properties": {
        "nombre": "Dos de Mayo",
        "provincia": "Misiones",
        "cuit": "nan",
        "sucursal": "OBERA",
        "maquinas": ""
      },
      "geometry": {
        "type": "Point",
        "coordinates": [
          -58.41702204952106,
          -34.59455203583238
        ]
      }
    },
    {
      "type": "Feature",
      "properties": {
        "nombre": "Garupa",
        "provincia": "Misiones",
        "cuit": "30683270284",
        "sucursal": "OBERA",
        "maquinas": ""
      },
      "geometry": {
        "type": "Point",
        "coordinates": [
          -58.42982219135454,
          -34.60297347728988
        ]
      }
    },
    {
      "type": "Feature",
      "properties": {
        "nombre": "Jardín América",
        "provincia": "Misiones",
        "cuit": "30999160006",
        "sucursal": "OBERA",
        "maquinas": ""
      },
      "geometry": {
        "type": "Point",
        "coordinates": [
          -58.44143603460456,
          -34.60491789321896
        ]
      }
    },
    {
      "type": "Feature",
      "properties": {
        "nombre": "Alba Posse",
        "provincia": "Misiones",
        "cuit": "30999158303",
        "sucursal": "OBERA",
        "maquinas": ""
      },
      "geometry": {
        "type": "Point",
        "coordinates": [
          -58.424709459234336,
          -34.64097229259947
        ]
      }
    },
    {
      "type": "Feature",
      "properties": {
        "nombre": "Almafuerte",
        "provincia": "Misiones",
        "cuit": "30672369459",
        "sucursal": "OBERA",
        "maquinas": ""
      },
      "geometry": {
        "type": "Point",
        "coordinates": [
          -58.36725915473319,
          -34.61217214919387
        ]
      }
    },
    {
      "type": "Feature",
      "properties": {
        "nombre": "Arroyo del Medio",
        "provincia": "Misiones",
        "cuit": "30683252510",
        "sucursal": "OBERA",
        "maquinas": ""
      },
      "geometry": {
        "type": "Point",
        "coordinates": [
          -58.36116261953515,
          -34.57842729140954
        ]
      }
    },
    {
      "type": "Feature",
      "properties": {
        "nombre": "Azara",
        "provincia": "Misiones",
        "cuit": "30999167345",
        "sucursal": "OBERA",
        "maquinas": ""
      },
      "geometry": {
        "type": "Point",
        "coordinates": [
          -58.3606107571919,
          -34.5779711096793
        ]
      }
    },
    {
      "type": "Feature",
      "properties": {
        "nombre": "Bonpland",
        "provincia": "Misiones",
        "cuit": "30999166594",
        "sucursal": "OBERA",
        "maquinas": ""
      },
      "geometry": {
        "type": "Point",
        "coordinates": [
          -58.444290188441094,
          -34.59034011173112
        ]
      }
    },
    {
      "type": "Feature",
      "properties": {
        "nombre": "Caá Yari",
        "provincia": "Misiones",
        "cuit": "30683266120",
        "sucursal": "OBERA",
        "maquinas": ""
      },
      "geometry": {
        "type": "Point",
        "coordinates": [
          -58.44329042620531,
          -34.57820726628826
        ]
      }
    },
    {
      "type": "Feature",
      "properties": {
        "nombre": "Capioví",
        "provincia": "Misiones",
        "cuit": "30672439619",
        "sucursal": "OBERA",
        "maquinas": ""
      },
      "geometry": {
        "type": "Point",
        "coordinates": [
          -58.35540136951215,
          -34.60234643592747
        ]
      }
    },
    {
      "type": "Feature",
      "properties": {
        "nombre": "Caraguatay",
        "provincia": "Misiones",
        "cuit": "30999157005",
        "sucursal": "OBERA",
        "maquinas": ""
      },
      "geometry": {
        "type": "Point",
        "coordinates": [
          -58.43319411582084,
          -34.641039355873346
        ]
      }
    },
    {
      "type": "Feature",
      "properties": {
        "nombre": "Cerro Azul",
        "provincia": "Misiones",
        "cuit": "30683251077",
        "sucursal": "OBERA",
        "maquinas": ""
      },
      "geometry": {
        "type": "Point",
        "coordinates": [
          -58.44200976711833,
          -34.63465958940366
        ]
      }
    },
    {
      "type": "Feature",
      "properties": {
        "nombre": "Corá",
        "provincia": "Misiones",
        "cuit": "30683243406",
        "sucursal": "OBERA",
        "maquinas": ""
      },
      "geometry": {
        "type": "Point",
        "coordinates": [
          -58.407481926684845,
          -34.62278365407163
        ]
      }
    },
    {
      "type": "Feature",
      "properties": {
        "nombre": "Alberdi",
        "provincia": "Misiones",
        "cuit": "30672431693",
        "sucursal": "OBERA",
        "maquinas": ""
      },
      "geometry": {
        "type": "Point",
        "coordinates": [
          -58.41890973766558,
          -34.64694812171176
        ]
      }
    },
    {
      "type": "Feature",
      "properties": {
        "nombre": "Aurora",
        "provincia": "Misiones",
        "cuit": "30672432061",
        "sucursal": "OBERA",
        "maquinas": ""
      },
      "geometry": {
        "type": "Point",
        "coordinates": [
          -58.41102016781702,
          -34.62825351087452
        ]
      }
    },
    {
      "type": "Feature",
      "properties": {
        "nombre": "Delicia",
        "provincia": "Misiones",
        "cuit": "nan",
        "sucursal": "OBERA",
        "maquinas": ""
      },
      "geometry": {
        "type": "Point",
        "coordinates": [
          -58.379619494232564,
          -34.593683242142156
        ]
      }
    },
    {
      "type": "Feature",
      "properties": {
        "nombre": "Polana",
        "provincia": "Misiones",
        "cuit": "30999166047",
        "sucursal": "OBERA",
        "maquinas": ""
      },
      "geometry": {
        "type": "Point",
        "coordinates": [
          -58.391122481726065,
          -34.55095472721666
        ]
      }
    },
    {
      "type": "Feature",
      "properties": {
        "nombre": "Victoria",
        "provincia": "Misiones",
        "cuit": "30672403371",
        "sucursal": "OBERA",
        "maquinas": ""
      },
      "geometry": {
        "type": "Point",
        "coordinates": [
          -58.41028170161236,
          -34.58335795828525
        ]
      }
    },
    {
      "type": "Feature",
      "properties": {
        "nombre": "Concepcion de la Sierra",
        "provincia": "Misiones",
        "cuit": "nan",
        "sucursal": "OBERA",
        "maquinas": ""
      },
      "geometry": {
        "type": "Point",
        "coordinates": [
          -58.363371969212466,
          -34.560303717777835
        ]
      }
    },
    {
      "type": "Feature",
      "properties": {
        "nombre": "Corpus",
        "provincia": "Misiones",
        "cuit": "30672339150",
        "sucursal": "OBERA",
        "maquinas": ""
      },
      "geometry": {
        "type": "Point",
        "coordinates": [
          -58.387614110300184,
          -34.62685133072433
        ]
      }
    },
    {
      "type": "Feature",
      "properties": {
        "nombre": "Dos Arroyos",
        "provincia": "Misiones",
        "cuit": " 30683238976",
        "sucursal": "OBERA",
        "maquinas": ""
      },
      "geometry": {
        "type": "Point",
        "coordinates": [
          -58.40138339108697,
          -34.57382721416351
        ]
      }
    },
    {
      "type": "Feature",
      "properties": {
        "nombre": "Dos Hermanas",
        "provincia": "Misiones",
        "cuit": "nan",
        "sucursal": "OBERA",
        "maquinas": ""
      },
      "geometry": {
        "type": "Point",
        "coordinates": [
          -58.42412157071769,
          -34.6140081977915
        ]
      }
    },
    {
      "type": "Feature",
      "properties": {
        "nombre": "El Alcazar",
        "provincia": "Misiones",
        "cuit": "nan",
        "sucursal": "OBERA",
        "maquinas": ""
      },
      "geometry": {
        "type": "Point",
        "coordinates": [
          -58.4404623878554,
          -34.628279505335115
        ]
      }
    },
    {
      "type": "Feature",
      "properties": {
        "nombre": "Fachinal",
        "provincia": "Misiones",
        "cuit": "30672379179",
        "sucursal": "OBERA",
        "maquinas": ""
      },
      "geometry": {
        "type": "Point",
        "coordinates": [
          -58.39082000672326,
          -34.63829526903003
        ]
      }
    },
    {
      "type": "Feature",
      "properties": {
        "nombre": "Florentino Ameghino",
        "provincia": "Misiones",
        "cuit": "30683234601",
        "sucursal": "OBERA",
        "maquinas": ""
      },
      "geometry": {
        "type": "Point",
        "coordinates": [
          -58.42360655284831,
          -34.58828547959504
        ]
      }
    },
    {
      "type": "Feature",
      "properties": {
        "nombre": "Fracrán",
        "provincia": "Misiones",
        "cuit": "nan",
        "sucursal": "OBERA",
        "maquinas": ""
      },
      "geometry": {
        "type": "Point",
        "coordinates": [
          -58.39353247203628,
          -34.64878546370378
        ]
      }
    },
    {
      "type": "Feature",
      "properties": {
        "nombre": "Garuhapé",
        "provincia": "Misiones",
        "cuit": "30999157315",
        "sucursal": "OBERA",
        "maquinas": ""
      },
      "geometry": {
        "type": "Point",
        "coordinates": [
          -58.40929476714756,
          -34.588624669135434
        ]
      }
    },
    {
      "type": "Feature",
      "properties": {
        "nombre": "General Alvear",
        "provincia": "Misiones",
        "cuit": "30672390121",
        "sucursal": "OBERA",
        "maquinas": ""
      },
      "geometry": {
        "type": "Point",
        "coordinates": [
          -58.37505653390288,
          -34.61763534985512
        ]
      }
    },
    {
      "type": "Feature",
      "properties": {
        "nombre": "General Urquiza",
        "provincia": "Misiones",
        "cuit": "nan",
        "sucursal": "OBERA",
        "maquinas": ""
      },
      "geometry": {
        "type": "Point",
        "coordinates": [
          -58.40693705487917,
          -34.6221718680445
        ]
      }
    },
    {
      "type": "Feature",
      "properties": {
        "nombre": "Gobernador López",
        "provincia": "Misiones",
        "cuit": "30683238801",
        "sucursal": "OBERA",
        "maquinas": ""
      },
      "geometry": {
        "type": "Point",
        "coordinates": [
          -58.38585773233807,
          -34.582342742977886
        ]
      }
    },
    {
      "type": "Feature",
      "properties": {
        "nombre": "Gobernador Roca",
        "provincia": "Misiones",
        "cuit": "30683242965",
        "sucursal": "OBERA",
        "maquinas": ""
      },
      "geometry": {
        "type": "Point",
        "coordinates": [
          -58.443170401505874,
          -34.57922628125248
        ]
      }
    },
    {
      "type": "Feature",
      "properties": {
        "nombre": "Guarani",
        "provincia": "Misiones",
        "cuit": "33683251769",
        "sucursal": "OBERA",
        "maquinas": ""
      },
      "geometry": {
        "type": "Point",
        "coordinates": [
          -58.38713273097305,
          -34.62374336185094
        ]
      }
    },
    {
      "type": "Feature",
      "properties": {
        "nombre": "Hipólito Yrigoyen",
        "provincia": "Misiones",
        "cuit": "30999166284",
        "sucursal": "OBERA",
        "maquinas": ""
      },
      "geometry": {
        "type": "Point",
        "coordinates": [
          -58.440769764478894,
          -34.60324452859798
        ]
      }
    },
    {
      "type": "Feature",
      "properties": {
        "nombre": "Itacaruaré",
        "provincia": "Misiones",
        "cuit": "30999159911",
        "sucursal": "OBERA",
        "maquinas": ""
      },
      "geometry": {
        "type": "Point",
        "coordinates": [
          -58.446498829103675,
          -34.63257092594853
        ]
      }
    },
    {
      "type": "Feature",
      "properties": {
        "nombre": "Loreto",
        "provincia": "Misiones",
        "cuit": "30999165679",
        "sucursal": "OBERA",
        "maquinas": ""
      },
      "geometry": {
        "type": "Point",
        "coordinates": [
          -58.37263081063768,
          -34.56277015903504
        ]
      }
    },
    {
      "type": "Feature",
      "properties": {
        "nombre": "Los Helechos",
        "provincia": "Misiones",
        "cuit": "30683276398",
        "sucursal": "OBERA",
        "maquinas": "TANQUE DE COMBUSTIBLE-OTRA MARCA-OTRO | "
      },
      "geometry": {
        "type": "Point",
        "coordinates": [
          -58.438232542387816,
          -34.56625547796091
        ]
      }
    },
    {
      "type": "Feature",
      "properties": {
        "nombre": "Mártires",
        "provincia": "Misiones",
        "cuit": "30672402693",
        "sucursal": "OBERA",
        "maquinas": ""
      },
      "geometry": {
        "type": "Point",
        "coordinates": [
          -58.38725813644345,
          -34.647422826408786
        ]
      }
    },
    {
      "type": "Feature",
      "properties": {
        "nombre": "Mojón Grande",
        "provincia": "Misiones",
        "cuit": "30683242108",
        "sucursal": "OBERA",
        "maquinas": ""
      },
      "geometry": {
        "type": "Point",
        "coordinates": [
          -58.35169785605212,
          -34.586066337713675
        ]
      }
    },
    {
      "type": "Feature",
      "properties": {
        "nombre": "Nueve de Julio ",
        "provincia": "Misiones",
        "cuit": "nan",
        "sucursal": "OBERA",
        "maquinas": ""
      },
      "geometry": {
        "type": "Point",
        "coordinates": [
          -58.443460598398914,
          -34.64680631046692
        ]
      }
    },
    {
      "type": "Feature",
      "properties": {
        "nombre": "OLEGARIO V ANDRADE",
        "provincia": "Misiones",
        "cuit": "30683252685",
        "sucursal": "OBERA",
        "maquinas": "TRACTORES-JOHN DEERE-5403 | "
      },
      "geometry": {
        "type": "Point",
        "coordinates": [
          -58.41957303495343,
          -34.61446542904401
        ]
      }
    },
    {
      "type": "Feature",
      "properties": {
        "nombre": "Panambí",
        "provincia": "Misiones",
        "cuit": "33683274629",
        "sucursal": "OBERA",
        "maquinas": ""
      },
      "geometry": {
        "type": "Point",
        "coordinates": [
          -58.42125591217915,
          -34.57323386869442
        ]
      }
    },
    {
      "type": "Feature",
      "properties": {
        "nombre": "Pozo Azul",
        "provincia": "Misiones",
        "cuit": "30715850598",
        "sucursal": "OBERA",
        "maquinas": ""
      },
      "geometry": {
        "type": "Point",
        "coordinates": [
          -58.43700354545712,
          -34.570860172515545
        ]
      }
    },
    {
      "type": "Feature",
      "properties": {
        "nombre": "Profundidad",
        "provincia": "Misiones",
        "cuit": "nan",
        "sucursal": "OBERA",
        "maquinas": ""
      },
      "geometry": {
        "type": "Point",
        "coordinates": [
          -58.36609139935828,
          -34.587331670465325
        ]
      }
    },
    {
      "type": "Feature",
      "properties": {
        "nombre": "Puerto Leoni",
        "provincia": "Misiones",
        "cuit": "30683262095",
        "sucursal": "OBERA",
        "maquinas": ""
      },
      "geometry": {
        "type": "Point",
        "coordinates": [
          -58.4264014549725,
          -34.55137868726502
        ]
      }
    },
    {
      "type": "Feature",
      "properties": {
        "nombre": "Puerto Libertad",
        "provincia": "Misiones",
        "cuit": "nan",
        "sucursal": "OBERA",
        "maquinas": ""
      },
      "geometry": {
        "type": "Point",
        "coordinates": [
          -58.44574202369287,
          -34.6101654783677
        ]
      }
    },
    {
      "type": "Feature",
      "properties": {
        "nombre": "Puerto Piray",
        "provincia": "Misiones",
        "cuit": "30999158478",
        "sucursal": "OBERA",
        "maquinas": ""
      },
      "geometry": {
        "type": "Point",
        "coordinates": [
          -58.410860959394235,
          -34.56158991991719
        ]
      }
    },
    {
      "type": "Feature",
      "properties": {
        "nombre": "Ruiz de Montoya",
        "provincia": "Misiones",
        "cuit": "30683242345",
        "sucursal": "OBERA",
        "maquinas": ""
      },
      "geometry": {
        "type": "Point",
        "coordinates": [
          -58.44930446589428,
          -34.55877260511334
        ]
      }
    },
    {
      "type": "Feature",
      "properties": {
        "nombre": "Salto Encantado",
        "provincia": "Misiones",
        "cuit": "30716863405",
        "sucursal": "OBERA",
        "maquinas": ""
      },
      "geometry": {
        "type": "Point",
        "coordinates": [
          -58.43883226369035,
          -34.62378820955774
        ]
      }
    },
    {
      "type": "Feature",
      "properties": {
        "nombre": "San Antonio",
        "provincia": "Misiones",
        "cuit": "30999020387",
        "sucursal": "OBERA",
        "maquinas": ""
      },
      "geometry": {
        "type": "Point",
        "coordinates": [
          -58.42307542601921,
          -34.63241229529641
        ]
      }
    },
    {
      "type": "Feature",
      "properties": {
        "nombre": "San José",
        "provincia": "Misiones",
        "cuit": "30687849864",
        "sucursal": "OBERA",
        "maquinas": "TRACTORES-JOHN DEERE-4005TD | "
      },
      "geometry": {
        "type": "Point",
        "coordinates": [
          -58.394299143325625,
          -34.64818686600688
        ]
      }
    },
    {
      "type": "Feature",
      "properties": {
        "nombre": "San Martín",
        "provincia": "Misiones",
        "cuit": "30672390369",
        "sucursal": "OBERA",
        "maquinas": ""
      },
      "geometry": {
        "type": "Point",
        "coordinates": [
          -58.424371554223,
          -34.62599926228576
        ]
      }
    },
    {
      "type": "Feature",
      "properties": {
        "nombre": "Santa Ana",
        "provincia": "Misiones",
        "cuit": "30683239107",
        "sucursal": "OBERA",
        "maquinas": ""
      },
      "geometry": {
        "type": "Point",
        "coordinates": [
          -58.35678226229338,
          -34.590510233719975
        ]
      }
    },
    {
      "type": "Feature",
      "properties": {
        "nombre": "Santa Maria",
        "provincia": "Misiones",
        "cuit": "30687905969",
        "sucursal": "OBERA",
        "maquinas": ""
      },
      "geometry": {
        "type": "Point",
        "coordinates": [
          -58.38233472367529,
          -34.56195249552048
        ]
      }
    },
    {
      "type": "Feature",
      "properties": {
        "nombre": "Santiago de Liniers",
        "provincia": "Misiones",
        "cuit": "nan",
        "sucursal": "OBERA",
        "maquinas": ""
      },
      "geometry": {
        "type": "Point",
        "coordinates": [
          -58.4445989762453,
          -34.573432369308485
        ]
      }
    },
    {
      "type": "Feature",
      "properties": {
        "nombre": "Santo Pipo",
        "provincia": "Misiones",
        "cuit": "30999144558",
        "sucursal": "OBERA",
        "maquinas": "MOTONIVELADORAS-CATERPILLAR-140K | "
      },
      "geometry": {
        "type": "Point",
        "coordinates": [
          -58.361559184059296,
          -34.553136578947644
        ]
      }
    },
    {
      "type": "Feature",
      "properties": {
        "nombre": "Tres Capones",
        "provincia": "Misiones",
        "cuit": "30683236752",
        "sucursal": "OBERA",
        "maquinas": ""
      },
      "geometry": {
        "type": "Point",
        "coordinates": [
          -58.444785369394616,
          -34.57697222636944
        ]
      }
    },
    {
      "type": "Feature",
      "properties": {
        "nombre": "Alvear",
        "provincia": "Corrientes",
        "cuit": "nan",
        "sucursal": "MERCEDES",
        "maquinas": ""
      },
      "geometry": {
        "type": "Point",
        "coordinates": [
          -58.4133364887596,
          -34.620874756238806
        ]
      }
    },
    {
      "type": "Feature",
      "properties": {
        "nombre": "Bella Vista",
        "provincia": "Corrientes",
        "cuit": "30658670138",
        "sucursal": "MERCEDES",
        "maquinas": "TRACTORES-JOHN DEERE-5725 | TRACTORES-JOHN DEERE-5725 | TRACTORES-JOHN DEERE-6110D | "
      },
      "geometry": {
        "type": "Point",
        "coordinates": [
          -58.360815356499664,
          -34.584219576689605
        ]
      }
    },
    {
      "type": "Feature",
      "properties": {
        "nombre": "Beron de Astrada",
        "provincia": "Corrientes",
        "cuit": "nan",
        "sucursal": "MERCEDES",
        "maquinas": ""
      },
      "geometry": {
        "type": "Point",
        "coordinates": [
          -58.43164884169499,
          -34.552873413204075
        ]
      }
    },
    {
      "type": "Feature",
      "properties": {
        "nombre": "Bonpland",
        "provincia": "Corrientes",
        "cuit": "nan",
        "sucursal": "MERCEDES",
        "maquinas": ""
      },
      "geometry": {
        "type": "Point",
        "coordinates": [
          -58.406493165861825,
          -34.63195494616307
        ]
      }
    },
    {
      "type": "Feature",
      "properties": {
        "nombre": "Caá Catí",
        "provincia": "Corrientes",
        "cuit": "nan",
        "sucursal": "MERCEDES",
        "maquinas": ""
      },
      "geometry": {
        "type": "Point",
        "coordinates": [
          -58.444365145823404,
          -34.64628906465358
        ]
      }
    },
    {
      "type": "Feature",
      "properties": {
        "nombre": "Chavarría",
        "provincia": "Corrientes",
        "cuit": "30656553266",
        "sucursal": "MERCEDES",
        "maquinas": ""
      },
      "geometry": {
        "type": "Point",
        "coordinates": [
          -58.42639101873634,
          -34.621019934132114
        ]
      }
    },
    {
      "type": "Feature",
      "properties": {
        "nombre": "Colonia Liebig",
        "provincia": "Corrientes",
        "cuit": "nan",
        "sucursal": "MERCEDES",
        "maquinas": ""
      },
      "geometry": {
        "type": "Point",
        "coordinates": [
          -58.43487376278643,
          -34.5796041269777
        ]
      }
    },
    {
      "type": "Feature",
      "properties": {
        "nombre": "Concepción",
        "provincia": "Corrientes",
        "cuit": "nan",
        "sucursal": "MERCEDES",
        "maquinas": ""
      },
      "geometry": {
        "type": "Point",
        "coordinates": [
          -58.409715431447346,
          -34.57094923317817
        ]
      }
    },
    {
      "type": "Feature",
      "properties": {
        "nombre": "Corrientes",
        "provincia": "Corrientes",
        "cuit": "nan",
        "sucursal": "MERCEDES",
        "maquinas": ""
      },
      "geometry": {
        "type": "Point",
        "coordinates": [
          -58.3972660789451,
          -34.64712786293681
        ]
      }
    },
    {
      "type": "Feature",
      "properties": {
        "nombre": "Cruz de los Milagros",
        "provincia": "Corrientes",
        "cuit": "nan",
        "sucursal": "MERCEDES",
        "maquinas": ""
      },
      "geometry": {
        "type": "Point",
        "coordinates": [
          -58.43996485094506,
          -34.6192873833495
        ]
      }
    },
    {
      "type": "Feature",
      "properties": {
        "nombre": "Curuzú Cuatiá",
        "provincia": "Corrientes",
        "cuit": "nan",
        "sucursal": "MERCEDES",
        "maquinas": ""
      },
      "geometry": {
        "type": "Point",
        "coordinates": [
          -58.38255252417662,
          -34.60873875975255
        ]
      }
    },
    {
      "type": "Feature",
      "properties": {
        "nombre": "Empedrado",
        "provincia": "Corrientes",
        "cuit": "nan",
        "sucursal": "MERCEDES",
        "maquinas": ""
      },
      "geometry": {
        "type": "Point",
        "coordinates": [
          -58.40694072723355,
          -34.617267472736806
        ]
      }
    },
    {
      "type": "Feature",
      "properties": {
        "nombre": "Esquina",
        "provincia": "Corrientes",
        "cuit": "30669836135",
        "sucursal": "MERCEDES",
        "maquinas": ""
      },
      "geometry": {
        "type": "Point",
        "coordinates": [
          -58.44460885177791,
          -34.590810228322425
        ]
      }
    },
    {
      "type": "Feature",
      "properties": {
        "nombre": "Felipe Yofre",
        "provincia": "Corrientes",
        "cuit": "30669764371",
        "sucursal": "MERCEDES",
        "maquinas": ""
      },
      "geometry": {
        "type": "Point",
        "coordinates": [
          -58.36231819352029,
          -34.555295384944465
        ]
      }
    },
    {
      "type": "Feature",
      "properties": {
        "nombre": "Garruchos",
        "provincia": "Corrientes",
        "cuit": "nan",
        "sucursal": "MERCEDES",
        "maquinas": ""
      },
      "geometry": {
        "type": "Point",
        "coordinates": [
          -58.355014403071664,
          -34.617687374993515
        ]
      }
    },
    {
      "type": "Feature",
      "properties": {
        "nombre": "Gobernador Ing. Valentín Virasoro",
        "provincia": "Corrientes",
        "cuit": "30675535503",
        "sucursal": "MERCEDES",
        "maquinas": ""
      },
      "geometry": {
        "type": "Point",
        "coordinates": [
          -58.36492360277911,
          -34.602025746706424
        ]
      }
    },
    {
      "type": "Feature",
      "properties": {
        "nombre": "Goya",
        "provincia": "Corrientes",
        "cuit": "nan",
        "sucursal": "MERCEDES",
        "maquinas": ""
      },
      "geometry": {
        "type": "Point",
        "coordinates": [
          -58.37601399280524,
          -34.55430028248275
        ]
      }
    },
    {
      "type": "Feature",
      "properties": {
        "nombre": "Itá Ibaté",
        "provincia": "Corrientes",
        "cuit": "nan",
        "sucursal": "MERCEDES",
        "maquinas": ""
      },
      "geometry": {
        "type": "Point",
        "coordinates": [
          -58.36337492259569,
          -34.568755421048834
        ]
      }
    },
    {
      "type": "Feature",
      "properties": {
        "nombre": "Itati",
        "provincia": "Corrientes",
        "cuit": "nan",
        "sucursal": "MERCEDES",
        "maquinas": ""
      },
      "geometry": {
        "type": "Point",
        "coordinates": [
          -58.444311421414305,
          -34.61238973950993
        ]
      }
    },
    {
      "type": "Feature",
      "properties": {
        "nombre": "Ituzaingo",
        "provincia": "Corrientes",
        "cuit": "30675534442",
        "sucursal": "MERCEDES",
        "maquinas": ""
      },
      "geometry": {
        "type": "Point",
        "coordinates": [
          -58.43091662331563,
          -34.626058358368766
        ]
      }
    },
    {
      "type": "Feature",
      "properties": {
        "nombre": "La Cruz",
        "provincia": "Corrientes",
        "cuit": "30999041880",
        "sucursal": "MERCEDES",
        "maquinas": ""
      },
      "geometry": {
        "type": "Point",
        "coordinates": [
          -58.3709279507813,
          -34.59319663393321
        ]
      }
    },
    {
      "type": "Feature",
      "properties": {
        "nombre": "Lavalle",
        "provincia": "Corrientes",
        "cuit": "30669838111",
        "sucursal": "MERCEDES",
        "maquinas": ""
      },
      "geometry": {
        "type": "Point",
        "coordinates": [
          -58.378021989444775,
          -34.57727200238481
        ]
      }
    },
    {
      "type": "Feature",
      "properties": {
        "nombre": "Loma de Vallejos",
        "provincia": "Corrientes",
        "cuit": "30669647200",
        "sucursal": "MERCEDES",
        "maquinas": ""
      },
      "geometry": {
        "type": "Point",
        "coordinates": [
          -58.350151317951465,
          -34.586198658345026
        ]
      }
    },
    {
      "type": "Feature",
      "properties": {
        "nombre": "Mburucuyá",
        "provincia": "Corrientes",
        "cuit": "nan",
        "sucursal": "MERCEDES",
        "maquinas": ""
      },
      "geometry": {
        "type": "Point",
        "coordinates": [
          -58.39072348557876,
          -34.640019990331304
        ]
      }
    },
    {
      "type": "Feature",
      "properties": {
        "nombre": "Mercedes",
        "provincia": "Corrientes",
        "cuit": "30669735754",
        "sucursal": "MERCEDES",
        "maquinas": "TRACTORES-JOHN DEERE-2420 | MINICARGADORAS-OTRA MARCA-OTRO | MINICARGADORAS-OTRA MARCA-OTRO | "
      },
      "geometry": {
        "type": "Point",
        "coordinates": [
          -58.36774301742625,
          -34.64416967787147
        ]
      }
    },
    {
      "type": "Feature",
      "properties": {
        "nombre": "Mocoreta",
        "provincia": "Corrientes",
        "cuit": "30999104157",
        "sucursal": "MERCEDES",
        "maquinas": ""
      },
      "geometry": {
        "type": "Point",
        "coordinates": [
          -58.425736609032356,
          -34.62151763525628
        ]
      }
    },
    {
      "type": "Feature",
      "properties": {
        "nombre": "Monte Caseros",
        "provincia": "Corrientes",
        "cuit": "30999054885",
        "sucursal": "MERCEDES",
        "maquinas": ""
      },
      "geometry": {
        "type": "Point",
        "coordinates": [
          -58.353483447807115,
          -34.59331489794539
        ]
      }
    },
    {
      "type": "Feature",
      "properties": {
        "nombre": "Nueve de Julio",
        "provincia": "Corrientes",
        "cuit": "30657624000",
        "sucursal": "MERCEDES",
        "maquinas": ""
      },
      "geometry": {
        "type": "Point",
        "coordinates": [
          -58.38641870883325,
          -34.59844831021954
        ]
      }
    },
    {
      "type": "Feature",
      "properties": {
        "nombre": "Paso de la Patria",
        "provincia": "Corrientes",
        "cuit": "nan",
        "sucursal": "MERCEDES",
        "maquinas": ""
      },
      "geometry": {
        "type": "Point",
        "coordinates": [
          -58.37329214450473,
          -34.637072561285414
        ]
      }
    },
    {
      "type": "Feature",
      "properties": {
        "nombre": "Paso de los Libres",
        "provincia": "Corrientes",
        "cuit": "nan",
        "sucursal": "MERCEDES",
        "maquinas": ""
      },
      "geometry": {
        "type": "Point",
        "coordinates": [
          -58.35982398669886,
          -34.64803787817974
        ]
      }
    },
    {
      "type": "Feature",
      "properties": {
        "nombre": "Perugorria",
        "provincia": "Corrientes",
        "cuit": "30999134072",
        "sucursal": "MERCEDES",
        "maquinas": ""
      },
      "geometry": {
        "type": "Point",
        "coordinates": [
          -58.436648716119755,
          -34.59579661719187
        ]
      }
    },
    {
      "type": "Feature",
      "properties": {
        "nombre": "Saladas",
        "provincia": "Corrientes",
        "cuit": "33658796149",
        "sucursal": "MERCEDES",
        "maquinas": ""
      },
      "geometry": {
        "type": "Point",
        "coordinates": [
          -58.3974265670982,
          -34.550509051597025
        ]
      }
    },
    {
      "type": "Feature",
      "properties": {
        "nombre": "San Cosme",
        "provincia": "Corrientes",
        "cuit": "nan",
        "sucursal": "MERCEDES",
        "maquinas": ""
      },
      "geometry": {
        "type": "Point",
        "coordinates": [
          -58.39559128665285,
          -34.59165032406505
        ]
      }
    },
    {
      "type": "Feature",
      "properties": {
        "nombre": "San Luis del Palmar",
        "provincia": "Corrientes",
        "cuit": "nan",
        "sucursal": "MERCEDES",
        "maquinas": ""
      },
      "geometry": {
        "type": "Point",
        "coordinates": [
          -58.391969561556216,
          -34.59015100672021
        ]
      }
    },
    {
      "type": "Feature",
      "properties": {
        "nombre": "San Roque",
        "provincia": "Corrientes",
        "cuit": "33707910289",
        "sucursal": "MERCEDES",
        "maquinas": ""
      },
      "geometry": {
        "type": "Point",
        "coordinates": [
          -58.397798833863504,
          -34.63630966512766
        ]
      }
    },
    {
      "type": "Feature",
      "properties": {
        "nombre": "Santa Ana de los Guácaras",
        "provincia": "Corrientes",
        "cuit": "nan",
        "sucursal": "MERCEDES",
        "maquinas": ""
      },
      "geometry": {
        "type": "Point",
        "coordinates": [
          -58.417975322585455,
          -34.56448551349975
        ]
      }
    },
    {
      "type": "Feature",
      "properties": {
        "nombre": "Santa Lucia",
        "provincia": "Corrientes",
        "cuit": "30658903051",
        "sucursal": "MERCEDES",
        "maquinas": ""
      },
      "geometry": {
        "type": "Point",
        "coordinates": [
          -58.37974966049688,
          -34.64243031704667
        ]
      }
    },
    {
      "type": "Feature",
      "properties": {
        "nombre": "Santa Rosa",
        "provincia": "Corrientes",
        "cuit": "30669667953",
        "sucursal": "MERCEDES",
        "maquinas": ""
      },
      "geometry": {
        "type": "Point",
        "coordinates": [
          -58.3596995544089,
          -34.5877266651397
        ]
      }
    },
    {
      "type": "Feature",
      "properties": {
        "nombre": "Santo Tomé",
        "provincia": "Corrientes",
        "cuit": "30675534752",
        "sucursal": "MERCEDES",
        "maquinas": ""
      },
      "geometry": {
        "type": "Point",
        "coordinates": [
          -58.37603696472256,
          -34.55651924662107
        ]
      }
    },
    {
      "type": "Feature",
      "properties": {
        "nombre": "Sauce",
        "provincia": "Corrientes",
        "cuit": "30999104084",
        "sucursal": "MERCEDES",
        "maquinas": ""
      },
      "geometry": {
        "type": "Point",
        "coordinates": [
          -58.380164184657275,
          -34.58161446649361
        ]
      }
    },
    {
      "type": "Feature",
      "properties": {
        "nombre": "Tabay",
        "provincia": "Corrientes",
        "cuit": "nan",
        "sucursal": "MERCEDES",
        "maquinas": ""
      },
      "geometry": {
        "type": "Point",
        "coordinates": [
          -58.43950511456295,
          -34.63130854091529
        ]
      }
    },
    {
      "type": "Feature",
      "properties": {
        "nombre": "Villa Olivari",
        "provincia": "Corrientes",
        "cuit": "nan",
        "sucursal": "MERCEDES",
        "maquinas": ""
      },
      "geometry": {
        "type": "Point",
        "coordinates": [
          -58.43568254588007,
          -34.55271599011919
        ]
      }
    },
    {
      "type": "Feature",
      "properties": {
        "nombre": "Yapeyu",
        "provincia": "Corrientes",
        "cuit": "nan",
        "sucursal": "MERCEDES",
        "maquinas": ""
      },
      "geometry": {
        "type": "Point",
        "coordinates": [
          -58.434630294909006,
          -34.61903077415383
        ]
      }
    },
    {
      "type": "Feature",
      "properties": {
        "nombre": "Yatai Ti Calle",
        "provincia": "Corrientes",
        "cuit": "30669842038",
        "sucursal": "MERCEDES",
        "maquinas": ""
      },
      "geometry": {
        "type": "Point",
        "coordinates": [
          -58.41593153366116,
          -34.61864738396454
        ]
      }
    },
    {
      "type": "Feature",
      "properties": {
        "nombre": "Cazadores Correntinos",
        "provincia": "Corrientes",
        "cuit": "30716373246",
        "sucursal": "MERCEDES",
        "maquinas": ""
      },
      "geometry": {
        "type": "Point",
        "coordinates": [
          -58.36631215551624,
          -34.580303766792795
        ]
      }
    },
    {
      "type": "Feature",
      "properties": {
        "nombre": "Cecilio Echevarria",
        "provincia": "Corrientes",
        "cuit": "30716596628",
        "sucursal": "MERCEDES",
        "maquinas": "CORTADORA DE PASTO-JOHN DEERE-OTRO | "
      },
      "geometry": {
        "type": "Point",
        "coordinates": [
          -58.446470255903435,
          -34.554912962006554
        ]
      }
    },
    {
      "type": "Feature",
      "properties": {
        "nombre": "Carolina",
        "provincia": "Corrientes",
        "cuit": "30710516096",
        "sucursal": "MERCEDES",
        "maquinas": "TRACTORES-JOHN DEERE-5090E | "
      },
      "geometry": {
        "type": "Point",
        "coordinates": [
          -58.37012967958042,
          -34.595890334686246
        ]
      }
    },
    {
      "type": "Feature",
      "properties": {
        "nombre": "Colonia Carlos Pellegrini",
        "provincia": "Corrientes",
        "cuit": "nan",
        "sucursal": "MERCEDES",
        "maquinas": ""
      },
      "geometry": {
        "type": "Point",
        "coordinates": [
          -58.445039574231934,
          -34.62562810556679
        ]
      }
    },
    {
      "type": "Feature",
      "properties": {
        "nombre": "Colonia Libertad",
        "provincia": "Corrientes",
        "cuit": "33669765679",
        "sucursal": "MERCEDES",
        "maquinas": ""
      },
      "geometry": {
        "type": "Point",
        "coordinates": [
          -58.39734115373125,
          -34.593872749288366
        ]
      }
    },
    {
      "type": "Feature",
      "properties": {
        "nombre": "Colonia Pando",
        "provincia": "Corrientes",
        "cuit": " 30711170754",
        "sucursal": "MERCEDES",
        "maquinas": ""
      },
      "geometry": {
        "type": "Point",
        "coordinates": [
          -58.39666674402319,
          -34.589679311799834
        ]
      }
    },
    {
      "type": "Feature",
      "properties": {
        "nombre": "El Sombrero",
        "provincia": "Corrientes",
        "cuit": "nan",
        "sucursal": "MERCEDES",
        "maquinas": ""
      },
      "geometry": {
        "type": "Point",
        "coordinates": [
          -58.364724670940426,
          -34.589237141599725
        ]
      }
    },
    {
      "type": "Feature",
      "properties": {
        "nombre": "Estación Torrent",
        "provincia": "Corrientes",
        "cuit": "nan",
        "sucursal": "MERCEDES",
        "maquinas": ""
      },
      "geometry": {
        "type": "Point",
        "coordinates": [
          -58.423957076471616,
          -34.627062509114666
        ]
      }
    },
    {
      "type": "Feature",
      "properties": {
        "nombre": "Gobernador Martínez",
        "provincia": "Corrientes",
        "cuit": "nan",
        "sucursal": "MERCEDES",
        "maquinas": ""
      },
      "geometry": {
        "type": "Point",
        "coordinates": [
          -58.44757633467956,
          -34.63520699252131
        ]
      }
    },
    {
      "type": "Feature",
      "properties": {
        "nombre": "Guaviravi",
        "provincia": "Corrientes",
        "cuit": "nan",
        "sucursal": "MERCEDES",
        "maquinas": "TRACTORES-PAUNY-MODELO UNICO | "
      },
      "geometry": {
        "type": "Point",
        "coordinates": [
          -58.44859121174878,
          -34.55717090941082
        ]
      }
    },
    {
      "type": "Feature",
      "properties": {
        "nombre": "Herlitzka",
        "provincia": "Corrientes",
        "cuit": "30710508840",
        "sucursal": "MERCEDES",
        "maquinas": ""
      },
      "geometry": {
        "type": "Point",
        "coordinates": [
          -58.41544811738878,
          -34.639430030475054
        ]
      }
    },
    {
      "type": "Feature",
      "properties": {
        "nombre": "Jose Rafael Gomez",
        "provincia": "Corrientes",
        "cuit": "nan",
        "sucursal": "MERCEDES",
        "maquinas": ""
      },
      "geometry": {
        "type": "Point",
        "coordinates": [
          -58.37107865870917,
          -34.5941411335511
        ]
      }
    },
    {
      "type": "Feature",
      "properties": {
        "nombre": "Juan Pujol",
        "provincia": "Corrientes",
        "cuit": "30669766420",
        "sucursal": "MERCEDES",
        "maquinas": ""
      },
      "geometry": {
        "type": "Point",
        "coordinates": [
          -58.390265842167736,
          -34.6230747212554
        ]
      }
    },
    {
      "type": "Feature",
      "properties": {
        "nombre": "Loreto",
        "provincia": "Corrientes",
        "cuit": "nan",
        "sucursal": "MERCEDES",
        "maquinas": ""
      },
      "geometry": {
        "type": "Point",
        "coordinates": [
          -58.4000205695525,
          -34.628852331978514
        ]
      }
    },
    {
      "type": "Feature",
      "properties": {
        "nombre": "Mariano I. Loza",
        "provincia": "Corrientes",
        "cuit": "nan",
        "sucursal": "MERCEDES",
        "maquinas": ""
      },
      "geometry": {
        "type": "Point",
        "coordinates": [
          -58.42943525224645,
          -34.61220714342343
        ]
      }
    },
    {
      "type": "Feature",
      "properties": {
        "nombre": "Pago de los Deseos",
        "provincia": "Corrientes",
        "cuit": "30712409882",
        "sucursal": "MERCEDES",
        "maquinas": ""
      },
      "geometry": {
        "type": "Point",
        "coordinates": [
          -58.3868473190071,
          -34.61703616819937
        ]
      }
    },
    {
      "type": "Feature",
      "properties": {
        "nombre": "Palmar Grande",
        "provincia": "Corrientes",
        "cuit": "nan",
        "sucursal": "MERCEDES",
        "maquinas": ""
      },
      "geometry": {
        "type": "Point",
        "coordinates": [
          -58.40416474093109,
          -34.585465981357125
        ]
      }
    },
    {
      "type": "Feature",
      "properties": {
        "nombre": "Parada Pucheta",
        "provincia": "Corrientes",
        "cuit": "30669956580",
        "sucursal": "MERCEDES",
        "maquinas": ""
      },
      "geometry": {
        "type": "Point",
        "coordinates": [
          -58.43938644807374,
          -34.611266539642564
        ]
      }
    },
    {
      "type": "Feature",
      "properties": {
        "nombre": "Pedro R. Fernandez",
        "provincia": "Corrientes",
        "cuit": "nan",
        "sucursal": "MERCEDES",
        "maquinas": ""
      },
      "geometry": {
        "type": "Point",
        "coordinates": [
          -58.40888385647668,
          -34.56043352276131
        ]
      }
    },
    {
      "type": "Feature",
      "properties": {
        "nombre": "Pueblo Libertador",
        "provincia": "Corrientes",
        "cuit": "30669676758",
        "sucursal": "MERCEDES",
        "maquinas": "TRACTORES-FIAT-900 | PALA DE ARRASTRE-OTRA MARCA-OTRO | "
      },
      "geometry": {
        "type": "Point",
        "coordinates": [
          -58.438905591114406,
          -34.64322138697077
        ]
      }
    },
    {
      "type": "Feature",
      "properties": {
        "nombre": "Ramada Paso",
        "provincia": "Corrientes",
        "cuit": "nan",
        "sucursal": "MERCEDES",
        "maquinas": ""
      },
      "geometry": {
        "type": "Point",
        "coordinates": [
          -58.36747754352234,
          -34.60269839276964
        ]
      }
    },
    {
      "type": "Feature",
      "properties": {
        "nombre": "Riachuelo",
        "provincia": "Corrientes",
        "cuit": "nan",
        "sucursal": "MERCEDES",
        "maquinas": ""
      },
      "geometry": {
        "type": "Point",
        "coordinates": [
          -58.41563094478666,
          -34.59656952196322
        ]
      }
    },
    {
      "type": "Feature",
      "properties": {
        "nombre": "San Antonio Isla Apipé Grande",
        "provincia": "Corrientes",
        "cuit": "nan",
        "sucursal": "MERCEDES",
        "maquinas": ""
      },
      "geometry": {
        "type": "Point",
        "coordinates": [
          -58.35868358245796,
          -34.63214590783928
        ]
      }
    },
    {
      "type": "Feature",
      "properties": {
        "nombre": "San Carlos",
        "provincia": "Corrientes",
        "cuit": "nan",
        "sucursal": "MERCEDES",
        "maquinas": ""
      },
      "geometry": {
        "type": "Point",
        "coordinates": [
          -58.439031108203366,
          -34.5549361387613
        ]
      }
    },
    {
      "type": "Feature",
      "properties": {
        "nombre": "San Isidro",
        "provincia": "Corrientes",
        "cuit": "30714273147",
        "sucursal": "MERCEDES",
        "maquinas": ""
      },
      "geometry": {
        "type": "Point",
        "coordinates": [
          -58.39769988625114,
          -34.612966037188855
        ]
      }
    },
    {
      "type": "Feature",
      "properties": {
        "nombre": "San Lorenzo",
        "provincia": "Corrientes",
        "cuit": "nan",
        "sucursal": "MERCEDES",
        "maquinas": ""
      },
      "geometry": {
        "type": "Point",
        "coordinates": [
          -58.4116494041819,
          -34.64827082431555
        ]
      }
    },
    {
      "type": "Feature",
      "properties": {
        "nombre": "San Miguel",
        "provincia": "Corrientes",
        "cuit": "30669668259",
        "sucursal": "MERCEDES",
        "maquinas": ""
      },
      "geometry": {
        "type": "Point",
        "coordinates": [
          -58.417643089568344,
          -34.61148069480156
        ]
      }
    },
    {
      "type": "Feature",
      "properties": {
        "nombre": "Tapebicua",
        "provincia": "Corrientes",
        "cuit": "nan",
        "sucursal": "MERCEDES",
        "maquinas": ""
      },
      "geometry": {
        "type": "Point",
        "coordinates": [
          -58.44299201229881,
          -34.609039662964356
        ]
      }
    },
    {
      "type": "Feature",
      "properties": {
        "nombre": "Cnia Tatacua",
        "provincia": "Corrientes",
        "cuit": "30669707122",
        "sucursal": "MERCEDES",
        "maquinas": ""
      },
      "geometry": {
        "type": "Point",
        "coordinates": [
          -58.38047745399724,
          -34.55381953459151
        ]
      }
    },
    {
      "type": "Feature",
      "properties": {
        "nombre": "Tres de Abril",
        "provincia": "Corrientes",
        "cuit": "nan",
        "sucursal": "MERCEDES",
        "maquinas": ""
      },
      "geometry": {
        "type": "Point",
        "coordinates": [
          -58.42170834504274,
          -34.5882404014529
        ]
      }
    },
    {
      "type": "Feature",
      "properties": {
        "nombre": "Aldea Brasilera",
        "provincia": "Entre Ríos",
        "cuit": "30716724235",
        "sucursal": "PARANA",
        "maquinas": "TRACTORES-CHERY-Chery RC1104-C | "
      },
      "geometry": {
        "type": "Point",
        "coordinates": [
          -59.212725452947936,
          -32.05402558474143
        ]
      }
    },
    {
      "type": "Feature",
      "properties": {
        "nombre": "Aldea Maria Luisa",
        "provincia": "Entre Ríos",
        "cuit": "30999216923",
        "sucursal": "PARANA",
        "maquinas": ""
      },
      "geometry": {
        "type": "Point",
        "coordinates": [
          -59.166293280742266,
          -32.06423729456511
        ]
      }
    },
    {
      "type": "Feature",
      "properties": {
        "nombre": "Aldea San Antonio",
        "provincia": "Entre Ríos",
        "cuit": "30636633859",
        "sucursal": "VICTORIA",
        "maquinas": "EXCAVADORAS-JOHN DEERE-200D | RETROEXCAVADORAS-OTRA MARCA-OTRO | "
      },
      "geometry": {
        "type": "Point",
        "coordinates": [
          -59.16199797294879,
          -32.04154102233874
        ]
      }
    },
    {
      "type": "Feature",
      "properties": {
        "nombre": "Valle Maria",
        "provincia": "Entre Ríos",
        "cuit": "30671209709",
        "sucursal": "PARANA",
        "maquinas": ""
      },
      "geometry": {
        "type": "Point",
        "coordinates": [
          -59.25016016165837,
          -32.088198674512896
        ]
      }
    },
    {
      "type": "Feature",
      "properties": {
        "nombre": "Aranguren",
        "provincia": "Entre Ríos",
        "cuit": "30671139239",
        "sucursal": "VICTORIA",
        "maquinas": ""
      },
      "geometry": {
        "type": "Point",
        "coordinates": [
          -59.184769105460646,
          -32.037761877035564
        ]
      }
    },
    {
      "type": "Feature",
      "properties": {
        "nombre": "Basavilbaso",
        "provincia": "Entre Ríos",
        "cuit": "30643395246",
        "sucursal": "VICTORIA",
        "maquinas": "PALAS CARGADORAS-JOHN DEERE-563 | MOTONIVELADORAS-LIUGONG-CLG4165D-HD | RETROEXCAVADORAS-CASE-580 | PALAS CARGADORAS-LIUGONG-CLG8128H | "
      },
      "geometry": {
        "type": "Point",
        "coordinates": [
          -59.23577656310114,
          -32.05160183310663
        ]
      }
    },
    {
      "type": "Feature",
      "properties": {
        "nombre": "Bovril",
        "provincia": "Entre Ríos",
        "cuit": "30999053277",
        "sucursal": "LA PAZ",
        "maquinas": "TRACTORES JARDIN-JOHN DEERE-JARDIN D130 | "
      },
      "geometry": {
        "type": "Point",
        "coordinates": [
          -59.19841060450109,
          -32.03024081291722
        ]
      }
    },
    {
      "type": "Feature",
      "properties": {
        "nombre": "Caseros",
        "provincia": "Entre Ríos",
        "cuit": "30670750899",
        "sucursal": "VICTORIA",
        "maquinas": ""
      },
      "geometry": {
        "type": "Point",
        "coordinates": [
          -59.180704622638245,
          -32.06048403998835
        ]
      }
    },
    {
      "type": "Feature",
      "properties": {
        "nombre": "Ceibas",
        "provincia": "Entre Ríos",
        "cuit": "30671123952",
        "sucursal": "0",
        "maquinas": ""
      },
      "geometry": {
        "type": "Point",
        "coordinates": [
          -59.2039938245326,
          -32.061865245505516
        ]
      }
    },
    {
      "type": "Feature",
      "properties": {
        "nombre": "Cerrito",
        "provincia": "Entre Ríos",
        "cuit": "30999035988",
        "sucursal": "PARANA",
        "maquinas": "RETROEXCAVADORAS-NEW HOLLAND-OTRO | "
      },
      "geometry": {
        "type": "Point",
        "coordinates": [
          -59.183784785759926,
          -32.08330099835788
        ]
      }
    },
    {
      "type": "Feature",
      "properties": {
        "nombre": "Los Conquistadores",
        "provincia": "Entre Ríos",
        "cuit": "33707861989",
        "sucursal": "CHAJARI",
        "maquinas": ""
      },
      "geometry": {
        "type": "Point",
        "coordinates": [
          -59.20361213768219,
          -32.01632962058015
        ]
      }
    },
    {
      "type": "Feature",
      "properties": {
        "nombre": "COLON (E.R.)",
        "provincia": "Entre Ríos",
        "cuit": "30999220475",
        "sucursal": "CONCORDIA",
        "maquinas": "MOTONIVELADORAS-JOHN DEERE-620P | RETROEXCAVADORAS-JOHN DEERE-310P | "
      },
      "geometry": {
        "type": "Point",
        "coordinates": [
          -59.184409774697905,
          -32.10308216870536
        ]
      }
    },
    {
      "type": "Feature",
      "properties": {
        "nombre": "Colonia Avellaneda",
        "provincia": "Entre Ríos",
        "cuit": "30709129119",
        "sucursal": "PARANA",
        "maquinas": ""
      },
      "geometry": {
        "type": "Point",
        "coordinates": [
          -59.17382563340539,
          -32.01521569019603
        ]
      }
    },
    {
      "type": "Feature",
      "properties": {
        "nombre": "Colonia Ayuí",
        "provincia": "Entre Ríos",
        "cuit": "30670870487",
        "sucursal": "CONCORDIA",
        "maquinas": ""
      },
      "geometry": {
        "type": "Point",
        "coordinates": [
          -59.167514133403024,
          -32.09076527153697
        ]
      }
    },
    {
      "type": "Feature",
      "properties": {
        "nombre": "Colonia Elia",
        "provincia": "Entre Ríos",
        "cuit": "30710822464",
        "sucursal": "VICTORIA",
        "maquinas": ""
      },
      "geometry": {
        "type": "Point",
        "coordinates": [
          -59.23242472212046,
          -32.08384199609876
        ]
      }
    },
    {
      "type": "Feature",
      "properties": {
        "nombre": "Concepción del Uruguay",
        "provincia": "Entre Ríos",
        "cuit": "30999097185",
        "sucursal": "VICTORIA",
        "maquinas": ""
      },
      "geometry": {
        "type": "Point",
        "coordinates": [
          -59.23312009190945,
          -32.104515994572246
        ]
      }
    },
    {
      "type": "Feature",
      "properties": {
        "nombre": "Concordia",
        "provincia": "Entre Ríos",
        "cuit": "30999011728",
        "sucursal": "CONCORDIA",
        "maquinas": ""
      },
      "geometry": {
        "type": "Point",
        "coordinates": [
          -59.228701760794785,
          -32.03942829861675
        ]
      }
    },
    {
      "type": "Feature",
      "properties": {
        "nombre": "Conscripto Bernardi",
        "provincia": "Entre Ríos",
        "cuit": "33657726619",
        "sucursal": "LA PAZ",
        "maquinas": ""
      },
      "geometry": {
        "type": "Point",
        "coordinates": [
          -59.16407835375045,
          -32.018654752018584
        ]
      }
    },
    {
      "type": "Feature",
      "properties": {
        "nombre": "Crespo",
        "provincia": "Entre Ríos",
        "cuit": "30999053897",
        "sucursal": "PARANA",
        "maquinas": ""
      },
      "geometry": {
        "type": "Point",
        "coordinates": [
          -59.2456233399118,
          -32.06340835465952
        ]
      }
    },
    {
      "type": "Feature",
      "properties": {
        "nombre": "Diamante",
        "provincia": "Entre Ríos",
        "cuit": "30999102863",
        "sucursal": "PARANA",
        "maquinas": ""
      },
      "geometry": {
        "type": "Point",
        "coordinates": [
          -59.20255827363631,
          -32.08335286486137
        ]
      }
    },
    {
      "type": "Feature",
      "properties": {
        "nombre": "El Pingo",
        "provincia": "Entre Ríos",
        "cuit": "30716688751",
        "sucursal": "PARANA",
        "maquinas": ""
      },
      "geometry": {
        "type": "Point",
        "coordinates": [
          -59.232235213978846,
          -32.01029222362236
        ]
      }
    },
    {
      "type": "Feature",
      "properties": {
        "nombre": "Enrique Carbo",
        "provincia": "Entre Ríos",
        "cuit": "30711672482",
        "sucursal": "VICTORIA",
        "maquinas": ""
      },
      "geometry": {
        "type": "Point",
        "coordinates": [
          -59.22483895982851,
          -32.0287982600578
        ]
      }
    },
    {
      "type": "Feature",
      "properties": {
        "nombre": "Chajari",
        "provincia": "Entre Ríos",
        "cuit": "30999035678",
        "sucursal": "CHAJARI",
        "maquinas": ""
      },
      "geometry": {
        "type": "Point",
        "coordinates": [
          -59.24212688581896,
          -32.04307683455838
        ]
      }
    },
    {
      "type": "Feature",
      "properties": {
        "nombre": "Federal",
        "provincia": "Entre Ríos",
        "cuit": "33999005999",
        "sucursal": "CONCORDIA",
        "maquinas": ""
      },
      "geometry": {
        "type": "Point",
        "coordinates": [
          -59.2386726446897,
          -32.066168051221894
        ]
      }
    },
    {
      "type": "Feature",
      "properties": {
        "nombre": "General Campos",
        "provincia": "Entre Ríos",
        "cuit": "30999159156",
        "sucursal": "CONCORDIA",
        "maquinas": ""
      },
      "geometry": {
        "type": "Point",
        "coordinates": [
          -59.1923209149756,
          -32.04774690666951
        ]
      }
    },
    {
      "type": "Feature",
      "properties": {
        "nombre": "General Galarza",
        "provincia": "Entre Ríos",
        "cuit": "nan",
        "sucursal": "VICTORIA",
        "maquinas": ""
      },
      "geometry": {
        "type": "Point",
        "coordinates": [
          -59.20526096059493,
          -32.02619497503208
        ]
      }
    },
    {
      "type": "Feature",
      "properties": {
        "nombre": "Gral.Ramirez",
        "provincia": "Entre Ríos",
        "cuit": "33999053659",
        "sucursal": "PARANA",
        "maquinas": ""
      },
      "geometry": {
        "type": "Point",
        "coordinates": [
          -59.16787079411097,
          -32.019224896258855
        ]
      }
    },
    {
      "type": "Feature",
      "properties": {
        "nombre": "Gilbert",
        "provincia": "Entre Ríos",
        "cuit": "30707821171",
        "sucursal": "VICTORIA",
        "maquinas": "TRACTORES JARDIN-JOHN DEERE-Z355 | "
      },
      "geometry": {
        "type": "Point",
        "coordinates": [
          -59.21719508338404,
          -32.016051458439996
        ]
      }
    },
    {
      "type": "Feature",
      "properties": {
        "nombre": "Mansilla",
        "provincia": "Entre Ríos",
        "cuit": "30999035120",
        "sucursal": "VICTORIA",
        "maquinas": ""
      },
      "geometry": {
        "type": "Point",
        "coordinates": [
          -59.23775937284823,
          -32.05640236028623
        ]
      }
    },
    {
      "type": "Feature",
      "properties": {
        "nombre": "Gualeguay",
        "provincia": "Entre Ríos",
        "cuit": "30615729449",
        "sucursal": "VICTORIA",
        "maquinas": ""
      },
      "geometry": {
        "type": "Point",
        "coordinates": [
          -59.218692384026504,
          -32.05201889065633
        ]
      }
    },
    {
      "type": "Feature",
      "properties": {
        "nombre": "Gualeguaychu",
        "provincia": "Entre Ríos",
        "cuit": "30642549681",
        "sucursal": "VICTORIA",
        "maquinas": ""
      },
      "geometry": {
        "type": "Point",
        "coordinates": [
          -59.2301175990632,
          -32.03910388676536
        ]
      }
    },
    {
      "type": "Feature",
      "properties": {
        "nombre": "Hasenkamp",
        "provincia": "Entre Ríos",
        "cuit": "30999036283",
        "sucursal": "LA PAZ",
        "maquinas": ""
      },
      "geometry": {
        "type": "Point",
        "coordinates": [
          -59.21990865938219,
          -32.087037267350986
        ]
      }
    },
    {
      "type": "Feature",
      "properties": {
        "nombre": "HERNANDEZ",
        "provincia": "Entre Ríos",
        "cuit": "33999053039",
        "sucursal": "VICTORIA",
        "maquinas": ""
      },
      "geometry": {
        "type": "Point",
        "coordinates": [
          -59.155036301403484,
          -32.05266456886918
        ]
      }
    },
    {
      "type": "Feature",
      "properties": {
        "nombre": "Herrera",
        "provincia": "Entre Ríos",
        "cuit": "30670772698",
        "sucursal": "VICTORIA",
        "maquinas": ""
      },
      "geometry": {
        "type": "Point",
        "coordinates": [
          -59.153369129226995,
          -32.10239272447495
        ]
      }
    },
    {
      "type": "Feature",
      "properties": {
        "nombre": "Ibicuy",
        "provincia": "Entre Ríos",
        "cuit": " 30671046737",
        "sucursal": "VICTORIA",
        "maquinas": ""
      },
      "geometry": {
        "type": "Point",
        "coordinates": [
          -59.23175674923815,
          -32.09214561138208
        ]
      }
    },
    {
      "type": "Feature",
      "properties": {
        "nombre": "La Criolla",
        "provincia": "Entre Ríos",
        "cuit": "30670869608",
        "sucursal": "CONCORDIA",
        "maquinas": ""
      },
      "geometry": {
        "type": "Point",
        "coordinates": [
          -59.15751164490805,
          -32.021242924246636
        ]
      }
    },
    {
      "type": "Feature",
      "properties": {
        "nombre": "La Paz",
        "provincia": "Entre Ríos",
        "cuit": "33642612129",
        "sucursal": "LA PAZ",
        "maquinas": "TRACTORES-JOHN DEERE-5045 | TRACTORES-JOHN DEERE-3036E | "
      },
      "geometry": {
        "type": "Point",
        "coordinates": [
          -59.15758549005689,
          -32.02484097317035
        ]
      }
    },
    {
      "type": "Feature",
      "properties": {
        "nombre": "Larroque",
        "provincia": "Entre Ríos",
        "cuit": "30999025028",
        "sucursal": "VICTORIA",
        "maquinas": "TRACTORES-JOHN DEERE-5045D | "
      },
      "geometry": {
        "type": "Point",
        "coordinates": [
          -59.16002729091226,
          -32.09286762492283
        ]
      }
    },
    {
      "type": "Feature",
      "properties": {
        "nombre": "Lib. San Martin",
        "provincia": "Entre Ríos",
        "cuit": "30999102243",
        "sucursal": "PARANA",
        "maquinas": ""
      },
      "geometry": {
        "type": "Point",
        "coordinates": [
          -59.16953206014937,
          -32.094695523522
        ]
      }
    },
    {
      "type": "Feature",
      "properties": {
        "nombre": "Los Charrúas",
        "provincia": "Entre Ríos",
        "cuit": "30629949700",
        "sucursal": "CONCORDIA",
        "maquinas": ""
      },
      "geometry": {
        "type": "Point",
        "coordinates": [
          -59.200354156906265,
          -32.027892634760576
        ]
      }
    },
    {
      "type": "Feature",
      "properties": {
        "nombre": "Federacion",
        "provincia": "Entre Ríos",
        "cuit": "30670851652",
        "sucursal": "CHAJARI",
        "maquinas": ""
      },
      "geometry": {
        "type": "Point",
        "coordinates": [
          -59.18982105582705,
          -32.06646167490637
        ]
      }
    },
    {
      "type": "Feature",
      "properties": {
        "nombre": "Lucas Gonzalez",
        "provincia": "Entre Ríos",
        "cuit": "33999034999",
        "sucursal": "VICTORIA",
        "maquinas": ""
      },
      "geometry": {
        "type": "Point",
        "coordinates": [
          -59.22590560905927,
          -32.04083224114507
        ]
      }
    },
    {
      "type": "Feature",
      "properties": {
        "nombre": "Maciá",
        "provincia": "Entre Ríos",
        "cuit": "nan",
        "sucursal": "PARANA",
        "maquinas": ""
      },
      "geometry": {
        "type": "Point",
        "coordinates": [
          -59.18424804652233,
          -32.084301023769704
        ]
      }
    },
    {
      "type": "Feature",
      "properties": {
        "nombre": "Maria Grande",
        "provincia": "Entre Ríos",
        "cuit": "30999053722",
        "sucursal": "PARANA",
        "maquinas": ""
      },
      "geometry": {
        "type": "Point",
        "coordinates": [
          -59.169139526939915,
          -32.03085153950929
        ]
      }
    },
    {
      "type": "Feature",
      "properties": {
        "nombre": "Nogoya",
        "provincia": "Entre Ríos",
        "cuit": "30999005752",
        "sucursal": "VICTORIA",
        "maquinas": ""
      },
      "geometry": {
        "type": "Point",
        "coordinates": [
          -59.16026173248106,
          -32.06075967312268
        ]
      }
    },
    {
      "type": "Feature",
      "properties": {
        "nombre": "Oro Verde",
        "provincia": "Entre Ríos",
        "cuit": "34999257706",
        "sucursal": "PARANA",
        "maquinas": ""
      },
      "geometry": {
        "type": "Point",
        "coordinates": [
          -59.174689508570765,
          -32.02299453056567
        ]
      }
    },
    {
      "type": "Feature",
      "properties": {
        "nombre": "Parana",
        "provincia": "Entre Ríos",
        "cuit": "30999102553",
        "sucursal": "PARANA",
        "maquinas": ""
      },
      "geometry": {
        "type": "Point",
        "coordinates": [
          -59.15955977137632,
          -32.0845812347855
        ]
      }
    },
    {
      "type": "Feature",
      "properties": {
        "nombre": "PIED. BLANCAS",
        "provincia": "Entre Ríos",
        "cuit": "30671157148",
        "sucursal": "LA PAZ",
        "maquinas": ""
      },
      "geometry": {
        "type": "Point",
        "coordinates": [
          -59.20090232966785,
          -32.020417166836346
        ]
      }
    },
    {
      "type": "Feature",
      "properties": {
        "nombre": "Primero de Mayo",
        "provincia": "Entre Ríos",
        "cuit": "30707859667",
        "sucursal": "PARANA",
        "maquinas": ""
      },
      "geometry": {
        "type": "Point",
        "coordinates": [
          -59.2449402164618,
          -32.089442441975926
        ]
      }
    },
    {
      "type": "Feature",
      "properties": {
        "nombre": "Pronunciamiento",
        "provincia": "Entre Ríos",
        "cuit": "30701840158",
        "sucursal": "VICTORIA",
        "maquinas": ""
      },
      "geometry": {
        "type": "Point",
        "coordinates": [
          -59.22946536179876,
          -32.04807858511436
        ]
      }
    },
    {
      "type": "Feature",
      "properties": {
        "nombre": "Pueblo Brugo",
        "provincia": "Entre Ríos",
        "cuit": "nan",
        "sucursal": "PARANA",
        "maquinas": ""
      },
      "geometry": {
        "type": "Point",
        "coordinates": [
          -59.17312799299417,
          -32.087617808500056
        ]
      }
    },
    {
      "type": "Feature",
      "properties": {
        "nombre": "Pueblo General Belgrano",
        "provincia": "Entre Ríos",
        "cuit": "30709467758",
        "sucursal": "VICTORIA",
        "maquinas": ""
      },
      "geometry": {
        "type": "Point",
        "coordinates": [
          -59.16935701307308,
          -32.10207300367515
        ]
      }
    },
    {
      "type": "Feature",
      "properties": {
        "nombre": "Pueblo Liebig",
        "provincia": "Entre Ríos",
        "cuit": "30716712741",
        "sucursal": "CONCORDIA",
        "maquinas": ""
      },
      "geometry": {
        "type": "Point",
        "coordinates": [
          -59.21478254196085,
          -32.04121112859462
        ]
      }
    },
    {
      "type": "Feature",
      "properties": {
        "nombre": "Puerto Yeruá",
        "provincia": "Entre Ríos",
        "cuit": "30670874822",
        "sucursal": "CONCORDIA",
        "maquinas": ""
      },
      "geometry": {
        "type": "Point",
        "coordinates": [
          -59.24390672019089,
          -32.093220163858796
        ]
      }
    },
    {
      "type": "Feature",
      "properties": {
        "nombre": "Rosario del Tala",
        "provincia": "Entre Ríos",
        "cuit": "30999003911",
        "sucursal": "VICTORIA",
        "maquinas": ""
      },
      "geometry": {
        "type": "Point",
        "coordinates": [
          -59.1835759141309,
          -32.08726860563209
        ]
      }
    },
    {
      "type": "Feature",
      "properties": {
        "nombre": "San Benito",
        "provincia": "Entre Ríos",
        "cuit": "30657230894",
        "sucursal": "PARANA",
        "maquinas": ""
      },
      "geometry": {
        "type": "Point",
        "coordinates": [
          -59.24983489714945,
          -32.00903078862611
        ]
      }
    },
    {
      "type": "Feature",
      "properties": {
        "nombre": "San Gustavo",
        "provincia": "Entre Ríos",
        "cuit": "30709031917",
        "sucursal": "LA PAZ",
        "maquinas": ""
      },
      "geometry": {
        "type": "Point",
        "coordinates": [
          -59.1809242098601,
          -32.01218457692267
        ]
      }
    },
    {
      "type": "Feature",
      "properties": {
        "nombre": "San Jaime de la Frontera",
        "provincia": "Entre Ríos",
        "cuit": "30999035813",
        "sucursal": "CHAJARI",
        "maquinas": ""
      },
      "geometry": {
        "type": "Point",
        "coordinates": [
          -59.17935552737584,
          -32.052602284305706
        ]
      }
    },
    {
      "type": "Feature",
      "properties": {
        "nombre": "San Jose",
        "provincia": "Entre Ríos",
        "cuit": "30623328461",
        "sucursal": "VICTORIA",
        "maquinas": "MOTONIVELADORAS-JOHN DEERE-620G | "
      },
      "geometry": {
        "type": "Point",
        "coordinates": [
          -59.215695679813315,
          -32.099079285550296
        ]
      }
    },
    {
      "type": "Feature",
      "properties": {
        "nombre": "San Jose de Feliciano",
        "provincia": "Entre Ríos",
        "cuit": "33670839929",
        "sucursal": "CHAJARI",
        "maquinas": "RETROEXCAVADORAS-JOHN DEERE-310P | "
      },
      "geometry": {
        "type": "Point",
        "coordinates": [
          -59.228138286210616,
          -32.06565028706509
        ]
      }
    },
    {
      "type": "Feature",
      "properties": {
        "nombre": "SAN JUSTO- ENTRE RIOS",
        "provincia": "Entre Ríos",
        "cuit": "33670778709",
        "sucursal": "VICTORIA",
        "maquinas": ""
      },
      "geometry": {
        "type": "Point",
        "coordinates": [
          -59.23526956170231,
          -32.05837782946492
        ]
      }
    },
    {
      "type": "Feature",
      "properties": {
        "nombre": "San Salvador",
        "provincia": "Entre Ríos",
        "cuit": "33999043939",
        "sucursal": "CONCORDIA",
        "maquinas": "RETROEXCAVADORAS-CASE-580N | TRACTORES-NEW HOLLAND-Tl75E | RETROEXCAVADORAS-CASE-580N | MOTONIVELADORAS-CASE-845B | "
      },
      "geometry": {
        "type": "Point",
        "coordinates": [
          -59.15237978562609,
          -32.08897819955169
        ]
      }
    },
    {
      "type": "Feature",
      "properties": {
        "nombre": "Santa Ana",
        "provincia": "Entre Ríos",
        "cuit": "33999289229",
        "sucursal": "CHAJARI",
        "maquinas": ""
      },
      "geometry": {
        "type": "Point",
        "coordinates": [
          -59.23009258683497,
          -32.047525526632214
        ]
      }
    },
    {
      "type": "Feature",
      "properties": {
        "nombre": "Santa Anita",
        "provincia": "Entre Ríos",
        "cuit": "30707545611",
        "sucursal": "VICTORIA",
        "maquinas": ""
      },
      "geometry": {
        "type": "Point",
        "coordinates": [
          -59.22015868235975,
          -32.078138639347024
        ]
      }
    },
    {
      "type": "Feature",
      "properties": {
        "nombre": "Santa Elena",
        "provincia": "Entre Ríos",
        "cuit": "nan",
        "sucursal": "LA PAZ",
        "maquinas": ""
      },
      "geometry": {
        "type": "Point",
        "coordinates": [
          -59.194458340252446,
          -32.04467783310409
        ]
      }
    },
    {
      "type": "Feature",
      "properties": {
        "nombre": "Sauce de Luna",
        "provincia": "Entre Ríos",
        "cuit": "30670855615",
        "sucursal": "LA PAZ",
        "maquinas": ""
      },
      "geometry": {
        "type": "Point",
        "coordinates": [
          -59.17375162790328,
          -32.013322758018674
        ]
      }
    },
    {
      "type": "Feature",
      "properties": {
        "nombre": "Sauce Montrull",
        "provincia": "Entre Ríos",
        "cuit": "30716707772",
        "sucursal": "PARANA",
        "maquinas": ""
      },
      "geometry": {
        "type": "Point",
        "coordinates": [
          -59.21918131941832,
          -32.10251354801802
        ]
      }
    },
    {
      "type": "Feature",
      "properties": {
        "nombre": "Segui",
        "provincia": "Entre Ríos",
        "cuit": "30999053587",
        "sucursal": "PARANA",
        "maquinas": ""
      },
      "geometry": {
        "type": "Point",
        "coordinates": [
          -59.170589508300026,
          -32.09857503120378
        ]
      }
    },
    {
      "type": "Feature",
      "properties": {
        "nombre": "Tabossi",
        "provincia": "Entre Ríos",
        "cuit": "30999271894",
        "sucursal": "PARANA",
        "maquinas": ""
      },
      "geometry": {
        "type": "Point",
        "coordinates": [
          -59.21107052570757,
          -32.08057597907323
        ]
      }
    },
    {
      "type": "Feature",
      "properties": {
        "nombre": "Ubajay",
        "provincia": "Entre Ríos",
        "cuit": "30670801396",
        "sucursal": "CONCORDIA",
        "maquinas": ""
      },
      "geometry": {
        "type": "Point",
        "coordinates": [
          -59.2028461509453,
          -32.05063758797494
        ]
      }
    },
    {
      "type": "Feature",
      "properties": {
        "nombre": "Urdinarrain",
        "provincia": "Entre Ríos",
        "cuit": "nan",
        "sucursal": "VICTORIA",
        "maquinas": ""
      },
      "geometry": {
        "type": "Point",
        "coordinates": [
          -59.2390230041557,
          -32.07026747418075
        ]
      }
    },
    {
      "type": "Feature",
      "properties": {
        "nombre": "Viale",
        "provincia": "Entre Ríos",
        "cuit": "30999036119",
        "sucursal": "PARANA",
        "maquinas": "TRACTORES-CHERY-Chery RS1604-C | "
      },
      "geometry": {
        "type": "Point",
        "coordinates": [
          -59.23785335340328,
          -32.04089736104725
        ]
      }
    },
    {
      "type": "Feature",
      "properties": {
        "nombre": "Victoria",
        "provincia": "Entre Ríos",
        "cuit": "30999041260",
        "sucursal": "VICTORIA",
        "maquinas": ""
      },
      "geometry": {
        "type": "Point",
        "coordinates": [
          -59.2340618131889,
          -32.03239801048095
        ]
      }
    },
    {
      "type": "Feature",
      "properties": {
        "nombre": "Villa Alcaraz (Pueblo Arrúa o Alcaraz)",
        "provincia": "Entre Ríos",
        "cuit": "nan",
        "sucursal": "LA PAZ",
        "maquinas": ""
      },
      "geometry": {
        "type": "Point",
        "coordinates": [
          -59.174773392831774,
          -32.0914242247959
        ]
      }
    },
    {
      "type": "Feature",
      "properties": {
        "nombre": "Villa Clara",
        "provincia": "Entre Ríos",
        "cuit": "30670874687",
        "sucursal": "CONCORDIA",
        "maquinas": ""
      },
      "geometry": {
        "type": "Point",
        "coordinates": [
          -59.21676699093346,
          -32.08000980105495
        ]
      }
    },
    {
      "type": "Feature",
      "properties": {
        "nombre": "Villa del Rosario",
        "provincia": "Entre Ríos",
        "cuit": "33670865199",
        "sucursal": "CHAJARI",
        "maquinas": ""
      },
      "geometry": {
        "type": "Point",
        "coordinates": [
          -59.16365744144791,
          -32.042812392765384
        ]
      }
    },
    {
      "type": "Feature",
      "properties": {
        "nombre": "Villa Dominguez",
        "provincia": "Entre Ríos",
        "cuit": "30999023599",
        "sucursal": "CONCORDIA",
        "maquinas": ""
      },
      "geometry": {
        "type": "Point",
        "coordinates": [
          -59.24621532874061,
          -32.08547617315692
        ]
      }
    },
    {
      "type": "Feature",
      "properties": {
        "nombre": "Villa Elisa",
        "provincia": "Entre Ríos",
        "cuit": "30623328151",
        "sucursal": "VICTORIA",
        "maquinas": ""
      },
      "geometry": {
        "type": "Point",
        "coordinates": [
          -59.16703794929309,
          -32.04843955578411
        ]
      }
    },
    {
      "type": "Feature",
      "properties": {
        "nombre": "Hernandarias",
        "provincia": "Entre Ríos",
        "cuit": "30999008107",
        "sucursal": "PARANA",
        "maquinas": ""
      },
      "geometry": {
        "type": "Point",
        "coordinates": [
          -59.21372436870148,
          -32.069167990834096
        ]
      }
    },
    {
      "type": "Feature",
      "properties": {
        "nombre": "Villa Mantero",
        "provincia": "Entre Ríos",
        "cuit": "30670750724",
        "sucursal": "VICTORIA",
        "maquinas": ""
      },
      "geometry": {
        "type": "Point",
        "coordinates": [
          -59.18677028355658,
          -32.09348654732825
        ]
      }
    },
    {
      "type": "Feature",
      "properties": {
        "nombre": "Villa Paranacito",
        "provincia": "Entre Ríos",
        "cuit": "30999277450",
        "sucursal": "VICTORIA",
        "maquinas": ""
      },
      "geometry": {
        "type": "Point",
        "coordinates": [
          -59.18518953245605,
          -32.09161033332341
        ]
      }
    },
    {
      "type": "Feature",
      "properties": {
        "nombre": "Villa Urquiza",
        "provincia": "Entre Ríos",
        "cuit": "33999289849",
        "sucursal": "PARANA",
        "maquinas": ""
      },
      "geometry": {
        "type": "Point",
        "coordinates": [
          -59.15334084997208,
          -32.0433091698266
        ]
      }
    },
    {
      "type": "Feature",
      "properties": {
        "nombre": "Villaguay",
        "provincia": "Entre Ríos",
        "cuit": "30999018757",
        "sucursal": "PARANA",
        "maquinas": ""
      },
      "geometry": {
        "type": "Point",
        "coordinates": [
          -59.219907340518695,
          -32.09619976212778
        ]
      }
    },
    {
      "type": "Feature",
      "properties": {
        "nombre": "Rosario",
        "provincia": "Santa Fe",
        "cuit": "30999003156",
        "sucursal": "ROSARIO",
        "maquinas": ""
      },
      "geometry": {
        "type": "Point",
        "coordinates": [
          -60.71230771574116,
          -31.593762942839138
        ]
      }
    },
    {
      "type": "Feature",
      "properties": {
        "nombre": "Godeken",
        "provincia": "Santa Fe",
        "cuit": "30999131316",
        "sucursal": "FUERA ADR",
        "maquinas": "RETROEXCAVADORAS-JOHN DEERE-310L | MINICARGADORAS-OTRA MARCA-OTRO | "
      },
      "geometry": {
        "type": "Point",
        "coordinates": [
          -60.74875882820657,
          -31.596140287411433
        ]
      }
    },
    {
      "type": "Feature",
      "properties": {
        "nombre": "Esperanza",
        "provincia": "Santa Fe",
        "cuit": "33650495859",
        "sucursal": "SAN JUSTO",
        "maquinas": "MOTONIVELADORAS-JOHN DEERE-620G | "
      },
      "geometry": {
        "type": "Point",
        "coordinates": [
          -60.74888339478724,
          -31.670878674209444
        ]
      }
    },
    {
      "type": "Feature",
      "properties": {
        "nombre": "Colonia Esther",
        "provincia": "Santa Fe",
        "cuit": "30678385472",
        "sucursal": "FUERA ADR",
        "maquinas": "TRACTORES-JOHN DEERE-5075E | TRACTORES-PAUNY-180A | DESMALEZADORAS-GROSSPAL-AV-150 | TANQUES DE AGUA-ALBERTI MAQUINARIA-26.000 L Azul | ACOPLADOS-PLEGADOS SAN JUSTO-ACOPLADO 4MTS | "
      },
      "geometry": {
        "type": "Point",
        "coordinates": [
          -60.71355722611837,
          -31.592649370494712
        ]
      }
    },
    {
      "type": "Feature",
      "properties": {
        "nombre": "Colonia Silva",
        "provincia": "Santa Fe",
        "cuit": "30678428473",
        "sucursal": "SAN JUSTO",
        "maquinas": "TRACTORES-JOHN DEERE-5075E | "
      },
      "geometry": {
        "type": "Point",
        "coordinates": [
          -60.745733330754675,
          -31.682940790208733
        ]
      }
    },
    {
      "type": "Feature",
      "properties": {
        "nombre": "Los Chañaritos",
        "provincia": "Córdoba",
        "cuit": "30685354787",
        "sucursal": "nan",
        "maquinas": "TRACTORES-JOHN DEERE-5075 | CARGADOR FRONTAL-JOHN DEERE-553 | "
      },
      "geometry": {
        "type": "Point",
        "coordinates": [
          -64.20765874298239,
          -31.43634896610735
        ]
      }
    },
    {
      "type": "Feature",
      "properties": {
        "nombre": "Sagrada Familia",
        "provincia": "Córdoba",
        "cuit": "30681027064",
        "sucursal": "nan",
        "maquinas": "TRACTORES-JOHN DEERE-5425 | "
      },
      "geometry": {
        "type": "Point",
        "coordinates": [
          -64.17112056232321,
          -31.366033162378272
        ]
      }
    },
    {
      "type": "Feature",
      "properties": {
        "nombre": "San Jose del Rincon",
        "provincia": "Santa Fe",
        "cuit": "30674583679",
        "sucursal": "SAN JUSTO",
        "maquinas": ""
      },
      "geometry": {
        "type": "Point",
        "coordinates": [
          -60.718555316640504,
          -31.651548505055978
        ]
      }
    },
    {
      "type": "Feature",
      "properties": {
        "nombre": "Coronda",
        "provincia": "Santa Fe",
        "cuit": "33999018829",
        "sucursal": "SAN JUSTO",
        "maquinas": ""
      },
      "geometry": {
        "type": "Point",
        "coordinates": [
          -60.72961791758469,
          -31.661469462877562
        ]
      }
    },
    {
      "type": "Feature",
      "properties": {
        "nombre": "Las Parejas",
        "provincia": "Santa Fe",
        "cuit": "33673852969",
        "sucursal": "CAÑADA DE GOMEZ",
        "maquinas": "RETROEXCAVADORAS-JOHN DEERE-310J | TRACTORES-MASSEY FERGUSON-290 | TRACTORES-MASSEY FERGUSON-292 | TRACTORES-MASSEY FERGUSON-297 | MINICARGADORAS-OTRA MARCA-OTRO | MINICARGADORAS-OTRA MARCA-OTRO | MOTONIVELADORAS-KOMATSU-GD655 5 | MOTONIVELADORAS-KOMATSU-GD655 5 | "
      },
      "geometry": {
        "type": "Point",
        "coordinates": [
          -60.65541725395397,
          -31.634953680573087
        ]
      }
    },
    {
      "type": "Feature",
      "properties": {
        "nombre": "Las Rosas",
        "provincia": "Santa Fe",
        "cuit": "30654865260",
        "sucursal": "TOTORAS",
        "maquinas": "MINICARGADORAS-JOHN DEERE-312GR | TRACTORES-JOHN DEERE-5065E | TRACTORES-JOHN DEERE-5065E | TRACTORES-JOHN DEERE-5070 | MOTONIVELADORAS-JOHN DEERE-620P | "
      },
      "geometry": {
        "type": "Point",
        "coordinates": [
          -60.715734570045775,
          -31.60846975458474
        ]
      }
    },
    {
      "type": "Feature",
      "properties": {
        "nombre": "San Guillermo",
        "provincia": "Santa Fe",
        "cuit": "30674275699",
        "sucursal": "MORTEROS",
        "maquinas": "TRACTORES JARDIN-JOHN DEERE-Z355 | TRACTORES-JOHN DEERE-Z325 | MOTONIVELADORAS-CATERPILLAR-140K | "
      },
      "geometry": {
        "type": "Point",
        "coordinates": [
          -60.65992844004993,
          -31.648453132721865
        ]
      }
    },
    {
      "type": "Feature",
      "properties": {
        "nombre": "Calchaqui",
        "provincia": "Santa Fe",
        "cuit": "30674336671",
        "sucursal": "SAN JUSTO",
        "maquinas": "RETROEXCAVADORAS-JOHN DEERE-310L | "
      },
      "geometry": {
        "type": "Point",
        "coordinates": [
          -60.717626932040254,
          -31.625312211158935
        ]
      }
    },
    {
      "type": "Feature",
      "properties": {
        "nombre": "Armstrong",
        "provincia": "Santa Fe",
        "cuit": "30673848733",
        "sucursal": "CAÑADA DE GOMEZ",
        "maquinas": "RETROEXCAVADORAS-JOHN DEERE-310L | "
      },
      "geometry": {
        "type": "Point",
        "coordinates": [
          -60.66240787296664,
          -31.60214773943497
        ]
      }
    },
    {
      "type": "Feature",
      "properties": {
        "nombre": "Romang",
        "provincia": "Santa Fe",
        "cuit": "30674351441",
        "sucursal": "AVELLANEDA",
        "maquinas": "TRACTORES-JOHN DEERE-5705 | TRACTORES JARDIN-JOHN DEERE-JARDIN D130 | TRACTORES-JOHN DEERE-5603 | "
      },
      "geometry": {
        "type": "Point",
        "coordinates": [
          -60.73404734914426,
          -31.645979618254938
        ]
      }
    },
    {
      "type": "Feature",
      "properties": {
        "nombre": "Villa Ocampo",
        "provincia": "Santa Fe",
        "cuit": "30674345611",
        "sucursal": "AVELLANEDA",
        "maquinas": "TRACTORES-JOHN DEERE-5725 | TRACTORES-JOHN DEERE-5065E | "
      },
      "geometry": {
        "type": "Point",
        "coordinates": [
          -60.709042350638924,
          -31.611650583048583
        ]
      }
    },
    {
      "type": "Feature",
      "properties": {
        "nombre": "Puerto General San Martín",
        "provincia": "Santa Fe",
        "cuit": " 30659729489",
        "sucursal": "TOTORAS",
        "maquinas": ""
      },
      "geometry": {
        "type": "Point",
        "coordinates": [
          -60.70163375894967,
          -31.666742876105523
        ]
      }
    },
    {
      "type": "Feature",
      "properties": {
        "nombre": "Totoras",
        "provincia": "Santa Fe",
        "cuit": "30673850819",
        "sucursal": "TOTORAS",
        "maquinas": "TRACTORES-JOHN DEERE-LA135 | TRACTORES-JOHN DEERE-LA135 | TRACTORES-JOHN DEERE-LA135 | TRACTORES-JOHN DEERE-5075E | TRACTORES-CASE-Quantum 75N | TRACTORES-CASE-Farmall 100JX | EXCAVADORAS-JOHN DEERE-OTRO | MINICARGADORAS-JOHN DEERE-318G | RETROEXCAVADORAS-JOHN DEERE-310G | RETROEXCAVADORAS-JOHN DEERE-310D | RETROEXCAVADORAS-LIUGONG-Modelo unico | RETROEXCAVADORAS-JCB-Modelo unico | RETROEXCAVADORAS-OTRA MARCA-OTRO | TRACTORES-MASSEY FERGUSON-275 | TRACTORES-MASSEY FERGUSON-165 | TRACTORES-MASSEY FERGUSON-265 | TRACTORES-NEW HOLLAND-6630 | TRACTORES-VALTRA-A990 | RETROEXCAVADORAS-NEW HOLLAND-OTRO | MINICARGADORAS-JOHN DEERE-318G | TRACTORES-JOHN DEERE-5065E | "
      },
      "geometry": {
        "type": "Point",
        "coordinates": [
          -60.67926823373741,
          -31.673847891319244
        ]
      }
    },
    {
      "type": "Feature",
      "properties": {
        "nombre": "Reconquista",
        "provincia": "Santa Fe",
        "cuit": "30674335993",
        "sucursal": "AVELLANEDA",
        "maquinas": "TRACTORES-JOHN DEERE-5065E | TRACTORES-JOHN DEERE-5065E | TRACTORES-JOHN DEERE-5065E | TRACTORES-JOHN DEERE-5065E | TRACTORES-JOHN DEERE-5090E | TRACTORES-JOHN DEERE-5090E | RETROEXCAVADORAS-JOHN DEERE-310J | RETROEXCAVADORAS-JOHN DEERE-310J | "
      },
      "geometry": {
        "type": "Point",
        "coordinates": [
          -60.70004466613931,
          -31.607482202733348
        ]
      }
    },
    {
      "type": "Feature",
      "properties": {
        "nombre": "Malabrigo",
        "provincia": "Santa Fe",
        "cuit": "30674338100",
        "sucursal": "AVELLANEDA",
        "maquinas": "TRACTORES-JOHN DEERE-5075 | TRACTORES-JOHN DEERE-5045E | TRACTORES-JOHN DEERE-5065E | TRACTORES-JOHN DEERE-5090E | RETROEXCAVADORAS-OMAR MARTIN-OM 950R | TRACTORES-JOHN DEERE-2420 | "
      },
      "geometry": {
        "type": "Point",
        "coordinates": [
          -60.65932531034659,
          -31.599318116901788
        ]
      }
    },
    {
      "type": "Feature",
      "properties": {
        "nombre": "Vera",
        "provincia": "Santa Fe",
        "cuit": "30674338038",
        "sucursal": "AVELLANEDA",
        "maquinas": "RETROEXCAVADORAS-JOHN DEERE-310J | RETROEXCAVADORAS-JOHN DEERE-310L | MOTONIVELADORAS-JOHN DEERE-OTRO | RETROEXCAVADORAS-JOHN DEERE-310J | RETROEXCAVADORAS-JOHN DEERE-310L | RETROEXCAVADORAS-JOHN DEERE-310L | "
      },
      "geometry": {
        "type": "Point",
        "coordinates": [
          -60.65104783101551,
          -31.61302647987462
        ]
      }
    },
    {
      "type": "Feature",
      "properties": {
        "nombre": "Avellaneda",
        "provincia": "Santa Fe",
        "cuit": "30674336744",
        "sucursal": "AVELLANEDA",
        "maquinas": "TRACTORES-JOHN DEERE-5065E | TRACTORES-JOHN DEERE-5082E | TRACTORES JARDIN-JOHN DEERE-E140 | "
      },
      "geometry": {
        "type": "Point",
        "coordinates": [
          -60.737094876849966,
          -31.668420882656946
        ]
      }
    },
    {
      "type": "Feature",
      "properties": {
        "nombre": "Estancia Grande",
        "provincia": "Entre Ríos",
        "cuit": "33670931779",
        "sucursal": "CONCORDIA",
        "maquinas": ""
      },
      "geometry": {
        "type": "Point",
        "coordinates": [
          -59.237007409156696,
          -32.00982449090147
        ]
      }
    },
    {
      "type": "Feature",
      "properties": {
        "nombre": "Tostado",
        "provincia": "Santa Fe",
        "cuit": "30674338348",
        "sucursal": "CERES",
        "maquinas": "RETROEXCAVADORAS-JOHN DEERE-310L | "
      },
      "geometry": {
        "type": "Point",
        "coordinates": [
          -60.72168612383473,
          -31.629618545858882
        ]
      }
    },
    {
      "type": "Feature",
      "properties": {
        "nombre": "Granadero Baigorria",
        "provincia": "Santa Fe",
        "cuit": "30640711651",
        "sucursal": "TOTORAS",
        "maquinas": ""
      },
      "geometry": {
        "type": "Point",
        "coordinates": [
          -60.733025980313805,
          -31.59248676926774
        ]
      }
    },
    {
      "type": "Feature",
      "properties": {
        "nombre": "Fray Luis Beltran",
        "provincia": "Santa Fe",
        "cuit": "30674470807",
        "sucursal": "TOTORAS",
        "maquinas": ""
      },
      "geometry": {
        "type": "Point",
        "coordinates": [
          -60.68541552835988,
          -31.594914473664673
        ]
      }
    },
    {
      "type": "Feature",
      "properties": {
        "nombre": "San Jorge",
        "provincia": "Santa Fe",
        "cuit": "30674644961",
        "sucursal": "CARLOS PELLEGRINI",
        "maquinas": ""
      },
      "geometry": {
        "type": "Point",
        "coordinates": [
          -60.729133733028114,
          -31.645392821222213
        ]
      }
    },
    {
      "type": "Feature",
      "properties": {
        "nombre": "El Trebol",
        "provincia": "Santa Fe",
        "cuit": "33674645029",
        "sucursal": "CARLOS PELLEGRINI",
        "maquinas": ""
      },
      "geometry": {
        "type": "Point",
        "coordinates": [
          -60.66522680943871,
          -31.60041735013558
        ]
      }
    },
    {
      "type": "Feature",
      "properties": {
        "nombre": "Villa de Pocho",
        "provincia": "Córdoba",
        "cuit": "30669246273",
        "sucursal": "nan",
        "maquinas": ""
      },
      "geometry": {
        "type": "Point",
        "coordinates": [
          -64.15497791226677,
          -31.426365906732016
        ]
      }
    },
    {
      "type": "Feature",
      "properties": {
        "nombre": "Colonia Ensayo",
        "provincia": "Entre Ríos",
        "cuit": "30716721465",
        "sucursal": "PARANA",
        "maquinas": "TRACTORES-CHERY-Chery RD704-F | TRACTORES-JOHN DEERE-5065 | "
      },
      "geometry": {
        "type": "Point",
        "coordinates": [
          -59.2265936674179,
          -32.07568962993541
        ]
      }
    },
    {
      "type": "Feature",
      "properties": {
        "nombre": "Galvez",
        "provincia": "Santa Fe",
        "cuit": "30999029392",
        "sucursal": "FUERA ADR",
        "maquinas": "RETROEXCAVADORAS-OTRA MARCA-OTRO | RETROEXCAVADORAS-OTRA MARCA-OTRO | RETROEXCAVADORAS-OTRA MARCA-OTRO | "
      },
      "geometry": {
        "type": "Point",
        "coordinates": [
          -60.70456682030158,
          -31.63496429113848
        ]
      }
    },
    {
      "type": "Feature",
      "properties": {
        "nombre": "Casilda",
        "provincia": "Santa Fe",
        "cuit": "30999031923",
        "sucursal": "FUERA ADR",
        "maquinas": ""
      },
      "geometry": {
        "type": "Point",
        "coordinates": [
          -60.68762270248996,
          -31.67982005545946
        ]
      }
    },
    {
      "type": "Feature",
      "properties": {
        "nombre": "Florencia",
        "provincia": "Santa Fe",
        "cuit": "30674354890",
        "sucursal": "AVELLANEDA",
        "maquinas": ""
      },
      "geometry": {
        "type": "Point",
        "coordinates": [
          -60.669952278015735,
          -31.654250932492754
        ]
      }
    },
    {
      "type": "Feature",
      "properties": {
        "nombre": "Funes",
        "provincia": "Santa Fe",
        "cuit": "30647321328",
        "sucursal": "CAÑADA DE GOMEZ",
        "maquinas": ""
      },
      "geometry": {
        "type": "Point",
        "coordinates": [
          -60.6903791996078,
          -31.629560063957367
        ]
      }
    },
    {
      "type": "Feature",
      "properties": {
        "nombre": "Mantilla",
        "provincia": "Corrientes",
        "cuit": "30657903082",
        "sucursal": "MERCEDES",
        "maquinas": ""
      },
      "geometry": {
        "type": "Point",
        "coordinates": [
          -58.371757309803584,
          -34.608462288773396
        ]
      }
    },
    {
      "type": "Feature",
      "properties": {
        "nombre": "La Picada",
        "provincia": "Entre Ríos",
        "cuit": "30716707047",
        "sucursal": "PARANA",
        "maquinas": ""
      },
      "geometry": {
        "type": "Point",
        "coordinates": [
          -59.236884552992,
          -32.054483969966824
        ]
      }
    },
    {
      "type": "Feature",
      "properties": {
        "nombre": "Rafaela",
        "provincia": "Santa Fe",
        "cuit": "30999146534",
        "sucursal": "FUERA ADR",
        "maquinas": ""
      },
      "geometry": {
        "type": "Point",
        "coordinates": [
          -60.70225047252715,
          -31.595785895699397
        ]
      }
    },
    {
      "type": "Feature",
      "properties": {
        "nombre": "Venado Tuerto",
        "provincia": "Santa Fe",
        "cuit": "30637897647",
        "sucursal": "FUERA ADR",
        "maquinas": ""
      },
      "geometry": {
        "type": "Point",
        "coordinates": [
          -60.70829096798783,
          -31.638428283229523
        ]
      }
    },
    {
      "type": "Feature",
      "properties": {
        "nombre": "Villa Constitución",
        "provincia": "Santa Fe",
        "cuit": "30999035058",
        "sucursal": "FUERA ADR",
        "maquinas": ""
      },
      "geometry": {
        "type": "Point",
        "coordinates": [
          -60.695184789367985,
          -31.606846990777367
        ]
      }
    },
    {
      "type": "Feature",
      "properties": {
        "nombre": "Villa Gobernador Gálvez",
        "provincia": "Santa Fe",
        "cuit": "30646291662",
        "sucursal": "ROSARIO",
        "maquinas": ""
      },
      "geometry": {
        "type": "Point",
        "coordinates": [
          -60.68515402309829,
          -31.592752500829967
        ]
      }
    },
    {
      "type": "Feature",
      "properties": {
        "nombre": "Pérez",
        "provincia": "Santa Fe",
        "cuit": "30674462782",
        "sucursal": "FUERA ADR",
        "maquinas": ""
      },
      "geometry": {
        "type": "Point",
        "coordinates": [
          -60.677363972151305,
          -31.648292609543855
        ]
      }
    },
    {
      "type": "Feature",
      "properties": {
        "nombre": "Rufino",
        "provincia": "Santa Fe",
        "cuit": "30674743501",
        "sucursal": "FUERA ADR",
        "maquinas": ""
      },
      "geometry": {
        "type": "Point",
        "coordinates": [
          -60.65126486355322,
          -31.638313559623718
        ]
      }
    },
    {
      "type": "Feature",
      "properties": {
        "nombre": "Laguna Paiva",
        "provincia": "Santa Fe",
        "cuit": "30674543650",
        "sucursal": "SAN JUSTO",
        "maquinas": "RETROEXCAVADORAS-JOHN DEERE-310L | "
      },
      "geometry": {
        "type": "Point",
        "coordinates": [
          -60.68469360766237,
          -31.629453801450175
        ]
      }
    },
    {
      "type": "Feature",
      "properties": {
        "nombre": "San Carlos Centro",
        "provincia": "Santa Fe",
        "cuit": "nan",
        "sucursal": "FUERA ADR",
        "maquinas": ""
      },
      "geometry": {
        "type": "Point",
        "coordinates": [
          -60.704006442367934,
          -31.590734352790648
        ]
      }
    },
    {
      "type": "Feature",
      "properties": {
        "nombre": "Suardi",
        "provincia": "Santa Fe",
        "cuit": "nan",
        "sucursal": "MORTEROS",
        "maquinas": ""
      },
      "geometry": {
        "type": "Point",
        "coordinates": [
          -60.67062220737791,
          -31.600500687064645
        ]
      }
    },
    {
      "type": "Feature",
      "properties": {
        "nombre": "Sunchales",
        "provincia": "Santa Fe",
        "cuit": "nan",
        "sucursal": "FUERA ADR",
        "maquinas": ""
      },
      "geometry": {
        "type": "Point",
        "coordinates": [
          -60.671628567406785,
          -31.592133252016566
        ]
      }
    },
    {
      "type": "Feature",
      "properties": {
        "nombre": "Moises Ville",
        "provincia": "Santa Fe",
        "cuit": "nan",
        "sucursal": "CERES",
        "maquinas": ""
      },
      "geometry": {
        "type": "Point",
        "coordinates": [
          -60.73812465305467,
          -31.652555955673424
        ]
      }
    },
    {
      "type": "Feature",
      "properties": {
        "nombre": "Gral Levalle",
        "provincia": "Córdoba",
        "cuit": "nan",
        "sucursal": "nan",
        "maquinas": ""
      },
      "geometry": {
        "type": "Point",
        "coordinates": [
          -64.22709205209814,
          -31.379052388239078
        ]
      }
    },
    {
      "type": "Feature",
      "properties": {
        "nombre": "Villas Ciudad de America",
        "provincia": "Córdoba",
        "cuit": "33677600689",
        "sucursal": "nan",
        "maquinas": ""
      },
      "geometry": {
        "type": "Point",
        "coordinates": [
          -64.14833485621783,
          -31.45359998572711
        ]
      }
    },
    {
      "type": "Feature",
      "properties": {
        "nombre": "Gral Ortiz de Ocampo",
        "provincia": "Córdoba",
        "cuit": "30644142341",
        "sucursal": "nan",
        "maquinas": ""
      },
      "geometry": {
        "type": "Point",
        "coordinates": [
          -64.1842996612901,
          -31.369897332415928
        ]
      }
    },
    {
      "type": "Feature",
      "properties": {
        "nombre": "Frontera",
        "provincia": "Santa Fe",
        "cuit": "30646178866",
        "sucursal": "FUERA ADR",
        "maquinas": "RETROEXCAVADORAS-JOHN DEERE-310L | "
      },
      "geometry": {
        "type": "Point",
        "coordinates": [
          -60.71975261636117,
          -31.58431084182794
        ]
      }
    },
    {
      "type": "Feature",
      "properties": {
        "nombre": "Alto de los Quebrachos",
        "provincia": "Córdoba",
        "cuit": "30668551692",
        "sucursal": "nan",
        "maquinas": ""
      },
      "geometry": {
        "type": "Point",
        "coordinates": [
          -64.15987067163661,
          -31.38463936284099
        ]
      }
    },
    {
      "type": "Feature",
      "properties": {
        "nombre": "Amboy",
        "provincia": "Córdoba",
        "cuit": "30668687187",
        "sucursal": "nan",
        "maquinas": ""
      },
      "geometry": {
        "type": "Point",
        "coordinates": [
          -64.18571786936145,
          -31.42382197177325
        ]
      }
    },
    {
      "type": "Feature",
      "properties": {
        "nombre": "Ana Zumarán",
        "provincia": "Córdoba",
        "cuit": "30669069592",
        "sucursal": "nan",
        "maquinas": ""
      },
      "geometry": {
        "type": "Point",
        "coordinates": [
          -64.18364454789587,
          -31.453103477178477
        ]
      }
    },
    {
      "type": "Feature",
      "properties": {
        "nombre": "Arroyo de los Patos",
        "provincia": "Córdoba",
        "cuit": "33669244989",
        "sucursal": "nan",
        "maquinas": ""
      },
      "geometry": {
        "type": "Point",
        "coordinates": [
          -64.13810577151511,
          -31.43772786332088
        ]
      }
    },
    {
      "type": "Feature",
      "properties": {
        "nombre": "Assunta",
        "provincia": "Córdoba",
        "cuit": "30668849098",
        "sucursal": "nan",
        "maquinas": ""
      },
      "geometry": {
        "type": "Point",
        "coordinates": [
          -64.1656972646804,
          -31.44131041309758
        ]
      }
    },
    {
      "type": "Feature",
      "properties": {
        "nombre": "Aldea San Rafael",
        "provincia": "Entre Ríos",
        "cuit": "30717912744",
        "sucursal": "PARANA",
        "maquinas": ""
      },
      "geometry": {
        "type": "Point",
        "coordinates": [
          -59.25038925784335,
          -32.05373453770554
        ]
      }
    },
    {
      "type": "Feature",
      "properties": {
        "nombre": "Estación Camps",
        "provincia": "Entre Ríos",
        "cuit": "33717920479",
        "sucursal": "PARANA",
        "maquinas": "TRACTORES-MASSEY FERGUSON-283 Adv | MOTONIVELADORAS-GROSSPAL-MV 14000 | "
      },
      "geometry": {
        "type": "Point",
        "coordinates": [
          -59.21606562740646,
          -32.01329757496812
        ]
      }
    },
    {
      "type": "Feature",
      "properties": {
        "nombre": "Las Toscas",
        "provincia": "Santa Fe",
        "cuit": "30674341411",
        "sucursal": "AVELLANEDA",
        "maquinas": ""
      },
      "geometry": {
        "type": "Point",
        "coordinates": [
          -60.74549719309902,
          -31.644556470659428
        ]
      }
    },
    {
      "type": "Feature",
      "properties": {
        "nombre": "Carcaraña",
        "provincia": "Santa Fe",
        "cuit": "30999072174",
        "sucursal": "CAÑADA DE GOMEZ",
        "maquinas": "MOTONIVELADORAS-OTRA MARCA-OTRO | MOTONIVELADORAS-CATERPILLAR-OTRO | RETROEXCAVADORAS-CASE-Retro | RETROEXCAVADORAS-NEW HOLLAND-Modelo unico | MINICARGADORAS-BOBCAT-S70 | "
      },
      "geometry": {
        "type": "Point",
        "coordinates": [
          -60.74234441957167,
          -31.632209792267602
        ]
      }
    },
    {
      "type": "Feature",
      "properties": {
        "nombre": "Ceres",
        "provincia": "Santa Fe",
        "cuit": "30674278973",
        "sucursal": "CERES",
        "maquinas": "TRACTORES-MASSEY FERGUSON-7140 | TRACTORES-MASSEY FERGUSON-292 | EXCAVADORAS-HITACHI-JD_ZX210LC-2.1.JDL | "
      },
      "geometry": {
        "type": "Point",
        "coordinates": [
          -60.673443747892414,
          -31.62393753454833
        ]
      }
    },
    {
      "type": "Feature",
      "properties": {
        "nombre": "Pueblo Esther",
        "provincia": "Santa Fe",
        "cuit": "30677481699",
        "sucursal": "SAN JUSTO",
        "maquinas": "CARGADOR AUTOPROPULSADO-SDLG-LG956L | "
      },
      "geometry": {
        "type": "Point",
        "coordinates": [
          -60.698601455349504,
          -31.585217269994907
        ]
      }
    },
    {
      "type": "Feature",
      "properties": {
        "nombre": "Coronel Domínguez",
        "provincia": "Santa Fe",
        "cuit": "30654866941",
        "sucursal": "FUERA ADR",
        "maquinas": "RETROEXCAVADORAS-JOHN DEERE-310L | "
      },
      "geometry": {
        "type": "Point",
        "coordinates": [
          -60.6685282506737,
          -31.61697376574179
        ]
      }
    },
    {
      "type": "Feature",
      "properties": {
        "nombre": "Capitán Bermúdez",
        "provincia": "Santa Fe",
        "cuit": "30674453430",
        "sucursal": "TOTORAS",
        "maquinas": ""
      },
      "geometry": {
        "type": "Point",
        "coordinates": [
          -60.67464383983428,
          -31.60625525908239
        ]
      }
    },
    {
      "type": "Feature",
      "properties": {
        "nombre": "San Jerónimo Norte",
        "provincia": "Santa Fe",
        "cuit": "30678353953",
        "sucursal": "FUERA ADR",
        "maquinas": ""
      },
      "geometry": {
        "type": "Point",
        "coordinates": [
          -60.7310707864732,
          -31.612373889536677
        ]
      }
    },
    {
      "type": "Feature",
      "properties": {
        "nombre": "Las Cuevas",
        "provincia": "Entre Ríos",
        "cuit": "30716708329",
        "sucursal": "PARANA",
        "maquinas": "TRACTORES-FIAT-500E | "
      },
      "geometry": {
        "type": "Point",
        "coordinates": [
          -59.23918428578056,
          -32.0979432801471
        ]
      }
    },
    {
      "type": "Feature",
      "properties": {
        "nombre": "Colonia Baylina",
        "provincia": "Entre Ríos",
        "cuit": "30717908208",
        "sucursal": "CONCORDIA",
        "maquinas": "TRACTORES-MASSEY FERGUSON-4309 | "
      },
      "geometry": {
        "type": "Point",
        "coordinates": [
          -59.21969658799975,
          -32.01184356529727
        ]
      }
    },
    {
      "type": "Feature",
      "properties": {
        "nombre": "Pueblo General Alvear",
        "provincia": "Entre Ríos",
        "cuit": "30717922944",
        "sucursal": "PARANA",
        "maquinas": "MOTONIVELADORAS-SEM-919 | "
      },
      "geometry": {
        "type": "Point",
        "coordinates": [
          -59.18848631167704,
          -32.03589036215778
        ]
      }
    },
    {
      "type": "Feature",
      "properties": {
        "nombre": "Tuclame",
        "provincia": "Córdoba",
        "cuit": "30668543959",
        "sucursal": "nan",
        "maquinas": ""
      },
      "geometry": {
        "type": "Point",
        "coordinates": [
          -64.18357638555284,
          -31.389536380167602
        ]
      }
    },
    {
      "type": "Feature",
      "properties": {
        "nombre": "Estacion Yuqueri O. P",
        "provincia": "Entre Ríos",
        "cuit": "33717920819",
        "sucursal": "CONCORDIA",
        "maquinas": ""
      },
      "geometry": {
        "type": "Point",
        "coordinates": [
          -59.157194733000495,
          -32.08556612472802
        ]
      }
    },
    {
      "type": "Feature",
      "properties": {
        "nombre": "Gualeguaycito",
        "provincia": "Entre Ríos",
        "cuit": "30717914763",
        "sucursal": "CHAJARI",
        "maquinas": ""
      },
      "geometry": {
        "type": "Point",
        "coordinates": [
          -59.23183783752776,
          -32.06178397892182
        ]
      }
    },
    {
      "type": "Feature",
      "properties": {
        "nombre": "Gobernador Sola",
        "provincia": "Entre Ríos",
        "cuit": "30716699451",
        "sucursal": "VICTORIA",
        "maquinas": ""
      },
      "geometry": {
        "type": "Point",
        "coordinates": [
          -59.22515178502048,
          -32.05072421936562
        ]
      }
    },
    {
      "type": "Feature",
      "properties": {
        "nombre": "Rincon de Nogoyá",
        "provincia": "Entre Ríos",
        "cuit": "30716726416",
        "sucursal": "VICTORIA",
        "maquinas": ""
      },
      "geometry": {
        "type": "Point",
        "coordinates": [
          -59.23350624581253,
          -32.0843347955323
        ]
      }
    },
    {
      "type": "Feature",
      "properties": {
        "nombre": "San Cristobal",
        "provincia": "Santa Fe",
        "cuit": "30547794483",
        "sucursal": "MORTEROS",
        "maquinas": ""
      },
      "geometry": {
        "type": "Point",
        "coordinates": [
          -60.71160651035649,
          -31.630884537454925
        ]
      }
    },
    {
      "type": "Feature",
      "properties": {
        "nombre": "Spatzenkutter",
        "provincia": "Entre Ríos",
        "cuit": "nan",
        "sucursal": "PARANA",
        "maquinas": ""
      },
      "geometry": {
        "type": "Point",
        "coordinates": [
          -59.19385227365616,
          -32.09326221054328
        ]
      }
    },
    {
      "type": "Feature",
      "properties": {
        "nombre": "Durazno",
        "provincia": "Entre Ríos",
        "cuit": "33716699469",
        "sucursal": "PARANA",
        "maquinas": "RETROEXCAVADORAS-JOHN DEERE-310J | "
      },
      "geometry": {
        "type": "Point",
        "coordinates": [
          -59.163433296699544,
          -32.02303028077827
        ]
      }
    },
    {
      "type": "Feature",
      "properties": {
        "nombre": "Soutomayor",
        "provincia": "Santa Fe",
        "cuit": "30678358904",
        "sucursal": "SAN JUSTO",
        "maquinas": ""
      },
      "geometry": {
        "type": "Point",
        "coordinates": [
          -60.7252532230516,
          -31.624250425913182
        ]
      }
    }
  ]
}
