{
  "type": "FeatureCollection",
  "features": [
    {
      "type": "Feature",
      "geometry": {
        "type": "Point",
        "coordinates": [
          -60.6617024,
          -32.9593609
        ]
      },
      "properties": {
        "Base": "Prooveedores Santa Fe",
        "base": "Prooveedores Santa Fe",
        "cliente": "AGRICULTORES FEDERADOS ARGENTINOS SCL",
        "nombre": "AGRICULTORES FEDERADOS ARGENTINOS SCL",
        "cuit": "30525718626",
        "rubro": "ALIMENTOS PARA ANIMALES",
        "direccion": "Mitre 1132",
        "localidad": "ROSARIO",
        "provincia": "SANTA FE",
        "email": "jkekedjian@afascl.coop",
        "telefono": "3414200900",
        "AFIP": "ok",
        "Estado AFIP": "ok",
        "CRM": "NO",
        "relevado": "-"
      }
    },
    {
      "type": "Feature",
      "geometry": {
        "type": "Point",
        "coordinates": [
          -61.0820117,
          -31.4008645
        ]
      },
      "properties": {
        "Base": "Prooveedores Santa Fe",
        "base": "Prooveedores Santa Fe",
        "cliente": "AGROSERVICIOS HUMBOLDT S.A",
        "nombre": "AGROSERVICIOS HUMBOLDT S.A",
        "cuit": "30707129103",
        "rubro": "ALIMENTOS PARA ANIMALES",
        "direccion": "Ruta 70 Km 33 0 0",
        "localidad": "HUMBOLDT",
        "provincia": "SANTA FE",
        "email": "evangelina.musaschi@avigan.com.ar",
        "telefono": "03496 480380",
        "AFIP": "ok",
        "Estado AFIP": "ok",
        "CRM": "NO",
        "relevado": "-"
      }
    },
    {
      "type": "Feature",
      "geometry": {
        "type": "Point",
        "coordinates": [
          -60.6617024,
          -32.9593609
        ]
      },
      "properties": {
        "Base": "Prooveedores Santa Fe",
        "base": "Prooveedores Santa Fe",
        "cliente": "BALDINI, MARCELO FEDERICO",
        "nombre": "BALDINI, MARCELO FEDERICO",
        "cuit": "20295265079",
        "rubro": "ALIMENTOS PARA ANIMALES",
        "direccion": "SANCHEZ DE BUSTAMANTE 1252",
        "localidad": "ROSARIO",
        "provincia": "SANTA FE",
        "email": "estudiobajac@hotmail.com",
        "telefono": "3413034629",
        "AFIP": "ok",
        "Estado AFIP": "ok",
        "CRM": "NO",
        "relevado": "-"
      }
    },
    {
      "type": "Feature",
      "geometry": {
        "type": "Point",
        "coordinates": [
          -60.7354891,
          -31.4909067
        ]
      },
      "properties": {
        "Base": "Prooveedores Santa Fe",
        "base": "Prooveedores Santa Fe",
        "cliente": "GARAY SRL",
        "nombre": "GARAY SRL",
        "cuit": "30637319945",
        "rubro": "ALIMENTOS PARA ANIMALES",
        "direccion": "RUTA 11 KM 486 0",
        "localidad": "RECREO",
        "provincia": "SANTA FE",
        "email": "pierobonino@garaysrl.com.ar",
        "telefono": "3424222804",
        "AFIP": "ok",
        "Estado AFIP": "ok",
        "CRM": "NO",
        "relevado": "-"
      }
    },
    {
      "type": "Feature",
      "geometry": {
        "type": "Point",
        "coordinates": [
          -60.6617024,
          -32.9593609
        ]
      },
      "properties": {
        "Base": "Prooveedores Santa Fe",
        "base": "Prooveedores Santa Fe",
        "cliente": "L´ABBATE, DANIEL ITALO AGUSTIN",
        "nombre": "L´ABBATE, DANIEL ITALO AGUSTIN",
        "cuit": "20121139058",
        "rubro": "ALIMENTOS PARA ANIMALES",
        "direccion": "CAFFERATA 926",
        "localidad": "ROSARIO",
        "provincia": "SANTA FE",
        "email": "daniel@balros.com.ar",
        "telefono": "0341-4305945",
        "AFIP": "ok",
        "Estado AFIP": "ok",
        "CRM": "NO",
        "relevado": "-"
      }
    },
    {
      "type": "Feature",
      "geometry": {
        "type": "Point",
        "coordinates": [
          -60.7019561,
          -31.6186951
        ]
      },
      "properties": {
        "Base": "Prooveedores Santa Fe",
        "base": "Prooveedores Santa Fe",
        "cliente": "LITORAL PHARMA SRL",
        "nombre": "LITORAL PHARMA SRL",
        "cuit": "30716962225",
        "rubro": "ALIMENTOS PARA ANIMALES",
        "direccion": "Diagonal Caseros 2175",
        "localidad": "SANTA FE",
        "provincia": "SANTA FE",
        "email": "litoralpharma@litoralpharma.com.ar",
        "telefono": "3425170266",
        "AFIP": "ok",
        "Estado AFIP": "ok",
        "CRM": "NO",
        "relevado": "-"
      }
    },
    {
      "type": "Feature",
      "geometry": {
        "type": "Point",
        "coordinates": [
          -60.6617024,
          -32.9593609
        ]
      },
      "properties": {
        "Base": "Prooveedores Santa Fe",
        "base": "Prooveedores Santa Fe",
        "cliente": "MINUCHIN, ITAI",
        "nombre": "MINUCHIN, ITAI",
        "cuit": "20933134475",
        "rubro": "ALIMENTOS PARA ANIMALES",
        "direccion": "San Lorenzo 807 10 1",
        "localidad": "ROSARIO",
        "provincia": "SANTA FE",
        "email": "itaiminuchinadm@gmail.com",
        "telefono": "0341-4213176",
        "AFIP": "ok",
        "Estado AFIP": "ok",
        "CRM": "NO",
        "relevado": "-"
      }
    },
    {
      "type": "Feature",
      "geometry": {
        "type": "Point",
        "coordinates": [
          -60.9809266,
          -31.792113
        ]
      },
      "properties": {
        "Base": "Prooveedores Santa Fe",
        "base": "Prooveedores Santa Fe",
        "cliente": "MOLINO MATILDE S.A.",
        "nombre": "MOLINO MATILDE S.A.",
        "cuit": "30541934029",
        "rubro": "ALIMENTOS PARA ANIMALES",
        "direccion": "Bv. San Martín 808 0 0",
        "localidad": "MATILDE",
        "provincia": "SANTA FE",
        "email": "molinomatilde@molinomatilde.com.ar",
        "telefono": "3424993022",
        "AFIP": "ok",
        "Estado AFIP": "ok",
        "CRM": "NO",
        "relevado": "-"
      }
    },
    {
      "type": "Feature",
      "geometry": {
        "type": "Point",
        "coordinates": [
          -60.915983,
          -31.9744568
        ]
      },
      "properties": {
        "Base": "Prooveedores Santa Fe",
        "base": "Prooveedores Santa Fe",
        "cliente": "NADAL, EDUARDO JOSé",
        "nombre": "NADAL, EDUARDO JOSé",
        "cuit": "20102469985",
        "rubro": "ALIMENTOS PARA ANIMALES",
        "direccion": "Belgrano 1844 0",
        "localidad": "CORONDA",
        "provincia": "SANTA FE",
        "email": "estudiogaratecravero@gmail.com",
        "telefono": "3424910242",
        "AFIP": "ok",
        "Estado AFIP": "ok",
        "CRM": "NO",
        "relevado": "-"
      }
    },
    {
      "type": "Feature",
      "geometry": {
        "type": "Point",
        "coordinates": [
          -60.8365105,
          -33.2417179
        ]
      },
      "properties": {
        "Base": "Prooveedores Santa Fe",
        "base": "Prooveedores Santa Fe",
        "cliente": "NENCIONI, CLAUDIO SABATINO",
        "nombre": "NENCIONI, CLAUDIO SABATINO",
        "cuit": "20140488349",
        "rubro": "ALIMENTOS PARA ANIMALES",
        "direccion": "MITRE 217 0",
        "localidad": "ACEBAL",
        "provincia": "SANTA FE",
        "email": "estudiomasia10@gmail.com",
        "telefono": "346915695642",
        "AFIP": "ok",
        "Estado AFIP": "ok",
        "CRM": "NO",
        "relevado": "-"
      }
    },
    {
      "type": "Feature",
      "geometry": {
        "type": "Point",
        "coordinates": [
          -60.7166716,
          -32.8166653
        ]
      },
      "properties": {
        "Base": "Prooveedores Santa Fe",
        "base": "Prooveedores Santa Fe",
        "cliente": "A.C.R. MAQUINARIAS S.R.L.",
        "nombre": "A.C.R. MAQUINARIAS S.R.L.",
        "cuit": "30710731817",
        "rubro": "CONSTRUCCIONES",
        "direccion": "Av. Mármol 5",
        "localidad": "CAPITAN BERMUDEZ",
        "provincia": "SANTA FE",
        "email": "acr@acrmaquinarias.com.ar",
        "telefono": "3413509689",
        "AFIP": "ok",
        "Estado AFIP": "ok",
        "CRM": "NO",
        "relevado": "-"
      }
    },
    {
      "type": "Feature",
      "geometry": {
        "type": "Point",
        "coordinates": [
          -60.7708529,
          -32.9982237
        ]
      },
      "properties": {
        "Base": "Prooveedores Santa Fe",
        "base": "Prooveedores Santa Fe",
        "cliente": "AC INGENIERIA S.R.L",
        "nombre": "AC INGENIERIA S.R.L",
        "cuit": "30709343595",
        "rubro": "CONSTRUCCIONES",
        "direccion": "Av. Las Palmeras 1452 0",
        "localidad": "PEREZ",
        "provincia": "SANTA FE",
        "email": "danielauce@gmail.com",
        "telefono": "3425229007",
        "AFIP": "ok",
        "Estado AFIP": "ok",
        "CRM": "NO",
        "relevado": "-"
      }
    },
    {
      "type": "Feature",
      "geometry": {
        "type": "Point",
        "coordinates": [
          -60.7166716,
          -32.8166653
        ]
      },
      "properties": {
        "Base": "Prooveedores Santa Fe",
        "base": "Prooveedores Santa Fe",
        "cliente": "ACC CONSTRUCCIONES S.R.L.",
        "nombre": "ACC CONSTRUCCIONES S.R.L.",
        "cuit": "30716402939",
        "rubro": "CONSTRUCCIONES",
        "direccion": "JOSE HERNANDEZ 51",
        "localidad": "CAPITAN BERMUDEZ",
        "provincia": "SANTA FE",
        "email": "javiernicolasabrego@hotmail.com",
        "telefono": "3412110062",
        "AFIP": "ok",
        "Estado AFIP": "ok",
        "CRM": "NO",
        "relevado": "-"
      }
    },
    {
      "type": "Feature",
      "geometry": {
        "type": "Point",
        "coordinates": [
          -60.3298225,
          -33.227206
        ]
      },
      "properties": {
        "Base": "Prooveedores Santa Fe",
        "base": "Prooveedores Santa Fe",
        "cliente": "ACEROS DELTA SRL",
        "nombre": "ACEROS DELTA SRL",
        "cuit": "30714354031",
        "rubro": "CONSTRUCCIONES",
        "direccion": "Independencia 1898",
        "localidad": "VILLA CONSTITUCION",
        "provincia": "SANTA FE",
        "email": "emilce_delanghe@hotmail.com",
        "telefono": "3400415580",
        "AFIP": "ok",
        "Estado AFIP": "ok",
        "CRM": "NO",
        "relevado": "-"
      }
    },
    {
      "type": "Feature",
      "geometry": {
        "type": "Point",
        "coordinates": [
          -58.4356212,
          -34.6161231
        ]
      },
      "properties": {
        "Base": "Prooveedores Santa Fe",
        "base": "Prooveedores Santa Fe",
        "cliente": "ACERTIS S.A.",
        "nombre": "ACERTIS S.A.",
        "cuit": "30710859376",
        "rubro": "CONSTRUCCIONES",
        "direccion": "Av. del Libertador 498 12 1220",
        "localidad": "DEL LIBERTADOR AVENIDA (1 al 1000)",
        "provincia": "CAPITAL FEDERAL",
        "email": "GARAMBURU@GRUPODMCTEC.COM",
        "telefono": "47172663",
        "AFIP": "ok",
        "Estado AFIP": "ok",
        "CRM": "NO",
        "relevado": "-"
      }
    },
    {
      "type": "Feature",
      "geometry": {
        "type": "Point",
        "coordinates": [
          -60.6758789,
          -31.5168247
        ]
      },
      "properties": {
        "Base": "Prooveedores Santa Fe",
        "base": "Prooveedores Santa Fe",
        "cliente": "ACERTIS SA-COIVALSA SA UT",
        "nombre": "ACERTIS SA-COIVALSA SA UT",
        "cuit": "30717712710",
        "rubro": "CONSTRUCCIONES",
        "direccion": "RUTA 2 2250",
        "localidad": "MONTE VERA",
        "provincia": "SANTA FE",
        "email": "aalzogaray@coivalsa.com.ar",
        "telefono": "3424904013",
        "AFIP": "ok",
        "Estado AFIP": "ok",
        "CRM": "NO",
        "relevado": "-"
      }
    },
    {
      "type": "Feature",
      "geometry": {
        "type": "Point",
        "coordinates": [
          -64.354327,
          -31.4623876
        ]
      },
      "properties": {
        "Base": "Prooveedores Santa Fe",
        "base": "Prooveedores Santa Fe",
        "cliente": "ACLADE SRL",
        "nombre": "ACLADE SRL",
        "cuit": "30595711246",
        "rubro": "CONSTRUCCIONES",
        "direccion": "COLECTORA RUTA 20 KM 18 y 1/2",
        "localidad": "MALAGUEÑO",
        "provincia": "CORDOBA",
        "email": "aclade@acladesrl.com.ar",
        "telefono": "3514983333",
        "AFIP": "ok",
        "Estado AFIP": "ok",
        "CRM": "NO",
        "relevado": "-"
      }
    },
    {
      "type": "Feature",
      "geometry": {
        "type": "Point",
        "coordinates": [
          -60.7618282,
          -31.6630458
        ]
      },
      "properties": {
        "Base": "Prooveedores Santa Fe",
        "base": "Prooveedores Santa Fe",
        "cliente": "ACOSTA, SERGIO HORACIO",
        "nombre": "ACOSTA, SERGIO HORACIO",
        "cuit": "20292212101",
        "rubro": "CONSTRUCCIONES",
        "direccion": "pasaje parana 4076",
        "localidad": "SANTO TOME",
        "provincia": "SANTA FE",
        "email": "acostasergio0604@gmail.com",
        "telefono": "543424393124",
        "AFIP": "ok",
        "Estado AFIP": "ok",
        "CRM": "NO",
        "relevado": "-"
      }
    },
    {
      "type": "Feature",
      "geometry": {
        "type": "Point",
        "coordinates": [
          -60.6617024,
          -32.9593609
        ]
      },
      "properties": {
        "Base": "Prooveedores Santa Fe",
        "base": "Prooveedores Santa Fe",
        "cliente": "AERCOM S.A.",
        "nombre": "AERCOM S.A.",
        "cuit": "30707457887",
        "rubro": "CONSTRUCCIONES",
        "direccion": "CULLEN 1744",
        "localidad": "ROSARIO",
        "provincia": "SANTA FE",
        "email": "info@aercom.com.ar",
        "telefono": "0341-4355556",
        "AFIP": "ok",
        "Estado AFIP": "ok",
        "CRM": "NO",
        "relevado": "-"
      }
    },
    {
      "type": "Feature",
      "geometry": {
        "type": "Point",
        "coordinates": [
          -60.7019561,
          -31.6186951
        ]
      },
      "properties": {
        "Base": "Prooveedores Santa Fe",
        "base": "Prooveedores Santa Fe",
        "cliente": "AG SRL",
        "nombre": "AG SRL",
        "cuit": "30714907944",
        "rubro": "CONSTRUCCIONES",
        "direccion": "HIPOLITO IRIGOYEN 2432 2 C",
        "localidad": "SANTA FE",
        "provincia": "SANTA FE",
        "email": "agarzon@arquitecturaag.com.ar",
        "telefono": "3425028486",
        "AFIP": "ok",
        "Estado AFIP": "ok",
        "CRM": "NO",
        "relevado": "-"
      }
    },
    {
      "type": "Feature",
      "geometry": {
        "type": "Point",
        "coordinates": [
          -60.6617024,
          -32.9593609
        ]
      },
      "properties": {
        "Base": "Prooveedores Santa Fe",
        "base": "Prooveedores Santa Fe",
        "cliente": "AGL INGENIERIA SRL",
        "nombre": "AGL INGENIERIA SRL",
        "cuit": "30710856989",
        "rubro": "CONSTRUCCIONES",
        "direccion": "Guatemala 1403",
        "localidad": "ROSARIO",
        "provincia": "SANTA FE",
        "email": "info@aglingenieria.com.ar",
        "telefono": "3414560843",
        "AFIP": "ok",
        "Estado AFIP": "ok",
        "CRM": "NO",
        "relevado": "-"
      }
    },
    {
      "type": "Feature",
      "geometry": {
        "type": "Point",
        "coordinates": [
          -60.7019561,
          -31.6186951
        ]
      },
      "properties": {
        "Base": "Prooveedores Santa Fe",
        "base": "Prooveedores Santa Fe",
        "cliente": "AGUIRRE, EDUARDO MANUEL",
        "nombre": "AGUIRRE, EDUARDO MANUEL",
        "cuit": "20383738300",
        "rubro": "CONSTRUCCIONES",
        "direccion": "9 de julio 3680",
        "localidad": "SANTA FE",
        "provincia": "SANTA FE",
        "email": "manu.aguirre23@gmail.com",
        "telefono": "3482419361",
        "AFIP": "ok",
        "Estado AFIP": "ok",
        "CRM": "NO",
        "relevado": "-"
      }
    },
    {
      "type": "Feature",
      "geometry": {
        "type": "Point",
        "coordinates": [
          -60.6617024,
          -32.9593609
        ]
      },
      "properties": {
        "Base": "Prooveedores Santa Fe",
        "base": "Prooveedores Santa Fe",
        "cliente": "AL SERVICIO SRL",
        "nombre": "AL SERVICIO SRL",
        "cuit": "30711109729",
        "rubro": "CONSTRUCCIONES",
        "direccion": "Latzina 3030",
        "localidad": "ROSARIO",
        "provincia": "SANTA FE",
        "email": "administracion@alservicio.com.ar",
        "telefono": "0341-410303",
        "AFIP": "ok",
        "Estado AFIP": "ok",
        "CRM": "NO",
        "relevado": "-"
      }
    },
    {
      "type": "Feature",
      "geometry": {
        "type": "Point",
        "coordinates": [
          -60.7074143,
          -32.8547765
        ]
      },
      "properties": {
        "Base": "Prooveedores Santa Fe",
        "base": "Prooveedores Santa Fe",
        "cliente": "AL SERVICIOS INTEGRALES SRL",
        "nombre": "AL SERVICIOS INTEGRALES SRL",
        "cuit": "30707356533",
        "rubro": "CONSTRUCCIONES",
        "direccion": "AV SAN MARTIN 3303 0 0",
        "localidad": "GRANADERO BAIGORRIA",
        "provincia": "SANTA FE",
        "email": "naognibene@alsrl.com",
        "telefono": "0341-4712856",
        "AFIP": "ok",
        "Estado AFIP": "ok",
        "CRM": "NO",
        "relevado": "-"
      }
    },
    {
      "type": "Feature",
      "geometry": {
        "type": "Point",
        "coordinates": [
          -60.7019561,
          -31.6186951
        ]
      },
      "properties": {
        "Base": "Prooveedores Santa Fe",
        "base": "Prooveedores Santa Fe",
        "cliente": "ALAM-CO S.A.",
        "nombre": "ALAM-CO S.A.",
        "cuit": "30708922214",
        "rubro": "CONSTRUCCIONES",
        "direccion": "AV. LOPEZ Y PLANES 3801",
        "localidad": "SANTA FE",
        "provincia": "SANTA FE",
        "email": "adm@alamco.com.ar",
        "telefono": "342-4531003",
        "AFIP": "ok",
        "Estado AFIP": "ok",
        "CRM": "NO",
        "relevado": "-"
      }
    },
    {
      "type": "Feature",
      "geometry": {
        "type": "Point",
        "coordinates": [
          -60.7019561,
          -31.6186951
        ]
      },
      "properties": {
        "Base": "Prooveedores Santa Fe",
        "base": "Prooveedores Santa Fe",
        "cliente": "ALCA INGENIERIA S.R.L.",
        "nombre": "ALCA INGENIERIA S.R.L.",
        "cuit": "30717107442",
        "rubro": "CONSTRUCCIONES",
        "direccion": "LAVALLE 3648",
        "localidad": "SANTA FE",
        "provincia": "SANTA FE",
        "email": "danielauce@gmail.com",
        "telefono": "3425229007",
        "AFIP": "ok",
        "Estado AFIP": "ok",
        "CRM": "NO",
        "relevado": "-"
      }
    },
    {
      "type": "Feature",
      "geometry": {
        "type": "Point",
        "coordinates": [
          -60.6617024,
          -32.9593609
        ]
      },
      "properties": {
        "Base": "Prooveedores Santa Fe",
        "base": "Prooveedores Santa Fe",
        "cliente": "ALCÁNTARA, EMILIANO",
        "nombre": "ALCÁNTARA, EMILIANO",
        "cuit": "20333114128",
        "rubro": "CONSTRUCCIONES",
        "direccion": "Santiago 812 8 3",
        "localidad": "ROSARIO",
        "provincia": "SANTA FE",
        "email": "contratista.emisa@gmail.com",
        "telefono": "3471613866",
        "AFIP": "ok",
        "Estado AFIP": "ok",
        "CRM": "NO",
        "relevado": "-"
      }
    },
    {
      "type": "Feature",
      "geometry": {
        "type": "Point",
        "coordinates": [
          -58.3001472,
          -34.7175436
        ]
      },
      "properties": {
        "Base": "Prooveedores Santa Fe",
        "base": "Prooveedores Santa Fe",
        "cliente": "ALTO SUR S.A.",
        "nombre": "ALTO SUR S.A.",
        "cuit": "30708894474",
        "rubro": "CONSTRUCCIONES",
        "direccion": "BELGRANO 335",
        "localidad": "BERNAL",
        "provincia": "BUENOS AIRES",
        "email": "f.pereira@altosursa.com.ar",
        "telefono": "42598038",
        "AFIP": "ok",
        "Estado AFIP": "ok",
        "CRM": "NO",
        "relevado": "-"
      }
    },
    {
      "type": "Feature",
      "geometry": {
        "type": "Point",
        "coordinates": [
          -60.6617024,
          -32.9593609
        ]
      },
      "properties": {
        "Base": "Prooveedores Santa Fe",
        "base": "Prooveedores Santa Fe",
        "cliente": "ALUMINIOS Y VIDRIOS GROUP SRL",
        "nombre": "ALUMINIOS Y VIDRIOS GROUP SRL",
        "cuit": "30708726857",
        "rubro": "CONSTRUCCIONES",
        "direccion": "Av. Provincias Unidas 193 bis 0",
        "localidad": "ROSARIO",
        "provincia": "SANTA FE",
        "email": "redayv@ayvgroup.com.ar",
        "telefono": "4575816",
        "AFIP": "ok",
        "Estado AFIP": "ok",
        "CRM": "NO",
        "relevado": "-"
      }
    },
    {
      "type": "Feature",
      "geometry": {
        "type": "Point",
        "coordinates": [
          -60.6617024,
          -32.9593609
        ]
      },
      "properties": {
        "Base": "Prooveedores Santa Fe",
        "base": "Prooveedores Santa Fe",
        "cliente": "ANDRES ARRIAGA SRL",
        "nombre": "ANDRES ARRIAGA SRL",
        "cuit": "30715164635",
        "rubro": "CONSTRUCCIONES",
        "direccion": "RODRIGUEZ 1664 7",
        "localidad": "ROSARIO",
        "provincia": "SANTA FE",
        "email": "gonzalo@andresarriagasrl.com.ar",
        "telefono": "4408632",
        "AFIP": "ok",
        "Estado AFIP": "ok",
        "CRM": "NO",
        "relevado": "-"
      }
    },
    {
      "type": "Feature",
      "geometry": {
        "type": "Point",
        "coordinates": [
          -60.7019561,
          -31.6186951
        ]
      },
      "properties": {
        "Base": "Prooveedores Santa Fe",
        "base": "Prooveedores Santa Fe",
        "cliente": "ANGEL BOSCARINO CONSTRUCCIONES S.A.",
        "nombre": "ANGEL BOSCARINO CONSTRUCCIONES S.A.",
        "cuit": "30709848298",
        "rubro": "CONSTRUCCIONES",
        "direccion": "Marcial Candioti 5180 0",
        "localidad": "SANTA FE",
        "provincia": "SANTA FE",
        "email": "adm.boscarino@hotmail.com",
        "telefono": "3424538585",
        "AFIP": "ok",
        "Estado AFIP": "ok",
        "CRM": "NO",
        "relevado": "-"
      }
    },
    {
      "type": "Feature",
      "geometry": {
        "type": "Point",
        "coordinates": [
          -61.5761736,
          -32.4756443
        ]
      },
      "properties": {
        "Base": "Prooveedores Santa Fe",
        "base": "Prooveedores Santa Fe",
        "cliente": "ARCON CONSTRUCTORA SRL",
        "nombre": "ARCON CONSTRUCTORA SRL",
        "cuit": "30714399760",
        "rubro": "CONSTRUCCIONES",
        "direccion": "tucuman 53 0 0",
        "localidad": "LAS ROSAS",
        "provincia": "SANTA FE",
        "email": "arconcontructorasrl@gmail.com",
        "telefono": "3471454228",
        "AFIP": "ok",
        "Estado AFIP": "ok",
        "CRM": "NO",
        "relevado": "-"
      }
    },
    {
      "type": "Feature",
      "geometry": {
        "type": "Point",
        "coordinates": [
          -60.7019561,
          -31.6186951
        ]
      },
      "properties": {
        "Base": "Prooveedores Santa Fe",
        "base": "Prooveedores Santa Fe",
        "cliente": "ARKHE  SOCIEDAD DE RESPONSABILIDAD LIMITADA",
        "nombre": "ARKHE  SOCIEDAD DE RESPONSABILIDAD LIMITADA",
        "cuit": "33715995919",
        "rubro": "CONSTRUCCIONES",
        "direccion": "Llerena 1380 1 1",
        "localidad": "SANTA FE",
        "provincia": "SANTA FE",
        "email": "info@arkhe.com.ar",
        "telefono": "54 342 5084542",
        "AFIP": "ok",
        "Estado AFIP": "ok",
        "CRM": "NO",
        "relevado": "-"
      }
    },
    {
      "type": "Feature",
      "geometry": {
        "type": "Point",
        "coordinates": [
          -60.6617024,
          -32.9593609
        ]
      },
      "properties": {
        "Base": "Prooveedores Santa Fe",
        "base": "Prooveedores Santa Fe",
        "cliente": "ARMAR ROSARIO SRL",
        "nombre": "ARMAR ROSARIO SRL",
        "cuit": "33714596409",
        "rubro": "CONSTRUCCIONES",
        "direccion": "BV SEGUI 743 0",
        "localidad": "ROSARIO",
        "provincia": "SANTA FE",
        "email": "armarrosario@gmail.com",
        "telefono": "3414616478",
        "AFIP": "ok",
        "Estado AFIP": "ok",
        "CRM": "NO",
        "relevado": "-"
      }
    },
    {
      "type": "Feature",
      "geometry": {
        "type": "Point",
        "coordinates": [
          -60.7618282,
          -31.6630458
        ]
      },
      "properties": {
        "Base": "Prooveedores Santa Fe",
        "base": "Prooveedores Santa Fe",
        "cliente": "ARNOLD, RODRIGO FABIAN",
        "nombre": "ARNOLD, RODRIGO FABIAN",
        "cuit": "20289127179",
        "rubro": "CONSTRUCCIONES",
        "direccion": "José Macia 2670 0",
        "localidad": "SANTO TOME",
        "provincia": "SANTA FE",
        "email": "rodrigoarnold@hotmail.com",
        "telefono": "3425097600",
        "AFIP": "ok",
        "Estado AFIP": "ok",
        "CRM": "NO",
        "relevado": "-"
      }
    },
    {
      "type": "Feature",
      "geometry": {
        "type": "Point",
        "coordinates": [
          -60.7074143,
          -32.8547765
        ]
      },
      "properties": {
        "Base": "Prooveedores Santa Fe",
        "base": "Prooveedores Santa Fe",
        "cliente": "ARPLAN S.A.S.",
        "nombre": "ARPLAN S.A.S.",
        "cuit": "30717261026",
        "rubro": "CONSTRUCCIONES",
        "direccion": "LINIERS 854 0",
        "localidad": "GRANADERO BAIGORRIA",
        "provincia": "SANTA FE",
        "email": "arplan.sas@gmail.com",
        "telefono": "3465651726",
        "AFIP": "ok",
        "Estado AFIP": "ok",
        "CRM": "NO",
        "relevado": "-"
      }
    },
    {
      "type": "Feature",
      "geometry": {
        "type": "Point",
        "coordinates": [
          -60.6617024,
          -32.9593609
        ]
      },
      "properties": {
        "Base": "Prooveedores Santa Fe",
        "base": "Prooveedores Santa Fe",
        "cliente": "ARQUIVIAL CONSTRUCCIONES S.R.L",
        "nombre": "ARQUIVIAL CONSTRUCCIONES S.R.L",
        "cuit": "33716147369",
        "rubro": "CONSTRUCCIONES",
        "direccion": "Rio Grande 5569",
        "localidad": "ROSARIO",
        "provincia": "SANTA FE",
        "email": "arquivialcsrl@gmail.com",
        "telefono": "3416923275",
        "AFIP": "ok",
        "Estado AFIP": "ok",
        "CRM": "NO",
        "relevado": "-"
      }
    },
    {
      "type": "Feature",
      "geometry": {
        "type": "Point",
        "coordinates": [
          -60.6617024,
          -32.9593609
        ]
      },
      "properties": {
        "Base": "Prooveedores Santa Fe",
        "base": "Prooveedores Santa Fe",
        "cliente": "ARZUBIALDE SRL",
        "nombre": "ARZUBIALDE SRL",
        "cuit": "30716885484",
        "rubro": "CONSTRUCCIONES",
        "direccion": "DORREGO 2737 1 2",
        "localidad": "ROSARIO",
        "provincia": "SANTA FE",
        "email": "yasminaroganovich@gmail.com",
        "telefono": "341-5892927",
        "AFIP": "ok",
        "Estado AFIP": "ok",
        "CRM": "NO",
        "relevado": "-"
      }
    },
    {
      "type": "Feature",
      "geometry": {
        "type": "Point",
        "coordinates": [
          -60.7019561,
          -31.6186951
        ]
      },
      "properties": {
        "Base": "Prooveedores Santa Fe",
        "base": "Prooveedores Santa Fe",
        "cliente": "AUDITAR INGENIERIA SRL",
        "nombre": "AUDITAR INGENIERIA SRL",
        "cuit": "30710871023",
        "rubro": "CONSTRUCCIONES",
        "direccion": "Maipu 1342",
        "localidad": "SANTA FE",
        "provincia": "SANTA FE",
        "email": "danielauce@gmail.com",
        "telefono": "3426103663",
        "AFIP": "ok",
        "Estado AFIP": "ok",
        "CRM": "NO",
        "relevado": "-"
      }
    },
    {
      "type": "Feature",
      "geometry": {
        "type": "Point",
        "coordinates": [
          -60.7019561,
          -31.6186951
        ]
      },
      "properties": {
        "Base": "Prooveedores Santa Fe",
        "base": "Prooveedores Santa Fe",
        "cliente": "AUGE S.R.L.",
        "nombre": "AUGE S.R.L.",
        "cuit": "30714205141",
        "rubro": "CONSTRUCCIONES",
        "direccion": "PRIMERA JUNTA 2507 5 1",
        "localidad": "SANTA FE",
        "provincia": "SANTA FE",
        "email": "danielauce@gmail.com",
        "telefono": "0342-4120884",
        "AFIP": "ok",
        "Estado AFIP": "ok",
        "CRM": "NO",
        "relevado": "-"
      }
    },
    {
      "type": "Feature",
      "geometry": {
        "type": "Point",
        "coordinates": [
          -60.6617024,
          -32.9593609
        ]
      },
      "properties": {
        "Base": "Prooveedores Santa Fe",
        "base": "Prooveedores Santa Fe",
        "cliente": "AUTRON SRL",
        "nombre": "AUTRON SRL",
        "cuit": "30709441589",
        "rubro": "CONSTRUCCIONES",
        "direccion": "Anchorena 84 0",
        "localidad": "ROSARIO",
        "provincia": "SANTA FE",
        "email": "autronsrl@autron.com.ar",
        "telefono": "3416140324",
        "AFIP": "ok",
        "Estado AFIP": "ok",
        "CRM": "NO",
        "relevado": "-"
      }
    },
    {
      "type": "Feature",
      "geometry": {
        "type": "Point",
        "coordinates": [
          -60.7074143,
          -32.8547765
        ]
      },
      "properties": {
        "Base": "Prooveedores Santa Fe",
        "base": "Prooveedores Santa Fe",
        "cliente": "AYMA CONSTRUCCIONES SAS",
        "nombre": "AYMA CONSTRUCCIONES SAS",
        "cuit": "30717830357",
        "rubro": "CONSTRUCCIONES",
        "direccion": "Ciudadela 246 0",
        "localidad": "GRANADERO BAIGORRIA",
        "provincia": "SANTA FE",
        "email": "cpfrancomari@gmail.com",
        "telefono": "3413519164",
        "AFIP": "ok",
        "Estado AFIP": "ok",
        "CRM": "NO",
        "relevado": "-"
      }
    },
    {
      "type": "Feature",
      "geometry": {
        "type": "Point",
        "coordinates": [
          -60.6617024,
          -32.9593609
        ]
      },
      "properties": {
        "Base": "Prooveedores Santa Fe",
        "base": "Prooveedores Santa Fe",
        "cliente": "B2 CONSTRUCCIONES SRL",
        "nombre": "B2 CONSTRUCCIONES SRL",
        "cuit": "30714155411",
        "rubro": "CONSTRUCCIONES",
        "direccion": "Pte. Roca 1228 9ºB 1228 9 Santa Fe",
        "localidad": "ROSARIO",
        "provincia": "SANTA FE",
        "email": "contacto@b2construcciones.com.ar",
        "telefono": "93416350691",
        "AFIP": "ok",
        "Estado AFIP": "ok",
        "CRM": "NO",
        "relevado": "-"
      }
    },
    {
      "type": "Feature",
      "geometry": {
        "type": "Point",
        "coordinates": [
          -60.6617024,
          -32.9593609
        ]
      },
      "properties": {
        "Base": "Prooveedores Santa Fe",
        "base": "Prooveedores Santa Fe",
        "cliente": "B2C CONSTRUCCIONES SRL",
        "nombre": "B2C CONSTRUCCIONES SRL",
        "cuit": "30717589676",
        "rubro": "CONSTRUCCIONES",
        "direccion": "RICHIERI 318",
        "localidad": "ROSARIO",
        "provincia": "SANTA FE",
        "email": "ballarini.b2c@gmail.com",
        "telefono": "3416272775",
        "AFIP": "ok",
        "Estado AFIP": "ok",
        "CRM": "NO",
        "relevado": "-"
      }
    },
    {
      "type": "Feature",
      "geometry": {
        "type": "Point",
        "coordinates": [
          -60.6617024,
          -32.9593609
        ]
      },
      "properties": {
        "Base": "Prooveedores Santa Fe",
        "base": "Prooveedores Santa Fe",
        "cliente": "BAILON Y ASOC. SRL",
        "nombre": "BAILON Y ASOC. SRL",
        "cuit": "30713451106",
        "rubro": "CONSTRUCCIONES",
        "direccion": "CHACABUCO 1769 0",
        "localidad": "ROSARIO",
        "provincia": "SANTA FE",
        "email": "bailonyasocsrl@gmail.com",
        "telefono": "3414826630",
        "AFIP": "ok",
        "Estado AFIP": "ok",
        "CRM": "NO",
        "relevado": "-"
      }
    },
    {
      "type": "Feature",
      "geometry": {
        "type": "Point",
        "coordinates": [
          -60.8105603,
          -32.9168704
        ]
      },
      "properties": {
        "Base": "Prooveedores Santa Fe",
        "base": "Prooveedores Santa Fe",
        "cliente": "BALAGUER PERFORACIONES SRL",
        "nombre": "BALAGUER PERFORACIONES SRL",
        "cuit": "30708021349",
        "rubro": "CONSTRUCCIONES",
        "direccion": "Ruta 9 Km.317 0",
        "localidad": "FUNES",
        "provincia": "SANTA FE",
        "email": "balaguer@funescoop.com.ar",
        "telefono": "0341-4931985",
        "AFIP": "ok",
        "Estado AFIP": "ok",
        "CRM": "NO",
        "relevado": "-"
      }
    },
    {
      "type": "Feature",
      "geometry": {
        "type": "Point",
        "coordinates": [
          -60.7019561,
          -31.6186951
        ]
      },
      "properties": {
        "Base": "Prooveedores Santa Fe",
        "base": "Prooveedores Santa Fe",
        "cliente": "BARRETTA, LUCIANO",
        "nombre": "BARRETTA, LUCIANO",
        "cuit": "20305542300",
        "rubro": "CONSTRUCCIONES",
        "direccion": "4 de Enero 1882 0",
        "localidad": "SANTA FE",
        "provincia": "SANTA FE",
        "email": "lbarretta@hotmail.com",
        "telefono": "3424584020",
        "AFIP": "ok",
        "Estado AFIP": "ok",
        "CRM": "NO",
        "relevado": "-"
      }
    },
    {
      "type": "Feature",
      "geometry": {
        "type": "Point",
        "coordinates": [
          -60.7019561,
          -31.6186951
        ]
      },
      "properties": {
        "Base": "Prooveedores Santa Fe",
        "base": "Prooveedores Santa Fe",
        "cliente": "BASE INGENIERIA S.R.L.",
        "nombre": "BASE INGENIERIA S.R.L.",
        "cuit": "33711696089",
        "rubro": "CONSTRUCCIONES",
        "direccion": "PRIMERA JUNTA 3354",
        "localidad": "SANTA FE",
        "provincia": "SANTA FE",
        "email": "mjmbauza@hotmail.com",
        "telefono": "0342-4539247",
        "AFIP": "ok",
        "Estado AFIP": "ok",
        "CRM": "NO",
        "relevado": "-"
      }
    },
    {
      "type": "Feature",
      "geometry": {
        "type": "Point",
        "coordinates": [
          -60.7019561,
          -31.6186951
        ]
      },
      "properties": {
        "Base": "Prooveedores Santa Fe",
        "base": "Prooveedores Santa Fe",
        "cliente": "BATTISTELLA, FABIAN DARIO",
        "nombre": "BATTISTELLA, FABIAN DARIO",
        "cuit": "20172226125",
        "rubro": "CONSTRUCCIONES",
        "direccion": "boneo 2998 0",
        "localidad": "SANTA FE",
        "provincia": "SANTA FE",
        "email": "construyebattistella@hotmail.com.ar",
        "telefono": "3424696858",
        "AFIP": "ok",
        "Estado AFIP": "ok",
        "CRM": "NO",
        "relevado": "-"
      }
    },
    {
      "type": "Feature",
      "geometry": {
        "type": "Point",
        "coordinates": [
          -59.3312128,
          -35.3964431
        ]
      },
      "properties": {
        "Base": "Prooveedores Santa Fe",
        "base": "Prooveedores Santa Fe",
        "cliente": "BAUBER SA",
        "nombre": "BAUBER SA",
        "cuit": "30709448222",
        "rubro": "CONSTRUCCIONES",
        "direccion": "ALBERDI 1203",
        "localidad": "ROQUE PEREZ",
        "provincia": "BUENOS AIRES",
        "email": "a.perez@baubersa.com.ar",
        "telefono": "2227492425",
        "AFIP": "ok",
        "Estado AFIP": "ok",
        "CRM": "NO",
        "relevado": "-"
      }
    },
    {
      "type": "Feature",
      "geometry": {
        "type": "Point",
        "coordinates": [
          -61.4916758,
          -31.2526923
        ]
      },
      "properties": {
        "Base": "Prooveedores Santa Fe",
        "base": "Prooveedores Santa Fe",
        "cliente": "BAUHEN INGENIERIA Y GESTION S.A.",
        "nombre": "BAUHEN INGENIERIA Y GESTION S.A.",
        "cuit": "30708879378",
        "rubro": "CONSTRUCCIONES",
        "direccion": "NECOCHEA 1088 0",
        "localidad": "RAFAELA",
        "provincia": "SANTA FE",
        "email": "bauhen@bauhen.com.ar",
        "telefono": "03492 15522199",
        "AFIP": "ok",
        "Estado AFIP": "ok",
        "CRM": "NO",
        "relevado": "-"
      }
    },
    {
      "type": "Feature",
      "geometry": {
        "type": "Point",
        "coordinates": [
          -60.6598837,
          -31.3076471
        ]
      },
      "properties": {
        "Base": "Prooveedores Santa Fe",
        "base": "Prooveedores Santa Fe",
        "cliente": "BAUZA INGENIERIA SRL",
        "nombre": "BAUZA INGENIERIA SRL",
        "cuit": "30708675586",
        "rubro": "CONSTRUCCIONES",
        "direccion": "Florencio Sanchez 2640",
        "localidad": "LAGUNA PAIVA",
        "provincia": "SANTA FE",
        "email": "claudio@bauzaingenieria.com.ar",
        "telefono": "0342-4941-323",
        "AFIP": "ok",
        "Estado AFIP": "ok",
        "CRM": "NO",
        "relevado": "-"
      }
    },
    {
      "type": "Feature",
      "geometry": {
        "type": "Point",
        "coordinates": [
          -60.633744,
          -33.0250796
        ]
      },
      "properties": {
        "Base": "Prooveedores Santa Fe",
        "base": "Prooveedores Santa Fe",
        "cliente": "BECHA SA",
        "nombre": "BECHA SA",
        "cuit": "30707950869",
        "rubro": "CONSTRUCCIONES",
        "direccion": "Velez Sarsfield 819",
        "localidad": "VILLA GOBERNADOR GALVEZ",
        "provincia": "SANTA FE",
        "email": "jpgiannassi@bechasa.com.ar",
        "telefono": "0341 4988734",
        "AFIP": "ok",
        "Estado AFIP": "ok",
        "CRM": "NO",
        "relevado": "-"
      }
    },
    {
      "type": "Feature",
      "geometry": {
        "type": "Point",
        "coordinates": [
          -58.4748977,
          -34.525763
        ]
      },
      "properties": {
        "Base": "Prooveedores Santa Fe",
        "base": "Prooveedores Santa Fe",
        "cliente": "BENCEN CONSTRUCCIONES SRL",
        "nombre": "BENCEN CONSTRUCCIONES SRL",
        "cuit": "30712536809",
        "rubro": "CONSTRUCCIONES",
        "direccion": "JUAN CARLOS CRUZ 1810 2 b",
        "localidad": "VICENTE LOPEZ",
        "provincia": "BUENOS AIRES",
        "email": "jbenavides@bencen.com.ar",
        "telefono": "48248600",
        "AFIP": "ok",
        "Estado AFIP": "ok",
        "CRM": "NO",
        "relevado": "-"
      }
    },
    {
      "type": "Feature",
      "geometry": {
        "type": "Point",
        "coordinates": [
          -60.7019561,
          -31.6186951
        ]
      },
      "properties": {
        "Base": "Prooveedores Santa Fe",
        "base": "Prooveedores Santa Fe",
        "cliente": "BETELLA, DANIEL FERNANDO",
        "nombre": "BETELLA, DANIEL FERNANDO",
        "cuit": "20119034737",
        "rubro": "CONSTRUCCIONES",
        "direccion": "BV. GALVEZ 2234",
        "localidad": "SANTA FE",
        "provincia": "SANTA FE",
        "email": "urban_construcciones@yahoo.com.ar",
        "telefono": "4551337",
        "AFIP": "ok",
        "Estado AFIP": "ok",
        "CRM": "NO",
        "relevado": "-"
      }
    },
    {
      "type": "Feature",
      "geometry": {
        "type": "Point",
        "coordinates": [
          -60.7019561,
          -31.6186951
        ]
      },
      "properties": {
        "Base": "Prooveedores Santa Fe",
        "base": "Prooveedores Santa Fe",
        "cliente": "BILDTEC S.A.",
        "nombre": "BILDTEC S.A.",
        "cuit": "30715385038",
        "rubro": "CONSTRUCCIONES",
        "direccion": "9 DE JULIO 3638 0 1",
        "localidad": "SANTA FE",
        "provincia": "SANTA FE",
        "email": "info@bildtec.com.ar",
        "telefono": "342-155471799",
        "AFIP": "ok",
        "Estado AFIP": "ok",
        "CRM": "NO",
        "relevado": "-"
      }
    },
    {
      "type": "Feature",
      "geometry": {
        "type": "Point",
        "coordinates": [
          -58.4356212,
          -34.6161231
        ]
      },
      "properties": {
        "Base": "Prooveedores Santa Fe",
        "base": "Prooveedores Santa Fe",
        "cliente": "BIOINGEPRO S.R.L.",
        "nombre": "BIOINGEPRO S.R.L.",
        "cuit": "30709715980",
        "rubro": "CONSTRUCCIONES",
        "direccion": "Avenida Dorrego 1789 1 104",
        "localidad": "DORREGO AVENIDA (501 al 1800)",
        "provincia": "CAPITAL FEDERAL",
        "email": "yanina@bioingepro.com.ar",
        "telefono": "(011) 4890 8643",
        "AFIP": "ok",
        "Estado AFIP": "ok",
        "CRM": "NO",
        "relevado": "-"
      }
    },
    {
      "type": "Feature",
      "geometry": {
        "type": "Point",
        "coordinates": [
          -60.7019561,
          -31.6186951
        ]
      },
      "properties": {
        "Base": "Prooveedores Santa Fe",
        "base": "Prooveedores Santa Fe",
        "cliente": "BLS CONSTRUCCIONES SA",
        "nombre": "BLS CONSTRUCCIONES SA",
        "cuit": "30717387704",
        "rubro": "CONSTRUCCIONES",
        "direccion": "Tucuman 2692 2 10",
        "localidad": "SANTA FE",
        "provincia": "SANTA FE",
        "email": "obras@blsconstrucciones.com",
        "telefono": "3425354226",
        "AFIP": "ok",
        "Estado AFIP": "ok",
        "CRM": "NO",
        "relevado": "-"
      }
    },
    {
      "type": "Feature",
      "geometry": {
        "type": "Point",
        "coordinates": [
          -61.2196794,
          -32.0253403
        ]
      },
      "properties": {
        "Base": "Prooveedores Santa Fe",
        "base": "Prooveedores Santa Fe",
        "cliente": "BOERO , LEANDRO RUBEN",
        "nombre": "BOERO , LEANDRO RUBEN",
        "cuit": "20320981264",
        "rubro": "CONSTRUCCIONES",
        "direccion": "Jose Ingenieros 379 0",
        "localidad": "GALVEZ",
        "provincia": "SANTA FE",
        "email": "estudiodearquitecturaamasd@gmail.com",
        "telefono": "3404430511",
        "AFIP": "ok",
        "Estado AFIP": "ok",
        "CRM": "NO",
        "relevado": "-"
      }
    },
    {
      "type": "Feature",
      "geometry": {
        "type": "Point",
        "coordinates": [
          -55.894295,
          -27.3664824
        ]
      },
      "properties": {
        "Base": "Prooveedores Santa Fe",
        "base": "Prooveedores Santa Fe",
        "cliente": "BORCOM S.A.",
        "nombre": "BORCOM S.A.",
        "cuit": "33672410199",
        "rubro": "CONSTRUCCIONES",
        "direccion": "MARTIN FIERRO 5879 0",
        "localidad": "POSADAS",
        "provincia": "MISIONES",
        "email": "info@borcom.com.ar",
        "telefono": "3764468100",
        "AFIP": "ok",
        "Estado AFIP": "ok",
        "CRM": "NO",
        "relevado": "-"
      }
    },
    {
      "type": "Feature",
      "geometry": {
        "type": "Point",
        "coordinates": [
          -60.7019561,
          -31.6186951
        ]
      },
      "properties": {
        "Base": "Prooveedores Santa Fe",
        "base": "Prooveedores Santa Fe",
        "cliente": "BR CONSTRUCCIONES S.R.L",
        "nombre": "BR CONSTRUCCIONES S.R.L",
        "cuit": "30714436348",
        "rubro": "CONSTRUCCIONES",
        "direccion": "Calchines 1188 0",
        "localidad": "SANTA FE",
        "provincia": "SANTA FE",
        "email": "administracion@brconstrucciones.com.ar",
        "telefono": "342-4073949",
        "AFIP": "ok",
        "Estado AFIP": "ok",
        "CRM": "NO",
        "relevado": "-"
      }
    },
    {
      "type": "Feature",
      "geometry": {
        "type": "Point",
        "coordinates": [
          -60.7019561,
          -31.6186951
        ]
      },
      "properties": {
        "Base": "Prooveedores Santa Fe",
        "base": "Prooveedores Santa Fe",
        "cliente": "BRAVO, JOSE NOLASCO",
        "nombre": "BRAVO, JOSE NOLASCO",
        "cuit": "20108631482",
        "rubro": "CONSTRUCCIONES",
        "direccion": "SAN JUAN 8169 0",
        "localidad": "SANTA FE",
        "provincia": "SANTA FE",
        "email": "bravo_construcciones@hotmail.com",
        "telefono": "0342-4890830",
        "AFIP": "ok",
        "Estado AFIP": "ok",
        "CRM": "NO",
        "relevado": "-"
      }
    },
    {
      "type": "Feature",
      "geometry": {
        "type": "Point",
        "coordinates": [
          -60.7618282,
          -31.6630458
        ]
      },
      "properties": {
        "Base": "Prooveedores Santa Fe",
        "base": "Prooveedores Santa Fe",
        "cliente": "BRAVO, MAURO",
        "nombre": "BRAVO, MAURO",
        "cuit": "20358329730",
        "rubro": "CONSTRUCCIONES",
        "direccion": "Alvear 2641 0",
        "localidad": "SANTO TOME",
        "provincia": "SANTA FE",
        "email": "cambraconstrucciones@gmail.com",
        "telefono": "4741288",
        "AFIP": "ok",
        "Estado AFIP": "ok",
        "CRM": "NO",
        "relevado": "-"
      }
    },
    {
      "type": "Feature",
      "geometry": {
        "type": "Point",
        "coordinates": [
          -60.6617024,
          -32.9593609
        ]
      },
      "properties": {
        "Base": "Prooveedores Santa Fe",
        "base": "Prooveedores Santa Fe",
        "cliente": "BRIANIK SRL",
        "nombre": "BRIANIK SRL",
        "cuit": "30718983831",
        "rubro": "CONSTRUCCIONES",
        "direccion": "De Lorenzi 180 2 4",
        "localidad": "ROSARIO",
        "provincia": "SANTA FE",
        "email": "administracion@grupobrianik.com",
        "telefono": "3416626589",
        "AFIP": "ok",
        "Estado AFIP": "ok",
        "CRM": "NO",
        "relevado": "-"
      }
    },
    {
      "type": "Feature",
      "geometry": {
        "type": "Point",
        "coordinates": [
          -61.5608072,
          -30.9450891
        ]
      },
      "properties": {
        "Base": "Prooveedores Santa Fe",
        "base": "Prooveedores Santa Fe",
        "cliente": "BRIDGE HYDROGEN S.A.",
        "nombre": "BRIDGE HYDROGEN S.A.",
        "cuit": "30710988249",
        "rubro": "CONSTRUCCIONES",
        "direccion": "CALLE PÚBLICA (PARQUE INDUSTRIAL) S/N",
        "localidad": "SUNCHALES",
        "provincia": "SANTA FE",
        "email": "info@bhysa.com.ar",
        "telefono": "03493-426222",
        "AFIP": "ok",
        "Estado AFIP": "ok",
        "CRM": "NO",
        "relevado": "-"
      }
    },
    {
      "type": "Feature",
      "geometry": {
        "type": "Point",
        "coordinates": [
          -60.5298511,
          -31.7330145
        ]
      },
      "properties": {
        "Base": "Prooveedores Santa Fe",
        "base": "Prooveedores Santa Fe",
        "cliente": "BROMARQ S.A.S.",
        "nombre": "BROMARQ S.A.S.",
        "cuit": "30716845628",
        "rubro": "CONSTRUCCIONES",
        "direccion": "PASCUAL PALMA 759 0",
        "localidad": "PARANA",
        "provincia": "ENTRE RIOS",
        "email": "danielauce@gmail.com",
        "telefono": "3425229007",
        "AFIP": "ok",
        "Estado AFIP": "ok",
        "CRM": "NO",
        "relevado": "-"
      }
    },
    {
      "type": "Feature",
      "geometry": {
        "type": "Point",
        "coordinates": [
          -60.6617024,
          -32.9593609
        ]
      },
      "properties": {
        "Base": "Prooveedores Santa Fe",
        "base": "Prooveedores Santa Fe",
        "cliente": "BRUMONT S.A.",
        "nombre": "BRUMONT S.A.",
        "cuit": "30708418591",
        "rubro": "CONSTRUCCIONES",
        "direccion": "PASAJE SAVIO 1115 0",
        "localidad": "ROSARIO",
        "provincia": "SANTA FE",
        "email": "abrinon@brumont.com.ar",
        "telefono": "0341-4616446",
        "AFIP": "ok",
        "Estado AFIP": "ok",
        "CRM": "NO",
        "relevado": "-"
      }
    },
    {
      "type": "Feature",
      "geometry": {
        "type": "Point",
        "coordinates": [
          -58.4356212,
          -34.6161231
        ]
      },
      "properties": {
        "Base": "Prooveedores Santa Fe",
        "base": "Prooveedores Santa Fe",
        "cliente": "BTU SA",
        "nombre": "BTU SA",
        "cuit": "30592238892",
        "rubro": "CONSTRUCCIONES",
        "direccion": "Av. Leandro N. Alem 896 5",
        "localidad": "ALEM LEANDRO N. AVENIDA (501 al 1200)",
        "provincia": "CAPITAL FEDERAL",
        "email": "btu@btu-sa.com",
        "telefono": "(5411) 43214800",
        "AFIP": "ok",
        "Estado AFIP": "ok",
        "CRM": "NO",
        "relevado": "-"
      }
    },
    {
      "type": "Feature",
      "geometry": {
        "type": "Point",
        "coordinates": [
          -60.6617024,
          -32.9593609
        ]
      },
      "properties": {
        "Base": "Prooveedores Santa Fe",
        "base": "Prooveedores Santa Fe",
        "cliente": "BURO CONSTRUCCIONES S.A.S",
        "nombre": "BURO CONSTRUCCIONES S.A.S",
        "cuit": "30716656744",
        "rubro": "CONSTRUCCIONES",
        "direccion": "CÓRDOBA 641 3",
        "localidad": "ROSARIO",
        "provincia": "SANTA FE",
        "email": "elena.gigena@buro-group.com.ar",
        "telefono": "1162197685",
        "AFIP": "ok",
        "Estado AFIP": "ok",
        "CRM": "NO",
        "relevado": "-"
      }
    },
    {
      "type": "Feature",
      "geometry": {
        "type": "Point",
        "coordinates": [
          -58.439593,
          -34.636351
        ]
      },
      "properties": {
        "Base": "Prooveedores Santa Fe",
        "base": "Prooveedores Santa Fe",
        "cliente": "CAFFARD SRL",
        "nombre": "CAFFARD SRL",
        "cuit": "30709339334",
        "rubro": "CONSTRUCCIONES",
        "direccion": "HEREDIA 806",
        "localidad": "CABALLITO (1401 al 1500)",
        "provincia": "CAPITAL FEDERAL",
        "email": "administracion@caffard.com.ar",
        "telefono": "2304573757",
        "AFIP": "ok",
        "Estado AFIP": "ok",
        "CRM": "NO",
        "relevado": "-"
      }
    },
    {
      "type": "Feature",
      "geometry": {
        "type": "Point",
        "coordinates": [
          -60.6617024,
          -32.9593609
        ]
      },
      "properties": {
        "Base": "Prooveedores Santa Fe",
        "base": "Prooveedores Santa Fe",
        "cliente": "CAGNONE TRIVI SRL",
        "nombre": "CAGNONE TRIVI SRL",
        "cuit": "33710782119",
        "rubro": "CONSTRUCCIONES",
        "direccion": "Warnes 932 0",
        "localidad": "ROSARIO",
        "provincia": "SANTA FE",
        "email": "contacto@cagnonetrivi.com",
        "telefono": "0341-4536871",
        "AFIP": "ok",
        "Estado AFIP": "ok",
        "CRM": "NO",
        "relevado": "-"
      }
    },
    {
      "type": "Feature",
      "geometry": {
        "type": "Point",
        "coordinates": [
          -60.7019561,
          -31.6186951
        ]
      },
      "properties": {
        "Base": "Prooveedores Santa Fe",
        "base": "Prooveedores Santa Fe",
        "cliente": "CAPITEL SA",
        "nombre": "CAPITEL SA",
        "cuit": "30627871348",
        "rubro": "CONSTRUCCIONES",
        "direccion": "SAN MARTIN 1945",
        "localidad": "SANTA FE",
        "provincia": "SANTA FE",
        "email": "vpiersimoni@estudiovsw.com.ar",
        "telefono": "3424596945",
        "AFIP": "ok",
        "Estado AFIP": "ok",
        "CRM": "NO",
        "relevado": "-"
      }
    },
    {
      "type": "Feature",
      "geometry": {
        "type": "Point",
        "coordinates": [
          -60.6617024,
          -32.9593609
        ]
      },
      "properties": {
        "Base": "Prooveedores Santa Fe",
        "base": "Prooveedores Santa Fe",
        "cliente": "CARDAV CONSTRUCTORA SRL",
        "nombre": "CARDAV CONSTRUCTORA SRL",
        "cuit": "30715659197",
        "rubro": "CONSTRUCCIONES",
        "direccion": "MEXICO 597",
        "localidad": "ROSARIO",
        "provincia": "SANTA FE",
        "email": "administracion@cardav.com",
        "telefono": "0341 153562620",
        "AFIP": "ok",
        "Estado AFIP": "ok",
        "CRM": "NO",
        "relevado": "-"
      }
    },
    {
      "type": "Feature",
      "geometry": {
        "type": "Point",
        "coordinates": [
          -60.7019561,
          -31.6186951
        ]
      },
      "properties": {
        "Base": "Prooveedores Santa Fe",
        "base": "Prooveedores Santa Fe",
        "cliente": "CARLEN, MARCELO CARLOS",
        "nombre": "CARLEN, MARCELO CARLOS",
        "cuit": "20168130938",
        "rubro": "CONSTRUCCIONES",
        "direccion": "Av. A. del Valle 5732 0 0",
        "localidad": "SANTA FE",
        "provincia": "SANTA FE",
        "email": "astec@empresaservicios.com.ar",
        "telefono": "0342-4607007",
        "AFIP": "ok",
        "Estado AFIP": "ok",
        "CRM": "NO",
        "relevado": "-"
      }
    },
    {
      "type": "Feature",
      "geometry": {
        "type": "Point",
        "coordinates": [
          -60.6617024,
          -32.9593609
        ]
      },
      "properties": {
        "Base": "Prooveedores Santa Fe",
        "base": "Prooveedores Santa Fe",
        "cliente": "CARRIZO, HERNANDO ANDRES",
        "nombre": "CARRIZO, HERNANDO ANDRES",
        "cuit": "20232838214",
        "rubro": "CONSTRUCCIONES",
        "direccion": "Italia 662 8 B",
        "localidad": "ROSARIO",
        "provincia": "SANTA FE",
        "email": "hernandocarrizo@hotmail.com.ar",
        "telefono": "3415198052",
        "AFIP": "ok",
        "Estado AFIP": "ok",
        "CRM": "NO",
        "relevado": "-"
      }
    },
    {
      "type": "Feature",
      "geometry": {
        "type": "Point",
        "coordinates": [
          -60.7618282,
          -31.6630458
        ]
      },
      "properties": {
        "Base": "Prooveedores Santa Fe",
        "base": "Prooveedores Santa Fe",
        "cliente": "CASABIANCA, OSCAR",
        "nombre": "CASABIANCA, OSCAR",
        "cuit": "20084854884",
        "rubro": "CONSTRUCCIONES",
        "direccion": "richieri 1606",
        "localidad": "SANTO TOME",
        "provincia": "SANTA FE",
        "email": "info@oscarcasabianca.com.ar",
        "telefono": "0342-4744456",
        "AFIP": "ok",
        "Estado AFIP": "ok",
        "CRM": "NO",
        "relevado": "-"
      }
    },
    {
      "type": "Feature",
      "geometry": {
        "type": "Point",
        "coordinates": [
          -60.6617024,
          -32.9593609
        ]
      },
      "properties": {
        "Base": "Prooveedores Santa Fe",
        "base": "Prooveedores Santa Fe",
        "cliente": "CASTRO, HECTOR ENRIQUE",
        "nombre": "CASTRO, HECTOR ENRIQUE",
        "cuit": "20117532934",
        "rubro": "CONSTRUCCIONES",
        "direccion": "Suipacha 398 0",
        "localidad": "ROSARIO",
        "provincia": "SANTA FE",
        "email": "ing.hcastro@gmail.com",
        "telefono": "3416157269",
        "AFIP": "ok",
        "Estado AFIP": "ok",
        "CRM": "NO",
        "relevado": "-"
      }
    },
    {
      "type": "Feature",
      "geometry": {
        "type": "Point",
        "coordinates": [
          -60.6617024,
          -32.9593609
        ]
      },
      "properties": {
        "Base": "Prooveedores Santa Fe",
        "base": "Prooveedores Santa Fe",
        "cliente": "CEA INGENIERIA S.R.L.",
        "nombre": "CEA INGENIERIA S.R.L.",
        "cuit": "30698251324",
        "rubro": "CONSTRUCCIONES",
        "direccion": "Dorrego 585 0",
        "localidad": "ROSARIO",
        "provincia": "SANTA FE",
        "email": "administracion@ceaingenieria.com.ar",
        "telefono": "3415002314",
        "AFIP": "ok",
        "Estado AFIP": "ok",
        "CRM": "NO",
        "relevado": "-"
      }
    },
    {
      "type": "Feature",
      "geometry": {
        "type": "Point",
        "coordinates": [
          -60.4955508,
          -33.3938147
        ]
      },
      "properties": {
        "Base": "Prooveedores Santa Fe",
        "base": "Prooveedores Santa Fe",
        "cliente": "CECARRI S.R.L.",
        "nombre": "CECARRI S.R.L.",
        "cuit": "30695424317",
        "rubro": "CONSTRUCCIONES",
        "direccion": "San Martin 225",
        "localidad": "CAÑADA RICA",
        "provincia": "SANTA FE",
        "email": "aguzzipac@hotmail.com",
        "telefono": "03460 499034",
        "AFIP": "ok",
        "Estado AFIP": "ok",
        "CRM": "NO",
        "relevado": "-"
      }
    },
    {
      "type": "Feature",
      "geometry": {
        "type": "Point",
        "coordinates": [
          -61.6204733,
          -33.6990435
        ]
      },
      "properties": {
        "Base": "Prooveedores Santa Fe",
        "base": "Prooveedores Santa Fe",
        "cliente": "CERVIAL SRL",
        "nombre": "CERVIAL SRL",
        "cuit": "30716128985",
        "rubro": "CONSTRUCCIONES",
        "direccion": "SAN MARTIN 747",
        "localidad": "ELORTONDO",
        "provincia": "SANTA FE",
        "email": "cervialsrl@gmail.com",
        "telefono": "3462571681",
        "AFIP": "ok",
        "Estado AFIP": "ok",
        "CRM": "NO",
        "relevado": "-"
      }
    },
    {
      "type": "Feature",
      "geometry": {
        "type": "Point",
        "coordinates": [
          -60.7618282,
          -31.6630458
        ]
      },
      "properties": {
        "Base": "Prooveedores Santa Fe",
        "base": "Prooveedores Santa Fe",
        "cliente": "CHIESA, CARLOS LEANDRO",
        "nombre": "CHIESA, CARLOS LEANDRO",
        "cuit": "20273201506",
        "rubro": "CONSTRUCCIONES",
        "direccion": "Santiago del Estero 2962 0",
        "localidad": "SANTO TOME",
        "provincia": "SANTA FE",
        "email": "chiesaconstrucciones@yahoo.com.ar",
        "telefono": "0342-155169057",
        "AFIP": "ok",
        "Estado AFIP": "ok",
        "CRM": "NO",
        "relevado": "-"
      }
    },
    {
      "type": "Feature",
      "geometry": {
        "type": "Point",
        "coordinates": [
          -69.2150374,
          -51.6215268
        ]
      },
      "properties": {
        "Base": "Prooveedores Santa Fe",
        "base": "Prooveedores Santa Fe",
        "cliente": "CHIMEN AIKE S.A.",
        "nombre": "CHIMEN AIKE S.A.",
        "cuit": "30707552022",
        "rubro": "CONSTRUCCIONES",
        "direccion": "ANGEL PEÑALOZA 1664 0 0",
        "localidad": "RIO GALLEGOS",
        "provincia": "SANTA CRUZ",
        "email": "administracion@chimenaike.com.ar",
        "telefono": "02966-437221",
        "AFIP": "ok",
        "Estado AFIP": "ok",
        "CRM": "NO",
        "relevado": "-"
      }
    },
    {
      "type": "Feature",
      "geometry": {
        "type": "Point",
        "coordinates": [
          -60.6617024,
          -32.9593609
        ]
      },
      "properties": {
        "Base": "Prooveedores Santa Fe",
        "base": "Prooveedores Santa Fe",
        "cliente": "CHL INGENIERÍA Y CONSTRUCCIONES SRL",
        "nombre": "CHL INGENIERÍA Y CONSTRUCCIONES SRL",
        "cuit": "30714442283",
        "rubro": "CONSTRUCCIONES",
        "direccion": "Laprida 4593 1 2",
        "localidad": "ROSARIO",
        "provincia": "SANTA FE",
        "email": "carlhugs@gmail.com",
        "telefono": "3414625446",
        "AFIP": "ok",
        "Estado AFIP": "ok",
        "CRM": "NO",
        "relevado": "-"
      }
    },
    {
      "type": "Feature",
      "geometry": {
        "type": "Point",
        "coordinates": [
          -64.1834193,
          -31.4166867
        ]
      },
      "properties": {
        "Base": "Prooveedores Santa Fe",
        "base": "Prooveedores Santa Fe",
        "cliente": "CIM S.R.L.",
        "nombre": "CIM S.R.L.",
        "cuit": "30711692572",
        "rubro": "CONSTRUCCIONES",
        "direccion": "AGUA SACHA 5018 0",
        "localidad": "CORDOBA",
        "provincia": "CORDOBA",
        "email": "cimcba@ciudad.com.ar",
        "telefono": "3513123078",
        "AFIP": "ok",
        "Estado AFIP": "ok",
        "CRM": "NO",
        "relevado": "-"
      }
    },
    {
      "type": "Feature",
      "geometry": {
        "type": "Point",
        "coordinates": [
          -61.7026628,
          -33.1122156
        ]
      },
      "properties": {
        "Base": "Prooveedores Santa Fe",
        "base": "Prooveedores Santa Fe",
        "cliente": "CIMARELLI, GONZALO RAUL",
        "nombre": "CIMARELLI, GONZALO RAUL",
        "cuit": "20266639938",
        "rubro": "CONSTRUCCIONES",
        "direccion": "25 de Mayo 1992 0",
        "localidad": "SAN JOSE DE LA ESQUINA",
        "provincia": "SANTA FE",
        "email": "vialsanjose@gmail.com",
        "telefono": "03467 - 15416000",
        "AFIP": "ok",
        "Estado AFIP": "ok",
        "CRM": "NO",
        "relevado": "-"
      }
    },
    {
      "type": "Feature",
      "geometry": {
        "type": "Point",
        "coordinates": [
          -58.3628061,
          -34.6648394
        ]
      },
      "properties": {
        "Base": "Prooveedores Santa Fe",
        "base": "Prooveedores Santa Fe",
        "cliente": "CLEANOSOL ARGENTINA S.A.I.C.F.I.",
        "nombre": "CLEANOSOL ARGENTINA S.A.I.C.F.I.",
        "cuit": "30504912899",
        "rubro": "CONSTRUCCIONES",
        "direccion": "Mendoza 1674",
        "localidad": "AVELLANEDA",
        "provincia": "BUENOS AIRES",
        "email": "ventas@cleanosol.com.ar",
        "telefono": "1141357200",
        "AFIP": "ok",
        "Estado AFIP": "ok",
        "CRM": "NO",
        "relevado": "-"
      }
    },
    {
      "type": "Feature",
      "geometry": {
        "type": "Point",
        "coordinates": [
          -59.0190645,
          -34.1143871
        ]
      },
      "properties": {
        "Base": "Prooveedores Santa Fe",
        "base": "Prooveedores Santa Fe",
        "cliente": "CLINKER COLON SAS",
        "nombre": "CLINKER COLON SAS",
        "cuit": "30716164892",
        "rubro": "CONSTRUCCIONES",
        "direccion": "44 674 0 -",
        "localidad": "COLON",
        "provincia": "BUENOS AIRES",
        "email": "valeacosta@lopezestudio.com.ar",
        "telefono": "2473509489",
        "AFIP": "ok",
        "Estado AFIP": "ok",
        "CRM": "NO",
        "relevado": "-"
      }
    },
    {
      "type": "Feature",
      "geometry": {
        "type": "Point",
        "coordinates": [
          -60.7019561,
          -31.6186951
        ]
      },
      "properties": {
        "Base": "Prooveedores Santa Fe",
        "base": "Prooveedores Santa Fe",
        "cliente": "COBER SRL",
        "nombre": "COBER SRL",
        "cuit": "30710687656",
        "rubro": "CONSTRUCCIONES",
        "direccion": "Necochea 4350 0",
        "localidad": "SANTA FE",
        "provincia": "SANTA FE",
        "email": "cobersrl@gmail.com",
        "telefono": "0342 4523999",
        "AFIP": "ok",
        "Estado AFIP": "ok",
        "CRM": "NO",
        "relevado": "-"
      }
    },
    {
      "type": "Feature",
      "geometry": {
        "type": "Point",
        "coordinates": [
          -60.7019561,
          -31.6186951
        ]
      },
      "properties": {
        "Base": "Prooveedores Santa Fe",
        "base": "Prooveedores Santa Fe",
        "cliente": "COCYAR SA",
        "nombre": "COCYAR SA",
        "cuit": "30686971011",
        "rubro": "CONSTRUCCIONES",
        "direccion": "Mitre 5960",
        "localidad": "SANTA FE",
        "provincia": "SANTA FE",
        "email": "dianabertinat@cocyar.com",
        "telefono": "3424601515",
        "AFIP": "ok",
        "Estado AFIP": "ok",
        "CRM": "NO",
        "relevado": "-"
      }
    },
    {
      "type": "Feature",
      "geometry": {
        "type": "Point",
        "coordinates": [
          -61.1641779,
          -33.0443368
        ]
      },
      "properties": {
        "Base": "Prooveedores Santa Fe",
        "base": "Prooveedores Santa Fe",
        "cliente": "COIRINI S.A.",
        "nombre": "COIRINI S.A.",
        "cuit": "30600422754",
        "rubro": "CONSTRUCCIONES",
        "direccion": "9 de JULIO 1741 0",
        "localidad": "CASILDA",
        "provincia": "SANTA FE",
        "email": "coirinisa@coirinisa.com.ar",
        "telefono": "03464-421041",
        "AFIP": "ok",
        "Estado AFIP": "ok",
        "CRM": "NO",
        "relevado": "-"
      }
    },
    {
      "type": "Feature",
      "geometry": {
        "type": "Point",
        "coordinates": [
          -58.4365234,
          -34.5776423
        ]
      },
      "properties": {
        "Base": "Prooveedores Santa Fe",
        "base": "Prooveedores Santa Fe",
        "cliente": "COIVALSA S.A.",
        "nombre": "COIVALSA S.A.",
        "cuit": "30708737328",
        "rubro": "CONSTRUCCIONES",
        "direccion": "AREVALO 2107 1 A",
        "localidad": "AREVALO (2101 al 2400)",
        "provincia": "CAPITAL FEDERAL",
        "email": "aalzogaray@coivalsa.com.ar",
        "telefono": "3424292781",
        "AFIP": "ok",
        "Estado AFIP": "ok",
        "CRM": "NO",
        "relevado": "-"
      }
    },
    {
      "type": "Feature",
      "geometry": {
        "type": "Point",
        "coordinates": [
          -60.6617024,
          -32.9593609
        ]
      },
      "properties": {
        "Base": "Prooveedores Santa Fe",
        "base": "Prooveedores Santa Fe",
        "cliente": "COMPANIA ROSARINA DE DESOBSTRUCCIONES S.R.L.",
        "nombre": "COMPANIA ROSARINA DE DESOBSTRUCCIONES S.R.L.",
        "cuit": "30710514794",
        "rubro": "CONSTRUCCIONES",
        "direccion": "ITALIA 647 4 D",
        "localidad": "ROSARIO",
        "provincia": "SANTA FE",
        "email": "danielauce@gmail.com",
        "telefono": "341-4496132",
        "AFIP": "ok",
        "Estado AFIP": "ok",
        "CRM": "NO",
        "relevado": "-"
      }
    },
    {
      "type": "Feature",
      "geometry": {
        "type": "Point",
        "coordinates": [
          -58.2588168,
          -34.7244434
        ]
      },
      "properties": {
        "Base": "Prooveedores Santa Fe",
        "base": "Prooveedores Santa Fe",
        "cliente": "COMPAÑÍA SUDAMERICANA DE GAS S.A.",
        "nombre": "COMPAÑÍA SUDAMERICANA DE GAS S.A.",
        "cuit": "30628793898",
        "rubro": "CONSTRUCCIONES",
        "direccion": "ORTIZ DE OCAMPO 19",
        "localidad": "QUILMES",
        "provincia": "BUENOS AIRES",
        "email": "hcabrera@cosugas.com",
        "telefono": "42570994",
        "AFIP": "ok",
        "Estado AFIP": "ok",
        "CRM": "NO",
        "relevado": "-"
      }
    },
    {
      "type": "Feature",
      "geometry": {
        "type": "Point",
        "coordinates": [
          -60.6617024,
          -32.9593609
        ]
      },
      "properties": {
        "Base": "Prooveedores Santa Fe",
        "base": "Prooveedores Santa Fe",
        "cliente": "CONHORMAQ SRL",
        "nombre": "CONHORMAQ SRL",
        "cuit": "33715042059",
        "rubro": "CONSTRUCCIONES",
        "direccion": "PRESIDENTE ROCA 825 3 3",
        "localidad": "ROSARIO",
        "provincia": "SANTA FE",
        "email": "mefasce@hotmail.com",
        "telefono": "3416913381",
        "AFIP": "ok",
        "Estado AFIP": "ok",
        "CRM": "NO",
        "relevado": "-"
      }
    },
    {
      "type": "Feature",
      "geometry": {
        "type": "Point",
        "coordinates": [
          -60.6617024,
          -32.9593609
        ]
      },
      "properties": {
        "Base": "Prooveedores Santa Fe",
        "base": "Prooveedores Santa Fe",
        "cliente": "CONKRETO CONSTRUCCIONES SRL",
        "nombre": "CONKRETO CONSTRUCCIONES SRL",
        "cuit": "33710464109",
        "rubro": "CONSTRUCCIONES",
        "direccion": "Zeballos 1889",
        "localidad": "ROSARIO",
        "provincia": "SANTA FE",
        "email": "conkretosrl@live.com.ar",
        "telefono": "3415213404",
        "AFIP": "ok",
        "Estado AFIP": "ok",
        "CRM": "NO",
        "relevado": "-"
      }
    },
    {
      "type": "Feature",
      "geometry": {
        "type": "Point",
        "coordinates": [
          -62.7110819,
          -34.2617313
        ]
      },
      "properties": {
        "Base": "Prooveedores Santa Fe",
        "base": "Prooveedores Santa Fe",
        "cliente": "CONSTRUCCIONES BAUFELD SRL",
        "nombre": "CONSTRUCCIONES BAUFELD SRL",
        "cuit": "30710525141",
        "rubro": "CONSTRUCCIONES",
        "direccion": "MANUEL ROCA 112",
        "localidad": "RUFINO",
        "provincia": "SANTA FE",
        "email": "jangiari@baufeld.com.ar",
        "telefono": "2355526383",
        "AFIP": "ok",
        "Estado AFIP": "ok",
        "CRM": "NO",
        "relevado": "-"
      }
    },
    {
      "type": "Feature",
      "geometry": {
        "type": "Point",
        "coordinates": [
          -60.5933274,
          -30.7890881
        ]
      },
      "properties": {
        "Base": "Prooveedores Santa Fe",
        "base": "Prooveedores Santa Fe",
        "cliente": "CONSTRUCCIONES CASSINA S.A",
        "nombre": "CONSTRUCCIONES CASSINA S.A",
        "cuit": "30645437981",
        "rubro": "CONSTRUCCIONES",
        "direccion": "Ruta Naciona 11 Km. 569 2200 0",
        "localidad": "SAN JUSTO",
        "provincia": "SANTA FE",
        "email": "cassina@cassina.com.ar",
        "telefono": "03498-427299/428281",
        "AFIP": "ok",
        "Estado AFIP": "ok",
        "CRM": "NO",
        "relevado": "-"
      }
    },
    {
      "type": "Feature",
      "geometry": {
        "type": "Point",
        "coordinates": [
          -61.2196794,
          -32.0253403
        ]
      },
      "properties": {
        "Base": "Prooveedores Santa Fe",
        "base": "Prooveedores Santa Fe",
        "cliente": "CONSTRUCCIONES CHILI SRL",
        "nombre": "CONSTRUCCIONES CHILI SRL",
        "cuit": "30708181451",
        "rubro": "CONSTRUCCIONES",
        "direccion": "formosa 478 0",
        "localidad": "GALVEZ",
        "provincia": "SANTA FE",
        "email": "construccioneschili@yahoo.com",
        "telefono": "3404433015",
        "AFIP": "ok",
        "Estado AFIP": "ok",
        "CRM": "NO",
        "relevado": "-"
      }
    },
    {
      "type": "Feature",
      "geometry": {
        "type": "Point",
        "coordinates": [
          -60.2165909,
          -33.3277089
        ]
      },
      "properties": {
        "Base": "Prooveedores Santa Fe",
        "base": "Prooveedores Santa Fe",
        "cliente": "CONSTRUCCIONES DE LA COSTA NORTE S.A.",
        "nombre": "CONSTRUCCIONES DE LA COSTA NORTE S.A.",
        "cuit": "33713126409",
        "rubro": "CONSTRUCCIONES",
        "direccion": "PEATONAL 2 663 0",
        "localidad": "SAN NICOLAS",
        "provincia": "BUENOS AIRES",
        "email": "administracion@costanorteconstrucciones.com",
        "telefono": "3364196644",
        "AFIP": "ok",
        "Estado AFIP": "ok",
        "CRM": "NO",
        "relevado": "-"
      }
    },
    {
      "type": "Feature",
      "geometry": {
        "type": "Point",
        "coordinates": [
          -60.7019561,
          -31.6186951
        ]
      },
      "properties": {
        "Base": "Prooveedores Santa Fe",
        "base": "Prooveedores Santa Fe",
        "cliente": "CONSTRUCCIONES FG SRL",
        "nombre": "CONSTRUCCIONES FG SRL",
        "cuit": "30714747947",
        "rubro": "CONSTRUCCIONES",
        "direccion": "1º de Mayo 3415 0",
        "localidad": "SANTA FE",
        "provincia": "SANTA FE",
        "email": "marcosgiardino@outlook.com",
        "telefono": "0342 452 3500",
        "AFIP": "ok",
        "Estado AFIP": "ok",
        "CRM": "NO",
        "relevado": "-"
      }
    },
    {
      "type": "Feature",
      "geometry": {
        "type": "Point",
        "coordinates": [
          -60.6617024,
          -32.9593609
        ]
      },
      "properties": {
        "Base": "Prooveedores Santa Fe",
        "base": "Prooveedores Santa Fe",
        "cliente": "CONSTRUCCIONES INDUSTRIALES Y PORTUARIAS SA",
        "nombre": "CONSTRUCCIONES INDUSTRIALES Y PORTUARIAS SA",
        "cuit": "30709572012",
        "rubro": "CONSTRUCCIONES",
        "direccion": "DR RIVA 332",
        "localidad": "ROSARIO",
        "provincia": "SANTA FE",
        "email": "cipsa@cip-sa.com.ar",
        "telefono": "3413424254",
        "AFIP": "ok",
        "Estado AFIP": "ok",
        "CRM": "NO",
        "relevado": "-"
      }
    },
    {
      "type": "Feature",
      "geometry": {
        "type": "Point",
        "coordinates": [
          -60.6617024,
          -32.9593609
        ]
      },
      "properties": {
        "Base": "Prooveedores Santa Fe",
        "base": "Prooveedores Santa Fe",
        "cliente": "CONSTRUCCIONES TRES SRL",
        "nombre": "CONSTRUCCIONES TRES SRL",
        "cuit": "30709858757",
        "rubro": "CONSTRUCCIONES",
        "direccion": "REGIMIENTO XI 766",
        "localidad": "ROSARIO",
        "provincia": "SANTA FE",
        "email": "danielauce@gmail.com",
        "telefono": "3414653494",
        "AFIP": "ok",
        "Estado AFIP": "ok",
        "CRM": "NO",
        "relevado": "-"
      }
    },
    {
      "type": "Feature",
      "geometry": {
        "type": "Point",
        "coordinates": [
          -59.6437728,
          -29.1443478
        ]
      },
      "properties": {
        "Base": "Prooveedores Santa Fe",
        "base": "Prooveedores Santa Fe",
        "cliente": "CONSTRUCCIONES Y SERVICIOS MR SRL",
        "nombre": "CONSTRUCCIONES Y SERVICIOS MR SRL",
        "cuit": "30715892800",
        "rubro": "CONSTRUCCIONES",
        "direccion": "45 668 0",
        "localidad": "RECONQUISTA",
        "provincia": "SANTA FE",
        "email": "estudiozamar@gmail.com",
        "telefono": "3482422638",
        "AFIP": "ok",
        "Estado AFIP": "ok",
        "CRM": "NO",
        "relevado": "-"
      }
    },
    {
      "type": "Feature",
      "geometry": {
        "type": "Point",
        "coordinates": [
          -58.2588168,
          -34.7244434
        ]
      },
      "properties": {
        "Base": "Prooveedores Santa Fe",
        "base": "Prooveedores Santa Fe",
        "cliente": "CONSTRUCCIONES Y TENDIDOS DEL SUR SA",
        "nombre": "CONSTRUCCIONES Y TENDIDOS DEL SUR SA",
        "cuit": "33710071859",
        "rubro": "CONSTRUCCIONES",
        "direccion": "LAVALLE 678 3",
        "localidad": "QUILMES",
        "provincia": "BUENOS AIRES",
        "email": "administracion@cotensur.com.ar",
        "telefono": "1142532208",
        "AFIP": "ok",
        "Estado AFIP": "ok",
        "CRM": "NO",
        "relevado": "-"
      }
    },
    {
      "type": "Feature",
      "geometry": {
        "type": "Point",
        "coordinates": [
          -60.7019561,
          -31.6186951
        ]
      },
      "properties": {
        "Base": "Prooveedores Santa Fe",
        "base": "Prooveedores Santa Fe",
        "cliente": "CONSTRUCTORA GLOBAL UNO S.R.L.",
        "nombre": "CONSTRUCTORA GLOBAL UNO S.R.L.",
        "cuit": "30715110322",
        "rubro": "CONSTRUCCIONES",
        "direccion": "Castelli 2936 0",
        "localidad": "SANTA FE",
        "provincia": "SANTA FE",
        "email": "administracion@globaluno.com.ar",
        "telefono": "0342-4806326",
        "AFIP": "ok",
        "Estado AFIP": "ok",
        "CRM": "NO",
        "relevado": "-"
      }
    },
    {
      "type": "Feature",
      "geometry": {
        "type": "Point",
        "coordinates": [
          -59.6437728,
          -29.1443478
        ]
      },
      "properties": {
        "Base": "Prooveedores Santa Fe",
        "base": "Prooveedores Santa Fe",
        "cliente": "CONSTRUCTORA HORIZONTE S.R.L",
        "nombre": "CONSTRUCTORA HORIZONTE S.R.L",
        "cuit": "30711611823",
        "rubro": "CONSTRUCCIONES",
        "direccion": "JORGE NEWBERY 2169",
        "localidad": "RECONQUISTA",
        "provincia": "SANTA FE",
        "email": "constructorahorizontesrl@gmail.com",
        "telefono": "03482-437639",
        "AFIP": "ok",
        "Estado AFIP": "ok",
        "CRM": "NO",
        "relevado": "-"
      }
    },
    {
      "type": "Feature",
      "geometry": {
        "type": "Point",
        "coordinates": [
          -60.6617024,
          -32.9593609
        ]
      },
      "properties": {
        "Base": "Prooveedores Santa Fe",
        "base": "Prooveedores Santa Fe",
        "cliente": "CONSTRUYE RK S.R.L.",
        "nombre": "CONSTRUYE RK S.R.L.",
        "cuit": "30717702170",
        "rubro": "CONSTRUCCIONES",
        "direccion": "VALPARAISO 734",
        "localidad": "ROSARIO",
        "provincia": "SANTA FE",
        "email": "administracion@rkconstruye.com",
        "telefono": "341153413142761",
        "AFIP": "ok",
        "Estado AFIP": "ok",
        "CRM": "NO",
        "relevado": "-"
      }
    },
    {
      "type": "Feature",
      "geometry": {
        "type": "Point",
        "coordinates": [
          -60.6196127,
          -33.057523
        ]
      },
      "properties": {
        "Base": "Prooveedores Santa Fe",
        "base": "Prooveedores Santa Fe",
        "cliente": "CONYLOG SRL",
        "nombre": "CONYLOG SRL",
        "cuit": "30710543972",
        "rubro": "CONSTRUCCIONES",
        "direccion": "autopista aramburu km 280",
        "localidad": "ALVEAR",
        "provincia": "SANTA FE",
        "email": "ctimoszuk@conylog.com.ar",
        "telefono": "0341 3721073",
        "AFIP": "ok",
        "Estado AFIP": "ok",
        "CRM": "NO",
        "relevado": "-"
      }
    },
    {
      "type": "Feature",
      "geometry": {
        "type": "Point",
        "coordinates": [
          -62.7110819,
          -34.2617313
        ]
      },
      "properties": {
        "Base": "Prooveedores Santa Fe",
        "base": "Prooveedores Santa Fe",
        "cliente": "CONYMAT S.A.",
        "nombre": "CONYMAT S.A.",
        "cuit": "30708119640",
        "rubro": "CONSTRUCCIONES",
        "direccion": "SAN LORENZO 466",
        "localidad": "RUFINO",
        "provincia": "SANTA FE",
        "email": "syezze@gmail.com",
        "telefono": "3382676130",
        "AFIP": "ok",
        "Estado AFIP": "ok",
        "CRM": "NO",
        "relevado": "-"
      }
    },
    {
      "type": "Feature",
      "geometry": {
        "type": "Point",
        "coordinates": [
          -60.7019561,
          -31.6186951
        ]
      },
      "properties": {
        "Base": "Prooveedores Santa Fe",
        "base": "Prooveedores Santa Fe",
        "cliente": "COOP DE TRABAJO SANTA FE SUSTENTABLE LTDA",
        "nombre": "COOP DE TRABAJO SANTA FE SUSTENTABLE LTDA",
        "cuit": "30717140385",
        "rubro": "CONSTRUCCIONES",
        "direccion": "Pasaje Guido 942",
        "localidad": "SANTA FE",
        "provincia": "SANTA FE",
        "email": "gallucciopablo@gmail.com",
        "telefono": "34256109236",
        "AFIP": "ok",
        "Estado AFIP": "ok",
        "CRM": "NO",
        "relevado": "-"
      }
    },
    {
      "type": "Feature",
      "geometry": {
        "type": "Point",
        "coordinates": [
          -60.6617024,
          -32.9593609
        ]
      },
      "properties": {
        "Base": "Prooveedores Santa Fe",
        "base": "Prooveedores Santa Fe",
        "cliente": "COOP. DE TRABAJO 11 DE OCTUBRE LDA",
        "nombre": "COOP. DE TRABAJO 11 DE OCTUBRE LDA",
        "cuit": "30709427349",
        "rubro": "CONSTRUCCIONES",
        "direccion": "PRESIDENTE ROCA 4222",
        "localidad": "ROSARIO",
        "provincia": "SANTA FE",
        "email": "silvanazuliani@hotmail.com",
        "telefono": "3416564341",
        "AFIP": "ok",
        "Estado AFIP": "ok",
        "CRM": "NO",
        "relevado": "-"
      }
    },
    {
      "type": "Feature",
      "geometry": {
        "type": "Point",
        "coordinates": [
          -60.7019561,
          -31.6186951
        ]
      },
      "properties": {
        "Base": "Prooveedores Santa Fe",
        "base": "Prooveedores Santa Fe",
        "cliente": "COOP. DE TRABAJO JOVENES DE SAN CAYETANO LIMITADA",
        "nombre": "COOP. DE TRABAJO JOVENES DE SAN CAYETANO LIMITADA",
        "cuit": "30709228176",
        "rubro": "CONSTRUCCIONES",
        "direccion": "Pje. Irala 4127",
        "localidad": "SANTA FE",
        "provincia": "SANTA FE",
        "email": "jovenesdesancayetano@hotmail.com",
        "telefono": "11111111",
        "AFIP": "ok",
        "Estado AFIP": "ok",
        "CRM": "NO",
        "relevado": "-"
      }
    },
    {
      "type": "Feature",
      "geometry": {
        "type": "Point",
        "coordinates": [
          -59.3547373,
          -28.4867657
        ]
      },
      "properties": {
        "Base": "Prooveedores Santa Fe",
        "base": "Prooveedores Santa Fe",
        "cliente": "COOP. TELEF DE PROV DE OBRAS Y SERV PUB, SOC, ASIST DE VIV, PRESTAMOS, PROD Y COMERIC VILLA OCAMPO LTDA COTELVO LTDA",
        "nombre": "COOP. TELEF DE PROV DE OBRAS Y SERV PUB, SOC, ASIST DE VIV, PRESTAMOS, PROD Y COMERIC VILLA OCAMPO LTDA COTELVO LTDA",
        "cuit": "30545785028",
        "rubro": "CONSTRUCCIONES",
        "direccion": "Belgrano 1268 0",
        "localidad": "VILLA OCAMPO",
        "provincia": "SANTA FE",
        "email": "dam@vocampo.com.ar",
        "telefono": "03482-466336",
        "AFIP": "ok",
        "Estado AFIP": "ok",
        "CRM": "NO",
        "relevado": "-"
      }
    },
    {
      "type": "Feature",
      "geometry": {
        "type": "Point",
        "coordinates": [
          -61.4916758,
          -31.2526923
        ]
      },
      "properties": {
        "Base": "Prooveedores Santa Fe",
        "base": "Prooveedores Santa Fe",
        "cliente": "COOPERATIVA DE OBRAS SERVICIOS PUBLICOS Y ASISTENCIALES VIVIENDA Y CREDITO RAFAELA LIMITADA",
        "nombre": "COOPERATIVA DE OBRAS SERVICIOS PUBLICOS Y ASISTENCIALES VIVIENDA Y CREDITO RAFAELA LIMITADA",
        "cuit": "33646834789",
        "rubro": "CONSTRUCCIONES",
        "direccion": "BV. H. YRIGOYEN 276",
        "localidad": "RAFAELA",
        "provincia": "SANTA FE",
        "email": "cospavc@hotmail.com",
        "telefono": "03492 - 424254",
        "AFIP": "ok",
        "Estado AFIP": "ok",
        "CRM": "NO",
        "relevado": "-"
      }
    },
    {
      "type": "Feature",
      "geometry": {
        "type": "Point",
        "coordinates": [
          -60.6617024,
          -32.9593609
        ]
      },
      "properties": {
        "Base": "Prooveedores Santa Fe",
        "base": "Prooveedores Santa Fe",
        "cliente": "COOPERATIVA DE TRABAJO 2 DE ABRIL LIMITADA",
        "nombre": "COOPERATIVA DE TRABAJO 2 DE ABRIL LIMITADA",
        "cuit": "30710729758",
        "rubro": "CONSTRUCCIONES",
        "direccion": "Venezuela Bis 1287",
        "localidad": "ROSARIO",
        "provincia": "SANTA FE",
        "email": "rominaantonietta@hotmail.com",
        "telefono": "341153387893",
        "AFIP": "ok",
        "Estado AFIP": "ok",
        "CRM": "NO",
        "relevado": "-"
      }
    },
    {
      "type": "Feature",
      "geometry": {
        "type": "Point",
        "coordinates": [
          -60.7019561,
          -31.6186951
        ]
      },
      "properties": {
        "Base": "Prooveedores Santa Fe",
        "base": "Prooveedores Santa Fe",
        "cliente": "COOPERATIVA DE TRABAJO 26 DE JULIO LIMITADA",
        "nombre": "COOPERATIVA DE TRABAJO 26 DE JULIO LIMITADA",
        "cuit": "33713709609",
        "rubro": "CONSTRUCCIONES",
        "direccion": "Pasaje Quiroga 4144 0",
        "localidad": "SANTA FE",
        "provincia": "SANTA FE",
        "email": "molipuygros@hotmail.com",
        "telefono": "3424273691",
        "AFIP": "ok",
        "Estado AFIP": "ok",
        "CRM": "NO",
        "relevado": "-"
      }
    },
    {
      "type": "Feature",
      "geometry": {
        "type": "Point",
        "coordinates": [
          -60.7019561,
          -31.6186951
        ]
      },
      "properties": {
        "Base": "Prooveedores Santa Fe",
        "base": "Prooveedores Santa Fe",
        "cliente": "COOPERATIVA DE TRABAJO 29 DE ABRIL LIMITADA",
        "nombre": "COOPERATIVA DE TRABAJO 29 DE ABRIL LIMITADA",
        "cuit": "30709160431",
        "rubro": "CONSTRUCCIONES",
        "direccion": "Pasaje Anunciación 8023 0",
        "localidad": "SANTA FE",
        "provincia": "SANTA FE",
        "email": "cooperativa29deabrilltda@gmail.com",
        "telefono": "3425476052",
        "AFIP": "ok",
        "Estado AFIP": "ok",
        "CRM": "NO",
        "relevado": "-"
      }
    },
    {
      "type": "Feature",
      "geometry": {
        "type": "Point",
        "coordinates": [
          -60.6617024,
          -32.9593609
        ]
      },
      "properties": {
        "Base": "Prooveedores Santa Fe",
        "base": "Prooveedores Santa Fe",
        "cliente": "COOPERATIVA DE TRABAJO ADOBE LIMITADA",
        "nombre": "COOPERATIVA DE TRABAJO ADOBE LIMITADA",
        "cuit": "30717465268",
        "rubro": "CONSTRUCCIONES",
        "direccion": "pedro lino funes 346 bis",
        "localidad": "ROSARIO",
        "provincia": "SANTA FE",
        "email": "silvanazuliani@hotmail.com",
        "telefono": "3416564341",
        "AFIP": "ok",
        "Estado AFIP": "ok",
        "CRM": "NO",
        "relevado": "-"
      }
    },
    {
      "type": "Feature",
      "geometry": {
        "type": "Point",
        "coordinates": [
          -60.6617024,
          -32.9593609
        ]
      },
      "properties": {
        "Base": "Prooveedores Santa Fe",
        "base": "Prooveedores Santa Fe",
        "cliente": "COOPERATIVA DE TRABAJO AIRES DE ROSARIO LTDA",
        "nombre": "COOPERATIVA DE TRABAJO AIRES DE ROSARIO LTDA",
        "cuit": "30716203979",
        "rubro": "CONSTRUCCIONES",
        "direccion": "Cochabamba 1516",
        "localidad": "ROSARIO",
        "provincia": "SANTA FE",
        "email": "contacto@coopairesrosario.com.ar",
        "telefono": "3413653147",
        "AFIP": "ok",
        "Estado AFIP": "ok",
        "CRM": "NO",
        "relevado": "-"
      }
    },
    {
      "type": "Feature",
      "geometry": {
        "type": "Point",
        "coordinates": [
          -60.7019561,
          -31.6186951
        ]
      },
      "properties": {
        "Base": "Prooveedores Santa Fe",
        "base": "Prooveedores Santa Fe",
        "cliente": "COOPERATIVA DE TRABAJO ALA LIMITADA",
        "nombre": "COOPERATIVA DE TRABAJO ALA LIMITADA",
        "cuit": "30717871193",
        "rubro": "CONSTRUCCIONES",
        "direccion": "CRISTOBAL COLON 3065",
        "localidad": "SANTA FE",
        "provincia": "SANTA FE",
        "email": "cooperativadetrabajoala@gmail.com",
        "telefono": "3424296262",
        "AFIP": "ok",
        "Estado AFIP": "ok",
        "CRM": "NO",
        "relevado": "-"
      }
    },
    {
      "type": "Feature",
      "geometry": {
        "type": "Point",
        "coordinates": [
          -60.7019561,
          -31.6186951
        ]
      },
      "properties": {
        "Base": "Prooveedores Santa Fe",
        "base": "Prooveedores Santa Fe",
        "cliente": "COOPERATIVA DE TRABAJO CAD SERVICIOS DE LA CONSTRUCCION Y MANTENIMIENTO LIMITADA",
        "nombre": "COOPERATIVA DE TRABAJO CAD SERVICIOS DE LA CONSTRUCCION Y MANTENIMIENTO LIMITADA",
        "cuit": "30717777308",
        "rubro": "CONSTRUCCIONES",
        "direccion": "Roque Saenz Peña 1067 0",
        "localidad": "SANTA FE",
        "provincia": "SANTA FE",
        "email": "cadcooperativaconstruccion@gmail.com",
        "telefono": "3426125891",
        "AFIP": "ok",
        "Estado AFIP": "ok",
        "CRM": "NO",
        "relevado": "-"
      }
    },
    {
      "type": "Feature",
      "geometry": {
        "type": "Point",
        "coordinates": [
          -60.7019561,
          -31.6186951
        ]
      },
      "properties": {
        "Base": "Prooveedores Santa Fe",
        "base": "Prooveedores Santa Fe",
        "cliente": "COOPERATIVA DE TRABAJO CAMBIAR POR LA GENTE LIMITADA",
        "nombre": "COOPERATIVA DE TRABAJO CAMBIAR POR LA GENTE LIMITADA",
        "cuit": "30714880701",
        "rubro": "CONSTRUCCIONES",
        "direccion": "risso 3940",
        "localidad": "SANTA FE",
        "provincia": "SANTA FE",
        "email": "m.h.villalba@hotmail.com",
        "telefono": "0342-1550011940",
        "AFIP": "ok",
        "Estado AFIP": "ok",
        "CRM": "NO",
        "relevado": "-"
      }
    },
    {
      "type": "Feature",
      "geometry": {
        "type": "Point",
        "coordinates": [
          -60.7019561,
          -31.6186951
        ]
      },
      "properties": {
        "Base": "Prooveedores Santa Fe",
        "base": "Prooveedores Santa Fe",
        "cliente": "COOPERATIVA DE TRABAJO CASA BASE LTDA",
        "nombre": "COOPERATIVA DE TRABAJO CASA BASE LTDA",
        "cuit": "30709882356",
        "rubro": "CONSTRUCCIONES",
        "direccion": "SANTIAGO DE CHILE 2468",
        "localidad": "SANTA FE",
        "provincia": "SANTA FE",
        "email": "coop.casabase@gmail.com",
        "telefono": "11 - 4301-6818 -",
        "AFIP": "ok",
        "Estado AFIP": "ok",
        "CRM": "NO",
        "relevado": "-"
      }
    },
    {
      "type": "Feature",
      "geometry": {
        "type": "Point",
        "coordinates": [
          -60.6617024,
          -32.9593609
        ]
      },
      "properties": {
        "Base": "Prooveedores Santa Fe",
        "base": "Prooveedores Santa Fe",
        "cliente": "COOPERATIVA DE TRABAJO CHACO ARGENTINO LTDA.",
        "nombre": "COOPERATIVA DE TRABAJO CHACO ARGENTINO LTDA.",
        "cuit": "30710261853",
        "rubro": "CONSTRUCCIONES",
        "direccion": "1º de Mayo 2380 0 A",
        "localidad": "ROSARIO",
        "provincia": "SANTA FE",
        "email": "estudio@acostaasociados.com",
        "telefono": "341156924812",
        "AFIP": "ok",
        "Estado AFIP": "ok",
        "CRM": "NO",
        "relevado": "-"
      }
    },
    {
      "type": "Feature",
      "geometry": {
        "type": "Point",
        "coordinates": [
          -60.7019561,
          -31.6186951
        ]
      },
      "properties": {
        "Base": "Prooveedores Santa Fe",
        "base": "Prooveedores Santa Fe",
        "cliente": "COOPERATIVA DE TRABAJO CONSTRUCCIONES GUADALUPE LIMITADA",
        "nombre": "COOPERATIVA DE TRABAJO CONSTRUCCIONES GUADALUPE LIMITADA",
        "cuit": "30709219266",
        "rubro": "CONSTRUCCIONES",
        "direccion": "French 2370 0",
        "localidad": "SANTA FE",
        "provincia": "SANTA FE",
        "email": "estudiocontablepignata@hotmail.com",
        "telefono": "3425151078",
        "AFIP": "ok",
        "Estado AFIP": "ok",
        "CRM": "NO",
        "relevado": "-"
      }
    },
    {
      "type": "Feature",
      "geometry": {
        "type": "Point",
        "coordinates": [
          -60.7354891,
          -31.4909067
        ]
      },
      "properties": {
        "Base": "Prooveedores Santa Fe",
        "base": "Prooveedores Santa Fe",
        "cliente": "COOPERATIVA DE TRABAJO COONSTRUIR LIMITADA",
        "nombre": "COOPERATIVA DE TRABAJO COONSTRUIR LIMITADA",
        "cuit": "30717135586",
        "rubro": "CONSTRUCCIONES",
        "direccion": "Juan de Garay 5812 0",
        "localidad": "RECREO",
        "provincia": "SANTA FE",
        "email": "ccoonstruir@gmail.com",
        "telefono": "3424 67-2568",
        "AFIP": "ok",
        "Estado AFIP": "ok",
        "CRM": "NO",
        "relevado": "-"
      }
    },
    {
      "type": "Feature",
      "geometry": {
        "type": "Point",
        "coordinates": [
          -60.3298225,
          -33.227206
        ]
      },
      "properties": {
        "Base": "Prooveedores Santa Fe",
        "base": "Prooveedores Santa Fe",
        "cliente": "COOPERATIVA DE TRABAJO COOPERAR 7 DE MAYO LTDA.",
        "nombre": "COOPERATIVA DE TRABAJO COOPERAR 7 DE MAYO LTDA.",
        "cuit": "30708101350",
        "rubro": "CONSTRUCCIONES",
        "direccion": "Ruta 21 5608",
        "localidad": "VILLA CONSTITUCION",
        "provincia": "SANTA FE",
        "email": "fabriciopavan@cooperar7demayo.com.ar",
        "telefono": "3400 477552",
        "AFIP": "ok",
        "Estado AFIP": "ok",
        "CRM": "NO",
        "relevado": "-"
      }
    },
    {
      "type": "Feature",
      "geometry": {
        "type": "Point",
        "coordinates": [
          -60.6617024,
          -32.9593609
        ]
      },
      "properties": {
        "Base": "Prooveedores Santa Fe",
        "base": "Prooveedores Santa Fe",
        "cliente": "COOPERATIVA DE TRABAJO DE SERVICIOS GENERALES Y DE MANTENIMIENTO ROSARIO COTRASER LTDA",
        "nombre": "COOPERATIVA DE TRABAJO DE SERVICIOS GENERALES Y DE MANTENIMIENTO ROSARIO COTRASER LTDA",
        "cuit": "30680530730",
        "rubro": "CONSTRUCCIONES",
        "direccion": "BRD SEGUI 4037",
        "localidad": "ROSARIO",
        "provincia": "SANTA FE",
        "email": "danielauce@gmail.com",
        "telefono": "3425229007",
        "AFIP": "ok",
        "Estado AFIP": "ok",
        "CRM": "NO",
        "relevado": "-"
      }
    },
    {
      "type": "Feature",
      "geometry": {
        "type": "Point",
        "coordinates": [
          -60.6617024,
          -32.9593609
        ]
      },
      "properties": {
        "Base": "Prooveedores Santa Fe",
        "base": "Prooveedores Santa Fe",
        "cliente": "COOPERATIVA DE TRABAJO ECOBLOCK LTDA",
        "nombre": "COOPERATIVA DE TRABAJO ECOBLOCK LTDA",
        "cuit": "30716952009",
        "rubro": "CONSTRUCCIONES",
        "direccion": "LUIS BRAILLE 1289 0",
        "localidad": "ROSARIO",
        "provincia": "SANTA FE",
        "email": "coriaa@hotmail.com",
        "telefono": "3416446779",
        "AFIP": "ok",
        "Estado AFIP": "ok",
        "CRM": "NO",
        "relevado": "-"
      }
    },
    {
      "type": "Feature",
      "geometry": {
        "type": "Point",
        "coordinates": [
          -60.6617024,
          -32.9593609
        ]
      },
      "properties": {
        "Base": "Prooveedores Santa Fe",
        "base": "Prooveedores Santa Fe",
        "cliente": "COOPERATIVA DE TRABAJO EDILCO LIMITADA",
        "nombre": "COOPERATIVA DE TRABAJO EDILCO LIMITADA",
        "cuit": "30714663719",
        "rubro": "CONSTRUCCIONES",
        "direccion": "santa fe 1047 1 A",
        "localidad": "ROSARIO",
        "provincia": "SANTA FE",
        "email": "edilco.info@gmail.com",
        "telefono": "3415454543",
        "AFIP": "ok",
        "Estado AFIP": "ok",
        "CRM": "NO",
        "relevado": "-"
      }
    },
    {
      "type": "Feature",
      "geometry": {
        "type": "Point",
        "coordinates": [
          -60.7019561,
          -31.6186951
        ]
      },
      "properties": {
        "Base": "Prooveedores Santa Fe",
        "base": "Prooveedores Santa Fe",
        "cliente": "COOPERATIVA DE TRABAJO EL PUEBLO LIMITADA",
        "nombre": "COOPERATIVA DE TRABAJO EL PUEBLO LIMITADA",
        "cuit": "30714276529",
        "rubro": "CONSTRUCCIONES",
        "direccion": "Camoati Bis 955",
        "localidad": "SANTA FE",
        "provincia": "SANTA FE",
        "email": "cooperativaelpueblolimitada@gmail.com",
        "telefono": "3412147224",
        "AFIP": "ok",
        "Estado AFIP": "ok",
        "CRM": "NO",
        "relevado": "-"
      }
    },
    {
      "type": "Feature",
      "geometry": {
        "type": "Point",
        "coordinates": [
          -60.6617024,
          -32.9593609
        ]
      },
      "properties": {
        "Base": "Prooveedores Santa Fe",
        "base": "Prooveedores Santa Fe",
        "cliente": "COOPERATIVA DE TRABAJO ESFUERZO Y TRABAJO LIMITADA",
        "nombre": "COOPERATIVA DE TRABAJO ESFUERZO Y TRABAJO LIMITADA",
        "cuit": "30716258056",
        "rubro": "CONSTRUCCIONES",
        "direccion": "Avenida Nuestra Señora del Rosario 1845 3",
        "localidad": "ROSARIO",
        "provincia": "SANTA FE",
        "email": "esfuerzoytrabajocoopltda@gmail.com",
        "telefono": "3416524319",
        "AFIP": "ok",
        "Estado AFIP": "ok",
        "CRM": "NO",
        "relevado": "-"
      }
    },
    {
      "type": "Feature",
      "geometry": {
        "type": "Point",
        "coordinates": [
          -60.6617024,
          -32.9593609
        ]
      },
      "properties": {
        "Base": "Prooveedores Santa Fe",
        "base": "Prooveedores Santa Fe",
        "cliente": "COOPERATIVA DE TRABAJO FENIX ROSARIO LTDA",
        "nombre": "COOPERATIVA DE TRABAJO FENIX ROSARIO LTDA",
        "cuit": "30711618925",
        "rubro": "CONSTRUCCIONES",
        "direccion": "Vieytes 1125 0",
        "localidad": "ROSARIO",
        "provincia": "SANTA FE",
        "email": "fenixrosario@gmail.com",
        "telefono": "3412207120",
        "AFIP": "ok",
        "Estado AFIP": "ok",
        "CRM": "NO",
        "relevado": "-"
      }
    },
    {
      "type": "Feature",
      "geometry": {
        "type": "Point",
        "coordinates": [
          -60.6617024,
          -32.9593609
        ]
      },
      "properties": {
        "Base": "Prooveedores Santa Fe",
        "base": "Prooveedores Santa Fe",
        "cliente": "COOPERATIVA DE TRABAJO FLOR DE CEIBO LIMITADA",
        "nombre": "COOPERATIVA DE TRABAJO FLOR DE CEIBO LIMITADA",
        "cuit": "30711933820",
        "rubro": "CONSTRUCCIONES",
        "direccion": "juan jose paso 2067 0",
        "localidad": "ROSARIO",
        "provincia": "SANTA FE",
        "email": "coopflordeceibo2017@gmail.com",
        "telefono": "3412780905",
        "AFIP": "ok",
        "Estado AFIP": "ok",
        "CRM": "NO",
        "relevado": "-"
      }
    },
    {
      "type": "Feature",
      "geometry": {
        "type": "Point",
        "coordinates": [
          -60.9383367,
          -31.5870324
        ]
      },
      "properties": {
        "Base": "Prooveedores Santa Fe",
        "base": "Prooveedores Santa Fe",
        "cliente": "COOPERATIVA DE TRABAJO FRANCK LTDA.",
        "nombre": "COOPERATIVA DE TRABAJO FRANCK LTDA.",
        "cuit": "33714442789",
        "rubro": "CONSTRUCCIONES",
        "direccion": "Islas Malvinas 1507",
        "localidad": "FRANCK",
        "provincia": "SANTA FE",
        "email": "sole_clau34@hotmail.com",
        "telefono": "TEL:0342-15825207459",
        "AFIP": "ok",
        "Estado AFIP": "ok",
        "CRM": "NO",
        "relevado": "-"
      }
    },
    {
      "type": "Feature",
      "geometry": {
        "type": "Point",
        "coordinates": [
          -60.6617024,
          -32.9593609
        ]
      },
      "properties": {
        "Base": "Prooveedores Santa Fe",
        "base": "Prooveedores Santa Fe",
        "cliente": "COOPERATIVA DE TRABAJO IMPERIO LIMITADA",
        "nombre": "COOPERATIVA DE TRABAJO IMPERIO LIMITADA",
        "cuit": "30711815836",
        "rubro": "CONSTRUCCIONES",
        "direccion": "Copacabana 3603",
        "localidad": "ROSARIO",
        "provincia": "SANTA FE",
        "email": "estudiocontablecooperativas@gmail.com",
        "telefono": "341153807211",
        "AFIP": "ok",
        "Estado AFIP": "ok",
        "CRM": "NO",
        "relevado": "-"
      }
    },
    {
      "type": "Feature",
      "geometry": {
        "type": "Point",
        "coordinates": [
          -60.9165754,
          -31.9813794
        ]
      },
      "properties": {
        "Base": "Prooveedores Santa Fe",
        "base": "Prooveedores Santa Fe",
        "cliente": "COOPERATIVA DE TRABAJO INTEGRACIÓN Y DESARROLLO LTDA.",
        "nombre": "COOPERATIVA DE TRABAJO INTEGRACIÓN Y DESARROLLO LTDA.",
        "cuit": "30717735966",
        "rubro": "CONSTRUCCIONES",
        "direccion": "Rivadavia S/N",
        "localidad": "DESVIO ARIJON",
        "provincia": "SANTA FE",
        "email": "cooperativainde@gmail.com",
        "telefono": "3424366535",
        "AFIP": "ok",
        "Estado AFIP": "ok",
        "CRM": "NO",
        "relevado": "-"
      }
    },
    {
      "type": "Feature",
      "geometry": {
        "type": "Point",
        "coordinates": [
          -60.7019561,
          -31.6186951
        ]
      },
      "properties": {
        "Base": "Prooveedores Santa Fe",
        "base": "Prooveedores Santa Fe",
        "cliente": "COOPERATIVA DE TRABAJO LA CONSTRUCTORA LTDA",
        "nombre": "COOPERATIVA DE TRABAJO LA CONSTRUCTORA LTDA",
        "cuit": "30717570665",
        "rubro": "CONSTRUCCIONES",
        "direccion": "4 de Enero 1148",
        "localidad": "SANTA FE",
        "provincia": "SANTA FE",
        "email": "laconstructorasf@gmail.com",
        "telefono": "3425241942",
        "AFIP": "ok",
        "Estado AFIP": "ok",
        "CRM": "NO",
        "relevado": "-"
      }
    },
    {
      "type": "Feature",
      "geometry": {
        "type": "Point",
        "coordinates": [
          -60.6617024,
          -32.9593609
        ]
      },
      "properties": {
        "Base": "Prooveedores Santa Fe",
        "base": "Prooveedores Santa Fe",
        "cliente": "COOPERATIVA DE TRABAJO LA MORENA LTDA",
        "nombre": "COOPERATIVA DE TRABAJO LA MORENA LTDA",
        "cuit": "33716048549",
        "rubro": "CONSTRUCCIONES",
        "direccion": "LAPRIDA 780 3 17",
        "localidad": "ROSARIO",
        "provincia": "SANTA FE",
        "email": "cooperativalamorenaltda@gmail.com",
        "telefono": "3412470547",
        "AFIP": "ok",
        "Estado AFIP": "ok",
        "CRM": "NO",
        "relevado": "-"
      }
    },
    {
      "type": "Feature",
      "geometry": {
        "type": "Point",
        "coordinates": [
          -60.7019561,
          -31.6186951
        ]
      },
      "properties": {
        "Base": "Prooveedores Santa Fe",
        "base": "Prooveedores Santa Fe",
        "cliente": "COOPERATIVA DE TRABAJO LA PRIMERA LIMITADA",
        "nombre": "COOPERATIVA DE TRABAJO LA PRIMERA LIMITADA",
        "cuit": "30712344705",
        "rubro": "CONSTRUCCIONES",
        "direccion": "LOS CASTAÑOS Y OLIVOS",
        "localidad": "SANTA FE",
        "provincia": "SANTA FE",
        "email": "m.a.e3371@hotmail.com.ar",
        "telefono": "3424350518",
        "AFIP": "ok",
        "Estado AFIP": "ok",
        "CRM": "NO",
        "relevado": "-"
      }
    },
    {
      "type": "Feature",
      "geometry": {
        "type": "Point",
        "coordinates": [
          -60.7019561,
          -31.6186951
        ]
      },
      "properties": {
        "Base": "Prooveedores Santa Fe",
        "base": "Prooveedores Santa Fe",
        "cliente": "COOPERATIVA DE TRABAJO LAS FLORES II LIMITADA",
        "nombre": "COOPERATIVA DE TRABAJO LAS FLORES II LIMITADA",
        "cuit": "30714244805",
        "rubro": "CONSTRUCCIONES",
        "direccion": "Gaboto 7380",
        "localidad": "SANTA FE",
        "provincia": "SANTA FE",
        "email": "cristiangalvan14@hotmail.com",
        "telefono": "3424215238",
        "AFIP": "ok",
        "Estado AFIP": "ok",
        "CRM": "NO",
        "relevado": "-"
      }
    },
    {
      "type": "Feature",
      "geometry": {
        "type": "Point",
        "coordinates": [
          -60.7019561,
          -31.6186951
        ]
      },
      "properties": {
        "Base": "Prooveedores Santa Fe",
        "base": "Prooveedores Santa Fe",
        "cliente": "COOPERATIVA DE TRABAJO LUCHEMOS JUNTOS POR UN BARRIO MEJOR LTDA",
        "nombre": "COOPERATIVA DE TRABAJO LUCHEMOS JUNTOS POR UN BARRIO MEJOR LTDA",
        "cuit": "30711275025",
        "rubro": "CONSTRUCCIONES",
        "direccion": "Ponce de leon 9500 1",
        "localidad": "SANTA FE",
        "provincia": "SANTA FE",
        "email": "escalante.natalia08@gmail.com",
        "telefono": "3425913151",
        "AFIP": "ok",
        "Estado AFIP": "ok",
        "CRM": "NO",
        "relevado": "-"
      }
    },
    {
      "type": "Feature",
      "geometry": {
        "type": "Point",
        "coordinates": [
          -60.6617024,
          -32.9593609
        ]
      },
      "properties": {
        "Base": "Prooveedores Santa Fe",
        "base": "Prooveedores Santa Fe",
        "cliente": "COOPERATIVA DE TRABAJO MARIANO MORENO LIMITADA",
        "nombre": "COOPERATIVA DE TRABAJO MARIANO MORENO LIMITADA",
        "cuit": "33715307249",
        "rubro": "CONSTRUCCIONES",
        "direccion": "Bibliote Vigil (Ex Falcón) 97 bis 0",
        "localidad": "ROSARIO",
        "provincia": "SANTA FE",
        "email": "cooperativa.marianomoreno@gmail.com",
        "telefono": "3412652808",
        "AFIP": "ok",
        "Estado AFIP": "ok",
        "CRM": "NO",
        "relevado": "-"
      }
    },
    {
      "type": "Feature",
      "geometry": {
        "type": "Point",
        "coordinates": [
          -60.6617024,
          -32.9593609
        ]
      },
      "properties": {
        "Base": "Prooveedores Santa Fe",
        "base": "Prooveedores Santa Fe",
        "cliente": "COOPERATIVA DE TRABAJO MUJERES EN OBRA LIMITADA",
        "nombre": "COOPERATIVA DE TRABAJO MUJERES EN OBRA LIMITADA",
        "cuit": "30717705919",
        "rubro": "CONSTRUCCIONES",
        "direccion": "Entre Rios 368 0",
        "localidad": "ROSARIO",
        "provincia": "SANTA FE",
        "email": "contacto@mujeresenobra.com",
        "telefono": "3413364508",
        "AFIP": "ok",
        "Estado AFIP": "ok",
        "CRM": "NO",
        "relevado": "-"
      }
    },
    {
      "type": "Feature",
      "geometry": {
        "type": "Point",
        "coordinates": [
          -59.6586236,
          -29.1175471
        ]
      },
      "properties": {
        "Base": "Prooveedores Santa Fe",
        "base": "Prooveedores Santa Fe",
        "cliente": "COOPERATIVA DE TRABAJO NORTE CONSTRUCCIONES LTDA",
        "nombre": "COOPERATIVA DE TRABAJO NORTE CONSTRUCCIONES LTDA",
        "cuit": "30714623172",
        "rubro": "CONSTRUCCIONES",
        "direccion": "Pasaje Norte 1128 0",
        "localidad": "AVELLANEDA",
        "provincia": "SANTA FE",
        "email": "adrianpaduan@hotmail.com",
        "telefono": "3482254031",
        "AFIP": "ok",
        "Estado AFIP": "ok",
        "CRM": "NO",
        "relevado": "-"
      }
    },
    {
      "type": "Feature",
      "geometry": {
        "type": "Point",
        "coordinates": [
          -60.7019561,
          -31.6186951
        ]
      },
      "properties": {
        "Base": "Prooveedores Santa Fe",
        "base": "Prooveedores Santa Fe",
        "cliente": "COOPERATIVA DE TRABAJO ONDA VERDE ORGANIZADA LIMITADA",
        "nombre": "COOPERATIVA DE TRABAJO ONDA VERDE ORGANIZADA LIMITADA",
        "cuit": "30716206188",
        "rubro": "CONSTRUCCIONES",
        "direccion": "ESTRADA 1659",
        "localidad": "SANTA FE",
        "provincia": "SANTA FE",
        "email": "coopondaverde9@gmail.com",
        "telefono": "3425911919",
        "AFIP": "ok",
        "Estado AFIP": "ok",
        "CRM": "NO",
        "relevado": "-"
      }
    },
    {
      "type": "Feature",
      "geometry": {
        "type": "Point",
        "coordinates": [
          -60.3803274,
          -33.2605466
        ]
      },
      "properties": {
        "Base": "Prooveedores Santa Fe",
        "base": "Prooveedores Santa Fe",
        "cliente": "COOPERATIVA DE TRABAJO PARA LA RECUPERACIÓN Y ACOPIO DE MATERIALES PRAM LIMITADA",
        "nombre": "COOPERATIVA DE TRABAJO PARA LA RECUPERACIÓN Y ACOPIO DE MATERIALES PRAM LIMITADA",
        "cuit": "30718388798",
        "rubro": "CONSTRUCCIONES",
        "direccion": "RUTA 177 KM 6",
        "localidad": "EMPALME VILLA CONSTITUCION",
        "provincia": "SANTA FE",
        "email": "ilecep@hotmail.com",
        "telefono": "3364062458",
        "AFIP": "ok",
        "Estado AFIP": "ok",
        "CRM": "NO",
        "relevado": "-"
      }
    },
    {
      "type": "Feature",
      "geometry": {
        "type": "Point",
        "coordinates": [
          -60.7019561,
          -31.6186951
        ]
      },
      "properties": {
        "Base": "Prooveedores Santa Fe",
        "base": "Prooveedores Santa Fe",
        "cliente": "COOPERATIVA DE TRABAJO PARQUE BAHIA LTDA",
        "nombre": "COOPERATIVA DE TRABAJO PARQUE BAHIA LTDA",
        "cuit": "30712283838",
        "rubro": "CONSTRUCCIONES",
        "direccion": "PRESBITERO 8165 0",
        "localidad": "SANTA FE",
        "provincia": "SANTA FE",
        "email": "coperativa_parquebahia@hotmail.com",
        "telefono": "3424855257",
        "AFIP": "ok",
        "Estado AFIP": "ok",
        "CRM": "NO",
        "relevado": "-"
      }
    },
    {
      "type": "Feature",
      "geometry": {
        "type": "Point",
        "coordinates": [
          -60.6617024,
          -32.9593609
        ]
      },
      "properties": {
        "Base": "Prooveedores Santa Fe",
        "base": "Prooveedores Santa Fe",
        "cliente": "COOPERATIVA DE TRABAJO RECICLADOS ROSARIO SUR LIMITADA",
        "nombre": "COOPERATIVA DE TRABAJO RECICLADOS ROSARIO SUR LIMITADA",
        "cuit": "30710274777",
        "rubro": "CONSTRUCCIONES",
        "direccion": "LA PAZ 1260 0 2",
        "localidad": "ROSARIO",
        "provincia": "SANTA FE",
        "email": "estudiocontablecooperativas@gmail.com",
        "telefono": "3416486932",
        "AFIP": "ok",
        "Estado AFIP": "ok",
        "CRM": "NO",
        "relevado": "-"
      }
    },
    {
      "type": "Feature",
      "geometry": {
        "type": "Point",
        "coordinates": [
          -60.7019561,
          -31.6186951
        ]
      },
      "properties": {
        "Base": "Prooveedores Santa Fe",
        "base": "Prooveedores Santa Fe",
        "cliente": "COOPERATIVA DE TRABAJO RENE FAVALORO LTDA.",
        "nombre": "COOPERATIVA DE TRABAJO RENE FAVALORO LTDA.",
        "cuit": "30716890828",
        "rubro": "CONSTRUCCIONES",
        "direccion": "J.B. DE LA SALLE 3674",
        "localidad": "SANTA FE",
        "provincia": "SANTA FE",
        "email": "hmerediz@hotmail.com",
        "telefono": "3426987520",
        "AFIP": "ok",
        "Estado AFIP": "ok",
        "CRM": "NO",
        "relevado": "-"
      }
    },
    {
      "type": "Feature",
      "geometry": {
        "type": "Point",
        "coordinates": [
          -60.6617024,
          -32.9593609
        ]
      },
      "properties": {
        "Base": "Prooveedores Santa Fe",
        "base": "Prooveedores Santa Fe",
        "cliente": "COOPERATIVA DE TRABAJO ROSARIO VIAL LIMITADA",
        "nombre": "COOPERATIVA DE TRABAJO ROSARIO VIAL LIMITADA",
        "cuit": "30716553252",
        "rubro": "CONSTRUCCIONES",
        "direccion": "RODOLFO RIVAROLA 7430",
        "localidad": "ROSARIO",
        "provincia": "SANTA FE",
        "email": "lgiordani@estudiolesa.com.ar",
        "telefono": "3416123004",
        "AFIP": "ok",
        "Estado AFIP": "ok",
        "CRM": "NO",
        "relevado": "-"
      }
    },
    {
      "type": "Feature",
      "geometry": {
        "type": "Point",
        "coordinates": [
          -60.6617024,
          -32.9593609
        ]
      },
      "properties": {
        "Base": "Prooveedores Santa Fe",
        "base": "Prooveedores Santa Fe",
        "cliente": "COOPERATIVA DE TRABAJO ROSERMAN LIMITADA",
        "nombre": "COOPERATIVA DE TRABAJO ROSERMAN LIMITADA",
        "cuit": "30717892611",
        "rubro": "CONSTRUCCIONES",
        "direccion": "GONZALEZ DEL SOLAR BIS 101",
        "localidad": "ROSARIO",
        "provincia": "SANTA FE",
        "email": "roserman369@gmail.com",
        "telefono": "3416524705",
        "AFIP": "ok",
        "Estado AFIP": "ok",
        "CRM": "NO",
        "relevado": "-"
      }
    },
    {
      "type": "Feature",
      "geometry": {
        "type": "Point",
        "coordinates": [
          -60.8924252,
          -32.4568421
        ]
      },
      "properties": {
        "Base": "Prooveedores Santa Fe",
        "base": "Prooveedores Santa Fe",
        "cliente": "COOPERATIVA DE TRABAJO SACACHISPA LIMITADA",
        "nombre": "COOPERATIVA DE TRABAJO SACACHISPA LIMITADA",
        "cuit": "30717724956",
        "rubro": "CONSTRUCCIONES",
        "direccion": "GABOTO 774",
        "localidad": "MACIEL",
        "provincia": "SANTA FE",
        "email": "franciscoschweizer@hotmail.com",
        "telefono": "1124987281",
        "AFIP": "ok",
        "Estado AFIP": "ok",
        "CRM": "NO",
        "relevado": "-"
      }
    },
    {
      "type": "Feature",
      "geometry": {
        "type": "Point",
        "coordinates": [
          -60.7019561,
          -31.6186951
        ]
      },
      "properties": {
        "Base": "Prooveedores Santa Fe",
        "base": "Prooveedores Santa Fe",
        "cliente": "COOPERATIVA DE TRABAJO SANTA FE TRABAJA  LIMITADA",
        "nombre": "COOPERATIVA DE TRABAJO SANTA FE TRABAJA  LIMITADA",
        "cuit": "30716344297",
        "rubro": "CONSTRUCCIONES",
        "direccion": "Moreno 4477",
        "localidad": "SANTA FE",
        "provincia": "SANTA FE",
        "email": "marcelovillalba198416@gmail.com",
        "telefono": "3425165559",
        "AFIP": "ok",
        "Estado AFIP": "ok",
        "CRM": "NO",
        "relevado": "-"
      }
    },
    {
      "type": "Feature",
      "geometry": {
        "type": "Point",
        "coordinates": [
          -60.6617024,
          -32.9593609
        ]
      },
      "properties": {
        "Base": "Prooveedores Santa Fe",
        "base": "Prooveedores Santa Fe",
        "cliente": "COOPERATIVA DE TRABAJO SIEMPRE UNIDOS LIMITADA",
        "nombre": "COOPERATIVA DE TRABAJO SIEMPRE UNIDOS LIMITADA",
        "cuit": "30714168211",
        "rubro": "CONSTRUCCIONES",
        "direccion": "Ayacucho 1322 2",
        "localidad": "ROSARIO",
        "provincia": "SANTA FE",
        "email": "cooperativa.siempreunidos@gmail.com",
        "telefono": "3416798242",
        "AFIP": "ok",
        "Estado AFIP": "ok",
        "CRM": "NO",
        "relevado": "-"
      }
    },
    {
      "type": "Feature",
      "geometry": {
        "type": "Point",
        "coordinates": [
          -60.7019561,
          -31.6186951
        ]
      },
      "properties": {
        "Base": "Prooveedores Santa Fe",
        "base": "Prooveedores Santa Fe",
        "cliente": "COOPERATIVA DE TRABAJO TEKO LIMITADA",
        "nombre": "COOPERATIVA DE TRABAJO TEKO LIMITADA",
        "cuit": "30710853726",
        "rubro": "CONSTRUCCIONES",
        "direccion": "MARCIAL CANDIOTI 5045 0 0",
        "localidad": "SANTA FE",
        "provincia": "SANTA FE",
        "email": "cooperativateko@gmail.com",
        "telefono": "3424456783",
        "AFIP": "ok",
        "Estado AFIP": "ok",
        "CRM": "NO",
        "relevado": "-"
      }
    },
    {
      "type": "Feature",
      "geometry": {
        "type": "Point",
        "coordinates": [
          -60.6617024,
          -32.9593609
        ]
      },
      "properties": {
        "Base": "Prooveedores Santa Fe",
        "base": "Prooveedores Santa Fe",
        "cliente": "COOPERATIVA DE TRABAJO TRIGO ARGENTINO LTDA.",
        "nombre": "COOPERATIVA DE TRABAJO TRIGO ARGENTINO LTDA.",
        "cuit": "30715255266",
        "rubro": "CONSTRUCCIONES",
        "direccion": "LA PAZ 7195 0",
        "localidad": "ROSARIO",
        "provincia": "SANTA FE",
        "email": "juanluismur@gmail.com",
        "telefono": "152639389",
        "AFIP": "ok",
        "Estado AFIP": "ok",
        "CRM": "NO",
        "relevado": "-"
      }
    },
    {
      "type": "Feature",
      "geometry": {
        "type": "Point",
        "coordinates": [
          -60.6617024,
          -32.9593609
        ]
      },
      "properties": {
        "Base": "Prooveedores Santa Fe",
        "base": "Prooveedores Santa Fe",
        "cliente": "COOPERATIVA DE TRABAJO UNION DEL LITORAL LTDA.",
        "nombre": "COOPERATIVA DE TRABAJO UNION DEL LITORAL LTDA.",
        "cuit": "30698293639",
        "rubro": "CONSTRUCCIONES",
        "direccion": "REINO DE MARRUECOS 2243",
        "localidad": "ROSARIO",
        "provincia": "SANTA FE",
        "email": "",
        "telefono": "0341-4850219",
        "AFIP": "ok",
        "Estado AFIP": "ok",
        "CRM": "NO",
        "relevado": "-"
      }
    },
    {
      "type": "Feature",
      "geometry": {
        "type": "Point",
        "coordinates": [
          -67.9576527,
          -46.7991931
        ]
      },
      "properties": {
        "Base": "Prooveedores Santa Fe",
        "base": "Prooveedores Santa Fe",
        "cliente": "COOPERATIVA DE TRABAJO Y VIVIENDA KAISER LTDA",
        "nombre": "COOPERATIVA DE TRABAJO Y VIVIENDA KAISER LTDA",
        "cuit": "30708857374",
        "rubro": "CONSTRUCCIONES",
        "direccion": "GUEMES 1445 0",
        "localidad": "PICO TRUNCADO",
        "provincia": "SANTA CRUZ",
        "email": "alemarcelo1976@hotmail.com",
        "telefono": "administracion@coopkaiser.com.ar",
        "AFIP": "ok",
        "Estado AFIP": "ok",
        "CRM": "NO",
        "relevado": "-"
      }
    },
    {
      "type": "Feature",
      "geometry": {
        "type": "Point",
        "coordinates": [
          -60.8881871,
          -31.1203629
        ]
      },
      "properties": {
        "Base": "Prooveedores Santa Fe",
        "base": "Prooveedores Santa Fe",
        "cliente": "COR-GA CONSTRUCTORA SRL",
        "nombre": "COR-GA CONSTRUCTORA SRL",
        "cuit": "33710438019",
        "rubro": "CONSTRUCCIONES",
        "direccion": "BELGRANO 555",
        "localidad": "SANTO DOMINGO",
        "provincia": "SANTA FE",
        "email": "estudio@auroconsultores.com",
        "telefono": "3497402057",
        "AFIP": "ok",
        "Estado AFIP": "ok",
        "CRM": "NO",
        "relevado": "-"
      }
    },
    {
      "type": "Feature",
      "geometry": {
        "type": "Point",
        "coordinates": [
          -58.4356212,
          -34.6161231
        ]
      },
      "properties": {
        "Base": "Prooveedores Santa Fe",
        "base": "Prooveedores Santa Fe",
        "cliente": "COYSERV S.A.",
        "nombre": "COYSERV S.A.",
        "cuit": "30715444557",
        "rubro": "CONSTRUCCIONES",
        "direccion": "AV. LEANDRO N. ALEM 855 25",
        "localidad": "ALEM LEANDRO N. AVENIDA (501 al 1200)",
        "provincia": "CAPITAL FEDERAL",
        "email": "info@coyserv.com.ar",
        "telefono": "3514688100",
        "AFIP": "ok",
        "Estado AFIP": "ok",
        "CRM": "NO",
        "relevado": "-"
      }
    },
    {
      "type": "Feature",
      "geometry": {
        "type": "Point",
        "coordinates": [
          -60.6617024,
          -32.9593609
        ]
      },
      "properties": {
        "Base": "Prooveedores Santa Fe",
        "base": "Prooveedores Santa Fe",
        "cliente": "CRABSA SA",
        "nombre": "CRABSA SA",
        "cuit": "30710607660",
        "rubro": "CONSTRUCCIONES",
        "direccion": "AV PRESIDENTE PERON 7580",
        "localidad": "ROSARIO",
        "provincia": "SANTA FE",
        "email": "ccostanza@crabsasa.com.ar",
        "telefono": "3415607025",
        "AFIP": "ok",
        "Estado AFIP": "ok",
        "CRM": "NO",
        "relevado": "-"
      }
    },
    {
      "type": "Feature",
      "geometry": {
        "type": "Point",
        "coordinates": [
          -60.6617024,
          -32.9593609
        ]
      },
      "properties": {
        "Base": "Prooveedores Santa Fe",
        "base": "Prooveedores Santa Fe",
        "cliente": "CRC CONSTRUCCIONES S.R.L.",
        "nombre": "CRC CONSTRUCCIONES S.R.L.",
        "cuit": "30711618798",
        "rubro": "CONSTRUCCIONES",
        "direccion": "Avda. Cándido Carballo 194 4 L",
        "localidad": "ROSARIO",
        "provincia": "SANTA FE",
        "email": "crcconstruccionessrl@gmail.com",
        "telefono": "679-1376",
        "AFIP": "ok",
        "Estado AFIP": "ok",
        "CRM": "NO",
        "relevado": "-"
      }
    },
    {
      "type": "Feature",
      "geometry": {
        "type": "Point",
        "coordinates": [
          -61.4916758,
          -31.2526923
        ]
      },
      "properties": {
        "Base": "Prooveedores Santa Fe",
        "base": "Prooveedores Santa Fe",
        "cliente": "CULZONI, PABLO ANDRéS",
        "nombre": "CULZONI, PABLO ANDRéS",
        "cuit": "20146535829",
        "rubro": "CONSTRUCCIONES",
        "direccion": "25 de Mayo 989 0",
        "localidad": "RAFAELA",
        "provincia": "SANTA FE",
        "email": "culzoniadministracion@wilnet.com.ar",
        "telefono": "03492-504112",
        "AFIP": "ok",
        "Estado AFIP": "ok",
        "CRM": "NO",
        "relevado": "-"
      }
    },
    {
      "type": "Feature",
      "geometry": {
        "type": "Point",
        "coordinates": [
          -60.6617024,
          -32.9593609
        ]
      },
      "properties": {
        "Base": "Prooveedores Santa Fe",
        "base": "Prooveedores Santa Fe",
        "cliente": "CURA Y JORDAN SRL",
        "nombre": "CURA Y JORDAN SRL",
        "cuit": "30712195769",
        "rubro": "CONSTRUCCIONES",
        "direccion": "RIOBAMBA 574",
        "localidad": "ROSARIO",
        "provincia": "SANTA FE",
        "email": "rjmcura@curajordan.com.ar",
        "telefono": "3415153152",
        "AFIP": "ok",
        "Estado AFIP": "ok",
        "CRM": "NO",
        "relevado": "-"
      }
    },
    {
      "type": "Feature",
      "geometry": {
        "type": "Point",
        "coordinates": [
          -60.6617024,
          -32.9593609
        ]
      },
      "properties": {
        "Base": "Prooveedores Santa Fe",
        "base": "Prooveedores Santa Fe",
        "cliente": "D´ALMEIDA BICO HERMANOS SA",
        "nombre": "D´ALMEIDA BICO HERMANOS SA",
        "cuit": "30710248024",
        "rubro": "CONSTRUCCIONES",
        "direccion": "SERRANO 5243",
        "localidad": "ROSARIO",
        "provincia": "SANTA FE",
        "email": "OFICINACONTABLE@DALMEIDABICOHNOS.COM",
        "telefono": "3407470699",
        "AFIP": "ok",
        "Estado AFIP": "ok",
        "CRM": "NO",
        "relevado": "-"
      }
    },
    {
      "type": "Feature",
      "geometry": {
        "type": "Point",
        "coordinates": [
          -61.2196794,
          -32.0253403
        ]
      },
      "properties": {
        "Base": "Prooveedores Santa Fe",
        "base": "Prooveedores Santa Fe",
        "cliente": "DCD CONSTRUCCIONES SA",
        "nombre": "DCD CONSTRUCCIONES SA",
        "cuit": "30715350633",
        "rubro": "CONSTRUCCIONES",
        "direccion": "Gobernador Vera 288 0",
        "localidad": "GALVEZ",
        "provincia": "SANTA FE",
        "email": "dcdconstruccionessa@cegnet.com.ar",
        "telefono": "03404-15638126",
        "AFIP": "ok",
        "Estado AFIP": "ok",
        "CRM": "NO",
        "relevado": "-"
      }
    },
    {
      "type": "Feature",
      "geometry": {
        "type": "Point",
        "coordinates": [
          -57.9537638,
          -34.9206797
        ]
      },
      "properties": {
        "Base": "Prooveedores Santa Fe",
        "base": "Prooveedores Santa Fe",
        "cliente": "DE CA RO SA",
        "nombre": "DE CA RO SA",
        "cuit": "30708238364",
        "rubro": "CONSTRUCCIONES",
        "direccion": "32 1530",
        "localidad": "LA PLATA",
        "provincia": "BUENOS AIRES",
        "email": "decaro_sa@hotmail.com",
        "telefono": "2214796830",
        "AFIP": "ok",
        "Estado AFIP": "ok",
        "CRM": "NO",
        "relevado": "-"
      }
    },
    {
      "type": "Feature",
      "geometry": {
        "type": "Point",
        "coordinates": [
          -60.7618282,
          -31.6630458
        ]
      },
      "properties": {
        "Base": "Prooveedores Santa Fe",
        "base": "Prooveedores Santa Fe",
        "cliente": "DECON SRL",
        "nombre": "DECON SRL",
        "cuit": "30715250841",
        "rubro": "CONSTRUCCIONES",
        "direccion": "GABOTO 2464",
        "localidad": "SANTO TOME",
        "provincia": "SANTA FE",
        "email": "decon.construcciones@yahoo.com",
        "telefono": "3424527054",
        "AFIP": "ok",
        "Estado AFIP": "ok",
        "CRM": "NO",
        "relevado": "-"
      }
    },
    {
      "type": "Feature",
      "geometry": {
        "type": "Point",
        "coordinates": [
          -61.7710504,
          -29.2323991
        ]
      },
      "properties": {
        "Base": "Prooveedores Santa Fe",
        "base": "Prooveedores Santa Fe",
        "cliente": "DEFAGó, CLAUDIO OSVALDO",
        "nombre": "DEFAGó, CLAUDIO OSVALDO",
        "cuit": "20164012426",
        "rubro": "CONSTRUCCIONES",
        "direccion": "INDEPENDENCIA 1675 0",
        "localidad": "TOSTADO",
        "provincia": "SANTA FE",
        "email": "ccdefago@tostado.com.ar",
        "telefono": "3491472300",
        "AFIP": "ok",
        "Estado AFIP": "ok",
        "CRM": "NO",
        "relevado": "-"
      }
    },
    {
      "type": "Feature",
      "geometry": {
        "type": "Point",
        "coordinates": [
          -60.6617024,
          -32.9593609
        ]
      },
      "properties": {
        "Base": "Prooveedores Santa Fe",
        "base": "Prooveedores Santa Fe",
        "cliente": "DEGANI, JUAN PABLO",
        "nombre": "DEGANI, JUAN PABLO",
        "cuit": "20218857966",
        "rubro": "CONSTRUCCIONES",
        "direccion": "JUAN MANUEL DE ROSAS 930 10 A",
        "localidad": "ROSARIO",
        "provincia": "SANTA FE",
        "email": "juandegani@gmail.com",
        "telefono": "3415448286",
        "AFIP": "ok",
        "Estado AFIP": "ok",
        "CRM": "NO",
        "relevado": "-"
      }
    },
    {
      "type": "Feature",
      "geometry": {
        "type": "Point",
        "coordinates": [
          -60.6617024,
          -32.9593609
        ]
      },
      "properties": {
        "Base": "Prooveedores Santa Fe",
        "base": "Prooveedores Santa Fe",
        "cliente": "DEL ROSARIO CONSTRUCTORA S.A.",
        "nombre": "DEL ROSARIO CONSTRUCTORA S.A.",
        "cuit": "30710978391",
        "rubro": "CONSTRUCCIONES",
        "direccion": "PARAGUAY 777 10 CASANOV",
        "localidad": "ROSARIO",
        "provincia": "SANTA FE",
        "email": "contacto@pavitec.com.ar",
        "telefono": "3415851482",
        "AFIP": "ok",
        "Estado AFIP": "ok",
        "CRM": "NO",
        "relevado": "-"
      }
    },
    {
      "type": "Feature",
      "geometry": {
        "type": "Point",
        "coordinates": [
          -60.6617024,
          -32.9593609
        ]
      },
      "properties": {
        "Base": "Prooveedores Santa Fe",
        "base": "Prooveedores Santa Fe",
        "cliente": "DEL SOL CONSTRUCTORA S.A.",
        "nombre": "DEL SOL CONSTRUCTORA S.A.",
        "cuit": "30625547632",
        "rubro": "CONSTRUCCIONES",
        "direccion": "CORDOBA 3627 0",
        "localidad": "ROSARIO",
        "provincia": "SANTA FE",
        "email": "delsol@delsol.com.ar",
        "telefono": "(0341) 4358001/03",
        "AFIP": "ok",
        "Estado AFIP": "ok",
        "CRM": "NO",
        "relevado": "-"
      }
    },
    {
      "type": "Feature",
      "geometry": {
        "type": "Point",
        "coordinates": [
          -63.7343423,
          -32.4279251
        ]
      },
      "properties": {
        "Base": "Prooveedores Santa Fe",
        "base": "Prooveedores Santa Fe",
        "cliente": "DELCRE CONSTRUCCIONES S.R.L.",
        "nombre": "DELCRE CONSTRUCCIONES S.R.L.",
        "cuit": "30701046354",
        "rubro": "CONSTRUCCIONES",
        "direccion": "Roque Saenz Peña 254",
        "localidad": "HERNANDO",
        "provincia": "CORDOBA",
        "email": "ventas@delcre.com.ar",
        "telefono": "353-4961086",
        "AFIP": "ok",
        "Estado AFIP": "ok",
        "CRM": "NO",
        "relevado": "-"
      }
    },
    {
      "type": "Feature",
      "geometry": {
        "type": "Point",
        "coordinates": [
          -60.7019561,
          -31.6186951
        ]
      },
      "properties": {
        "Base": "Prooveedores Santa Fe",
        "base": "Prooveedores Santa Fe",
        "cliente": "DELLAZUANA, MARIO PABLO",
        "nombre": "DELLAZUANA, MARIO PABLO",
        "cuit": "20176368986",
        "rubro": "CONSTRUCCIONES",
        "direccion": "CRESPO 2188 0",
        "localidad": "SANTA FE",
        "provincia": "SANTA FE",
        "email": "mdellazuana@gmail.com",
        "telefono": "0342-154856936",
        "AFIP": "ok",
        "Estado AFIP": "ok",
        "CRM": "NO",
        "relevado": "-"
      }
    },
    {
      "type": "Feature",
      "geometry": {
        "type": "Point",
        "coordinates": [
          -61.4916758,
          -31.2526923
        ]
      },
      "properties": {
        "Base": "Prooveedores Santa Fe",
        "base": "Prooveedores Santa Fe",
        "cliente": "DELTA VIAL S.A.",
        "nombre": "DELTA VIAL S.A.",
        "cuit": "33714867739",
        "rubro": "CONSTRUCCIONES",
        "direccion": "BELGRANO 1326 0",
        "localidad": "RAFAELA",
        "provincia": "SANTA FE",
        "email": "jlbalegno@gmail.com",
        "telefono": "03492 649500",
        "AFIP": "ok",
        "Estado AFIP": "ok",
        "CRM": "NO",
        "relevado": "-"
      }
    },
    {
      "type": "Feature",
      "geometry": {
        "type": "Point",
        "coordinates": [
          -58.5220231,
          -34.5296066
        ]
      },
      "properties": {
        "Base": "Prooveedores Santa Fe",
        "base": "Prooveedores Santa Fe",
        "cliente": "DEMOLICIONES MITRE SRL",
        "nombre": "DEMOLICIONES MITRE SRL",
        "cuit": "30657536551",
        "rubro": "CONSTRUCCIONES",
        "direccion": "Esteban Echeverria 2168",
        "localidad": "MUNRO",
        "provincia": "BUENOS AIRES",
        "email": "ingenieria@grupomitre.com.ar",
        "telefono": "47613873",
        "AFIP": "ok",
        "Estado AFIP": "ok",
        "CRM": "NO",
        "relevado": "-"
      }
    },
    {
      "type": "Feature",
      "geometry": {
        "type": "Point",
        "coordinates": [
          -60.6617024,
          -32.9593609
        ]
      },
      "properties": {
        "Base": "Prooveedores Santa Fe",
        "base": "Prooveedores Santa Fe",
        "cliente": "DEPAOLI & TROSCE CONSTRUCTORA SRL",
        "nombre": "DEPAOLI & TROSCE CONSTRUCTORA SRL",
        "cuit": "30685488740",
        "rubro": "CONSTRUCCIONES",
        "direccion": "JUAN PABLO II 760 BIS 0",
        "localidad": "ROSARIO",
        "provincia": "SANTA FE",
        "email": "administracion@depaoli-trosce.com.ar",
        "telefono": "0341 4234646",
        "AFIP": "ok",
        "Estado AFIP": "ok",
        "CRM": "NO",
        "relevado": "-"
      }
    },
    {
      "type": "Feature",
      "geometry": {
        "type": "Point",
        "coordinates": [
          -60.6617024,
          -32.9593609
        ]
      },
      "properties": {
        "Base": "Prooveedores Santa Fe",
        "base": "Prooveedores Santa Fe",
        "cliente": "DEROSARIO SERVICIOS SRL",
        "nombre": "DEROSARIO SERVICIOS SRL",
        "cuit": "30709361283",
        "rubro": "CONSTRUCCIONES",
        "direccion": "Ov. Lagos 5640 0",
        "localidad": "ROSARIO",
        "provincia": "SANTA FE",
        "email": "derosarioservicios@hotmail.com",
        "telefono": "341-3309133 / 153832376",
        "AFIP": "ok",
        "Estado AFIP": "ok",
        "CRM": "NO",
        "relevado": "-"
      }
    },
    {
      "type": "Feature",
      "geometry": {
        "type": "Point",
        "coordinates": [
          -60.6617024,
          -32.9593609
        ]
      },
      "properties": {
        "Base": "Prooveedores Santa Fe",
        "base": "Prooveedores Santa Fe",
        "cliente": "DESIGN GROUP S.R.L.",
        "nombre": "DESIGN GROUP S.R.L.",
        "cuit": "30710476914",
        "rubro": "CONSTRUCCIONES",
        "direccion": "cordoba 1437 3 4",
        "localidad": "ROSARIO",
        "provincia": "SANTA FE",
        "email": "carolina@arqsappa.com.ar",
        "telefono": "3416286543",
        "AFIP": "ok",
        "Estado AFIP": "ok",
        "CRM": "NO",
        "relevado": "-"
      }
    },
    {
      "type": "Feature",
      "geometry": {
        "type": "Point",
        "coordinates": [
          -60.6617024,
          -32.9593609
        ]
      },
      "properties": {
        "Base": "Prooveedores Santa Fe",
        "base": "Prooveedores Santa Fe",
        "cliente": "DEUMAN SRL",
        "nombre": "DEUMAN SRL",
        "cuit": "30714097705",
        "rubro": "CONSTRUCCIONES",
        "direccion": "PASAJE 12 DE OCTUBRE 854 0",
        "localidad": "ROSARIO",
        "provincia": "SANTA FE",
        "email": "danielauce@gmail.com",
        "telefono": "3415956131",
        "AFIP": "ok",
        "Estado AFIP": "ok",
        "CRM": "NO",
        "relevado": "-"
      }
    },
    {
      "type": "Feature",
      "geometry": {
        "type": "Point",
        "coordinates": [
          -60.7019561,
          -31.6186951
        ]
      },
      "properties": {
        "Base": "Prooveedores Santa Fe",
        "base": "Prooveedores Santa Fe",
        "cliente": "DIAZ , JULIO CESAR",
        "nombre": "DIAZ , JULIO CESAR",
        "cuit": "20112631535",
        "rubro": "CONSTRUCCIONES",
        "direccion": "PASAJE GALISTEO 4080 0",
        "localidad": "SANTA FE",
        "provincia": "SANTA FE",
        "email": "boninoyasociados@ciudad.com.ar",
        "telefono": "0342-4598486",
        "AFIP": "ok",
        "Estado AFIP": "ok",
        "CRM": "NO",
        "relevado": "-"
      }
    },
    {
      "type": "Feature",
      "geometry": {
        "type": "Point",
        "coordinates": [
          -61.8288888,
          -31.7675113
        ]
      },
      "properties": {
        "Base": "Prooveedores Santa Fe",
        "base": "Prooveedores Santa Fe",
        "cliente": "DIAZ, MARIANO DARIO",
        "nombre": "DIAZ, MARIANO DARIO",
        "cuit": "20260162188",
        "rubro": "CONSTRUCCIONES",
        "direccion": "Avda. Belgrano 2420",
        "localidad": "SASTRE",
        "provincia": "SANTA FE",
        "email": "estudiogariglio@gmail.com",
        "telefono": "340615459381",
        "AFIP": "ok",
        "Estado AFIP": "ok",
        "CRM": "NO",
        "relevado": "-"
      }
    },
    {
      "type": "Feature",
      "geometry": {
        "type": "Point",
        "coordinates": [
          -60.6500607,
          -30.8556066
        ]
      },
      "properties": {
        "Base": "Prooveedores Santa Fe",
        "base": "Prooveedores Santa Fe",
        "cliente": "DIAZ, NATALIA CLARA",
        "nombre": "DIAZ, NATALIA CLARA",
        "cuit": "27233943482",
        "rubro": "CONSTRUCCIONES",
        "direccion": "ZONA URBANA",
        "localidad": "ANGELONI",
        "provincia": "SANTA FE",
        "email": "nataliaclaradiaz@gmail.com",
        "telefono": "3498417340",
        "AFIP": "ok",
        "Estado AFIP": "ok",
        "CRM": "NO",
        "relevado": "-"
      }
    },
    {
      "type": "Feature",
      "geometry": {
        "type": "Point",
        "coordinates": [
          -61.9686068,
          -33.7455871
        ]
      },
      "properties": {
        "Base": "Prooveedores Santa Fe",
        "base": "Prooveedores Santa Fe",
        "cliente": "DISMET SA",
        "nombre": "DISMET SA",
        "cuit": "30708556056",
        "rubro": "CONSTRUCCIONES",
        "direccion": "Neuquén 329 0",
        "localidad": "VENADO TUERTO",
        "provincia": "SANTA FE",
        "email": "info@dismet.com.ar",
        "telefono": "3462427885",
        "AFIP": "ok",
        "Estado AFIP": "ok",
        "CRM": "NO",
        "relevado": "-"
      }
    },
    {
      "type": "Feature",
      "geometry": {
        "type": "Point",
        "coordinates": [
          -61.9686068,
          -33.7455871
        ]
      },
      "properties": {
        "Base": "Prooveedores Santa Fe",
        "base": "Prooveedores Santa Fe",
        "cliente": "DUMTRAX S.R.L.",
        "nombre": "DUMTRAX S.R.L.",
        "cuit": "30716850044",
        "rubro": "CONSTRUCCIONES",
        "direccion": "EDISON 1915",
        "localidad": "VENADO TUERTO",
        "provincia": "SANTA FE",
        "email": "dumtraxsrl@gmail.com",
        "telefono": "3462599516",
        "AFIP": "ok",
        "Estado AFIP": "ok",
        "CRM": "NO",
        "relevado": "-"
      }
    },
    {
      "type": "Feature",
      "geometry": {
        "type": "Point",
        "coordinates": [
          -60.7019561,
          -31.6186951
        ]
      },
      "properties": {
        "Base": "Prooveedores Santa Fe",
        "base": "Prooveedores Santa Fe",
        "cliente": "DUNDAS, ALBERTO ANSELMO",
        "nombre": "DUNDAS, ALBERTO ANSELMO",
        "cuit": "20113163209",
        "rubro": "CONSTRUCCIONES",
        "direccion": "PASAJE BARILOCHE 3872",
        "localidad": "SANTA FE",
        "provincia": "SANTA FE",
        "email": "estudioacquavita@gmail.com",
        "telefono": "3425042766",
        "AFIP": "ok",
        "Estado AFIP": "ok",
        "CRM": "NO",
        "relevado": "-"
      }
    },
    {
      "type": "Feature",
      "geometry": {
        "type": "Point",
        "coordinates": [
          -58.6266492,
          -34.4886587
        ]
      },
      "properties": {
        "Base": "Prooveedores Santa Fe",
        "base": "Prooveedores Santa Fe",
        "cliente": "ECOSAN S.A.",
        "nombre": "ECOSAN S.A.",
        "cuit": "30707696849",
        "rubro": "CONSTRUCCIONES",
        "direccion": "BUSCHIAZZO 227",
        "localidad": "DON TORCUATO",
        "provincia": "BUENOS AIRES",
        "email": "lclapcich@ecosan.com.ar",
        "telefono": "1148460995",
        "AFIP": "ok",
        "Estado AFIP": "ok",
        "CRM": "NO",
        "relevado": "-"
      }
    },
    {
      "type": "Feature",
      "geometry": {
        "type": "Point",
        "coordinates": [
          -60.7019561,
          -31.6186951
        ]
      },
      "properties": {
        "Base": "Prooveedores Santa Fe",
        "base": "Prooveedores Santa Fe",
        "cliente": "EDECA S.A.",
        "nombre": "EDECA S.A.",
        "cuit": "33515507219",
        "rubro": "CONSTRUCCIONES",
        "direccion": "CNEL. POLLEDO BERNALDES 2517",
        "localidad": "SANTA FE",
        "provincia": "SANTA FE",
        "email": "danielauce@gmail.com",
        "telefono": "3412433653",
        "AFIP": "ok",
        "Estado AFIP": "ok",
        "CRM": "NO",
        "relevado": "-"
      }
    },
    {
      "type": "Feature",
      "geometry": {
        "type": "Point",
        "coordinates": [
          -58.287826,
          -34.7461418
        ]
      },
      "properties": {
        "Base": "Prooveedores Santa Fe",
        "base": "Prooveedores Santa Fe",
        "cliente": "EDUARDO COLOMBI S.A.",
        "nombre": "EDUARDO COLOMBI S.A.",
        "cuit": "30712112650",
        "rubro": "CONSTRUCCIONES",
        "direccion": "Felipe Amoedo 2551 0",
        "localidad": "QUILMES OESTE",
        "provincia": "BUENOS AIRES",
        "email": "administracion@colombi.com.ar",
        "telefono": "1142501896",
        "AFIP": "ok",
        "Estado AFIP": "ok",
        "CRM": "NO",
        "relevado": "-"
      }
    },
    {
      "type": "Feature",
      "geometry": {
        "type": "Point",
        "coordinates": [
          -60.7019561,
          -31.6186951
        ]
      },
      "properties": {
        "Base": "Prooveedores Santa Fe",
        "base": "Prooveedores Santa Fe",
        "cliente": "EISENBEIL, MARTíN LUIS",
        "nombre": "EISENBEIL, MARTíN LUIS",
        "cuit": "20202829156",
        "rubro": "CONSTRUCCIONES",
        "direccion": "pasaje quiroga 7489 0",
        "localidad": "SANTA FE",
        "provincia": "SANTA FE",
        "email": "dolmen_mle@live.com.ar",
        "telefono": "0342-4881160",
        "AFIP": "ok",
        "Estado AFIP": "ok",
        "CRM": "NO",
        "relevado": "-"
      }
    },
    {
      "type": "Feature",
      "geometry": {
        "type": "Point",
        "coordinates": [
          -60.469476,
          -33.1937547
        ]
      },
      "properties": {
        "Base": "Prooveedores Santa Fe",
        "base": "Prooveedores Santa Fe",
        "cliente": "EL AION SRL",
        "nombre": "EL AION SRL",
        "cuit": "30715486519",
        "rubro": "CONSTRUCCIONES",
        "direccion": "RIVADAVIA 850",
        "localidad": "FIGHIERA",
        "provincia": "SANTA FE",
        "email": "administracion@elaionsrl.com",
        "telefono": "3412524999",
        "AFIP": "ok",
        "Estado AFIP": "ok",
        "CRM": "NO",
        "relevado": "-"
      }
    },
    {
      "type": "Feature",
      "geometry": {
        "type": "Point",
        "coordinates": [
          -60.6617024,
          -32.9593609
        ]
      },
      "properties": {
        "Base": "Prooveedores Santa Fe",
        "base": "Prooveedores Santa Fe",
        "cliente": "ELECTRO CONSTRUCTORA SRL",
        "nombre": "ELECTRO CONSTRUCTORA SRL",
        "cuit": "30712394710",
        "rubro": "CONSTRUCCIONES",
        "direccion": "Av. Madres de Plaza 25 de Mayo 3020 5 2",
        "localidad": "ROSARIO",
        "provincia": "SANTA FE",
        "email": "danielauce@gmail.com",
        "telefono": "3412705511",
        "AFIP": "ok",
        "Estado AFIP": "ok",
        "CRM": "NO",
        "relevado": "-"
      }
    },
    {
      "type": "Feature",
      "geometry": {
        "type": "Point",
        "coordinates": [
          -60.3298225,
          -33.227206
        ]
      },
      "properties": {
        "Base": "Prooveedores Santa Fe",
        "base": "Prooveedores Santa Fe",
        "cliente": "ELECTRO SUR SRL",
        "nombre": "ELECTRO SUR SRL",
        "cuit": "30716179385",
        "rubro": "CONSTRUCCIONES",
        "direccion": "INGENIERO ACEVEDO 466 0",
        "localidad": "VILLA CONSTITUCION",
        "provincia": "SANTA FE",
        "email": "jorgelopezbertini@gmail.com",
        "telefono": "3400418663",
        "AFIP": "ok",
        "Estado AFIP": "ok",
        "CRM": "NO",
        "relevado": "-"
      }
    },
    {
      "type": "Feature",
      "geometry": {
        "type": "Point",
        "coordinates": [
          -60.6617024,
          -32.9593609
        ]
      },
      "properties": {
        "Base": "Prooveedores Santa Fe",
        "base": "Prooveedores Santa Fe",
        "cliente": "ELECTROEV SRL",
        "nombre": "ELECTROEV SRL",
        "cuit": "30715496611",
        "rubro": "CONSTRUCCIONES",
        "direccion": "Amenabar 166 0",
        "localidad": "ROSARIO",
        "provincia": "SANTA FE",
        "email": "electroev.srl@gmail.com",
        "telefono": "3414825614",
        "AFIP": "ok",
        "Estado AFIP": "ok",
        "CRM": "NO",
        "relevado": "-"
      }
    },
    {
      "type": "Feature",
      "geometry": {
        "type": "Point",
        "coordinates": [
          -64.1834193,
          -31.4166867
        ]
      },
      "properties": {
        "Base": "Prooveedores Santa Fe",
        "base": "Prooveedores Santa Fe",
        "cliente": "ELECTROINGENIERIA I.C.S. S.A.",
        "nombre": "ELECTROINGENIERIA I.C.S. S.A.",
        "cuit": "30693006593",
        "rubro": "CONSTRUCCIONES",
        "direccion": "Av. La Voz del Interior 5883 0 0",
        "localidad": "CORDOBA",
        "provincia": "CORDOBA",
        "email": "electroingenieria@icssa.com.ar",
        "telefono": "0351-4144200",
        "AFIP": "ok",
        "Estado AFIP": "ok",
        "CRM": "NO",
        "relevado": "-"
      }
    },
    {
      "type": "Feature",
      "geometry": {
        "type": "Point",
        "coordinates": [
          -60.7019561,
          -31.6186951
        ]
      },
      "properties": {
        "Base": "Prooveedores Santa Fe",
        "base": "Prooveedores Santa Fe",
        "cliente": "ELECTROMECANICA TACUAR SRL",
        "nombre": "ELECTROMECANICA TACUAR SRL",
        "cuit": "33612399889",
        "rubro": "CONSTRUCCIONES",
        "direccion": "PADILLA 2434",
        "localidad": "SANTA FE",
        "provincia": "SANTA FE",
        "email": "lucas@tacuar.com.ar",
        "telefono": "342 4560642",
        "AFIP": "ok",
        "Estado AFIP": "ok",
        "CRM": "NO",
        "relevado": "-"
      }
    },
    {
      "type": "Feature",
      "geometry": {
        "type": "Point",
        "coordinates": [
          -59.6586236,
          -29.1175471
        ]
      },
      "properties": {
        "Base": "Prooveedores Santa Fe",
        "base": "Prooveedores Santa Fe",
        "cliente": "ELECTROMECANICA Y CIVIL SAS",
        "nombre": "ELECTROMECANICA Y CIVIL SAS",
        "cuit": "30718695631",
        "rubro": "CONSTRUCCIONES",
        "direccion": "28 428",
        "localidad": "AVELLANEDA",
        "provincia": "SANTA FE",
        "email": "jpaduan.em@gmail.com",
        "telefono": "3482310253",
        "AFIP": "ok",
        "Estado AFIP": "ok",
        "CRM": "NO",
        "relevado": "-"
      }
    },
    {
      "type": "Feature",
      "geometry": {
        "type": "Point",
        "coordinates": [
          -60.3298225,
          -33.227206
        ]
      },
      "properties": {
        "Base": "Prooveedores Santa Fe",
        "base": "Prooveedores Santa Fe",
        "cliente": "ELSEG S.R.L.",
        "nombre": "ELSEG S.R.L.",
        "cuit": "30710617895",
        "rubro": "CONSTRUCCIONES",
        "direccion": "Dr Silvestre Begnis 1500 0",
        "localidad": "VILLA CONSTITUCION",
        "provincia": "SANTA FE",
        "email": "elsegsrl@gmail.com",
        "telefono": "3364520818",
        "AFIP": "ok",
        "Estado AFIP": "ok",
        "CRM": "NO",
        "relevado": "-"
      }
    },
    {
      "type": "Feature",
      "geometry": {
        "type": "Point",
        "coordinates": [
          -60.6617024,
          -32.9593609
        ]
      },
      "properties": {
        "Base": "Prooveedores Santa Fe",
        "base": "Prooveedores Santa Fe",
        "cliente": "EPRECO SRL",
        "nombre": "EPRECO SRL",
        "cuit": "30615255730",
        "rubro": "CONSTRUCCIONES",
        "direccion": "ARIJON 584 0",
        "localidad": "ROSARIO",
        "provincia": "SANTA FE",
        "email": "silrsoto@gmail.com",
        "telefono": "3414638128",
        "AFIP": "ok",
        "Estado AFIP": "ok",
        "CRM": "NO",
        "relevado": "-"
      }
    },
    {
      "type": "Feature",
      "geometry": {
        "type": "Point",
        "coordinates": [
          -60.7019561,
          -31.6186951
        ]
      },
      "properties": {
        "Base": "Prooveedores Santa Fe",
        "base": "Prooveedores Santa Fe",
        "cliente": "EPROIN SRL",
        "nombre": "EPROIN SRL",
        "cuit": "30717016412",
        "rubro": "CONSTRUCCIONES",
        "direccion": "RIOBAMBA 6905",
        "localidad": "SANTA FE",
        "provincia": "SANTA FE",
        "email": "ingrruiz@gmail.com",
        "telefono": "3425802646",
        "AFIP": "ok",
        "Estado AFIP": "ok",
        "CRM": "NO",
        "relevado": "-"
      }
    },
    {
      "type": "Feature",
      "geometry": {
        "type": "Point",
        "coordinates": [
          -58.4356212,
          -34.6161231
        ]
      },
      "properties": {
        "Base": "Prooveedores Santa Fe",
        "base": "Prooveedores Santa Fe",
        "cliente": "EQUIPOS DE ABORDO S.A.",
        "nombre": "EQUIPOS DE ABORDO S.A.",
        "cuit": "30578599904",
        "rubro": "CONSTRUCCIONES",
        "direccion": "HUMBOLDT 1924 - 4TO PISO - DPTO B",
        "localidad": "No informada",
        "provincia": "CAPITAL FEDERAL",
        "email": "administracion@eda-sa.com.ar",
        "telefono": "11111111",
        "AFIP": "ok",
        "Estado AFIP": "ok",
        "CRM": "NO",
        "relevado": "-"
      }
    },
    {
      "type": "Feature",
      "geometry": {
        "type": "Point",
        "coordinates": [
          -60.7019561,
          -31.6186951
        ]
      },
      "properties": {
        "Base": "Prooveedores Santa Fe",
        "base": "Prooveedores Santa Fe",
        "cliente": "ESPECHE, CARINA BEATRIZ",
        "nombre": "ESPECHE, CARINA BEATRIZ",
        "cuit": "27219430979",
        "rubro": "CONSTRUCCIONES",
        "direccion": "LOS NOGALES 2756 0",
        "localidad": "SANTA FE",
        "provincia": "SANTA FE",
        "email": "espechecarinabeatriz@hotmail.com",
        "telefono": "0342-4591618",
        "AFIP": "ok",
        "Estado AFIP": "ok",
        "CRM": "NO",
        "relevado": "-"
      }
    },
    {
      "type": "Feature",
      "geometry": {
        "type": "Point",
        "coordinates": [
          -60.6617024,
          -32.9593609
        ]
      },
      "properties": {
        "Base": "Prooveedores Santa Fe",
        "base": "Prooveedores Santa Fe",
        "cliente": "ESQUIVEL, ALFREDO GUILLERMO",
        "nombre": "ESQUIVEL, ALFREDO GUILLERMO",
        "cuit": "20257507964",
        "rubro": "CONSTRUCCIONES",
        "direccion": "Bv. Rondeau 1837 0 9",
        "localidad": "ROSARIO",
        "provincia": "SANTA FE",
        "email": "alfredo.g.esquivel@gmail.com",
        "telefono": "3415199127",
        "AFIP": "ok",
        "Estado AFIP": "ok",
        "CRM": "NO",
        "relevado": "-"
      }
    },
    {
      "type": "Feature",
      "geometry": {
        "type": "Point",
        "coordinates": [
          -58.3869785,
          -34.596953
        ]
      },
      "properties": {
        "Base": "Prooveedores Santa Fe",
        "base": "Prooveedores Santa Fe",
        "cliente": "ESTRANS S.A.",
        "nombre": "ESTRANS S.A.",
        "cuit": "30708613173",
        "rubro": "CONSTRUCCIONES",
        "direccion": "Uruguay 1112 5",
        "localidad": "URUGUAY (1001 al 1400)",
        "provincia": "CAPITAL FEDERAL",
        "email": "gerencia@estransargentina.com",
        "telefono": "1148112484",
        "AFIP": "ok",
        "Estado AFIP": "ok",
        "CRM": "NO",
        "relevado": "-"
      }
    },
    {
      "type": "Feature",
      "geometry": {
        "type": "Point",
        "coordinates": [
          -59.1932003,
          -27.6048829
        ]
      },
      "properties": {
        "Base": "Prooveedores Santa Fe",
        "base": "Prooveedores Santa Fe",
        "cliente": "FABRICA SRL",
        "nombre": "FABRICA SRL",
        "cuit": "30611977766",
        "rubro": "CONSTRUCCIONES",
        "direccion": "AV 9 DE JULIO 938",
        "localidad": "RESISTENCIA",
        "provincia": "CHACO",
        "email": "empresa@fabricasrl.com.ar",
        "telefono": "3624335151",
        "AFIP": "ok",
        "Estado AFIP": "ok",
        "CRM": "NO",
        "relevado": "-"
      }
    },
    {
      "type": "Feature",
      "geometry": {
        "type": "Point",
        "coordinates": [
          -60.7019561,
          -31.6186951
        ]
      },
      "properties": {
        "Base": "Prooveedores Santa Fe",
        "base": "Prooveedores Santa Fe",
        "cliente": "FABRICA SRL Y OTROS - UNION TRANSITORIA",
        "nombre": "FABRICA SRL Y OTROS - UNION TRANSITORIA",
        "cuit": "30717893677",
        "rubro": "CONSTRUCCIONES",
        "direccion": "1RO DE ENERO 25 10 2",
        "localidad": "SANTA FE",
        "provincia": "SANTA FE",
        "email": "gwilson@wilsonsa.com.ar",
        "telefono": "3492583250",
        "AFIP": "ok",
        "Estado AFIP": "ok",
        "CRM": "NO",
        "relevado": "-"
      }
    },
    {
      "type": "Feature",
      "geometry": {
        "type": "Point",
        "coordinates": [
          -58.4356212,
          -34.6161231
        ]
      },
      "properties": {
        "Base": "Prooveedores Santa Fe",
        "base": "Prooveedores Santa Fe",
        "cliente": "FAICSA S.A.",
        "nombre": "FAICSA S.A.",
        "cuit": "33535333519",
        "rubro": "CONSTRUCCIONES",
        "direccion": "MORENO 955 9 3",
        "localidad": "MORENO (1 al 1300)",
        "provincia": "CAPITAL FEDERAL",
        "email": "scarugno@faicsavial.com",
        "telefono": "1143426141",
        "AFIP": "ok",
        "Estado AFIP": "ok",
        "CRM": "NO",
        "relevado": "-"
      }
    },
    {
      "type": "Feature",
      "geometry": {
        "type": "Point",
        "coordinates": [
          -60.7019561,
          -31.6186951
        ]
      },
      "properties": {
        "Base": "Prooveedores Santa Fe",
        "base": "Prooveedores Santa Fe",
        "cliente": "FAVANT, RAUL MARIO",
        "nombre": "FAVANT, RAUL MARIO",
        "cuit": "20116768063",
        "rubro": "CONSTRUCCIONES",
        "direccion": "HERNANDARIAS 2561 0",
        "localidad": "SANTA FE",
        "provincia": "SANTA FE",
        "email": "arq.raulfavant@hotmail.com",
        "telefono": "0342-4601281",
        "AFIP": "ok",
        "Estado AFIP": "ok",
        "CRM": "NO",
        "relevado": "-"
      }
    },
    {
      "type": "Feature",
      "geometry": {
        "type": "Point",
        "coordinates": [
          -61.7099311,
          -32.1972868
        ]
      },
      "properties": {
        "Base": "Prooveedores Santa Fe",
        "base": "Prooveedores Santa Fe",
        "cliente": "FERNANDEZ, CARLOS EZEQUIEL",
        "nombre": "FERNANDEZ, CARLOS EZEQUIEL",
        "cuit": "23308028399",
        "rubro": "CONSTRUCCIONES",
        "direccion": "J.F Segui 130 0 0",
        "localidad": "EL TREBOL",
        "provincia": "SANTA FE",
        "email": "elianag@asesores-dir.com.ar",
        "telefono": "03401-422468",
        "AFIP": "ok",
        "Estado AFIP": "ok",
        "CRM": "NO",
        "relevado": "-"
      }
    },
    {
      "type": "Feature",
      "geometry": {
        "type": "Point",
        "coordinates": [
          -60.5933274,
          -30.7890881
        ]
      },
      "properties": {
        "Base": "Prooveedores Santa Fe",
        "base": "Prooveedores Santa Fe",
        "cliente": "FERNANDEZ, MIGUEL ANGEL",
        "nombre": "FERNANDEZ, MIGUEL ANGEL",
        "cuit": "23204726159",
        "rubro": "CONSTRUCCIONES",
        "direccion": "Juan Milesi 2579",
        "localidad": "SAN JUSTO",
        "provincia": "SANTA FE",
        "email": "rodridandolo@hotmail.com",
        "telefono": "3498504823",
        "AFIP": "ok",
        "Estado AFIP": "ok",
        "CRM": "NO",
        "relevado": "-"
      }
    },
    {
      "type": "Feature",
      "geometry": {
        "type": "Point",
        "coordinates": [
          -60.7019561,
          -31.6186951
        ]
      },
      "properties": {
        "Base": "Prooveedores Santa Fe",
        "base": "Prooveedores Santa Fe",
        "cliente": "FERNANDEZ, RAUL LUIS",
        "nombre": "FERNANDEZ, RAUL LUIS",
        "cuit": "20172055371",
        "rubro": "CONSTRUCCIONES",
        "direccion": "República Dominicana 5601 2",
        "localidad": "SANTA FE",
        "provincia": "SANTA FE",
        "email": "dosmundos.construcciones@gmail.com",
        "telefono": "3426139216",
        "AFIP": "ok",
        "Estado AFIP": "ok",
        "CRM": "NO",
        "relevado": "-"
      }
    },
    {
      "type": "Feature",
      "geometry": {
        "type": "Point",
        "coordinates": [
          -60.7019561,
          -31.6186951
        ]
      },
      "properties": {
        "Base": "Prooveedores Santa Fe",
        "base": "Prooveedores Santa Fe",
        "cliente": "FIERRO, CARLOS ALBERTO",
        "nombre": "FIERRO, CARLOS ALBERTO",
        "cuit": "20109269493",
        "rubro": "CONSTRUCCIONES",
        "direccion": "1 de Mayo 2951 0",
        "localidad": "SANTA FE",
        "provincia": "SANTA FE",
        "email": "efeconstrucciones@gmail.com",
        "telefono": "0342-4552416",
        "AFIP": "ok",
        "Estado AFIP": "ok",
        "CRM": "NO",
        "relevado": "-"
      }
    },
    {
      "type": "Feature",
      "geometry": {
        "type": "Point",
        "coordinates": [
          -60.7708529,
          -32.9982237
        ]
      },
      "properties": {
        "Base": "Prooveedores Santa Fe",
        "base": "Prooveedores Santa Fe",
        "cliente": "FLEXIO S.A.",
        "nombre": "FLEXIO S.A.",
        "cuit": "30716934299",
        "rubro": "CONSTRUCCIONES",
        "direccion": "LAS PALMERAS 1452 0",
        "localidad": "PEREZ",
        "provincia": "SANTA FE",
        "email": "danielauce@gmail.com",
        "telefono": "3425229007",
        "AFIP": "ok",
        "Estado AFIP": "ok",
        "CRM": "NO",
        "relevado": "-"
      }
    },
    {
      "type": "Feature",
      "geometry": {
        "type": "Point",
        "coordinates": [
          -60.6617024,
          -32.9593609
        ]
      },
      "properties": {
        "Base": "Prooveedores Santa Fe",
        "base": "Prooveedores Santa Fe",
        "cliente": "FORMILLA, OMAR VICTOR",
        "nombre": "FORMILLA, OMAR VICTOR",
        "cuit": "20111263575",
        "rubro": "CONSTRUCCIONES",
        "direccion": "Corrientes 741 4 B",
        "localidad": "ROSARIO",
        "provincia": "SANTA FE",
        "email": "contable@leyes.arnetbiz.com.ar",
        "telefono": "(0341) 153-834179",
        "AFIP": "ok",
        "Estado AFIP": "ok",
        "CRM": "NO",
        "relevado": "-"
      }
    },
    {
      "type": "Feature",
      "geometry": {
        "type": "Point",
        "coordinates": [
          -60.6617024,
          -32.9593609
        ]
      },
      "properties": {
        "Base": "Prooveedores Santa Fe",
        "base": "Prooveedores Santa Fe",
        "cliente": "FORTIX CONSTRUCCIONES S.R.L.",
        "nombre": "FORTIX CONSTRUCCIONES S.R.L.",
        "cuit": "30719274273",
        "rubro": "CONSTRUCCIONES",
        "direccion": "CONSTITUCION 3462",
        "localidad": "ROSARIO",
        "provincia": "SANTA FE",
        "email": "wegnerd7@gmail.com",
        "telefono": "3416993302",
        "AFIP": "ok",
        "Estado AFIP": "ok",
        "CRM": "NO",
        "relevado": "-"
      }
    },
    {
      "type": "Feature",
      "geometry": {
        "type": "Point",
        "coordinates": [
          -60.7553007,
          -33.0242175
        ]
      },
      "properties": {
        "Base": "Prooveedores Santa Fe",
        "base": "Prooveedores Santa Fe",
        "cliente": "FRAGMA SUR S.R.L",
        "nombre": "FRAGMA SUR S.R.L",
        "cuit": "30709479667",
        "rubro": "CONSTRUCCIONES",
        "direccion": "SAN MARTIN 1596",
        "localidad": "SOLDINI",
        "provincia": "SANTA FE",
        "email": "fragmasur@gmail.com",
        "telefono": "0341-4901453",
        "AFIP": "ok",
        "Estado AFIP": "ok",
        "CRM": "NO",
        "relevado": "-"
      }
    },
    {
      "type": "Feature",
      "geometry": {
        "type": "Point",
        "coordinates": [
          -60.3298225,
          -33.227206
        ]
      },
      "properties": {
        "Base": "Prooveedores Santa Fe",
        "base": "Prooveedores Santa Fe",
        "cliente": "GALAN, LEANDRO MARTIN",
        "nombre": "GALAN, LEANDRO MARTIN",
        "cuit": "20277425182",
        "rubro": "CONSTRUCCIONES",
        "direccion": "AVDA DEL TRABAJO 369 0",
        "localidad": "VILLA CONSTITUCION",
        "provincia": "SANTA FE",
        "email": "leandromgalan@hotmail.com",
        "telefono": "3400471668",
        "AFIP": "ok",
        "Estado AFIP": "ok",
        "CRM": "NO",
        "relevado": "-"
      }
    },
    {
      "type": "Feature",
      "geometry": {
        "type": "Point",
        "coordinates": [
          -60.6617024,
          -32.9593609
        ]
      },
      "properties": {
        "Base": "Prooveedores Santa Fe",
        "base": "Prooveedores Santa Fe",
        "cliente": "GBC SRL",
        "nombre": "GBC SRL",
        "cuit": "30716087472",
        "rubro": "CONSTRUCCIONES",
        "direccion": "Moreno 143",
        "localidad": "ROSARIO",
        "provincia": "SANTA FE",
        "email": "gbcsrl.constructora@gmail.com",
        "telefono": "6791376",
        "AFIP": "ok",
        "Estado AFIP": "ok",
        "CRM": "NO",
        "relevado": "-"
      }
    },
    {
      "type": "Feature",
      "geometry": {
        "type": "Point",
        "coordinates": [
          -60.7019561,
          -31.6186951
        ]
      },
      "properties": {
        "Base": "Prooveedores Santa Fe",
        "base": "Prooveedores Santa Fe",
        "cliente": "GEMA CONSTRUCCIONES SRL",
        "nombre": "GEMA CONSTRUCCIONES SRL",
        "cuit": "30715367447",
        "rubro": "CONSTRUCCIONES",
        "direccion": "PASAJE MARSENGO 5155 0",
        "localidad": "SANTA FE",
        "provincia": "SANTA FE",
        "email": "gemasegurcom@hotmail.com",
        "telefono": "3424899738",
        "AFIP": "ok",
        "Estado AFIP": "ok",
        "CRM": "NO",
        "relevado": "-"
      }
    },
    {
      "type": "Feature",
      "geometry": {
        "type": "Point",
        "coordinates": [
          -60.7019561,
          -31.6186951
        ]
      },
      "properties": {
        "Base": "Prooveedores Santa Fe",
        "base": "Prooveedores Santa Fe",
        "cliente": "GLG CONSTRUCCIONES SA",
        "nombre": "GLG CONSTRUCCIONES SA",
        "cuit": "33715023399",
        "rubro": "CONSTRUCCIONES",
        "direccion": "pasaje TOSSI 1235 0",
        "localidad": "SANTA FE",
        "provincia": "SANTA FE",
        "email": "grupoglg@glgconstrucciones.com",
        "telefono": "3416873467",
        "AFIP": "ok",
        "Estado AFIP": "ok",
        "CRM": "NO",
        "relevado": "-"
      }
    },
    {
      "type": "Feature",
      "geometry": {
        "type": "Point",
        "coordinates": [
          -60.6617024,
          -32.9593609
        ]
      },
      "properties": {
        "Base": "Prooveedores Santa Fe",
        "base": "Prooveedores Santa Fe",
        "cliente": "GLOBAL ACCELERATOR SRL",
        "nombre": "GLOBAL ACCELERATOR SRL",
        "cuit": "30715209272",
        "rubro": "CONSTRUCCIONES",
        "direccion": "RUEDA 755",
        "localidad": "ROSARIO",
        "provincia": "SANTA FE",
        "email": "acceleratorglobal@gmail.com",
        "telefono": "0341-4855747",
        "AFIP": "ok",
        "Estado AFIP": "ok",
        "CRM": "NO",
        "relevado": "-"
      }
    },
    {
      "type": "Feature",
      "geometry": {
        "type": "Point",
        "coordinates": [
          -60.2165909,
          -33.3277089
        ]
      },
      "properties": {
        "Base": "Prooveedores Santa Fe",
        "base": "Prooveedores Santa Fe",
        "cliente": "GLOBALCIA SRL",
        "nombre": "GLOBALCIA SRL",
        "cuit": "30713014709",
        "rubro": "CONSTRUCCIONES",
        "direccion": "DE LA NACION 517 0",
        "localidad": "SAN NICOLAS",
        "provincia": "BUENOS AIRES",
        "email": "administracion@globalcia.com.ar",
        "telefono": "543364196054",
        "AFIP": "ok",
        "Estado AFIP": "ok",
        "CRM": "NO",
        "relevado": "-"
      }
    },
    {
      "type": "Feature",
      "geometry": {
        "type": "Point",
        "coordinates": [
          -60.7019561,
          -31.6186951
        ]
      },
      "properties": {
        "Base": "Prooveedores Santa Fe",
        "base": "Prooveedores Santa Fe",
        "cliente": "GNG ELECTROMECANICA S.A.S",
        "nombre": "GNG ELECTROMECANICA S.A.S",
        "cuit": "30716893673",
        "rubro": "CONSTRUCCIONES",
        "direccion": "garay 825",
        "localidad": "SANTA FE",
        "provincia": "SANTA FE",
        "email": "administracion@gngelectromecanica.com.ar",
        "telefono": "2473449980",
        "AFIP": "ok",
        "Estado AFIP": "ok",
        "CRM": "NO",
        "relevado": "-"
      }
    },
    {
      "type": "Feature",
      "geometry": {
        "type": "Point",
        "coordinates": [
          -58.4356212,
          -34.6161231
        ]
      },
      "properties": {
        "Base": "Prooveedores Santa Fe",
        "base": "Prooveedores Santa Fe",
        "cliente": "GOLDMAT SAS",
        "nombre": "GOLDMAT SAS",
        "cuit": "33716085959",
        "rubro": "CONSTRUCCIONES",
        "direccion": "Av Dorrego 2646 14 D",
        "localidad": "DORREGO AVENIDA (2301 al 3600)",
        "provincia": "CAPITAL FEDERAL",
        "email": "danilosabellotti@gmail.com",
        "telefono": "3425803517",
        "AFIP": "ok",
        "Estado AFIP": "ok",
        "CRM": "NO",
        "relevado": "-"
      }
    },
    {
      "type": "Feature",
      "geometry": {
        "type": "Point",
        "coordinates": [
          -60.7019561,
          -31.6186951
        ]
      },
      "properties": {
        "Base": "Prooveedores Santa Fe",
        "base": "Prooveedores Santa Fe",
        "cliente": "GOMEZ COCHIA SRL",
        "nombre": "GOMEZ COCHIA SRL",
        "cuit": "30714752002",
        "rubro": "CONSTRUCCIONES",
        "direccion": "SAN JERONIMO 1257 1",
        "localidad": "SANTA FE",
        "provincia": "SANTA FE",
        "email": "valeriarubino9@hotmail.com",
        "telefono": "0342-4599301",
        "AFIP": "ok",
        "Estado AFIP": "ok",
        "CRM": "NO",
        "relevado": "-"
      }
    },
    {
      "type": "Feature",
      "geometry": {
        "type": "Point",
        "coordinates": [
          -60.7019561,
          -31.6186951
        ]
      },
      "properties": {
        "Base": "Prooveedores Santa Fe",
        "base": "Prooveedores Santa Fe",
        "cliente": "GOMILA, ARIEL JOSÉ",
        "nombre": "GOMILA, ARIEL JOSÉ",
        "cuit": "20168131349",
        "rubro": "CONSTRUCCIONES",
        "direccion": "San Luís 3001",
        "localidad": "SANTA FE",
        "provincia": "SANTA FE",
        "email": "pintureria_case@hotmail.com.ar",
        "telefono": "4527011",
        "AFIP": "ok",
        "Estado AFIP": "ok",
        "CRM": "NO",
        "relevado": "-"
      }
    },
    {
      "type": "Feature",
      "geometry": {
        "type": "Point",
        "coordinates": [
          -60.6617024,
          -32.9593609
        ]
      },
      "properties": {
        "Base": "Prooveedores Santa Fe",
        "base": "Prooveedores Santa Fe",
        "cliente": "GRIMACO SRL",
        "nombre": "GRIMACO SRL",
        "cuit": "30695368697",
        "rubro": "CONSTRUCCIONES",
        "direccion": "Montevideo 3855",
        "localidad": "ROSARIO",
        "provincia": "SANTA FE",
        "email": "eduardoraffo@grimaco.com.ar",
        "telefono": "3414381060",
        "AFIP": "ok",
        "Estado AFIP": "ok",
        "CRM": "NO",
        "relevado": "-"
      }
    },
    {
      "type": "Feature",
      "geometry": {
        "type": "Point",
        "coordinates": [
          -60.6617024,
          -32.9593609
        ]
      },
      "properties": {
        "Base": "Prooveedores Santa Fe",
        "base": "Prooveedores Santa Fe",
        "cliente": "GRUPO CMI S.R.L.",
        "nombre": "GRUPO CMI S.R.L.",
        "cuit": "30715995707",
        "rubro": "CONSTRUCCIONES",
        "direccion": "SARMIENTO 1121 5 C",
        "localidad": "ROSARIO",
        "provincia": "SANTA FE",
        "email": "alopez@groupcmi.com",
        "telefono": "3416437070",
        "AFIP": "ok",
        "Estado AFIP": "ok",
        "CRM": "NO",
        "relevado": "-"
      }
    },
    {
      "type": "Feature",
      "geometry": {
        "type": "Point",
        "coordinates": [
          -60.7019561,
          -31.6186951
        ]
      },
      "properties": {
        "Base": "Prooveedores Santa Fe",
        "base": "Prooveedores Santa Fe",
        "cliente": "GRUPO OPTIMA SRL",
        "nombre": "GRUPO OPTIMA SRL",
        "cuit": "30717139670",
        "rubro": "CONSTRUCCIONES",
        "direccion": "J.B. Alberdi 6766 1 3",
        "localidad": "SANTA FE",
        "provincia": "SANTA FE",
        "email": "ncamps@grupooptima.net",
        "telefono": "3425150179",
        "AFIP": "ok",
        "Estado AFIP": "ok",
        "CRM": "NO",
        "relevado": "-"
      }
    },
    {
      "type": "Feature",
      "geometry": {
        "type": "Point",
        "coordinates": [
          -61.7830738,
          -32.0505335
        ]
      },
      "properties": {
        "Base": "Prooveedores Santa Fe",
        "base": "Prooveedores Santa Fe",
        "cliente": "GRUPO RISSO SRL",
        "nombre": "GRUPO RISSO SRL",
        "cuit": "30709091790",
        "rubro": "CONSTRUCCIONES",
        "direccion": "GARIBALDI 1014",
        "localidad": "CARLOS PELLEGRINI",
        "provincia": "SANTA FE",
        "email": "hormigones@gruporissosrl.com",
        "telefono": "3401644138",
        "AFIP": "ok",
        "Estado AFIP": "ok",
        "CRM": "NO",
        "relevado": "-"
      }
    },
    {
      "type": "Feature",
      "geometry": {
        "type": "Point",
        "coordinates": [
          -64.1834193,
          -31.4166867
        ]
      },
      "properties": {
        "Base": "Prooveedores Santa Fe",
        "base": "Prooveedores Santa Fe",
        "cliente": "GRUPPI E HIJOS S.A.",
        "nombre": "GRUPPI E HIJOS S.A.",
        "cuit": "30714072591",
        "rubro": "CONSTRUCCIONES",
        "direccion": "Dr. Eliseo Soaje 1206",
        "localidad": "CORDOBA",
        "provincia": "CORDOBA",
        "email": "contable@gruppiehijos.com.ar",
        "telefono": "3516484089",
        "AFIP": "ok",
        "Estado AFIP": "ok",
        "CRM": "NO",
        "relevado": "-"
      }
    },
    {
      "type": "Feature",
      "geometry": {
        "type": "Point",
        "coordinates": [
          -64.4936985,
          -31.4183774
        ]
      },
      "properties": {
        "Base": "Prooveedores Santa Fe",
        "base": "Prooveedores Santa Fe",
        "cliente": "HORIZONTE VIAL SA",
        "nombre": "HORIZONTE VIAL SA",
        "cuit": "30709548723",
        "rubro": "CONSTRUCCIONES",
        "direccion": "Ranqueles 118",
        "localidad": "VILLA CARLOS PAZ",
        "provincia": "CORDOBA",
        "email": "ingpicinato@gmail.com",
        "telefono": "543516337469",
        "AFIP": "ok",
        "Estado AFIP": "ok",
        "CRM": "NO",
        "relevado": "-"
      }
    },
    {
      "type": "Feature",
      "geometry": {
        "type": "Point",
        "coordinates": [
          -60.9066116,
          -32.9000832
        ]
      },
      "properties": {
        "Base": "Prooveedores Santa Fe",
        "base": "Prooveedores Santa Fe",
        "cliente": "ICEO SOCIEDAD ANONIMA",
        "nombre": "ICEO SOCIEDAD ANONIMA",
        "cuit": "30709262129",
        "rubro": "CONSTRUCCIONES",
        "direccion": "San Martin 152",
        "localidad": "ROLDAN",
        "provincia": "SANTA FE",
        "email": "gestion@iceosa.com.ar",
        "telefono": "2612010759",
        "AFIP": "ok",
        "Estado AFIP": "ok",
        "CRM": "NO",
        "relevado": "-"
      }
    },
    {
      "type": "Feature",
      "geometry": {
        "type": "Point",
        "coordinates": [
          -64.1129881,
          -32.1767655
        ]
      },
      "properties": {
        "Base": "Prooveedores Santa Fe",
        "base": "Prooveedores Santa Fe",
        "cliente": "IMBAL S.A.",
        "nombre": "IMBAL S.A.",
        "cuit": "33668720329",
        "rubro": "CONSTRUCCIONES",
        "direccion": "Calle Publica Lote N° 2 0 0 0",
        "localidad": "RIO TERCERO",
        "provincia": "CORDOBA",
        "email": "oficina@imbal.com.ar",
        "telefono": "03571-439500/439501/439502",
        "AFIP": "ok",
        "Estado AFIP": "ok",
        "CRM": "NO",
        "relevado": "-"
      }
    },
    {
      "type": "Feature",
      "geometry": {
        "type": "Point",
        "coordinates": [
          -60.7893617,
          -32.8523641
        ]
      },
      "properties": {
        "Base": "Prooveedores Santa Fe",
        "base": "Prooveedores Santa Fe",
        "cliente": "IMC SERVICIOS ELECTRICO S.R.L",
        "nombre": "IMC SERVICIOS ELECTRICO S.R.L",
        "cuit": "30717217000",
        "rubro": "CONSTRUCCIONES",
        "direccion": "LOS OLIVOS 1985",
        "localidad": "IBARLUCEA",
        "provincia": "SANTA FE",
        "email": "info@imcservicioselectricos.com.ar",
        "telefono": "3462416112",
        "AFIP": "ok",
        "Estado AFIP": "ok",
        "CRM": "NO",
        "relevado": "-"
      }
    },
    {
      "type": "Feature",
      "geometry": {
        "type": "Point",
        "coordinates": [
          -69.0129984,
          -33.1085238
        ]
      },
      "properties": {
        "Base": "Prooveedores Santa Fe",
        "base": "Prooveedores Santa Fe",
        "cliente": "IN. CO. S.A.",
        "nombre": "IN. CO. S.A.",
        "cuit": "30636738677",
        "rubro": "CONSTRUCCIONES",
        "direccion": "LAT. OESTE A. SUR a 250mts Anchorena 0 0",
        "localidad": "LUJAN DE CUYO",
        "provincia": "MENDOZA",
        "email": "hernan.correa@in-co-sa.com.ar",
        "telefono": "2614543454",
        "AFIP": "ok",
        "Estado AFIP": "ok",
        "CRM": "NO",
        "relevado": "-"
      }
    },
    {
      "type": "Feature",
      "geometry": {
        "type": "Point",
        "coordinates": [
          -60.7019561,
          -31.6186951
        ]
      },
      "properties": {
        "Base": "Prooveedores Santa Fe",
        "base": "Prooveedores Santa Fe",
        "cliente": "INAR VIAL S.A",
        "nombre": "INAR VIAL S.A",
        "cuit": "30674562620",
        "rubro": "CONSTRUCCIONES",
        "direccion": "1ro enero 65 3 7",
        "localidad": "SANTA FE",
        "provincia": "SANTA FE",
        "email": "tesoreria@inarvial.com.ar",
        "telefono": "3424827670",
        "AFIP": "ok",
        "Estado AFIP": "ok",
        "CRM": "NO",
        "relevado": "-"
      }
    },
    {
      "type": "Feature",
      "geometry": {
        "type": "Point",
        "coordinates": [
          -58.3780313,
          -34.6033477
        ]
      },
      "properties": {
        "Base": "Prooveedores Santa Fe",
        "base": "Prooveedores Santa Fe",
        "cliente": "INARTECO S.A.",
        "nombre": "INARTECO S.A.",
        "cuit": "30641155647",
        "rubro": "CONSTRUCCIONES",
        "direccion": "ESMERALDA 697 5 G",
        "localidad": "ESMERALDA (401 al 1400)",
        "provincia": "CAPITAL FEDERAL",
        "email": "rocioherrera@inarteco-sa.com.ar",
        "telefono": "43264325",
        "AFIP": "ok",
        "Estado AFIP": "ok",
        "CRM": "NO",
        "relevado": "-"
      }
    },
    {
      "type": "Feature",
      "geometry": {
        "type": "Point",
        "coordinates": [
          -60.6617024,
          -32.9593609
        ]
      },
      "properties": {
        "Base": "Prooveedores Santa Fe",
        "base": "Prooveedores Santa Fe",
        "cliente": "ING PEDRO MINERVINO SA",
        "nombre": "ING PEDRO MINERVINO SA",
        "cuit": "30506069374",
        "rubro": "CONSTRUCCIONES",
        "direccion": "MITRE 275",
        "localidad": "ROSARIO",
        "provincia": "SANTA FE",
        "email": "administracion@minervinosa.com.ar",
        "telefono": "3414498433",
        "AFIP": "ok",
        "Estado AFIP": "ok",
        "CRM": "NO",
        "relevado": "-"
      }
    },
    {
      "type": "Feature",
      "geometry": {
        "type": "Point",
        "coordinates": [
          -61.7099311,
          -32.1972868
        ]
      },
      "properties": {
        "Base": "Prooveedores Santa Fe",
        "base": "Prooveedores Santa Fe",
        "cliente": "INGENIERÍA SIRI CONSULTORA S.A.",
        "nombre": "INGENIERÍA SIRI CONSULTORA S.A.",
        "cuit": "30709249521",
        "rubro": "CONSTRUCCIONES",
        "direccion": "Bv. Seguí 42 0",
        "localidad": "EL TREBOL",
        "provincia": "SANTA FE",
        "email": "ingsiri@digired.com.ar",
        "telefono": "3401-420886421260",
        "AFIP": "ok",
        "Estado AFIP": "ok",
        "CRM": "NO",
        "relevado": "-"
      }
    },
    {
      "type": "Feature",
      "geometry": {
        "type": "Point",
        "coordinates": [
          -60.6617024,
          -32.9593609
        ]
      },
      "properties": {
        "Base": "Prooveedores Santa Fe",
        "base": "Prooveedores Santa Fe",
        "cliente": "INGENIERIA UNO S.R.L.",
        "nombre": "INGENIERIA UNO S.R.L.",
        "cuit": "30715949152",
        "rubro": "CONSTRUCCIONES",
        "direccion": "Córdoba 2334 9 A",
        "localidad": "ROSARIO",
        "provincia": "SANTA FE",
        "email": "administracion@ingenieriauno.com.ar",
        "telefono": "3416565800",
        "AFIP": "ok",
        "Estado AFIP": "ok",
        "CRM": "NO",
        "relevado": "-"
      }
    },
    {
      "type": "Feature",
      "geometry": {
        "type": "Point",
        "coordinates": [
          -60.6617024,
          -32.9593609
        ]
      },
      "properties": {
        "Base": "Prooveedores Santa Fe",
        "base": "Prooveedores Santa Fe",
        "cliente": "INGENIERIA Y PILOTES SRL",
        "nombre": "INGENIERIA Y PILOTES SRL",
        "cuit": "30709284874",
        "rubro": "CONSTRUCCIONES",
        "direccion": "Juan Pablo II 655",
        "localidad": "ROSARIO",
        "provincia": "SANTA FE",
        "email": "licitaciones@ingenieriaypilotes.com.ar",
        "telefono": "341 2812000",
        "AFIP": "ok",
        "Estado AFIP": "ok",
        "CRM": "NO",
        "relevado": "-"
      }
    },
    {
      "type": "Feature",
      "geometry": {
        "type": "Point",
        "coordinates": [
          -60.6617024,
          -32.9593609
        ]
      },
      "properties": {
        "Base": "Prooveedores Santa Fe",
        "base": "Prooveedores Santa Fe",
        "cliente": "INGENIERIA Y SERVICIOS DELGADO S.A.",
        "nombre": "INGENIERIA Y SERVICIOS DELGADO S.A.",
        "cuit": "30712453857",
        "rubro": "CONSTRUCCIONES",
        "direccion": "CASTELLANOS 1135 0",
        "localidad": "ROSARIO",
        "provincia": "SANTA FE",
        "email": "ingyserv.sa@gmail.com",
        "telefono": "341-6160786",
        "AFIP": "ok",
        "Estado AFIP": "ok",
        "CRM": "NO",
        "relevado": "-"
      }
    },
    {
      "type": "Feature",
      "geometry": {
        "type": "Point",
        "coordinates": [
          -60.6617024,
          -32.9593609
        ]
      },
      "properties": {
        "Base": "Prooveedores Santa Fe",
        "base": "Prooveedores Santa Fe",
        "cliente": "INGEVIAL SRL",
        "nombre": "INGEVIAL SRL",
        "cuit": "30715759485",
        "rubro": "CONSTRUCCIONES",
        "direccion": "Mendoza 358 6 B",
        "localidad": "ROSARIO",
        "provincia": "SANTA FE",
        "email": "dlrobledo73@gmail.com",
        "telefono": "3413139708",
        "AFIP": "ok",
        "Estado AFIP": "ok",
        "CRM": "NO",
        "relevado": "-"
      }
    },
    {
      "type": "Feature",
      "geometry": {
        "type": "Point",
        "coordinates": [
          -60.7019561,
          -31.6186951
        ]
      },
      "properties": {
        "Base": "Prooveedores Santa Fe",
        "base": "Prooveedores Santa Fe",
        "cliente": "INNOVA GROUP CONSTRUCTORA SAS",
        "nombre": "INNOVA GROUP CONSTRUCTORA SAS",
        "cuit": "30718660552",
        "rubro": "CONSTRUCCIONES",
        "direccion": "PEDRO CENTENO 2536",
        "localidad": "SANTA FE",
        "provincia": "SANTA FE",
        "email": "constructorainnovagroup@gmail.com",
        "telefono": "3426108027",
        "AFIP": "ok",
        "Estado AFIP": "ok",
        "CRM": "NO",
        "relevado": "-"
      }
    },
    {
      "type": "Feature",
      "geometry": {
        "type": "Point",
        "coordinates": [
          -60.6617024,
          -32.9593609
        ]
      },
      "properties": {
        "Base": "Prooveedores Santa Fe",
        "base": "Prooveedores Santa Fe",
        "cliente": "IPEMA CONSTRUCCIONES S.A.S.",
        "nombre": "IPEMA CONSTRUCCIONES S.A.S.",
        "cuit": "30717012328",
        "rubro": "CONSTRUCCIONES",
        "direccion": "DARRAGUEIRA 2220 0",
        "localidad": "ROSARIO",
        "provincia": "SANTA FE",
        "email": "veronicac@castroyfernandez.com.ar",
        "telefono": "3415190511",
        "AFIP": "ok",
        "Estado AFIP": "ok",
        "CRM": "NO",
        "relevado": "-"
      }
    },
    {
      "type": "Feature",
      "geometry": {
        "type": "Point",
        "coordinates": [
          -60.6617024,
          -32.9593609
        ]
      },
      "properties": {
        "Base": "Prooveedores Santa Fe",
        "base": "Prooveedores Santa Fe",
        "cliente": "JUNCOS, GABRIEL ALEJANDRO",
        "nombre": "JUNCOS, GABRIEL ALEJANDRO",
        "cuit": "20177932966",
        "rubro": "CONSTRUCCIONES",
        "direccion": "VIRARO 920 0",
        "localidad": "ROSARIO",
        "provincia": "SANTA FE",
        "email": "delco@delcosrl.com.ar",
        "telefono": "0341-4540023",
        "AFIP": "ok",
        "Estado AFIP": "ok",
        "CRM": "NO",
        "relevado": "-"
      }
    },
    {
      "type": "Feature",
      "geometry": {
        "type": "Point",
        "coordinates": [
          -60.6617024,
          -32.9593609
        ]
      },
      "properties": {
        "Base": "Prooveedores Santa Fe",
        "base": "Prooveedores Santa Fe",
        "cliente": "JVS INGENIERIA S.A.S.",
        "nombre": "JVS INGENIERIA S.A.S.",
        "cuit": "30716549824",
        "rubro": "CONSTRUCCIONES",
        "direccion": "LARREA 873 0",
        "localidad": "ROSARIO",
        "provincia": "SANTA FE",
        "email": "danielauce@gmail.com",
        "telefono": "3425229007",
        "AFIP": "ok",
        "Estado AFIP": "ok",
        "CRM": "NO",
        "relevado": "-"
      }
    },
    {
      "type": "Feature",
      "geometry": {
        "type": "Point",
        "coordinates": [
          -58.4591567,
          -34.5520242
        ]
      },
      "properties": {
        "Base": "Prooveedores Santa Fe",
        "base": "Prooveedores Santa Fe",
        "cliente": "KANKI CONSTRUCTORA SRL",
        "nombre": "KANKI CONSTRUCTORA SRL",
        "cuit": "30714927708",
        "rubro": "CONSTRUCCIONES",
        "direccion": "Grecia 3475 5 B",
        "localidad": "GRECIA (2901 al 3700)",
        "provincia": "CAPITAL FEDERAL",
        "email": "OFICINAKANKI@GMAIL.COM",
        "telefono": "75375543",
        "AFIP": "ok",
        "Estado AFIP": "ok",
        "CRM": "NO",
        "relevado": "-"
      }
    },
    {
      "type": "Feature",
      "geometry": {
        "type": "Point",
        "coordinates": [
          -62.2654871,
          -38.7176522
        ]
      },
      "properties": {
        "Base": "Prooveedores Santa Fe",
        "base": "Prooveedores Santa Fe",
        "cliente": "KARPA SA",
        "nombre": "KARPA SA",
        "cuit": "30561286686",
        "rubro": "CONSTRUCCIONES",
        "direccion": "RIO NEGRO 1002 0",
        "localidad": "BAHIA BLANCA",
        "provincia": "BUENOS AIRES",
        "email": "contable@karpaingenieria.com.ar",
        "telefono": "2914552263",
        "AFIP": "ok",
        "Estado AFIP": "ok",
        "CRM": "NO",
        "relevado": "-"
      }
    },
    {
      "type": "Feature",
      "geometry": {
        "type": "Point",
        "coordinates": [
          -65.0981303,
          -43.3052981
        ]
      },
      "properties": {
        "Base": "Prooveedores Santa Fe",
        "base": "Prooveedores Santa Fe",
        "cliente": "KIOSHI SA",
        "nombre": "KIOSHI SA",
        "cuit": "30701233820",
        "rubro": "CONSTRUCCIONES",
        "direccion": "ALICIA MOREAU DE JUSTO 1780 3 F",
        "localidad": "ROSARIO VERA PEÑALOZA (1 al 2)",
        "provincia": "CAPITAL FEDERAL",
        "email": "jm@kioshi.com.ar",
        "telefono": "1150033049",
        "AFIP": "ok",
        "Estado AFIP": "ok",
        "CRM": "NO",
        "relevado": "-"
      }
    },
    {
      "type": "Feature",
      "geometry": {
        "type": "Point",
        "coordinates": [
          -55.1202965,
          -27.4849798
        ]
      },
      "properties": {
        "Base": "Prooveedores Santa Fe",
        "base": "Prooveedores Santa Fe",
        "cliente": "KLEIN CONSTRUCCIONES SRL",
        "nombre": "KLEIN CONSTRUCCIONES SRL",
        "cuit": "30715336223",
        "rubro": "CONSTRUCCIONES",
        "direccion": "POLONIA 725",
        "localidad": "OBERA",
        "provincia": "MISIONES",
        "email": "kleinconstrucciones.s.r.l@gmail.com",
        "telefono": "3755-270612",
        "AFIP": "ok",
        "Estado AFIP": "ok",
        "CRM": "NO",
        "relevado": "-"
      }
    },
    {
      "type": "Feature",
      "geometry": {
        "type": "Point",
        "coordinates": [
          -60.2158054,
          -29.4577916
        ]
      },
      "properties": {
        "Base": "Prooveedores Santa Fe",
        "base": "Prooveedores Santa Fe",
        "cliente": "LAPISSONDE, LUCAS",
        "nombre": "LAPISSONDE, LUCAS",
        "cuit": "20237643276",
        "rubro": "CONSTRUCCIONES",
        "direccion": "HOURIET 1725 0",
        "localidad": "VERA",
        "provincia": "SANTA FE",
        "email": "lucaslapissonde@hotmail.com",
        "telefono": "3483420561",
        "AFIP": "ok",
        "Estado AFIP": "ok",
        "CRM": "NO",
        "relevado": "-"
      }
    },
    {
      "type": "Feature",
      "geometry": {
        "type": "Point",
        "coordinates": [
          -60.9304048,
          -31.448994
        ]
      },
      "properties": {
        "Base": "Prooveedores Santa Fe",
        "base": "Prooveedores Santa Fe",
        "cliente": "LAS HERAS SA",
        "nombre": "LAS HERAS SA",
        "cuit": "30715812572",
        "rubro": "CONSTRUCCIONES",
        "direccion": "Venezuela 268",
        "localidad": "ESPERANZA",
        "provincia": "SANTA FE",
        "email": "victoriasiboldi@gmail.com",
        "telefono": "340815671504",
        "AFIP": "ok",
        "Estado AFIP": "ok",
        "CRM": "NO",
        "relevado": "-"
      }
    },
    {
      "type": "Feature",
      "geometry": {
        "type": "Point",
        "coordinates": [
          -60.6617024,
          -32.9593609
        ]
      },
      "properties": {
        "Base": "Prooveedores Santa Fe",
        "base": "Prooveedores Santa Fe",
        "cliente": "LEGUIZAMON, RUBEN OSCAR",
        "nombre": "LEGUIZAMON, RUBEN OSCAR",
        "cuit": "20114451313",
        "rubro": "CONSTRUCCIONES",
        "direccion": "Solis 1235 0",
        "localidad": "ROSARIO",
        "provincia": "SANTA FE",
        "email": "riogrande26@hotmail.com",
        "telefono": "0341-4565272",
        "AFIP": "ok",
        "Estado AFIP": "ok",
        "CRM": "NO",
        "relevado": "-"
      }
    },
    {
      "type": "Feature",
      "geometry": {
        "type": "Point",
        "coordinates": [
          -58.510576,
          -34.5503634
        ]
      },
      "properties": {
        "Base": "Prooveedores Santa Fe",
        "base": "Prooveedores Santa Fe",
        "cliente": "LIHUE INGENIERIA S.A.",
        "nombre": "LIHUE INGENIERIA S.A.",
        "cuit": "30612176767",
        "rubro": "CONSTRUCCIONES",
        "direccion": "ZUFRIATEGUI 4665 0",
        "localidad": "VILLA MARTELLI",
        "provincia": "BUENOS AIRES",
        "email": "iso9000@lihue.com.ar",
        "telefono": "47096700",
        "AFIP": "ok",
        "Estado AFIP": "ok",
        "CRM": "NO",
        "relevado": "-"
      }
    },
    {
      "type": "Feature",
      "geometry": {
        "type": "Point",
        "coordinates": [
          -58.4356212,
          -34.6161231
        ]
      },
      "properties": {
        "Base": "Prooveedores Santa Fe",
        "base": "Prooveedores Santa Fe",
        "cliente": "LINER SHIPPING SERVICES S.A.",
        "nombre": "LINER SHIPPING SERVICES S.A.",
        "cuit": "30711354014",
        "rubro": "CONSTRUCCIONES",
        "direccion": "JUANA MANSO 555 7 A",
        "localidad": "JUANA MANSO (EX PERITO MORENO) (1 al 2)",
        "provincia": "CAPITAL FEDERAL",
        "email": "rfernandez@delfingroups.com",
        "telefono": "4893-1505",
        "AFIP": "ok",
        "Estado AFIP": "ok",
        "CRM": "NO",
        "relevado": "-"
      }
    },
    {
      "type": "Feature",
      "geometry": {
        "type": "Point",
        "coordinates": [
          -60.6617024,
          -32.9593609
        ]
      },
      "properties": {
        "Base": "Prooveedores Santa Fe",
        "base": "Prooveedores Santa Fe",
        "cliente": "LITORAL BAU CONSTRUCCIONES SRL",
        "nombre": "LITORAL BAU CONSTRUCCIONES SRL",
        "cuit": "30712207511",
        "rubro": "CONSTRUCCIONES",
        "direccion": "AVENIDA PORTUGAL 1534 EPA",
        "localidad": "ROSARIO",
        "provincia": "SANTA FE",
        "email": "litoralbau@gmail.com",
        "telefono": "3412434097",
        "AFIP": "ok",
        "Estado AFIP": "ok",
        "CRM": "NO",
        "relevado": "-"
      }
    },
    {
      "type": "Feature",
      "geometry": {
        "type": "Point",
        "coordinates": [
          -60.6617024,
          -32.9593609
        ]
      },
      "properties": {
        "Base": "Prooveedores Santa Fe",
        "base": "Prooveedores Santa Fe",
        "cliente": "LLANEADOS ROSARIO SRL",
        "nombre": "LLANEADOS ROSARIO SRL",
        "cuit": "30711860300",
        "rubro": "CONSTRUCCIONES",
        "direccion": "AV DEL ROSARIO 1855",
        "localidad": "ROSARIO",
        "provincia": "SANTA FE",
        "email": "info@llaneadosrosario.com.ar",
        "telefono": "341",
        "AFIP": "ok",
        "Estado AFIP": "ok",
        "CRM": "NO",
        "relevado": "-"
      }
    },
    {
      "type": "Feature",
      "geometry": {
        "type": "Point",
        "coordinates": [
          -60.6617024,
          -32.9593609
        ]
      },
      "properties": {
        "Base": "Prooveedores Santa Fe",
        "base": "Prooveedores Santa Fe",
        "cliente": "LOS MARTINEZ CONSTRUCCIONES SRL",
        "nombre": "LOS MARTINEZ CONSTRUCCIONES SRL",
        "cuit": "30717122735",
        "rubro": "CONSTRUCCIONES",
        "direccion": "IRURTIA 7910 0 0",
        "localidad": "ROSARIO",
        "provincia": "SANTA FE",
        "email": "alicia_atencio@hotmail.com",
        "telefono": "3414490107",
        "AFIP": "ok",
        "Estado AFIP": "ok",
        "CRM": "NO",
        "relevado": "-"
      }
    },
    {
      "type": "Feature",
      "geometry": {
        "type": "Point",
        "coordinates": [
          -60.7618282,
          -31.6630458
        ]
      },
      "properties": {
        "Base": "Prooveedores Santa Fe",
        "base": "Prooveedores Santa Fe",
        "cliente": "LOVINO, DIEGO MANUEL",
        "nombre": "LOVINO, DIEGO MANUEL",
        "cuit": "20292872896",
        "rubro": "CONSTRUCCIONES",
        "direccion": "Av Ejercito Argentino 3260",
        "localidad": "SANTO TOME",
        "provincia": "SANTA FE",
        "email": "dmlovino1982@gmail.com",
        "telefono": "3498478612",
        "AFIP": "ok",
        "Estado AFIP": "ok",
        "CRM": "NO",
        "relevado": "-"
      }
    },
    {
      "type": "Feature",
      "geometry": {
        "type": "Point",
        "coordinates": [
          -60.5298511,
          -31.7330145
        ]
      },
      "properties": {
        "Base": "Prooveedores Santa Fe",
        "base": "Prooveedores Santa Fe",
        "cliente": "LUIS LOSI S.A.",
        "nombre": "LUIS LOSI S.A.",
        "cuit": "30690504797",
        "rubro": "CONSTRUCCIONES",
        "direccion": "AVENIDA DE LAS AMERICAS 2604",
        "localidad": "PARANA",
        "provincia": "ENTRE RIOS",
        "email": "tecnica@luislosisa.com.ar",
        "telefono": "(0343) 435-2014",
        "AFIP": "ok",
        "Estado AFIP": "ok",
        "CRM": "NO",
        "relevado": "-"
      }
    },
    {
      "type": "Feature",
      "geometry": {
        "type": "Point",
        "coordinates": [
          -60.6617024,
          -32.9593609
        ]
      },
      "properties": {
        "Base": "Prooveedores Santa Fe",
        "base": "Prooveedores Santa Fe",
        "cliente": "LUMAGER ENERGÍA S.A.S.",
        "nombre": "LUMAGER ENERGÍA S.A.S.",
        "cuit": "30717759040",
        "rubro": "CONSTRUCCIONES",
        "direccion": "Laprida 4075",
        "localidad": "ROSARIO",
        "provincia": "SANTA FE",
        "email": "matias@lumager.com.ar",
        "telefono": "3412281625",
        "AFIP": "ok",
        "Estado AFIP": "ok",
        "CRM": "NO",
        "relevado": "-"
      }
    },
    {
      "type": "Feature",
      "geometry": {
        "type": "Point",
        "coordinates": [
          -62.5962684,
          -36.5605306
        ]
      },
      "properties": {
        "Base": "Prooveedores Santa Fe",
        "base": "Prooveedores Santa Fe",
        "cliente": "LUROVIAL SRL",
        "nombre": "LUROVIAL SRL",
        "cuit": "30711831955",
        "rubro": "CONSTRUCCIONES",
        "direccion": "Avda Hipolito Yrigoyen 1105 1 PB",
        "localidad": "YRIGOYEN HIPOLITO (201 al 1400)",
        "provincia": "CAPITAL FEDERAL",
        "email": "oficinatecnica@luro.com.ar",
        "telefono": "5401121531789",
        "AFIP": "ok",
        "Estado AFIP": "ok",
        "CRM": "NO",
        "relevado": "-"
      }
    },
    {
      "type": "Feature",
      "geometry": {
        "type": "Point",
        "coordinates": [
          -58.4356212,
          -34.6161231
        ]
      },
      "properties": {
        "Base": "Prooveedores Santa Fe",
        "base": "Prooveedores Santa Fe",
        "cliente": "LX ARGENTINA S.A.",
        "nombre": "LX ARGENTINA S.A.",
        "cuit": "30669701639",
        "rubro": "CONSTRUCCIONES",
        "direccion": "AV. CORDOBA 1233 11",
        "localidad": "CORDOBA AVENIDA (1001 al 1800)",
        "provincia": "CAPITAL FEDERAL",
        "email": "comercial@lxargentina.com.ar",
        "telefono": "1168426040",
        "AFIP": "ok",
        "Estado AFIP": "ok",
        "CRM": "NO",
        "relevado": "-"
      }
    },
    {
      "type": "Feature",
      "geometry": {
        "type": "Point",
        "coordinates": [
          -61.4916758,
          -31.2526923
        ]
      },
      "properties": {
        "Base": "Prooveedores Santa Fe",
        "base": "Prooveedores Santa Fe",
        "cliente": "M2 CONSTRUCCIONES SA",
        "nombre": "M2 CONSTRUCCIONES SA",
        "cuit": "30712326170",
        "rubro": "CONSTRUCCIONES",
        "direccion": "AVDA ZOBBOLI 320 0",
        "localidad": "RAFAELA",
        "provincia": "SANTA FE",
        "email": "iscocco@m2rafaela.com",
        "telefono": "03492-440994",
        "AFIP": "ok",
        "Estado AFIP": "ok",
        "CRM": "NO",
        "relevado": "-"
      }
    },
    {
      "type": "Feature",
      "geometry": {
        "type": "Point",
        "coordinates": [
          -61.3600947,
          -32.3715833
        ]
      },
      "properties": {
        "Base": "Prooveedores Santa Fe",
        "base": "Prooveedores Santa Fe",
        "cliente": "MA SERVICIOS Y CONSTRUCCIONES SRL",
        "nombre": "MA SERVICIOS Y CONSTRUCCIONES SRL",
        "cuit": "30714973963",
        "rubro": "CONSTRUCCIONES",
        "direccion": "E. Buschiazo 1961 0",
        "localidad": "SAN GENARO",
        "provincia": "SANTA FE",
        "email": "anali_brunori@hotmail.com",
        "telefono": "3401449531",
        "AFIP": "ok",
        "Estado AFIP": "ok",
        "CRM": "NO",
        "relevado": "-"
      }
    },
    {
      "type": "Feature",
      "geometry": {
        "type": "Point",
        "coordinates": [
          -60.7019561,
          -31.6186951
        ]
      },
      "properties": {
        "Base": "Prooveedores Santa Fe",
        "base": "Prooveedores Santa Fe",
        "cliente": "MACHUCA, BELKIS NORA",
        "nombre": "MACHUCA, BELKIS NORA",
        "cuit": "27164008350",
        "rubro": "CONSTRUCCIONES",
        "direccion": "LA PAMPA 6060 0",
        "localidad": "SANTA FE",
        "provincia": "SANTA FE",
        "email": "elionori_machuca@hotmail.com",
        "telefono": "3425435309",
        "AFIP": "ok",
        "Estado AFIP": "ok",
        "CRM": "NO",
        "relevado": "-"
      }
    },
    {
      "type": "Feature",
      "geometry": {
        "type": "Point",
        "coordinates": [
          -60.6617024,
          -32.9593609
        ]
      },
      "properties": {
        "Base": "Prooveedores Santa Fe",
        "base": "Prooveedores Santa Fe",
        "cliente": "MADERO CONSTRUCCIONES SRL",
        "nombre": "MADERO CONSTRUCCIONES SRL",
        "cuit": "30714832065",
        "rubro": "CONSTRUCCIONES",
        "direccion": "BV RONDEAU 2835 0",
        "localidad": "ROSARIO",
        "provincia": "SANTA FE",
        "email": "apigozzi@grupomadero.com.ar",
        "telefono": "3414553105",
        "AFIP": "ok",
        "Estado AFIP": "ok",
        "CRM": "NO",
        "relevado": "-"
      }
    },
    {
      "type": "Feature",
      "geometry": {
        "type": "Point",
        "coordinates": [
          -60.6617024,
          -32.9593609
        ]
      },
      "properties": {
        "Base": "Prooveedores Santa Fe",
        "base": "Prooveedores Santa Fe",
        "cliente": "MAGNO SRL",
        "nombre": "MAGNO SRL",
        "cuit": "30710136137",
        "rubro": "CONSTRUCCIONES",
        "direccion": "OV. LAGOS 1237 6 C",
        "localidad": "ROSARIO",
        "provincia": "SANTA FE",
        "email": "magnosrl07@gmail.com",
        "telefono": "3412442836",
        "AFIP": "ok",
        "Estado AFIP": "ok",
        "CRM": "NO",
        "relevado": "-"
      }
    },
    {
      "type": "Feature",
      "geometry": {
        "type": "Point",
        "coordinates": [
          -59.5040171,
          -33.8100232
        ]
      },
      "properties": {
        "Base": "Prooveedores Santa Fe",
        "base": "Prooveedores Santa Fe",
        "cliente": "MALOV INFRA ESTRUCTURAS S.A.S",
        "nombre": "MALOV INFRA ESTRUCTURAS S.A.S",
        "cuit": "30716640503",
        "rubro": "CONSTRUCCIONES",
        "direccion": "MORENO 338 -",
        "localidad": "MAIPU",
        "provincia": "BUENOS AIRES",
        "email": "malovinfraestructuras@gmail.com",
        "telefono": "2235708674",
        "AFIP": "ok",
        "Estado AFIP": "ok",
        "CRM": "NO",
        "relevado": "-"
      }
    },
    {
      "type": "Feature",
      "geometry": {
        "type": "Point",
        "coordinates": [
          -60.7019561,
          -31.6186951
        ]
      },
      "properties": {
        "Base": "Prooveedores Santa Fe",
        "base": "Prooveedores Santa Fe",
        "cliente": "MANDRACCHIA, MARIA DANIELA",
        "nombre": "MANDRACCHIA, MARIA DANIELA",
        "cuit": "27259502786",
        "rubro": "CONSTRUCCIONES",
        "direccion": "DERQUI 3710 0 0",
        "localidad": "SANTA FE",
        "provincia": "SANTA FE",
        "email": "ignaciovigo@gigared.com",
        "telefono": "344283246",
        "AFIP": "ok",
        "Estado AFIP": "ok",
        "CRM": "NO",
        "relevado": "-"
      }
    },
    {
      "type": "Feature",
      "geometry": {
        "type": "Point",
        "coordinates": [
          -60.6617024,
          -32.9593609
        ]
      },
      "properties": {
        "Base": "Prooveedores Santa Fe",
        "base": "Prooveedores Santa Fe",
        "cliente": "MARELLI CONSTRUCTORA SA",
        "nombre": "MARELLI CONSTRUCTORA SA",
        "cuit": "30693697510",
        "rubro": "CONSTRUCCIONES",
        "direccion": "BV. OROÑO 568 0",
        "localidad": "ROSARIO",
        "provincia": "SANTA FE",
        "email": "proveedores@marelli.com.ar",
        "telefono": "3414211269",
        "AFIP": "ok",
        "Estado AFIP": "ok",
        "CRM": "NO",
        "relevado": "-"
      }
    },
    {
      "type": "Feature",
      "geometry": {
        "type": "Point",
        "coordinates": [
          -58.3708258,
          -34.6054894
        ]
      },
      "properties": {
        "Base": "Prooveedores Santa Fe",
        "base": "Prooveedores Santa Fe",
        "cliente": "MARLE CONSTRUCCIONES S.A",
        "nombre": "MARLE CONSTRUCCIONES S.A",
        "cuit": "33568397539",
        "rubro": "CONSTRUCCIONES",
        "direccion": "GRAL. PERON 315 3 14",
        "localidad": "PERON JUAN DOMINGO TENIENTE GENERAL (1 al 1300)",
        "provincia": "CAPITAL FEDERAL",
        "email": "isanz@marlesa.com.ar",
        "telefono": "43423428",
        "AFIP": "ok",
        "Estado AFIP": "ok",
        "CRM": "NO",
        "relevado": "-"
      }
    },
    {
      "type": "Feature",
      "geometry": {
        "type": "Point",
        "coordinates": [
          -60.7019561,
          -31.6186951
        ]
      },
      "properties": {
        "Base": "Prooveedores Santa Fe",
        "base": "Prooveedores Santa Fe",
        "cliente": "MARTINEZ JOSE LUIS Y SERRA FEDERICO S.H.",
        "nombre": "MARTINEZ JOSE LUIS Y SERRA FEDERICO S.H.",
        "cuit": "30710368208",
        "rubro": "CONSTRUCCIONES",
        "direccion": "PASAJE INGENIEROS 8364 0",
        "localidad": "SANTA FE",
        "provincia": "SANTA FE",
        "email": "todohogaryobra@arnet.com.ar",
        "telefono": "3426305939",
        "AFIP": "ok",
        "Estado AFIP": "ok",
        "CRM": "NO",
        "relevado": "-"
      }
    },
    {
      "type": "Feature",
      "geometry": {
        "type": "Point",
        "coordinates": [
          -59.6437728,
          -29.1443478
        ]
      },
      "properties": {
        "Base": "Prooveedores Santa Fe",
        "base": "Prooveedores Santa Fe",
        "cliente": "MARTINEZ, JUAN CARLOS",
        "nombre": "MARTINEZ, JUAN CARLOS",
        "cuit": "20080718390",
        "rubro": "CONSTRUCCIONES",
        "direccion": "Lisandro de la Torre 1176 0",
        "localidad": "RECONQUISTA",
        "provincia": "SANTA FE",
        "email": "elconstructordejcm@arnet.com.ar",
        "telefono": "03482-425332",
        "AFIP": "ok",
        "Estado AFIP": "ok",
        "CRM": "NO",
        "relevado": "-"
      }
    },
    {
      "type": "Feature",
      "geometry": {
        "type": "Point",
        "coordinates": [
          -60.7019561,
          -31.6186951
        ]
      },
      "properties": {
        "Base": "Prooveedores Santa Fe",
        "base": "Prooveedores Santa Fe",
        "cliente": "MARTIRE , EDGARDO MIGUEL",
        "nombre": "MARTIRE , EDGARDO MIGUEL",
        "cuit": "20172222596",
        "rubro": "CONSTRUCCIONES",
        "direccion": "Laprida 3807 0",
        "localidad": "SANTA FE",
        "provincia": "SANTA FE",
        "email": "faberraz@yahoo.es",
        "telefono": "0342-4520776",
        "AFIP": "ok",
        "Estado AFIP": "ok",
        "CRM": "NO",
        "relevado": "-"
      }
    },
    {
      "type": "Feature",
      "geometry": {
        "type": "Point",
        "coordinates": [
          -60.7019561,
          -31.6186951
        ]
      },
      "properties": {
        "Base": "Prooveedores Santa Fe",
        "base": "Prooveedores Santa Fe",
        "cliente": "MASSIN, LIDA ELISABET",
        "nombre": "MASSIN, LIDA ELISABET",
        "cuit": "27214197710",
        "rubro": "CONSTRUCCIONES",
        "direccion": "Bv Gálvez 1308 5 B",
        "localidad": "SANTA FE",
        "provincia": "SANTA FE",
        "email": "norteconstrucciones@hotmail.com.ar",
        "telefono": "342 6346779",
        "AFIP": "ok",
        "Estado AFIP": "ok",
        "CRM": "NO",
        "relevado": "-"
      }
    },
    {
      "type": "Feature",
      "geometry": {
        "type": "Point",
        "coordinates": [
          -58.4356212,
          -34.6161231
        ]
      },
      "properties": {
        "Base": "Prooveedores Santa Fe",
        "base": "Prooveedores Santa Fe",
        "cliente": "MASTER OBRAS S.A.",
        "nombre": "MASTER OBRAS S.A.",
        "cuit": "30701830365",
        "rubro": "CONSTRUCCIONES",
        "direccion": "CALLAO 420 7 C",
        "localidad": "CALLAO AVENIDA (1 al 700)",
        "provincia": "CAPITAL FEDERAL",
        "email": "masterobras@fibertel.com.ar",
        "telefono": "1147923532",
        "AFIP": "ok",
        "Estado AFIP": "ok",
        "CRM": "NO",
        "relevado": "-"
      }
    },
    {
      "type": "Feature",
      "geometry": {
        "type": "Point",
        "coordinates": [
          -60.8788584,
          -33.0185383
        ]
      },
      "properties": {
        "Base": "Prooveedores Santa Fe",
        "base": "Prooveedores Santa Fe",
        "cliente": "MATTFRA CONSTRUCCIONES CIVILES S.R.L.",
        "nombre": "MATTFRA CONSTRUCCIONES CIVILES S.R.L.",
        "cuit": "30715737597",
        "rubro": "CONSTRUCCIONES",
        "direccion": "BOULEVARD SASTRE 3021",
        "localidad": "ZAVALLA",
        "provincia": "SANTA FE",
        "email": "info@mattfrasrl.com",
        "telefono": "3413669881",
        "AFIP": "ok",
        "Estado AFIP": "ok",
        "CRM": "NO",
        "relevado": "-"
      }
    },
    {
      "type": "Feature",
      "geometry": {
        "type": "Point",
        "coordinates": [
          -58.510576,
          -34.5503634
        ]
      },
      "properties": {
        "Base": "Prooveedores Santa Fe",
        "base": "Prooveedores Santa Fe",
        "cliente": "MEIP INGENIERIA SRL",
        "nombre": "MEIP INGENIERIA SRL",
        "cuit": "33596952319",
        "rubro": "CONSTRUCCIONES",
        "direccion": "H. VIEYTES 859 0",
        "localidad": "VILLA MARTELLI",
        "provincia": "BUENOS AIRES",
        "email": "meip@meipingenieria.com.ar",
        "telefono": "4664-7271",
        "AFIP": "ok",
        "Estado AFIP": "ok",
        "CRM": "NO",
        "relevado": "-"
      }
    },
    {
      "type": "Feature",
      "geometry": {
        "type": "Point",
        "coordinates": [
          -60.7019561,
          -31.6186951
        ]
      },
      "properties": {
        "Base": "Prooveedores Santa Fe",
        "base": "Prooveedores Santa Fe",
        "cliente": "MEM INGENIERIA SA",
        "nombre": "MEM INGENIERIA SA",
        "cuit": "30711090211",
        "rubro": "CONSTRUCCIONES",
        "direccion": "Ruperto Godoy 3235",
        "localidad": "SANTA FE",
        "provincia": "SANTA FE",
        "email": "danielauce@gmail.com",
        "telefono": "3426150120",
        "AFIP": "ok",
        "Estado AFIP": "ok",
        "CRM": "NO",
        "relevado": "-"
      }
    },
    {
      "type": "Feature",
      "geometry": {
        "type": "Point",
        "coordinates": [
          -61.4916758,
          -31.2526923
        ]
      },
      "properties": {
        "Base": "Prooveedores Santa Fe",
        "base": "Prooveedores Santa Fe",
        "cliente": "MENARA CONSTRUCCIONES S.A.",
        "nombre": "MENARA CONSTRUCCIONES S.A.",
        "cuit": "30503826425",
        "rubro": "CONSTRUCCIONES",
        "direccion": "Av. Italia 1320 0",
        "localidad": "RAFAELA",
        "provincia": "SANTA FE",
        "email": "gestiondecontrataciones22@gmail.com",
        "telefono": "3492431110",
        "AFIP": "ok",
        "Estado AFIP": "ok",
        "CRM": "NO",
        "relevado": "-"
      }
    },
    {
      "type": "Feature",
      "geometry": {
        "type": "Point",
        "coordinates": [
          -58.3765361,
          -34.6045973
        ]
      },
      "properties": {
        "Base": "Prooveedores Santa Fe",
        "base": "Prooveedores Santa Fe",
        "cliente": "METEO S.A.",
        "nombre": "METEO S.A.",
        "cuit": "30707547738",
        "rubro": "CONSTRUCCIONES",
        "direccion": "MAIPU 459 4 D",
        "localidad": "MAIPU (301 al 1200)",
        "provincia": "CAPITAL FEDERAL",
        "email": "meteo_mz@hotmail.com",
        "telefono": "1147609969",
        "AFIP": "ok",
        "Estado AFIP": "ok",
        "CRM": "NO",
        "relevado": "-"
      }
    },
    {
      "type": "Feature",
      "geometry": {
        "type": "Point",
        "coordinates": [
          -61.1641779,
          -33.0443368
        ]
      },
      "properties": {
        "Base": "Prooveedores Santa Fe",
        "base": "Prooveedores Santa Fe",
        "cliente": "METRO CONSTRUCCIONES Y SERVICIOS S.R.L.",
        "nombre": "METRO CONSTRUCCIONES Y SERVICIOS S.R.L.",
        "cuit": "30708299479",
        "rubro": "CONSTRUCCIONES",
        "direccion": "BUENOS AIRES 3231 0",
        "localidad": "CASILDA",
        "provincia": "SANTA FE",
        "email": "metrocys@arnet.com.ar",
        "telefono": "03464-422288",
        "AFIP": "ok",
        "Estado AFIP": "ok",
        "CRM": "NO",
        "relevado": "-"
      }
    },
    {
      "type": "Feature",
      "geometry": {
        "type": "Point",
        "coordinates": [
          -60.6617024,
          -32.9593609
        ]
      },
      "properties": {
        "Base": "Prooveedores Santa Fe",
        "base": "Prooveedores Santa Fe",
        "cliente": "MICHELETTI EMPRESA CONSTRUCTORA S.A.",
        "nombre": "MICHELETTI EMPRESA CONSTRUCTORA S.A.",
        "cuit": "30710166028",
        "rubro": "CONSTRUCCIONES",
        "direccion": "Italia 2156",
        "localidad": "ROSARIO",
        "provincia": "SANTA FE",
        "email": "gustavo@micheletti.ar",
        "telefono": "341812076",
        "AFIP": "ok",
        "Estado AFIP": "ok",
        "CRM": "NO",
        "relevado": "-"
      }
    },
    {
      "type": "Feature",
      "geometry": {
        "type": "Point",
        "coordinates": [
          -60.6617024,
          -32.9593609
        ]
      },
      "properties": {
        "Base": "Prooveedores Santa Fe",
        "base": "Prooveedores Santa Fe",
        "cliente": "MIES CONSTRUCCIONES S.R.L.",
        "nombre": "MIES CONSTRUCCIONES S.R.L.",
        "cuit": "33717055069",
        "rubro": "CONSTRUCCIONES",
        "direccion": "Ernesto Palacios 9450",
        "localidad": "ROSARIO",
        "provincia": "SANTA FE",
        "email": "danielauce@gmail.com",
        "telefono": "3425229007",
        "AFIP": "ok",
        "Estado AFIP": "ok",
        "CRM": "NO",
        "relevado": "-"
      }
    },
    {
      "type": "Feature",
      "geometry": {
        "type": "Point",
        "coordinates": [
          -60.6617024,
          -32.9593609
        ]
      },
      "properties": {
        "Base": "Prooveedores Santa Fe",
        "base": "Prooveedores Santa Fe",
        "cliente": "MILICIC S.A.",
        "nombre": "MILICIC S.A.",
        "cuit": "30622317784",
        "rubro": "CONSTRUCCIONES",
        "direccion": "AV.PTE. PERON 8110",
        "localidad": "ROSARIO",
        "provincia": "SANTA FE",
        "email": "maria.degiusti@milicic.com.ar",
        "telefono": "0341-4095600",
        "AFIP": "ok",
        "Estado AFIP": "ok",
        "CRM": "NO",
        "relevado": "-"
      }
    },
    {
      "type": "Feature",
      "geometry": {
        "type": "Point",
        "coordinates": [
          -60.6617024,
          -32.9593609
        ]
      },
      "properties": {
        "Base": "Prooveedores Santa Fe",
        "base": "Prooveedores Santa Fe",
        "cliente": "MODULO AI S.R.L.",
        "nombre": "MODULO AI S.R.L.",
        "cuit": "30715966723",
        "rubro": "CONSTRUCCIONES",
        "direccion": "Pasaje Araya 968 6 5",
        "localidad": "ROSARIO",
        "provincia": "SANTA FE",
        "email": "gustavocabral@igcasociados.com.ar",
        "telefono": "0341-4254312",
        "AFIP": "ok",
        "Estado AFIP": "ok",
        "CRM": "NO",
        "relevado": "-"
      }
    },
    {
      "type": "Feature",
      "geometry": {
        "type": "Point",
        "coordinates": [
          -61.9451954,
          -29.8819399
        ]
      },
      "properties": {
        "Base": "Prooveedores Santa Fe",
        "base": "Prooveedores Santa Fe",
        "cliente": "MONDINO, FERNANDO",
        "nombre": "MONDINO, FERNANDO",
        "cuit": "20339921076",
        "rubro": "CONSTRUCCIONES",
        "direccion": "Gobernador Aldao 264 0 0",
        "localidad": "CERES",
        "provincia": "SANTA FE",
        "email": "agrovial1@hotmail.com",
        "telefono": "3491416215",
        "AFIP": "ok",
        "Estado AFIP": "ok",
        "CRM": "NO",
        "relevado": "-"
      }
    },
    {
      "type": "Feature",
      "geometry": {
        "type": "Point",
        "coordinates": [
          -58.4356212,
          -34.6161231
        ]
      },
      "properties": {
        "Base": "Prooveedores Santa Fe",
        "base": "Prooveedores Santa Fe",
        "cliente": "MONTELECTRO S.A.",
        "nombre": "MONTELECTRO S.A.",
        "cuit": "30707986863",
        "rubro": "CONSTRUCCIONES",
        "direccion": "Av. Santa Fe 846 3",
        "localidad": "SANTA FE AVENIDA (601 al 1400)",
        "provincia": "CAPITAL FEDERAL",
        "email": "leonardopaz@montelectro.com",
        "telefono": "1143156502",
        "AFIP": "ok",
        "Estado AFIP": "ok",
        "CRM": "NO",
        "relevado": "-"
      }
    },
    {
      "type": "Feature",
      "geometry": {
        "type": "Point",
        "coordinates": [
          -61.9686068,
          -33.7455871
        ]
      },
      "properties": {
        "Base": "Prooveedores Santa Fe",
        "base": "Prooveedores Santa Fe",
        "cliente": "MONTI Y ASOCIADOS SRL",
        "nombre": "MONTI Y ASOCIADOS SRL",
        "cuit": "30714974099",
        "rubro": "CONSTRUCCIONES",
        "direccion": "PELLEGRINI 678 0",
        "localidad": "VENADO TUERTO",
        "provincia": "SANTA FE",
        "email": "construye@montiasociados.com.ar",
        "telefono": "3462668906   3462568683",
        "AFIP": "ok",
        "Estado AFIP": "ok",
        "CRM": "NO",
        "relevado": "-"
      }
    },
    {
      "type": "Feature",
      "geometry": {
        "type": "Point",
        "coordinates": [
          -60.8372302,
          -31.7710276
        ]
      },
      "properties": {
        "Base": "Prooveedores Santa Fe",
        "base": "Prooveedores Santa Fe",
        "cliente": "MRAZ, SEBASTIAN RUBEN",
        "nombre": "MRAZ, SEBASTIAN RUBEN",
        "cuit": "20326604284",
        "rubro": "CONSTRUCCIONES",
        "direccion": "ITALIA 1357 0",
        "localidad": "SAUCE VIEJO",
        "provincia": "SANTA FE",
        "email": "mrazconstructora@gmail.com",
        "telefono": "3426147906",
        "AFIP": "ok",
        "Estado AFIP": "ok",
        "CRM": "NO",
        "relevado": "-"
      }
    },
    {
      "type": "Feature",
      "geometry": {
        "type": "Point",
        "coordinates": [
          -60.7019561,
          -31.6186951
        ]
      },
      "properties": {
        "Base": "Prooveedores Santa Fe",
        "base": "Prooveedores Santa Fe",
        "cliente": "MT SRL",
        "nombre": "MT SRL",
        "cuit": "30678417072",
        "rubro": "CONSTRUCCIONES",
        "direccion": "SANTIAGO DE CHILE 2068",
        "localidad": "SANTA FE",
        "provincia": "SANTA FE",
        "email": "mt_srl@hotmail.com",
        "telefono": "3424585262",
        "AFIP": "ok",
        "Estado AFIP": "ok",
        "CRM": "NO",
        "relevado": "-"
      }
    },
    {
      "type": "Feature",
      "geometry": {
        "type": "Point",
        "coordinates": [
          -60.7019561,
          -31.6186951
        ]
      },
      "properties": {
        "Base": "Prooveedores Santa Fe",
        "base": "Prooveedores Santa Fe",
        "cliente": "MUNDO CONSTRUCCIONES S.A.",
        "nombre": "MUNDO CONSTRUCCIONES S.A.",
        "cuit": "30549554624",
        "rubro": "CONSTRUCCIONES",
        "direccion": "SAN MARTIN 1919 1",
        "localidad": "SANTA FE",
        "provincia": "SANTA FE",
        "email": "mundo@mundo-sa.com.ar",
        "telefono": "(0342)4595941",
        "AFIP": "ok",
        "Estado AFIP": "ok",
        "CRM": "NO",
        "relevado": "-"
      }
    },
    {
      "type": "Feature",
      "geometry": {
        "type": "Point",
        "coordinates": [
          -60.2832099,
          -29.8878656
        ]
      },
      "properties": {
        "Base": "Prooveedores Santa Fe",
        "base": "Prooveedores Santa Fe",
        "cliente": "NARDONI, MAURICIO",
        "nombre": "NARDONI, MAURICIO",
        "cuit": "20278382797",
        "rubro": "CONSTRUCCIONES",
        "direccion": "25 DE MAYO 66 0",
        "localidad": "CALCHAQUI",
        "provincia": "SANTA FE",
        "email": "mauricionardoni@hotmail.com",
        "telefono": "3426159295",
        "AFIP": "ok",
        "Estado AFIP": "ok",
        "CRM": "NO",
        "relevado": "-"
      }
    },
    {
      "type": "Feature",
      "geometry": {
        "type": "Point",
        "coordinates": [
          -60.6617024,
          -32.9593609
        ]
      },
      "properties": {
        "Base": "Prooveedores Santa Fe",
        "base": "Prooveedores Santa Fe",
        "cliente": "NEHCON CONSTRUCCIONES S.R.L.",
        "nombre": "NEHCON CONSTRUCCIONES S.R.L.",
        "cuit": "30709617229",
        "rubro": "CONSTRUCCIONES",
        "direccion": "Garzon 2677",
        "localidad": "ROSARIO",
        "provincia": "SANTA FE",
        "email": "nehconconstruccionessrl@gmail.com",
        "telefono": "3414328915",
        "AFIP": "ok",
        "Estado AFIP": "ok",
        "CRM": "NO",
        "relevado": "-"
      }
    },
    {
      "type": "Feature",
      "geometry": {
        "type": "Point",
        "coordinates": [
          -60.7019561,
          -31.6186951
        ]
      },
      "properties": {
        "Base": "Prooveedores Santa Fe",
        "base": "Prooveedores Santa Fe",
        "cliente": "NÉSTOR JULIO GUERECHET S.A.",
        "nombre": "NÉSTOR JULIO GUERECHET S.A.",
        "cuit": "30687010880",
        "rubro": "CONSTRUCCIONES",
        "direccion": "BOULEVARD GÁLVEZ 2088",
        "localidad": "SANTA FE",
        "provincia": "SANTA FE",
        "email": "tecnica@guerechet.com.ar",
        "telefono": "3424555000",
        "AFIP": "ok",
        "Estado AFIP": "ok",
        "CRM": "NO",
        "relevado": "-"
      }
    },
    {
      "type": "Feature",
      "geometry": {
        "type": "Point",
        "coordinates": [
          -60.7019561,
          -31.6186951
        ]
      },
      "properties": {
        "Base": "Prooveedores Santa Fe",
        "base": "Prooveedores Santa Fe",
        "cliente": "NOROESTE CONSTRUCCIONES SA",
        "nombre": "NOROESTE CONSTRUCCIONES SA",
        "cuit": "33518264759",
        "rubro": "CONSTRUCCIONES",
        "direccion": "OBISPO GELABERT 3263 0",
        "localidad": "SANTA FE",
        "provincia": "SANTA FE",
        "email": "noroestesantafe@noroestesa.com.ar",
        "telefono": "(0387) 431-1078/0775",
        "AFIP": "ok",
        "Estado AFIP": "ok",
        "CRM": "NO",
        "relevado": "-"
      }
    },
    {
      "type": "Feature",
      "geometry": {
        "type": "Point",
        "coordinates": [
          -60.7019561,
          -31.6186951
        ]
      },
      "properties": {
        "Base": "Prooveedores Santa Fe",
        "base": "Prooveedores Santa Fe",
        "cliente": "NORTE GRUP SRL",
        "nombre": "NORTE GRUP SRL",
        "cuit": "30718426118",
        "rubro": "CONSTRUCCIONES",
        "direccion": "Bv Gálvez 1308 5 B",
        "localidad": "SANTA FE",
        "provincia": "SANTA FE",
        "email": "norteconstrucciones2022@gmail.com",
        "telefono": "342 6346779",
        "AFIP": "ok",
        "Estado AFIP": "ok",
        "CRM": "NO",
        "relevado": "-"
      }
    },
    {
      "type": "Feature",
      "geometry": {
        "type": "Point",
        "coordinates": [
          -60.5674713,
          -31.6064264
        ]
      },
      "properties": {
        "Base": "Prooveedores Santa Fe",
        "base": "Prooveedores Santa Fe",
        "cliente": "NOVELLO, CRISTIAN SEBASTIAN",
        "nombre": "NOVELLO, CRISTIAN SEBASTIAN",
        "cuit": "23305617199",
        "rubro": "CONSTRUCCIONES",
        "direccion": "ruta 1 KM 4.5 0",
        "localidad": "SAN JOSE DEL RINCON",
        "provincia": "SANTA FE",
        "email": "federicopatrizi@hotmail.com",
        "telefono": "342443997",
        "AFIP": "ok",
        "Estado AFIP": "ok",
        "CRM": "NO",
        "relevado": "-"
      }
    },
    {
      "type": "Feature",
      "geometry": {
        "type": "Point",
        "coordinates": [
          -60.7019561,
          -31.6186951
        ]
      },
      "properties": {
        "Base": "Prooveedores Santa Fe",
        "base": "Prooveedores Santa Fe",
        "cliente": "O&E INGENIERIA S.R.L",
        "nombre": "O&E INGENIERIA S.R.L",
        "cuit": "30715014587",
        "rubro": "CONSTRUCCIONES",
        "direccion": "Ruta 1 km 3",
        "localidad": "SANTA FE",
        "provincia": "SANTA FE",
        "email": "obras.oyeingenieria@gmail.com",
        "telefono": "0342-4982514",
        "AFIP": "ok",
        "Estado AFIP": "ok",
        "CRM": "NO",
        "relevado": "-"
      }
    },
    {
      "type": "Feature",
      "geometry": {
        "type": "Point",
        "coordinates": [
          -68.8446177,
          -32.8894155
        ]
      },
      "properties": {
        "Base": "Prooveedores Santa Fe",
        "base": "Prooveedores Santa Fe",
        "cliente": "OBRAS ANDINAS SA",
        "nombre": "OBRAS ANDINAS SA",
        "cuit": "30709435716",
        "rubro": "CONSTRUCCIONES",
        "direccion": "PELTIER 50 2 21",
        "localidad": "MENDOZA",
        "provincia": "MENDOZA",
        "email": "kpincowitz@obrasandinas.com",
        "telefono": "2616843592",
        "AFIP": "ok",
        "Estado AFIP": "ok",
        "CRM": "NO",
        "relevado": "-"
      }
    },
    {
      "type": "Feature",
      "geometry": {
        "type": "Point",
        "coordinates": [
          -60.7708529,
          -32.9982237
        ]
      },
      "properties": {
        "Base": "Prooveedores Santa Fe",
        "base": "Prooveedores Santa Fe",
        "cliente": "OBRING S.A.",
        "nombre": "OBRING S.A.",
        "cuit": "30605942950",
        "rubro": "CONSTRUCCIONES",
        "direccion": "Avda.Las Palmeras y el Zorzal S/N",
        "localidad": "PEREZ",
        "provincia": "SANTA FE",
        "email": "mdonati@gruporjg.com.ar",
        "telefono": "341-4956565/6795",
        "AFIP": "ok",
        "Estado AFIP": "ok",
        "CRM": "NO",
        "relevado": "-"
      }
    },
    {
      "type": "Feature",
      "geometry": {
        "type": "Point",
        "coordinates": [
          -60.6617024,
          -32.9593609
        ]
      },
      "properties": {
        "Base": "Prooveedores Santa Fe",
        "base": "Prooveedores Santa Fe",
        "cliente": "ODER CONSTRUCTORA SRL",
        "nombre": "ODER CONSTRUCTORA SRL",
        "cuit": "30714703206",
        "rubro": "CONSTRUCCIONES",
        "direccion": "Pasaje Sivori 5350 0",
        "localidad": "ROSARIO",
        "provincia": "SANTA FE",
        "email": "paciaronivigna@gmail.com",
        "telefono": "3416763147",
        "AFIP": "ok",
        "Estado AFIP": "ok",
        "CRM": "NO",
        "relevado": "-"
      }
    },
    {
      "type": "Feature",
      "geometry": {
        "type": "Point",
        "coordinates": [
          -60.7019561,
          -31.6186951
        ]
      },
      "properties": {
        "Base": "Prooveedores Santa Fe",
        "base": "Prooveedores Santa Fe",
        "cliente": "OIC S.A. - ELECTROCONSTRUCTURA SRL - UNION TRANSITORIA",
        "nombre": "OIC S.A. - ELECTROCONSTRUCTURA SRL - UNION TRANSITORIA",
        "cuit": "30717738922",
        "rubro": "CONSTRUCCIONES",
        "direccion": "FRANCIA 1430 0",
        "localidad": "SANTA FE",
        "provincia": "SANTA FE",
        "email": "danielauce@gmail.com",
        "telefono": "3425229007",
        "AFIP": "ok",
        "Estado AFIP": "ok",
        "CRM": "NO",
        "relevado": "-"
      }
    },
    {
      "type": "Feature",
      "geometry": {
        "type": "Point",
        "coordinates": [
          -60.5298511,
          -31.7330145
        ]
      },
      "properties": {
        "Base": "Prooveedores Santa Fe",
        "base": "Prooveedores Santa Fe",
        "cliente": "ORGANIZACION INDUSTRIAL CONSTRUCCION S.A.",
        "nombre": "ORGANIZACION INDUSTRIAL CONSTRUCCION S.A.",
        "cuit": "30589631354",
        "rubro": "CONSTRUCCIONES",
        "direccion": "PABLO CRAUSAZ 593 0",
        "localidad": "PARANA",
        "provincia": "ENTRE RIOS",
        "email": "danielauce@gmail.com",
        "telefono": "3425229007",
        "AFIP": "ok",
        "Estado AFIP": "ok",
        "CRM": "NO",
        "relevado": "-"
      }
    },
    {
      "type": "Feature",
      "geometry": {
        "type": "Point",
        "coordinates": [
          -60.7074143,
          -32.8547765
        ]
      },
      "properties": {
        "Base": "Prooveedores Santa Fe",
        "base": "Prooveedores Santa Fe",
        "cliente": "OSCAR STRALLA SRL",
        "nombre": "OSCAR STRALLA SRL",
        "cuit": "30652962889",
        "rubro": "CONSTRUCCIONES",
        "direccion": "EVA PERON 1004 0",
        "localidad": "GRANADERO BAIGORRIA",
        "provincia": "SANTA FE",
        "email": "oscarstrallasrl@yahoo.com.ar",
        "telefono": "0341 4710327   //  0341 4710983",
        "AFIP": "ok",
        "Estado AFIP": "ok",
        "CRM": "NO",
        "relevado": "-"
      }
    },
    {
      "type": "Feature",
      "geometry": {
        "type": "Point",
        "coordinates": [
          -60.6617024,
          -32.9593609
        ]
      },
      "properties": {
        "Base": "Prooveedores Santa Fe",
        "base": "Prooveedores Santa Fe",
        "cliente": "P.G.S. S.A.",
        "nombre": "P.G.S. S.A.",
        "cuit": "30701461165",
        "rubro": "CONSTRUCCIONES",
        "direccion": "MORENO 2541",
        "localidad": "ROSARIO",
        "provincia": "SANTA FE",
        "email": "pgssa@pgssa.com.ar",
        "telefono": "3414816429",
        "AFIP": "ok",
        "Estado AFIP": "ok",
        "CRM": "NO",
        "relevado": "-"
      }
    },
    {
      "type": "Feature",
      "geometry": {
        "type": "Point",
        "coordinates": [
          -58.4356212,
          -34.6161231
        ]
      },
      "properties": {
        "Base": "Prooveedores Santa Fe",
        "base": "Prooveedores Santa Fe",
        "cliente": "PALECO S.A.",
        "nombre": "PALECO S.A.",
        "cuit": "30645714810",
        "rubro": "CONSTRUCCIONES",
        "direccion": "Av. Corrientes 1125 8 B",
        "localidad": "CORRIENTES AVENIDA (1 al 1300)",
        "provincia": "CAPITAL FEDERAL",
        "email": "administracion@palecosa.com.ar",
        "telefono": "1143833983",
        "AFIP": "ok",
        "Estado AFIP": "ok",
        "CRM": "NO",
        "relevado": "-"
      }
    },
    {
      "type": "Feature",
      "geometry": {
        "type": "Point",
        "coordinates": [
          -60.7166716,
          -32.8166653
        ]
      },
      "properties": {
        "Base": "Prooveedores Santa Fe",
        "base": "Prooveedores Santa Fe",
        "cliente": "PARDEL, JORGE ALBERTO RAMON",
        "nombre": "PARDEL, JORGE ALBERTO RAMON",
        "cuit": "20143564488",
        "rubro": "CONSTRUCCIONES",
        "direccion": "Santa Fe 216",
        "localidad": "CAPITAN BERMUDEZ",
        "provincia": "SANTA FE",
        "email": "pardeljorge@hotmail.com",
        "telefono": "3412759283",
        "AFIP": "ok",
        "Estado AFIP": "ok",
        "CRM": "NO",
        "relevado": "-"
      }
    },
    {
      "type": "Feature",
      "geometry": {
        "type": "Point",
        "coordinates": [
          -60.7019561,
          -31.6186951
        ]
      },
      "properties": {
        "Base": "Prooveedores Santa Fe",
        "base": "Prooveedores Santa Fe",
        "cliente": "PECANTEL, PABLO BERNARDO",
        "nombre": "PECANTEL, PABLO BERNARDO",
        "cuit": "23111746559",
        "rubro": "CONSTRUCCIONES",
        "direccion": "RUPERTO GODOY 898 0",
        "localidad": "SANTA FE",
        "provincia": "SANTA FE",
        "email": "pablopecantel@gmail.com",
        "telefono": "0342-4605447",
        "AFIP": "ok",
        "Estado AFIP": "ok",
        "CRM": "NO",
        "relevado": "-"
      }
    },
    {
      "type": "Feature",
      "geometry": {
        "type": "Point",
        "coordinates": [
          -60.6617024,
          -32.9593609
        ]
      },
      "properties": {
        "Base": "Prooveedores Santa Fe",
        "base": "Prooveedores Santa Fe",
        "cliente": "PERALTA, AGUSTIN",
        "nombre": "PERALTA, AGUSTIN",
        "cuit": "20322951370",
        "rubro": "CONSTRUCCIONES",
        "direccion": "San Luis 948 17 A",
        "localidad": "ROSARIO",
        "provincia": "SANTA FE",
        "email": "arqagustinperalta@gmail.com",
        "telefono": "3416740009 / 3416792334",
        "AFIP": "ok",
        "Estado AFIP": "ok",
        "CRM": "NO",
        "relevado": "-"
      }
    },
    {
      "type": "Feature",
      "geometry": {
        "type": "Point",
        "coordinates": [
          -60.7019561,
          -31.6186951
        ]
      },
      "properties": {
        "Base": "Prooveedores Santa Fe",
        "base": "Prooveedores Santa Fe",
        "cliente": "PEROT, MIGUEL ANGEL",
        "nombre": "PEROT, MIGUEL ANGEL",
        "cuit": "23360026639",
        "rubro": "CONSTRUCCIONES",
        "direccion": "Avenida Aristobulo del valle 5280 0 1",
        "localidad": "SANTA FE",
        "provincia": "SANTA FE",
        "email": "portante.servicios@gmail.com",
        "telefono": "543426116722",
        "AFIP": "ok",
        "Estado AFIP": "ok",
        "CRM": "NO",
        "relevado": "-"
      }
    },
    {
      "type": "Feature",
      "geometry": {
        "type": "Point",
        "coordinates": [
          -60.6617024,
          -32.9593609
        ]
      },
      "properties": {
        "Base": "Prooveedores Santa Fe",
        "base": "Prooveedores Santa Fe",
        "cliente": "PH CONSTRUCTORA SRL",
        "nombre": "PH CONSTRUCTORA SRL",
        "cuit": "30714702617",
        "rubro": "CONSTRUCCIONES",
        "direccion": "9 DE JULIO 901 1",
        "localidad": "ROSARIO",
        "provincia": "SANTA FE",
        "email": "aminuet@phconstructora.com.ar",
        "telefono": "",
        "AFIP": "ok",
        "Estado AFIP": "ok",
        "CRM": "NO",
        "relevado": "-"
      }
    },
    {
      "type": "Feature",
      "geometry": {
        "type": "Point",
        "coordinates": [
          -60.7019561,
          -31.6186951
        ]
      },
      "properties": {
        "Base": "Prooveedores Santa Fe",
        "base": "Prooveedores Santa Fe",
        "cliente": "PICCOLI, DANIEL OSCAR",
        "nombre": "PICCOLI, DANIEL OSCAR",
        "cuit": "20124370583",
        "rubro": "CONSTRUCCIONES",
        "direccion": "Av. ARISTOBULO DEL VALLE 3985 0",
        "localidad": "SANTA FE",
        "provincia": "SANTA FE",
        "email": "danielpiccoli@postingenieria.com",
        "telefono": "0342-4811939",
        "AFIP": "ok",
        "Estado AFIP": "ok",
        "CRM": "NO",
        "relevado": "-"
      }
    },
    {
      "type": "Feature",
      "geometry": {
        "type": "Point",
        "coordinates": [
          -60.7019561,
          -31.6186951
        ]
      },
      "properties": {
        "Base": "Prooveedores Santa Fe",
        "base": "Prooveedores Santa Fe",
        "cliente": "PIGA ALBERTO E. Y ROSSLER GUILLERMO SH",
        "nombre": "PIGA ALBERTO E. Y ROSSLER GUILLERMO SH",
        "cuit": "30686951290",
        "rubro": "CONSTRUCCIONES",
        "direccion": "J. P. Lopez 2115 0",
        "localidad": "SANTA FE",
        "provincia": "SANTA FE",
        "email": "pigarossler@yahoo.com.ar",
        "telefono": "0342-4582173",
        "AFIP": "ok",
        "Estado AFIP": "ok",
        "CRM": "NO",
        "relevado": "-"
      }
    },
    {
      "type": "Feature",
      "geometry": {
        "type": "Point",
        "coordinates": [
          -60.6617024,
          -32.9593609
        ]
      },
      "properties": {
        "Base": "Prooveedores Santa Fe",
        "base": "Prooveedores Santa Fe",
        "cliente": "PILAR CONSTRUCCIONES SRL",
        "nombre": "PILAR CONSTRUCCIONES SRL",
        "cuit": "30710668465",
        "rubro": "CONSTRUCCIONES",
        "direccion": "IGUAZU 451 0 BIS",
        "localidad": "ROSARIO",
        "provincia": "SANTA FE",
        "email": "nschiaffi@gmail.com",
        "telefono": "341 4388816",
        "AFIP": "ok",
        "Estado AFIP": "ok",
        "CRM": "NO",
        "relevado": "-"
      }
    },
    {
      "type": "Feature",
      "geometry": {
        "type": "Point",
        "coordinates": [
          -60.7019561,
          -31.6186951
        ]
      },
      "properties": {
        "Base": "Prooveedores Santa Fe",
        "base": "Prooveedores Santa Fe",
        "cliente": "PILAR SRL",
        "nombre": "PILAR SRL",
        "cuit": "33715921389",
        "rubro": "CONSTRUCCIONES",
        "direccion": "Eva Peron 2762",
        "localidad": "SANTA FE",
        "provincia": "SANTA FE",
        "email": "pilarconstrucciones.fg@gmail.com",
        "telefono": "3493411210",
        "AFIP": "ok",
        "Estado AFIP": "ok",
        "CRM": "NO",
        "relevado": "-"
      }
    },
    {
      "type": "Feature",
      "geometry": {
        "type": "Point",
        "coordinates": [
          -60.8105603,
          -32.9168704
        ]
      },
      "properties": {
        "Base": "Prooveedores Santa Fe",
        "base": "Prooveedores Santa Fe",
        "cliente": "PILAR UNO S.R.L.",
        "nombre": "PILAR UNO S.R.L.",
        "cuit": "30717420175",
        "rubro": "CONSTRUCCIONES",
        "direccion": "Av Santa Fe 1941 1 PA",
        "localidad": "FUNES",
        "provincia": "SANTA FE",
        "email": "adrian@pilar1.ar",
        "telefono": "3415025402",
        "AFIP": "ok",
        "Estado AFIP": "ok",
        "CRM": "NO",
        "relevado": "-"
      }
    },
    {
      "type": "Feature",
      "geometry": {
        "type": "Point",
        "coordinates": [
          -60.743091,
          -32.7454865
        ]
      },
      "properties": {
        "Base": "Prooveedores Santa Fe",
        "base": "Prooveedores Santa Fe",
        "cliente": "PILI, CARLOS",
        "nombre": "PILI, CARLOS",
        "cuit": "20117841732",
        "rubro": "CONSTRUCCIONES",
        "direccion": "GENERAL LOPEZ 2921",
        "localidad": "SAN LORENZO",
        "provincia": "SANTA FE",
        "email": "info@bernauslira.com.ar",
        "telefono": "3476588648",
        "AFIP": "ok",
        "Estado AFIP": "ok",
        "CRM": "NO",
        "relevado": "-"
      }
    },
    {
      "type": "Feature",
      "geometry": {
        "type": "Point",
        "coordinates": [
          -60.6617024,
          -32.9593609
        ]
      },
      "properties": {
        "Base": "Prooveedores Santa Fe",
        "base": "Prooveedores Santa Fe",
        "cliente": "POSE S.A.",
        "nombre": "POSE S.A.",
        "cuit": "30709107123",
        "rubro": "CONSTRUCCIONES",
        "direccion": "rioja 1275 1 1",
        "localidad": "ROSARIO",
        "provincia": "SANTA FE",
        "email": "info@posesa.com.ar",
        "telefono": "221 4707172",
        "AFIP": "ok",
        "Estado AFIP": "ok",
        "CRM": "NO",
        "relevado": "-"
      }
    },
    {
      "type": "Feature",
      "geometry": {
        "type": "Point",
        "coordinates": [
          -60.7019561,
          -31.6186951
        ]
      },
      "properties": {
        "Base": "Prooveedores Santa Fe",
        "base": "Prooveedores Santa Fe",
        "cliente": "POST INGENIERIA S.A.",
        "nombre": "POST INGENIERIA S.A.",
        "cuit": "30714959251",
        "rubro": "CONSTRUCCIONES",
        "direccion": "AVDA. ARISTOBULO DEL VALLE 3985",
        "localidad": "SANTA FE",
        "provincia": "SANTA FE",
        "email": "postingenieria@gmail.com",
        "telefono": "0342-4811939",
        "AFIP": "ok",
        "Estado AFIP": "ok",
        "CRM": "NO",
        "relevado": "-"
      }
    },
    {
      "type": "Feature",
      "geometry": {
        "type": "Point",
        "coordinates": [
          -60.7618282,
          -31.6630458
        ]
      },
      "properties": {
        "Base": "Prooveedores Santa Fe",
        "base": "Prooveedores Santa Fe",
        "cliente": "PREMOLDEADOS BERTONE SRL",
        "nombre": "PREMOLDEADOS BERTONE SRL",
        "cuit": "30707623043",
        "rubro": "CONSTRUCCIONES",
        "direccion": "SALTA 2661 0",
        "localidad": "SANTO TOME",
        "provincia": "SANTA FE",
        "email": "premoldeadosbertone@gmail.com",
        "telefono": "0342-4907019/79",
        "AFIP": "ok",
        "Estado AFIP": "ok",
        "CRM": "NO",
        "relevado": "-"
      }
    },
    {
      "type": "Feature",
      "geometry": {
        "type": "Point",
        "coordinates": [
          -60.8105603,
          -32.9168704
        ]
      },
      "properties": {
        "Base": "Prooveedores Santa Fe",
        "base": "Prooveedores Santa Fe",
        "cliente": "PRESVERB CONSTRUCTORA SRL",
        "nombre": "PRESVERB CONSTRUCTORA SRL",
        "cuit": "30708758392",
        "rubro": "CONSTRUCCIONES",
        "direccion": "Pujato 1804",
        "localidad": "FUNES",
        "provincia": "SANTA FE",
        "email": "administracion@presverb.com",
        "telefono": "4936649",
        "AFIP": "ok",
        "Estado AFIP": "ok",
        "CRM": "NO",
        "relevado": "-"
      }
    },
    {
      "type": "Feature",
      "geometry": {
        "type": "Point",
        "coordinates": [
          -60.2832099,
          -29.8878656
        ]
      },
      "properties": {
        "Base": "Prooveedores Santa Fe",
        "base": "Prooveedores Santa Fe",
        "cliente": "PROCAL SRL",
        "nombre": "PROCAL SRL",
        "cuit": "33715118829",
        "rubro": "CONSTRUCCIONES",
        "direccion": "Roque Saenz Peña 1426 0",
        "localidad": "CALCHAQUI",
        "provincia": "SANTA FE",
        "email": "javierrojas32@hotmail.com",
        "telefono": "03483-470556",
        "AFIP": "ok",
        "Estado AFIP": "ok",
        "CRM": "NO",
        "relevado": "-"
      }
    },
    {
      "type": "Feature",
      "geometry": {
        "type": "Point",
        "coordinates": [
          -60.7019561,
          -31.6186951
        ]
      },
      "properties": {
        "Base": "Prooveedores Santa Fe",
        "base": "Prooveedores Santa Fe",
        "cliente": "PRONO INGENIERIA S.A.",
        "nombre": "PRONO INGENIERIA S.A.",
        "cuit": "30584866299",
        "rubro": "CONSTRUCCIONES",
        "direccion": "MARTIN ZAPATA 3740",
        "localidad": "SANTA FE",
        "provincia": "SANTA FE",
        "email": "jorgesartorelli@pronoing.com.ar",
        "telefono": "0342-4503400",
        "AFIP": "ok",
        "Estado AFIP": "ok",
        "CRM": "NO",
        "relevado": "-"
      }
    },
    {
      "type": "Feature",
      "geometry": {
        "type": "Point",
        "coordinates": [
          -59.6437728,
          -29.1443478
        ]
      },
      "properties": {
        "Base": "Prooveedores Santa Fe",
        "base": "Prooveedores Santa Fe",
        "cliente": "PROYECCIÓN ELECTROLUZ S.R.L",
        "nombre": "PROYECCIÓN ELECTROLUZ S.R.L",
        "cuit": "30601271903",
        "rubro": "CONSTRUCCIONES",
        "direccion": "PATRICIO DIEZ 175",
        "localidad": "RECONQUISTA",
        "provincia": "SANTA FE",
        "email": "andresferesin@electroluz.com.ar",
        "telefono": "03482 421940",
        "AFIP": "ok",
        "Estado AFIP": "ok",
        "CRM": "NO",
        "relevado": "-"
      }
    },
    {
      "type": "Feature",
      "geometry": {
        "type": "Point",
        "coordinates": [
          -61.6054955,
          -34.0042781
        ]
      },
      "properties": {
        "Base": "Prooveedores Santa Fe",
        "base": "Prooveedores Santa Fe",
        "cliente": "PUSH COMPANY SA",
        "nombre": "PUSH COMPANY SA",
        "cuit": "30710493207",
        "rubro": "CONSTRUCCIONES",
        "direccion": "Ruta 94 km 24 0",
        "localidad": "VILLA CAÑAS",
        "provincia": "SANTA FE",
        "email": "pushcompanyobrador@gmail.com",
        "telefono": "3462450859",
        "AFIP": "ok",
        "Estado AFIP": "ok",
        "CRM": "NO",
        "relevado": "-"
      }
    },
    {
      "type": "Feature",
      "geometry": {
        "type": "Point",
        "coordinates": [
          -58.4737928,
          -34.5919852
        ]
      },
      "properties": {
        "Base": "Prooveedores Santa Fe",
        "base": "Prooveedores Santa Fe",
        "cliente": "Q.B. ANDINA S.A",
        "nombre": "Q.B. ANDINA S.A",
        "cuit": "30607075723",
        "rubro": "CONSTRUCCIONES",
        "direccion": "Tronador 873 0",
        "localidad": "TRONADOR (1 al 1300)",
        "provincia": "CAPITAL FEDERAL",
        "email": "comercial@qbandina.com.ar",
        "telefono": "4551-0020",
        "AFIP": "ok",
        "Estado AFIP": "ok",
        "CRM": "NO",
        "relevado": "-"
      }
    },
    {
      "type": "Feature",
      "geometry": {
        "type": "Point",
        "coordinates": [
          -61.9686068,
          -33.7455871
        ]
      },
      "properties": {
        "Base": "Prooveedores Santa Fe",
        "base": "Prooveedores Santa Fe",
        "cliente": "QUINODOZ CONSTRUCCIONES SRL",
        "nombre": "QUINODOZ CONSTRUCCIONES SRL",
        "cuit": "30714023094",
        "rubro": "CONSTRUCCIONES",
        "direccion": "Jorge Newbery 1927 0",
        "localidad": "VENADO TUERTO",
        "provincia": "SANTA FE",
        "email": "miguelquinodoz@gmail.com",
        "telefono": "3462697778",
        "AFIP": "ok",
        "Estado AFIP": "ok",
        "CRM": "NO",
        "relevado": "-"
      }
    },
    {
      "type": "Feature",
      "geometry": {
        "type": "Point",
        "coordinates": [
          -60.5674713,
          -31.6064264
        ]
      },
      "properties": {
        "Base": "Prooveedores Santa Fe",
        "base": "Prooveedores Santa Fe",
        "cliente": "QUINTANA, CARLOS ENRIQUE",
        "nombre": "QUINTANA, CARLOS ENRIQUE",
        "cuit": "20166451435",
        "rubro": "CONSTRUCCIONES",
        "direccion": "ruta 1 Km 6.5 esq. San Martin 0 0",
        "localidad": "SAN JOSE DEL RINCON",
        "provincia": "SANTA FE",
        "email": "quintanaobrasyservicios@yahoo.com.ar",
        "telefono": "156140958",
        "AFIP": "ok",
        "Estado AFIP": "ok",
        "CRM": "NO",
        "relevado": "-"
      }
    },
    {
      "type": "Feature",
      "geometry": {
        "type": "Point",
        "coordinates": [
          -61.6035897,
          -32.7862754
        ]
      },
      "properties": {
        "Base": "Prooveedores Santa Fe",
        "base": "Prooveedores Santa Fe",
        "cliente": "RABER S.R.L.",
        "nombre": "RABER S.R.L.",
        "cuit": "30717048322",
        "rubro": "CONSTRUCCIONES",
        "direccion": "FLOTRON 1729",
        "localidad": "ARMSTRONG",
        "provincia": "SANTA FE",
        "email": "estudiosterrantino@gmail.com",
        "telefono": "3471520535",
        "AFIP": "ok",
        "Estado AFIP": "ok",
        "CRM": "NO",
        "relevado": "-"
      }
    },
    {
      "type": "Feature",
      "geometry": {
        "type": "Point",
        "coordinates": [
          -59.6437728,
          -29.1443478
        ]
      },
      "properties": {
        "Base": "Prooveedores Santa Fe",
        "base": "Prooveedores Santa Fe",
        "cliente": "RAMIREZ CONSTRUCCIONES SRL",
        "nombre": "RAMIREZ CONSTRUCCIONES SRL",
        "cuit": "30715854844",
        "rubro": "CONSTRUCCIONES",
        "direccion": "PASAJE 14/16 2196",
        "localidad": "RECONQUISTA",
        "provincia": "SANTA FE",
        "email": "fabriciopersoglia@hotmail.com",
        "telefono": "3482529336",
        "AFIP": "ok",
        "Estado AFIP": "ok",
        "CRM": "NO",
        "relevado": "-"
      }
    },
    {
      "type": "Feature",
      "geometry": {
        "type": "Point",
        "coordinates": [
          -58.3821071,
          -34.6085368
        ]
      },
      "properties": {
        "Base": "Prooveedores Santa Fe",
        "base": "Prooveedores Santa Fe",
        "cliente": "RECONSTRUCCION CAÑOS SA",
        "nombre": "RECONSTRUCCION CAÑOS SA",
        "cuit": "30677790977",
        "rubro": "CONSTRUCCIONES",
        "direccion": "Lima 141 1 569",
        "localidad": "LIMA (1 al 1200)",
        "provincia": "CAPITAL FEDERAL",
        "email": "consultas@reconstruccion.com.ar",
        "telefono": "8102227473",
        "AFIP": "ok",
        "Estado AFIP": "ok",
        "CRM": "NO",
        "relevado": "-"
      }
    },
    {
      "type": "Feature",
      "geometry": {
        "type": "Point",
        "coordinates": [
          -60.9066116,
          -32.9000832
        ]
      },
      "properties": {
        "Base": "Prooveedores Santa Fe",
        "base": "Prooveedores Santa Fe",
        "cliente": "RESICOM INGENIERÍA AMBIENTAL SRL",
        "nombre": "RESICOM INGENIERÍA AMBIENTAL SRL",
        "cuit": "30698318658",
        "rubro": "CONSTRUCCIONES",
        "direccion": "Catamarca 193",
        "localidad": "ROLDAN",
        "provincia": "SANTA FE",
        "email": "administracion@resicom.com.ar",
        "telefono": "0341 4962277",
        "AFIP": "ok",
        "Estado AFIP": "ok",
        "CRM": "NO",
        "relevado": "-"
      }
    },
    {
      "type": "Feature",
      "geometry": {
        "type": "Point",
        "coordinates": [
          -61.3588841,
          -33.2456886
        ]
      },
      "properties": {
        "Base": "Prooveedores Santa Fe",
        "base": "Prooveedores Santa Fe",
        "cliente": "RF CONSTRUCCIONES S.R.L",
        "nombre": "RF CONSTRUCCIONES S.R.L",
        "cuit": "30711929823",
        "rubro": "CONSTRUCCIONES",
        "direccion": "ALMAFUERTE 610",
        "localidad": "CHABAS",
        "provincia": "SANTA FE",
        "email": "tecoinestudio@gmail.com",
        "telefono": "3464-558888",
        "AFIP": "ok",
        "Estado AFIP": "ok",
        "CRM": "NO",
        "relevado": "-"
      }
    },
    {
      "type": "Feature",
      "geometry": {
        "type": "Point",
        "coordinates": [
          -60.7019561,
          -31.6186951
        ]
      },
      "properties": {
        "Base": "Prooveedores Santa Fe",
        "base": "Prooveedores Santa Fe",
        "cliente": "RILEI INGENIERIA S.R.L",
        "nombre": "RILEI INGENIERIA S.R.L",
        "cuit": "30717203689",
        "rubro": "CONSTRUCCIONES",
        "direccion": "French 7345 0",
        "localidad": "SANTA FE",
        "provincia": "SANTA FE",
        "email": "info@rilei-ing.com",
        "telefono": "3416209766",
        "AFIP": "ok",
        "Estado AFIP": "ok",
        "CRM": "NO",
        "relevado": "-"
      }
    },
    {
      "type": "Feature",
      "geometry": {
        "type": "Point",
        "coordinates": [
          -60.7019561,
          -31.6186951
        ]
      },
      "properties": {
        "Base": "Prooveedores Santa Fe",
        "base": "Prooveedores Santa Fe",
        "cliente": "RIZZI-RIVERO S.R.L.",
        "nombre": "RIZZI-RIVERO S.R.L.",
        "cuit": "30699869925",
        "rubro": "CONSTRUCCIONES",
        "direccion": "4 DE ENERO 2328 0",
        "localidad": "SANTA FE",
        "provincia": "SANTA FE",
        "email": "rizzirivero@hotmail.com",
        "telefono": "0342-5810047",
        "AFIP": "ok",
        "Estado AFIP": "ok",
        "CRM": "NO",
        "relevado": "-"
      }
    },
    {
      "type": "Feature",
      "geometry": {
        "type": "Point",
        "coordinates": [
          -60.7019561,
          -31.6186951
        ]
      },
      "properties": {
        "Base": "Prooveedores Santa Fe",
        "base": "Prooveedores Santa Fe",
        "cliente": "ROLDAN, OMAR ANTONIO",
        "nombre": "ROLDAN, OMAR ANTONIO",
        "cuit": "20202763074",
        "rubro": "CONSTRUCCIONES",
        "direccion": "Aguado 9898 0",
        "localidad": "SANTA FE",
        "provincia": "SANTA FE",
        "email": "azestudio@cpn.org.ar",
        "telefono": "0342-155202143",
        "AFIP": "ok",
        "Estado AFIP": "ok",
        "CRM": "NO",
        "relevado": "-"
      }
    },
    {
      "type": "Feature",
      "geometry": {
        "type": "Point",
        "coordinates": [
          -61.090777,
          -31.7265884
        ]
      },
      "properties": {
        "Base": "Prooveedores Santa Fe",
        "base": "Prooveedores Santa Fe",
        "cliente": "ROVELLA CARRANZA SA",
        "nombre": "ROVELLA CARRANZA SA",
        "cuit": "30615224827",
        "rubro": "CONSTRUCCIONES",
        "direccion": "San Martin Norte 94 0",
        "localidad": "SAN CARLOS CENTRO",
        "provincia": "SANTA FE",
        "email": "licitaciones@rovellacarranza.com.ar",
        "telefono": "1151657978",
        "AFIP": "ok",
        "Estado AFIP": "ok",
        "CRM": "NO",
        "relevado": "-"
      }
    },
    {
      "type": "Feature",
      "geometry": {
        "type": "Point",
        "coordinates": [
          -60.6617024,
          -32.9593609
        ]
      },
      "properties": {
        "Base": "Prooveedores Santa Fe",
        "base": "Prooveedores Santa Fe",
        "cliente": "ROVIAL SA",
        "nombre": "ROVIAL SA",
        "cuit": "30573391086",
        "rubro": "CONSTRUCCIONES",
        "direccion": "ALEM 2302",
        "localidad": "ROSARIO",
        "provincia": "SANTA FE",
        "email": "rovialsa@rovialsa.com.ar",
        "telefono": "3416516899",
        "AFIP": "ok",
        "Estado AFIP": "ok",
        "CRM": "NO",
        "relevado": "-"
      }
    },
    {
      "type": "Feature",
      "geometry": {
        "type": "Point",
        "coordinates": [
          -60.6617024,
          -32.9593609
        ]
      },
      "properties": {
        "Base": "Prooveedores Santa Fe",
        "base": "Prooveedores Santa Fe",
        "cliente": "RSR INGENIERIA Y CONSTRUCCIONES SRL",
        "nombre": "RSR INGENIERIA Y CONSTRUCCIONES SRL",
        "cuit": "30711871264",
        "rubro": "CONSTRUCCIONES",
        "direccion": "EVA PERON 6570 0",
        "localidad": "ROSARIO",
        "provincia": "SANTA FE",
        "email": "administracion@rsringenieria.com.ar",
        "telefono": "341 4579242",
        "AFIP": "ok",
        "Estado AFIP": "ok",
        "CRM": "NO",
        "relevado": "-"
      }
    },
    {
      "type": "Feature",
      "geometry": {
        "type": "Point",
        "coordinates": [
          -61.3905125,
          -32.8234448
        ]
      },
      "properties": {
        "Base": "Prooveedores Santa Fe",
        "base": "Prooveedores Santa Fe",
        "cliente": "RUMOFE SRL",
        "nombre": "RUMOFE SRL",
        "cuit": "30715456032",
        "rubro": "CONSTRUCCIONES",
        "direccion": "AVENIDA SANTA FE 2362 0",
        "localidad": "CAÑADA DE GOMEZ",
        "provincia": "SANTA FE",
        "email": "ivi_12_1@hotmail.com",
        "telefono": "03471-422092",
        "AFIP": "ok",
        "Estado AFIP": "ok",
        "CRM": "NO",
        "relevado": "-"
      }
    },
    {
      "type": "Feature",
      "geometry": {
        "type": "Point",
        "coordinates": [
          -61.7099311,
          -32.1972868
        ]
      },
      "properties": {
        "Base": "Prooveedores Santa Fe",
        "base": "Prooveedores Santa Fe",
        "cliente": "RURAL-VIAL SERVICIOS S.R.L",
        "nombre": "RURAL-VIAL SERVICIOS S.R.L",
        "cuit": "30716782189",
        "rubro": "CONSTRUCCIONES",
        "direccion": "Río Negro 465",
        "localidad": "EL TREBOL",
        "provincia": "SANTA FE",
        "email": "ruralvialserviciossrl@gmail.com",
        "telefono": "03401 15436677",
        "AFIP": "ok",
        "Estado AFIP": "ok",
        "CRM": "NO",
        "relevado": "-"
      }
    },
    {
      "type": "Feature",
      "geometry": {
        "type": "Point",
        "coordinates": [
          -60.7019561,
          -31.6186951
        ]
      },
      "properties": {
        "Base": "Prooveedores Santa Fe",
        "base": "Prooveedores Santa Fe",
        "cliente": "S&D OBRAS Y SERVICIOS S.A.",
        "nombre": "S&D OBRAS Y SERVICIOS S.A.",
        "cuit": "30715996630",
        "rubro": "CONSTRUCCIONES",
        "direccion": "Pedro Vittori 4173",
        "localidad": "SANTA FE",
        "provincia": "SANTA FE",
        "email": "carlosdestefanis@sdingenieria.com.ar",
        "telefono": "3424562732",
        "AFIP": "ok",
        "Estado AFIP": "ok",
        "CRM": "NO",
        "relevado": "-"
      }
    },
    {
      "type": "Feature",
      "geometry": {
        "type": "Point",
        "coordinates": [
          -58.3750018,
          -34.6076073
        ]
      },
      "properties": {
        "Base": "Prooveedores Santa Fe",
        "base": "Prooveedores Santa Fe",
        "cliente": "SACDE SOCIEDAD ARGENTINA DE CONSTRUCCIóN Y DESARROLLO ESTRATéGICO S. A.",
        "nombre": "SACDE SOCIEDAD ARGENTINA DE CONSTRUCCIóN Y DESARROLLO ESTRATéGICO S. A.",
        "cuit": "30568457451",
        "rubro": "CONSTRUCCIONES",
        "direccion": "Florida 868 1",
        "localidad": "FLORIDA (1 al 1100)",
        "provincia": "CAPITAL FEDERAL",
        "email": "dblum@sacde.com.ar",
        "telefono": "1143446700",
        "AFIP": "ok",
        "Estado AFIP": "ok",
        "CRM": "NO",
        "relevado": "-"
      }
    },
    {
      "type": "Feature",
      "geometry": {
        "type": "Point",
        "coordinates": [
          -65.4103194,
          -24.7892946
        ]
      },
      "properties": {
        "Base": "Prooveedores Santa Fe",
        "base": "Prooveedores Santa Fe",
        "cliente": "SALTAPOR S.R.L.",
        "nombre": "SALTAPOR S.R.L.",
        "cuit": "30707325824",
        "rubro": "CONSTRUCCIONES",
        "direccion": "Leguizamon 1946 0",
        "localidad": "SALTA",
        "provincia": "SALTA",
        "email": "fernandezd@saltapor.com",
        "telefono": "3874747025",
        "AFIP": "ok",
        "Estado AFIP": "ok",
        "CRM": "NO",
        "relevado": "-"
      }
    },
    {
      "type": "Feature",
      "geometry": {
        "type": "Point",
        "coordinates": [
          -61.9686068,
          -33.7455871
        ]
      },
      "properties": {
        "Base": "Prooveedores Santa Fe",
        "base": "Prooveedores Santa Fe",
        "cliente": "SAN MARTIN, LEANDRO",
        "nombre": "SAN MARTIN, LEANDRO",
        "cuit": "20262202322",
        "rubro": "CONSTRUCCIONES",
        "direccion": "JUAN B. JUSTO 176 0",
        "localidad": "VENADO TUERTO",
        "provincia": "SANTA FE",
        "email": "leandrosanmartin@outlook.com",
        "telefono": "3462675963",
        "AFIP": "ok",
        "Estado AFIP": "ok",
        "CRM": "NO",
        "relevado": "-"
      }
    },
    {
      "type": "Feature",
      "geometry": {
        "type": "Point",
        "coordinates": [
          -60.6617024,
          -32.9593609
        ]
      },
      "properties": {
        "Base": "Prooveedores Santa Fe",
        "base": "Prooveedores Santa Fe",
        "cliente": "SANIMAT SA",
        "nombre": "SANIMAT SA",
        "cuit": "30501920769",
        "rubro": "CONSTRUCCIONES",
        "direccion": "PARAGUAY 2586",
        "localidad": "ROSARIO",
        "provincia": "SANTA FE",
        "email": "soledad@sanimat.com.ar",
        "telefono": "0341-4812942",
        "AFIP": "ok",
        "Estado AFIP": "ok",
        "CRM": "NO",
        "relevado": "-"
      }
    },
    {
      "type": "Feature",
      "geometry": {
        "type": "Point",
        "coordinates": [
          -58.6671441,
          -34.6583293
        ]
      },
      "properties": {
        "Base": "Prooveedores Santa Fe",
        "base": "Prooveedores Santa Fe",
        "cliente": "SAUBER ARGENTINA S.A.",
        "nombre": "SAUBER ARGENTINA S.A.",
        "cuit": "30712499458",
        "rubro": "CONSTRUCCIONES",
        "direccion": "SOLER 578 0",
        "localidad": "ITUZAINGO",
        "provincia": "BUENOS AIRES",
        "email": "sauberargentina@yahoo.com.ar",
        "telefono": "1123145067",
        "AFIP": "ok",
        "Estado AFIP": "ok",
        "CRM": "NO",
        "relevado": "-"
      }
    },
    {
      "type": "Feature",
      "geometry": {
        "type": "Point",
        "coordinates": [
          -60.6617024,
          -32.9593609
        ]
      },
      "properties": {
        "Base": "Prooveedores Santa Fe",
        "base": "Prooveedores Santa Fe",
        "cliente": "SAVYC S.A.",
        "nombre": "SAVYC S.A.",
        "cuit": "30506063023",
        "rubro": "CONSTRUCCIONES",
        "direccion": "RIOBAMBA 1349 2 A",
        "localidad": "ROSARIO",
        "provincia": "SANTA FE",
        "email": "amaya@savycsa.com.ar",
        "telefono": "3414824455",
        "AFIP": "ok",
        "Estado AFIP": "ok",
        "CRM": "NO",
        "relevado": "-"
      }
    },
    {
      "type": "Feature",
      "geometry": {
        "type": "Point",
        "coordinates": [
          -60.7019561,
          -31.6186951
        ]
      },
      "properties": {
        "Base": "Prooveedores Santa Fe",
        "base": "Prooveedores Santa Fe",
        "cliente": "SCHATZLER,  RODOLFO ESTEBAN",
        "nombre": "SCHATZLER,  RODOLFO ESTEBAN",
        "cuit": "23204253099",
        "rubro": "CONSTRUCCIONES",
        "direccion": "Alvear 7105 0",
        "localidad": "SANTA FE",
        "provincia": "SANTA FE",
        "email": "obras@prosaco.com.ar",
        "telefono": "0342-4806326",
        "AFIP": "ok",
        "Estado AFIP": "ok",
        "CRM": "NO",
        "relevado": "-"
      }
    },
    {
      "type": "Feature",
      "geometry": {
        "type": "Point",
        "coordinates": [
          -60.6617024,
          -32.9593609
        ]
      },
      "properties": {
        "Base": "Prooveedores Santa Fe",
        "base": "Prooveedores Santa Fe",
        "cliente": "SCS ARQUITECTURA Y CONSTRUCCIÓN SRL",
        "nombre": "SCS ARQUITECTURA Y CONSTRUCCIÓN SRL",
        "cuit": "30714355496",
        "rubro": "CONSTRUCCIONES",
        "direccion": "SAN LORENZO 2664 0",
        "localidad": "ROSARIO",
        "provincia": "SANTA FE",
        "email": "info@scsarquitectura.com",
        "telefono": "3413270626",
        "AFIP": "ok",
        "Estado AFIP": "ok",
        "CRM": "NO",
        "relevado": "-"
      }
    },
    {
      "type": "Feature",
      "geometry": {
        "type": "Point",
        "coordinates": [
          -60.7019561,
          -31.6186951
        ]
      },
      "properties": {
        "Base": "Prooveedores Santa Fe",
        "base": "Prooveedores Santa Fe",
        "cliente": "SEIKAN CONSTRUCCIONES S.A.S.",
        "nombre": "SEIKAN CONSTRUCCIONES S.A.S.",
        "cuit": "30716085240",
        "rubro": "CONSTRUCCIONES",
        "direccion": "FRANCISCO MIGUENS 180 8 E",
        "localidad": "SANTA FE",
        "provincia": "SANTA FE",
        "email": "seikanconstrucciones@gmail.com",
        "telefono": "0342 4547948",
        "AFIP": "ok",
        "Estado AFIP": "ok",
        "CRM": "NO",
        "relevado": "-"
      }
    },
    {
      "type": "Feature",
      "geometry": {
        "type": "Point",
        "coordinates": [
          -58.7955872,
          -27.4818684
        ]
      },
      "properties": {
        "Base": "Prooveedores Santa Fe",
        "base": "Prooveedores Santa Fe",
        "cliente": "SEIMAC S.A.",
        "nombre": "SEIMAC S.A.",
        "cuit": "30712235191",
        "rubro": "CONSTRUCCIONES",
        "direccion": "Agustin P. Justo 2345 0",
        "localidad": "CORRIENTES",
        "provincia": "CORRIENTES",
        "email": "comercial@seimac.com.ar",
        "telefono": "1148160240",
        "AFIP": "ok",
        "Estado AFIP": "ok",
        "CRM": "NO",
        "relevado": "-"
      }
    },
    {
      "type": "Feature",
      "geometry": {
        "type": "Point",
        "coordinates": [
          -58.3721907,
          -34.5971512
        ]
      },
      "properties": {
        "Base": "Prooveedores Santa Fe",
        "base": "Prooveedores Santa Fe",
        "cliente": "SEMISA INFRAESTRUCTURA S.A.",
        "nombre": "SEMISA INFRAESTRUCTURA S.A.",
        "cuit": "30711492395",
        "rubro": "CONSTRUCCIONES",
        "direccion": "paraguay 1132 3",
        "localidad": "PARAGUAY (301 al 1400)",
        "provincia": "CAPITAL FEDERAL",
        "email": "asoltewilde@semisainfra.com.ar",
        "telefono": "1145154900",
        "AFIP": "ok",
        "Estado AFIP": "ok",
        "CRM": "NO",
        "relevado": "-"
      }
    },
    {
      "type": "Feature",
      "geometry": {
        "type": "Point",
        "coordinates": [
          -57.9537638,
          -34.9206797
        ]
      },
      "properties": {
        "Base": "Prooveedores Santa Fe",
        "base": "Prooveedores Santa Fe",
        "cliente": "SERVICIOS DE INGENIERIA ELECTRICA S.R.L.",
        "nombre": "SERVICIOS DE INGENIERIA ELECTRICA S.R.L.",
        "cuit": "30624501159",
        "rubro": "CONSTRUCCIONES",
        "direccion": "RUTA 36 53 KM 0",
        "localidad": "LA PLATA",
        "provincia": "BUENOS AIRES",
        "email": "info@sieargentina.com",
        "telefono": "54221491570",
        "AFIP": "ok",
        "Estado AFIP": "ok",
        "CRM": "NO",
        "relevado": "-"
      }
    },
    {
      "type": "Feature",
      "geometry": {
        "type": "Point",
        "coordinates": [
          -58.3824324,
          -34.6004517
        ]
      },
      "properties": {
        "Base": "Prooveedores Santa Fe",
        "base": "Prooveedores Santa Fe",
        "cliente": "SES SA",
        "nombre": "SES SA",
        "cuit": "30647727545",
        "rubro": "CONSTRUCCIONES",
        "direccion": "Cerrito 1070 9 127",
        "localidad": "CERRITO (1 al 1300)",
        "provincia": "CAPITAL FEDERAL",
        "email": "ses@ses.com.ar",
        "telefono": "1136871619",
        "AFIP": "ok",
        "Estado AFIP": "ok",
        "CRM": "NO",
        "relevado": "-"
      }
    },
    {
      "type": "Feature",
      "geometry": {
        "type": "Point",
        "coordinates": [
          -60.6617024,
          -32.9593609
        ]
      },
      "properties": {
        "Base": "Prooveedores Santa Fe",
        "base": "Prooveedores Santa Fe",
        "cliente": "SI PARKS SRL",
        "nombre": "SI PARKS SRL",
        "cuit": "30717723909",
        "rubro": "CONSTRUCCIONES",
        "direccion": "TISCORNIA 2940 0",
        "localidad": "ROSARIO",
        "provincia": "SANTA FE",
        "email": "siparkscreations@gmail.com",
        "telefono": "3416932444",
        "AFIP": "ok",
        "Estado AFIP": "ok",
        "CRM": "NO",
        "relevado": "-"
      }
    },
    {
      "type": "Feature",
      "geometry": {
        "type": "Point",
        "coordinates": [
          -61.2418955,
          -30.311107
        ]
      },
      "properties": {
        "Base": "Prooveedores Santa Fe",
        "base": "Prooveedores Santa Fe",
        "cliente": "SIBOLDI, REINALDO JUAN",
        "nombre": "SIBOLDI, REINALDO JUAN",
        "cuit": "20130917802",
        "rubro": "CONSTRUCCIONES",
        "direccion": "LAS HERAS 338 0",
        "localidad": "SAN CRISTOBAL",
        "provincia": "SANTA FE",
        "email": "reinaldosiboldi@gmail.com",
        "telefono": "03408-422338",
        "AFIP": "ok",
        "Estado AFIP": "ok",
        "CRM": "NO",
        "relevado": "-"
      }
    },
    {
      "type": "Feature",
      "geometry": {
        "type": "Point",
        "coordinates": [
          -60.5298511,
          -31.7330145
        ]
      },
      "properties": {
        "Base": "Prooveedores Santa Fe",
        "base": "Prooveedores Santa Fe",
        "cliente": "SILVA, EZEQUIEL GASTON",
        "nombre": "SILVA, EZEQUIEL GASTON",
        "cuit": "20345828851",
        "rubro": "CONSTRUCCIONES",
        "direccion": "ESTACIÓN SOSA 2453",
        "localidad": "PARANA",
        "provincia": "ENTRE RIOS",
        "email": "engineeringegs@gmail.com",
        "telefono": "03455-414131",
        "AFIP": "ok",
        "Estado AFIP": "ok",
        "CRM": "NO",
        "relevado": "-"
      }
    },
    {
      "type": "Feature",
      "geometry": {
        "type": "Point",
        "coordinates": [
          -60.9066116,
          -32.9000832
        ]
      },
      "properties": {
        "Base": "Prooveedores Santa Fe",
        "base": "Prooveedores Santa Fe",
        "cliente": "SIMAVI SA",
        "nombre": "SIMAVI SA",
        "cuit": "30718494628",
        "rubro": "CONSTRUCCIONES",
        "direccion": "marcos ateca 1643",
        "localidad": "ROLDAN",
        "provincia": "SANTA FE",
        "email": "contacto@simavi.com.ar",
        "telefono": "3414008007",
        "AFIP": "ok",
        "Estado AFIP": "ok",
        "CRM": "NO",
        "relevado": "-"
      }
    },
    {
      "type": "Feature",
      "geometry": {
        "type": "Point",
        "coordinates": [
          -60.7166716,
          -32.8166653
        ]
      },
      "properties": {
        "Base": "Prooveedores Santa Fe",
        "base": "Prooveedores Santa Fe",
        "cliente": "SINERGIA SERVICIOS S R L",
        "nombre": "SINERGIA SERVICIOS S R L",
        "cuit": "30708874597",
        "rubro": "CONSTRUCCIONES",
        "direccion": "AV SAN LORENZO 2599",
        "localidad": "CAPITAN BERMUDEZ",
        "provincia": "SANTA FE",
        "email": "Nabilaaisa@sinergiaservicios.com.ar",
        "telefono": "3416727426",
        "AFIP": "ok",
        "Estado AFIP": "ok",
        "CRM": "NO",
        "relevado": "-"
      }
    },
    {
      "type": "Feature",
      "geometry": {
        "type": "Point",
        "coordinates": [
          -60.6617024,
          -32.9593609
        ]
      },
      "properties": {
        "Base": "Prooveedores Santa Fe",
        "base": "Prooveedores Santa Fe",
        "cliente": "SIR EMPRESA DE SERVICIOS SRL",
        "nombre": "SIR EMPRESA DE SERVICIOS SRL",
        "cuit": "30717687902",
        "rubro": "CONSTRUCCIONES",
        "direccion": "Kennedy 2192 0 E",
        "localidad": "ROSARIO",
        "provincia": "SANTA FE",
        "email": "sirempresadeservicios@gmail.com",
        "telefono": "3414558633",
        "AFIP": "ok",
        "Estado AFIP": "ok",
        "CRM": "NO",
        "relevado": "-"
      }
    },
    {
      "type": "Feature",
      "geometry": {
        "type": "Point",
        "coordinates": [
          -60.6617024,
          -32.9593609
        ]
      },
      "properties": {
        "Base": "Prooveedores Santa Fe",
        "base": "Prooveedores Santa Fe",
        "cliente": "SIRI, CARLOS LUIS",
        "nombre": "SIRI, CARLOS LUIS",
        "cuit": "20127888648",
        "rubro": "CONSTRUCCIONES",
        "direccion": "BV. RONDEAU 2835 0",
        "localidad": "ROSARIO",
        "provincia": "SANTA FE",
        "email": "contacto@grupomadero.com.ar",
        "telefono": "0341-4545336",
        "AFIP": "ok",
        "Estado AFIP": "ok",
        "CRM": "NO",
        "relevado": "-"
      }
    },
    {
      "type": "Feature",
      "geometry": {
        "type": "Point",
        "coordinates": [
          -60.7019561,
          -31.6186951
        ]
      },
      "properties": {
        "Base": "Prooveedores Santa Fe",
        "base": "Prooveedores Santa Fe",
        "cliente": "SOFIA SRL",
        "nombre": "SOFIA SRL",
        "cuit": "30717002993",
        "rubro": "CONSTRUCCIONES",
        "direccion": "FRANCIA 2552",
        "localidad": "SANTA FE",
        "provincia": "SANTA FE",
        "email": "agostinamarote@gmail.com",
        "telefono": "3482550451",
        "AFIP": "ok",
        "Estado AFIP": "ok",
        "CRM": "NO",
        "relevado": "-"
      }
    },
    {
      "type": "Feature",
      "geometry": {
        "type": "Point",
        "coordinates": [
          -60.7019561,
          -31.6186951
        ]
      },
      "properties": {
        "Base": "Prooveedores Santa Fe",
        "base": "Prooveedores Santa Fe",
        "cliente": "SOINT SRL",
        "nombre": "SOINT SRL",
        "cuit": "30716115514",
        "rubro": "CONSTRUCCIONES",
        "direccion": "San Martin 3978 2 C",
        "localidad": "SANTA FE",
        "provincia": "SANTA FE",
        "email": "ventas@soint.com.ar",
        "telefono": "3424214875",
        "AFIP": "ok",
        "Estado AFIP": "ok",
        "CRM": "NO",
        "relevado": "-"
      }
    },
    {
      "type": "Feature",
      "geometry": {
        "type": "Point",
        "coordinates": [
          -60.6617024,
          -32.9593609
        ]
      },
      "properties": {
        "Base": "Prooveedores Santa Fe",
        "base": "Prooveedores Santa Fe",
        "cliente": "SOL INGENIERIA SRL",
        "nombre": "SOL INGENIERIA SRL",
        "cuit": "30625804988",
        "rubro": "CONSTRUCCIONES",
        "direccion": "Dr. F. Ruiz 3450",
        "localidad": "ROSARIO",
        "provincia": "SANTA FE",
        "email": "administracion@solingenieria.com.ar",
        "telefono": "3413741079",
        "AFIP": "ok",
        "Estado AFIP": "ok",
        "CRM": "NO",
        "relevado": "-"
      }
    },
    {
      "type": "Feature",
      "geometry": {
        "type": "Point",
        "coordinates": [
          -60.5933274,
          -30.7890881
        ]
      },
      "properties": {
        "Base": "Prooveedores Santa Fe",
        "base": "Prooveedores Santa Fe",
        "cliente": "SONZOGNI, CARLOS",
        "nombre": "SONZOGNI, CARLOS",
        "cuit": "20168812788",
        "rubro": "CONSTRUCCIONES",
        "direccion": "25 DE MAYO 2744",
        "localidad": "SAN JUSTO",
        "provincia": "SANTA FE",
        "email": "ingsonzogni94@gmail.com",
        "telefono": "03498-427834",
        "AFIP": "ok",
        "Estado AFIP": "ok",
        "CRM": "NO",
        "relevado": "-"
      }
    },
    {
      "type": "Feature",
      "geometry": {
        "type": "Point",
        "coordinates": [
          -60.7019561,
          -31.6186951
        ]
      },
      "properties": {
        "Base": "Prooveedores Santa Fe",
        "base": "Prooveedores Santa Fe",
        "cliente": "STEEL WORK SRL",
        "nombre": "STEEL WORK SRL",
        "cuit": "30715724681",
        "rubro": "CONSTRUCCIONES",
        "direccion": "Quintana 3125",
        "localidad": "SANTA FE",
        "provincia": "SANTA FE",
        "email": "consultora@steelwork.com.ar",
        "telefono": "342-6275712",
        "AFIP": "ok",
        "Estado AFIP": "ok",
        "CRM": "NO",
        "relevado": "-"
      }
    },
    {
      "type": "Feature",
      "geometry": {
        "type": "Point",
        "coordinates": [
          -60.5298511,
          -31.7330145
        ]
      },
      "properties": {
        "Base": "Prooveedores Santa Fe",
        "base": "Prooveedores Santa Fe",
        "cliente": "SUPERMOD SAS",
        "nombre": "SUPERMOD SAS",
        "cuit": "30717166740",
        "rubro": "CONSTRUCCIONES",
        "direccion": "ANTONIO CRESPO S/N S2",
        "localidad": "PARANA",
        "provincia": "ENTRE RIOS",
        "email": "supermodargentina@gmail.com",
        "telefono": "3434463165",
        "AFIP": "ok",
        "Estado AFIP": "ok",
        "CRM": "NO",
        "relevado": "-"
      }
    },
    {
      "type": "Feature",
      "geometry": {
        "type": "Point",
        "coordinates": [
          -60.6617024,
          -32.9593609
        ]
      },
      "properties": {
        "Base": "Prooveedores Santa Fe",
        "base": "Prooveedores Santa Fe",
        "cliente": "TECHOS DORFLER SA",
        "nombre": "TECHOS DORFLER SA",
        "cuit": "30707469354",
        "rubro": "CONSTRUCCIONES",
        "direccion": "Boulevard Nicasio Oroño 1572 PB",
        "localidad": "ROSARIO",
        "provincia": "SANTA FE",
        "email": "Administracion@techosdorfler.com.ar",
        "telefono": "1137501049",
        "AFIP": "ok",
        "Estado AFIP": "ok",
        "CRM": "NO",
        "relevado": "-"
      }
    },
    {
      "type": "Feature",
      "geometry": {
        "type": "Point",
        "coordinates": [
          -58.4356212,
          -34.6161231
        ]
      },
      "properties": {
        "Base": "Prooveedores Santa Fe",
        "base": "Prooveedores Santa Fe",
        "cliente": "TECMACO INTEGRAL S.A.",
        "nombre": "TECMACO INTEGRAL S.A.",
        "cuit": "30628406177",
        "rubro": "CONSTRUCCIONES",
        "direccion": "JERONIMO SALGUERO 2533 8 2",
        "localidad": "SALGUERO JERONIMO (1601 al 2900)",
        "provincia": "CAPITAL FEDERAL",
        "email": "hescobar@tecmacointegral.com.ar",
        "telefono": "03476-575092",
        "AFIP": "ok",
        "Estado AFIP": "ok",
        "CRM": "NO",
        "relevado": "-"
      }
    },
    {
      "type": "Feature",
      "geometry": {
        "type": "Point",
        "coordinates": [
          -64.3489782,
          -33.1237585
        ]
      },
      "properties": {
        "Base": "Prooveedores Santa Fe",
        "base": "Prooveedores Santa Fe",
        "cliente": "TECNORED CONSULTORES S.A.",
        "nombre": "TECNORED CONSULTORES S.A.",
        "cuit": "30710708688",
        "rubro": "CONSTRUCCIONES",
        "direccion": "MITRE 857 0",
        "localidad": "RIO CUARTO",
        "provincia": "CORDOBA",
        "email": "tecnica@tecnoredconsultores.com.ar",
        "telefono": "3584624052",
        "AFIP": "ok",
        "Estado AFIP": "ok",
        "CRM": "NO",
        "relevado": "-"
      }
    },
    {
      "type": "Feature",
      "geometry": {
        "type": "Point",
        "coordinates": [
          -64.1834193,
          -31.4166867
        ]
      },
      "properties": {
        "Base": "Prooveedores Santa Fe",
        "base": "Prooveedores Santa Fe",
        "cliente": "TRESCA S.A.",
        "nombre": "TRESCA S.A.",
        "cuit": "30709740357",
        "rubro": "CONSTRUCCIONES",
        "direccion": "E.D. Bofelli 4519",
        "localidad": "SAN FRANCISCO (DPTO. SAN JUSTO)",
        "provincia": "CORDOBA",
        "email": "legales@tresca.com.ar",
        "telefono": "3564423222",
        "AFIP": "ok",
        "Estado AFIP": "ok",
        "CRM": "NO",
        "relevado": "-"
      }
    },
    {
      "type": "Feature",
      "geometry": {
        "type": "Point",
        "coordinates": [
          -60.6617024,
          -32.9593609
        ]
      },
      "properties": {
        "Base": "Prooveedores Santa Fe",
        "base": "Prooveedores Santa Fe",
        "cliente": "V+T CONSTRUCCIONES SA",
        "nombre": "V+T CONSTRUCCIONES SA",
        "cuit": "30714314102",
        "rubro": "CONSTRUCCIONES",
        "direccion": "BROWN 2427 0 0",
        "localidad": "ROSARIO",
        "provincia": "SANTA FE",
        "email": "estudiodoce78@gmail.com",
        "telefono": "3414240893",
        "AFIP": "ok",
        "Estado AFIP": "ok",
        "CRM": "NO",
        "relevado": "-"
      }
    },
    {
      "type": "Feature",
      "geometry": {
        "type": "Point",
        "coordinates": [
          -60.6617024,
          -32.9593609
        ]
      },
      "properties": {
        "Base": "Prooveedores Santa Fe",
        "base": "Prooveedores Santa Fe",
        "cliente": "VELIKA SRL",
        "nombre": "VELIKA SRL",
        "cuit": "30716049465",
        "rubro": "CONSTRUCCIONES",
        "direccion": "NANSEN 547 0",
        "localidad": "ROSARIO",
        "provincia": "SANTA FE",
        "email": "velikasrl@gmail.com",
        "telefono": "3416985130",
        "AFIP": "ok",
        "Estado AFIP": "ok",
        "CRM": "NO",
        "relevado": "-"
      }
    },
    {
      "type": "Feature",
      "geometry": {
        "type": "Point",
        "coordinates": [
          -60.7019561,
          -31.6186951
        ]
      },
      "properties": {
        "Base": "Prooveedores Santa Fe",
        "base": "Prooveedores Santa Fe",
        "cliente": "VFM S.A.",
        "nombre": "VFM S.A.",
        "cuit": "30623870754",
        "rubro": "CONSTRUCCIONES",
        "direccion": "LAVALLE 3506 0",
        "localidad": "SANTA FE",
        "provincia": "SANTA FE",
        "email": "oficinatecnica@vfmsa.com.ar",
        "telefono": "4527100/600",
        "AFIP": "ok",
        "Estado AFIP": "ok",
        "CRM": "NO",
        "relevado": "-"
      }
    },
    {
      "type": "Feature",
      "geometry": {
        "type": "Point",
        "coordinates": [
          -60.7019561,
          -31.6186951
        ]
      },
      "properties": {
        "Base": "Prooveedores Santa Fe",
        "base": "Prooveedores Santa Fe",
        "cliente": "VIALFE SRL",
        "nombre": "VIALFE SRL",
        "cuit": "30715664190",
        "rubro": "CONSTRUCCIONES",
        "direccion": "AV. BLAS PARERAS 5894",
        "localidad": "SANTA FE",
        "provincia": "SANTA FE",
        "email": "pedro@vialfe.com.ar",
        "telefono": "3425229007",
        "AFIP": "ok",
        "Estado AFIP": "ok",
        "CRM": "NO",
        "relevado": "-"
      }
    },
    {
      "type": "Feature",
      "geometry": {
        "type": "Point",
        "coordinates": [
          -58.4356212,
          -34.6161231
        ]
      },
      "properties": {
        "Base": "Prooveedores Santa Fe",
        "base": "Prooveedores Santa Fe",
        "cliente": "VICTOR M CONTRERAS Y CIA S.A",
        "nombre": "VICTOR M CONTRERAS Y CIA S.A",
        "cuit": "33506249029",
        "rubro": "CONSTRUCCIONES",
        "direccion": "VILLAFAÑE WENCESLAO 40",
        "localidad": "VILLAFAÑE WENCESLAO (1 al 800)",
        "provincia": "CAPITAL FEDERAL",
        "email": "licitaciones@victorcontreras.com.ar",
        "telefono": "431143070749",
        "AFIP": "ok",
        "Estado AFIP": "ok",
        "CRM": "NO",
        "relevado": "-"
      }
    },
    {
      "type": "Feature",
      "geometry": {
        "type": "Point",
        "coordinates": [
          -60.7019561,
          -31.6186951
        ]
      },
      "properties": {
        "Base": "Prooveedores Santa Fe",
        "base": "Prooveedores Santa Fe",
        "cliente": "VOKSE SRL",
        "nombre": "VOKSE SRL",
        "cuit": "30716184400",
        "rubro": "CONSTRUCCIONES",
        "direccion": "GUEMES 3148 1 D",
        "localidad": "SANTA FE",
        "provincia": "SANTA FE",
        "email": "info@voksearquitectura.com",
        "telefono": "3425261775",
        "AFIP": "ok",
        "Estado AFIP": "ok",
        "CRM": "NO",
        "relevado": "-"
      }
    },
    {
      "type": "Feature",
      "geometry": {
        "type": "Point",
        "coordinates": [
          -60.6617024,
          -32.9593609
        ]
      },
      "properties": {
        "Base": "Prooveedores Santa Fe",
        "base": "Prooveedores Santa Fe",
        "cliente": "WERK CONSTRUCTORA S.R.L.",
        "nombre": "WERK CONSTRUCTORA S.R.L.",
        "cuit": "30558223320",
        "rubro": "CONSTRUCCIONES",
        "direccion": "Dorrego 745",
        "localidad": "ROSARIO",
        "provincia": "SANTA FE",
        "email": "lilianapereyra@werk.com.ar",
        "telefono": "0341-4470659",
        "AFIP": "ok",
        "Estado AFIP": "ok",
        "CRM": "NO",
        "relevado": "-"
      }
    },
    {
      "type": "Feature",
      "geometry": {
        "type": "Point",
        "coordinates": [
          -60.7019561,
          -31.6186951
        ]
      },
      "properties": {
        "Base": "Prooveedores Santa Fe",
        "base": "Prooveedores Santa Fe",
        "cliente": "ABS MONTAJES INDUSTRIALES S.A",
        "nombre": "ABS MONTAJES INDUSTRIALES S.A",
        "cuit": "30717004597",
        "rubro": "EDIFICIOS E INSTALACIONES",
        "direccion": "VERA MUJICA 370 0",
        "localidad": "SANTA FE",
        "provincia": "SANTA FE",
        "email": "pfigueroa@absmontajes.com.ar",
        "telefono": "3425084120",
        "AFIP": "ok",
        "Estado AFIP": "ok",
        "CRM": "NO",
        "relevado": "-"
      }
    },
    {
      "type": "Feature",
      "geometry": {
        "type": "Point",
        "coordinates": [
          -60.915983,
          -31.9744568
        ]
      },
      "properties": {
        "Base": "Prooveedores Santa Fe",
        "base": "Prooveedores Santa Fe",
        "cliente": "APPENDINO, DANIEL ANIBAL",
        "nombre": "APPENDINO, DANIEL ANIBAL",
        "cuit": "20114158942",
        "rubro": "EDIFICIOS E INSTALACIONES",
        "direccion": "santo tome 1870 0",
        "localidad": "CORONDA",
        "provincia": "SANTA FE",
        "email": "danielappendino@hotmail.com",
        "telefono": "0342 4911042",
        "AFIP": "ok",
        "Estado AFIP": "ok",
        "CRM": "NO",
        "relevado": "-"
      }
    },
    {
      "type": "Feature",
      "geometry": {
        "type": "Point",
        "coordinates": [
          -60.6617024,
          -32.9593609
        ]
      },
      "properties": {
        "Base": "Prooveedores Santa Fe",
        "base": "Prooveedores Santa Fe",
        "cliente": "ASCENSORES G.N.V S.A.S.",
        "nombre": "ASCENSORES G.N.V S.A.S.",
        "cuit": "33717039489",
        "rubro": "EDIFICIOS E INSTALACIONES",
        "direccion": "BLANCO ENCALADA 1955",
        "localidad": "ROSARIO",
        "provincia": "SANTA FE",
        "email": "ascensoresgnv@gmail.com",
        "telefono": "3412713054",
        "AFIP": "ok",
        "Estado AFIP": "ok",
        "CRM": "NO",
        "relevado": "-"
      }
    },
    {
      "type": "Feature",
      "geometry": {
        "type": "Point",
        "coordinates": [
          -58.4356212,
          -34.6161231
        ]
      },
      "properties": {
        "Base": "Prooveedores Santa Fe",
        "base": "Prooveedores Santa Fe",
        "cliente": "ASCENSORES SERVAS S.A.",
        "nombre": "ASCENSORES SERVAS S.A.",
        "cuit": "30605965055",
        "rubro": "EDIFICIOS E INSTALACIONES",
        "direccion": "ADOLFO ALSINA 901",
        "localidad": "ALSINA ADOLFO (901 al 1800)",
        "provincia": "CAPITAL FEDERAL",
        "email": "central@ascensores-servas.com",
        "telefono": "4345-2525",
        "AFIP": "ok",
        "Estado AFIP": "ok",
        "CRM": "NO",
        "relevado": "-"
      }
    },
    {
      "type": "Feature",
      "geometry": {
        "type": "Point",
        "coordinates": [
          -60.6617024,
          -32.9593609
        ]
      },
      "properties": {
        "Base": "Prooveedores Santa Fe",
        "base": "Prooveedores Santa Fe",
        "cliente": "BC ELECTROMONTAJES SA",
        "nombre": "BC ELECTROMONTAJES SA",
        "cuit": "30714360694",
        "rubro": "EDIFICIOS E INSTALACIONES",
        "direccion": "SAN MARTIN 424 1 A",
        "localidad": "ROSARIO",
        "provincia": "SANTA FE",
        "email": "administracion@bcelectromontajes.com.ar",
        "telefono": "3414651748",
        "AFIP": "ok",
        "Estado AFIP": "ok",
        "CRM": "NO",
        "relevado": "-"
      }
    },
    {
      "type": "Feature",
      "geometry": {
        "type": "Point",
        "coordinates": [
          -60.7019561,
          -31.6186951
        ]
      },
      "properties": {
        "Base": "Prooveedores Santa Fe",
        "base": "Prooveedores Santa Fe",
        "cliente": "CORMET SA",
        "nombre": "CORMET SA",
        "cuit": "30711372330",
        "rubro": "EDIFICIOS E INSTALACIONES",
        "direccion": "GUILLAMON DE AGNELLINI 400 0",
        "localidad": "SANTA FE",
        "provincia": "SANTA FE",
        "email": "paulayodice@cormetsa.com.ar",
        "telefono": "3424596945",
        "AFIP": "ok",
        "Estado AFIP": "ok",
        "CRM": "NO",
        "relevado": "-"
      }
    },
    {
      "type": "Feature",
      "geometry": {
        "type": "Point",
        "coordinates": [
          -60.6617024,
          -32.9593609
        ]
      },
      "properties": {
        "Base": "Prooveedores Santa Fe",
        "base": "Prooveedores Santa Fe",
        "cliente": "DEMARCHI ELECTRONICA SRL",
        "nombre": "DEMARCHI ELECTRONICA SRL",
        "cuit": "30711993084",
        "rubro": "EDIFICIOS E INSTALACIONES",
        "direccion": "ALEM 2181",
        "localidad": "ROSARIO",
        "provincia": "SANTA FE",
        "email": "clientes@demarchielectronica.com.ar",
        "telefono": "0341-4850045",
        "AFIP": "ok",
        "Estado AFIP": "ok",
        "CRM": "NO",
        "relevado": "-"
      }
    },
    {
      "type": "Feature",
      "geometry": {
        "type": "Point",
        "coordinates": [
          -60.5298511,
          -31.7330145
        ]
      },
      "properties": {
        "Base": "Prooveedores Santa Fe",
        "base": "Prooveedores Santa Fe",
        "cliente": "FARIñA, PABLO SEBASTIáN",
        "nombre": "FARIñA, PABLO SEBASTIáN",
        "cuit": "20250322594",
        "rubro": "EDIFICIOS E INSTALACIONES",
        "direccion": "Catamarca 165 0",
        "localidad": "PARANA",
        "provincia": "ENTRE RIOS",
        "email": "pablofarina@treesa.com.ar",
        "telefono": "3434553542",
        "AFIP": "ok",
        "Estado AFIP": "ok",
        "CRM": "NO",
        "relevado": "-"
      }
    },
    {
      "type": "Feature",
      "geometry": {
        "type": "Point",
        "coordinates": [
          -61.2418955,
          -30.311107
        ]
      },
      "properties": {
        "Base": "Prooveedores Santa Fe",
        "base": "Prooveedores Santa Fe",
        "cliente": "GARCIA, FABIAN OSCAR",
        "nombre": "GARCIA, FABIAN OSCAR",
        "cuit": "20303014943",
        "rubro": "EDIFICIOS E INSTALACIONES",
        "direccion": "Cochabamba 1682 0",
        "localidad": "SAN CRISTOBAL",
        "provincia": "SANTA FE",
        "email": "pilarconstrucciones_fg@hotmail.com",
        "telefono": "3493411210",
        "AFIP": "ok",
        "Estado AFIP": "ok",
        "CRM": "NO",
        "relevado": "-"
      }
    },
    {
      "type": "Feature",
      "geometry": {
        "type": "Point",
        "coordinates": [
          -58.3890888,
          -34.6146482
        ]
      },
      "properties": {
        "Base": "Prooveedores Santa Fe",
        "base": "Prooveedores Santa Fe",
        "cliente": "GRADICOM S.A.",
        "nombre": "GRADICOM S.A.",
        "cuit": "30707195068",
        "rubro": "EDIFICIOS E INSTALACIONES",
        "direccion": "Venezuela 1961 2",
        "localidad": "VENEZUELA (1601 al 2700)",
        "provincia": "CAPITAL FEDERAL",
        "email": "mconde@gradicom.com",
        "telefono": "011-4943-6999",
        "AFIP": "ok",
        "Estado AFIP": "ok",
        "CRM": "NO",
        "relevado": "-"
      }
    },
    {
      "type": "Feature",
      "geometry": {
        "type": "Point",
        "coordinates": [
          -60.3298225,
          -33.227206
        ]
      },
      "properties": {
        "Base": "Prooveedores Santa Fe",
        "base": "Prooveedores Santa Fe",
        "cliente": "IANNELLI, ROBERTO",
        "nombre": "IANNELLI, ROBERTO",
        "cuit": "20107131834",
        "rubro": "EDIFICIOS E INSTALACIONES",
        "direccion": "ROLDAN 3309 0",
        "localidad": "VILLA CONSTITUCION",
        "provincia": "SANTA FE",
        "email": "iannelliroberto@hotmail.com.ar",
        "telefono": "3400470404",
        "AFIP": "ok",
        "Estado AFIP": "ok",
        "CRM": "NO",
        "relevado": "-"
      }
    },
    {
      "type": "Feature",
      "geometry": {
        "type": "Point",
        "coordinates": [
          -60.7019561,
          -31.6186951
        ]
      },
      "properties": {
        "Base": "Prooveedores Santa Fe",
        "base": "Prooveedores Santa Fe",
        "cliente": "INGESEA S.R.L.",
        "nombre": "INGESEA S.R.L.",
        "cuit": "30715392441",
        "rubro": "EDIFICIOS E INSTALACIONES",
        "direccion": "Salta 3364 4",
        "localidad": "SANTA FE",
        "provincia": "SANTA FE",
        "email": "sergiososa@ingesea.com.ar",
        "telefono": "3424070079",
        "AFIP": "ok",
        "Estado AFIP": "ok",
        "CRM": "NO",
        "relevado": "-"
      }
    },
    {
      "type": "Feature",
      "geometry": {
        "type": "Point",
        "coordinates": [
          -60.6617024,
          -32.9593609
        ]
      },
      "properties": {
        "Base": "Prooveedores Santa Fe",
        "base": "Prooveedores Santa Fe",
        "cliente": "JIT CLIMATIZACION SRL",
        "nombre": "JIT CLIMATIZACION SRL",
        "cuit": "30718778928",
        "rubro": "EDIFICIOS E INSTALACIONES",
        "direccion": "ANCHORENA 1841",
        "localidad": "ROSARIO",
        "provincia": "SANTA FE",
        "email": "info@jitclimatizacion.com.ar",
        "telefono": "3412010105",
        "AFIP": "ok",
        "Estado AFIP": "ok",
        "CRM": "NO",
        "relevado": "-"
      }
    },
    {
      "type": "Feature",
      "geometry": {
        "type": "Point",
        "coordinates": [
          -61.1641779,
          -33.0443368
        ]
      },
      "properties": {
        "Base": "Prooveedores Santa Fe",
        "base": "Prooveedores Santa Fe",
        "cliente": "JMI AUTOMATISMOS S.A.S.",
        "nombre": "JMI AUTOMATISMOS S.A.S.",
        "cuit": "30717761096",
        "rubro": "EDIFICIOS E INSTALACIONES",
        "direccion": "MITRE 47",
        "localidad": "CASILDA",
        "provincia": "SANTA FE",
        "email": "jmiautomatismos@gmail.com",
        "telefono": "3464553826",
        "AFIP": "ok",
        "Estado AFIP": "ok",
        "CRM": "NO",
        "relevado": "-"
      }
    },
    {
      "type": "Feature",
      "geometry": {
        "type": "Point",
        "coordinates": [
          -60.7019561,
          -31.6186951
        ]
      },
      "properties": {
        "Base": "Prooveedores Santa Fe",
        "base": "Prooveedores Santa Fe",
        "cliente": "L.G. ARGENTINA S.R.L.",
        "nombre": "L.G. ARGENTINA S.R.L.",
        "cuit": "30714527521",
        "rubro": "EDIFICIOS E INSTALACIONES",
        "direccion": "GUEMES 5367",
        "localidad": "SANTA FE",
        "provincia": "SANTA FE",
        "email": "danielauce@gmail.com",
        "telefono": "3425133232",
        "AFIP": "ok",
        "Estado AFIP": "ok",
        "CRM": "NO",
        "relevado": "-"
      }
    },
    {
      "type": "Feature",
      "geometry": {
        "type": "Point",
        "coordinates": [
          -61.2196794,
          -32.0253403
        ]
      },
      "properties": {
        "Base": "Prooveedores Santa Fe",
        "base": "Prooveedores Santa Fe",
        "cliente": "MALATINI, JAVIER",
        "nombre": "MALATINI, JAVIER",
        "cuit": "20248515113",
        "rubro": "EDIFICIOS E INSTALACIONES",
        "direccion": "Dr. Destefanis 479",
        "localidad": "GALVEZ",
        "provincia": "SANTA FE",
        "email": "jmalatini@gmail.com",
        "telefono": "03404 15516998",
        "AFIP": "ok",
        "Estado AFIP": "ok",
        "CRM": "NO",
        "relevado": "-"
      }
    },
    {
      "type": "Feature",
      "geometry": {
        "type": "Point",
        "coordinates": [
          -60.6617024,
          -32.9593609
        ]
      },
      "properties": {
        "Base": "Prooveedores Santa Fe",
        "base": "Prooveedores Santa Fe",
        "cliente": "MINNUCCI, GUSTAVO DANIEL",
        "nombre": "MINNUCCI, GUSTAVO DANIEL",
        "cuit": "23185596729",
        "rubro": "EDIFICIOS E INSTALACIONES",
        "direccion": "Ayacucho 1274 0",
        "localidad": "ROSARIO",
        "provincia": "SANTA FE",
        "email": "gmin@digilogic.com.ar",
        "telefono": "(0341) 4258092",
        "AFIP": "ok",
        "Estado AFIP": "ok",
        "CRM": "NO",
        "relevado": "-"
      }
    },
    {
      "type": "Feature",
      "geometry": {
        "type": "Point",
        "coordinates": [
          -60.6617024,
          -32.9593609
        ]
      },
      "properties": {
        "Base": "Prooveedores Santa Fe",
        "base": "Prooveedores Santa Fe",
        "cliente": "REPRESENTACIONES MINERAS SRL",
        "nombre": "REPRESENTACIONES MINERAS SRL",
        "cuit": "33714479259",
        "rubro": "EDIFICIOS E INSTALACIONES",
        "direccion": "Regimiento 11 1958 0",
        "localidad": "ROSARIO",
        "provincia": "SANTA FE",
        "email": "administracion@representacionesmineras.com",
        "telefono": "0341 4612261",
        "AFIP": "ok",
        "Estado AFIP": "ok",
        "CRM": "NO",
        "relevado": "-"
      }
    },
    {
      "type": "Feature",
      "geometry": {
        "type": "Point",
        "coordinates": [
          -60.7019561,
          -31.6186951
        ]
      },
      "properties": {
        "Base": "Prooveedores Santa Fe",
        "base": "Prooveedores Santa Fe",
        "cliente": "ROMERO, MATIAS URIEL",
        "nombre": "ROMERO, MATIAS URIEL",
        "cuit": "20395039084",
        "rubro": "EDIFICIOS E INSTALACIONES",
        "direccion": "JOSE CIBILS 6570",
        "localidad": "SANTA FE",
        "provincia": "SANTA FE",
        "email": "lmerki.estudiocontable@gmail.com",
        "telefono": "3425550454",
        "AFIP": "ok",
        "Estado AFIP": "ok",
        "CRM": "NO",
        "relevado": "-"
      }
    },
    {
      "type": "Feature",
      "geometry": {
        "type": "Point",
        "coordinates": [
          -60.7553007,
          -33.0242175
        ]
      },
      "properties": {
        "Base": "Prooveedores Santa Fe",
        "base": "Prooveedores Santa Fe",
        "cliente": "SEIMANDI, CRISTIAN ARIEL MIGUEL",
        "nombre": "SEIMANDI, CRISTIAN ARIEL MIGUEL",
        "cuit": "23293529329",
        "rubro": "EDIFICIOS E INSTALACIONES",
        "direccion": "MARIANO MORENO 529 0",
        "localidad": "SOLDINI",
        "provincia": "SANTA FE",
        "email": "seielect@yahoo.com.ar",
        "telefono": "3416830119",
        "AFIP": "ok",
        "Estado AFIP": "ok",
        "CRM": "NO",
        "relevado": "-"
      }
    },
    {
      "type": "Feature",
      "geometry": {
        "type": "Point",
        "coordinates": [
          -61.3588841,
          -33.2456886
        ]
      },
      "properties": {
        "Base": "Prooveedores Santa Fe",
        "base": "Prooveedores Santa Fe",
        "cliente": "SERVICIOS EICHA SRL",
        "nombre": "SERVICIOS EICHA SRL",
        "cuit": "33708674139",
        "rubro": "EDIFICIOS E INSTALACIONES",
        "direccion": "Ruta 33 Km. 712",
        "localidad": "CHABAS",
        "provincia": "SANTA FE",
        "email": "info@eicha.com.ar",
        "telefono": "03464-480703",
        "AFIP": "ok",
        "Estado AFIP": "ok",
        "CRM": "NO",
        "relevado": "-"
      }
    },
    {
      "type": "Feature",
      "geometry": {
        "type": "Point",
        "coordinates": [
          -60.6617024,
          -32.9593609
        ]
      },
      "properties": {
        "Base": "Prooveedores Santa Fe",
        "base": "Prooveedores Santa Fe",
        "cliente": "SERVICIOS ESTILO S.R.L.",
        "nombre": "SERVICIOS ESTILO S.R.L.",
        "cuit": "30710654308",
        "rubro": "EDIFICIOS E INSTALACIONES",
        "direccion": "España 1401 0",
        "localidad": "ROSARIO",
        "provincia": "SANTA FE",
        "email": "serviciosestilo@yahoo.com.ar",
        "telefono": "0341-4265294",
        "AFIP": "ok",
        "Estado AFIP": "ok",
        "CRM": "NO",
        "relevado": "-"
      }
    },
    {
      "type": "Feature",
      "geometry": {
        "type": "Point",
        "coordinates": [
          -61.9686068,
          -33.7455871
        ]
      },
      "properties": {
        "Base": "Prooveedores Santa Fe",
        "base": "Prooveedores Santa Fe",
        "cliente": "SISTEMA DE VIVIENDAS TECNOHOGAR SRL",
        "nombre": "SISTEMA DE VIVIENDAS TECNOHOGAR SRL",
        "cuit": "30710834489",
        "rubro": "EDIFICIOS E INSTALACIONES",
        "direccion": "IRAOLA 925 0",
        "localidad": "VENADO TUERTO",
        "provincia": "SANTA FE",
        "email": "g.gentili@viviendastecnohouse.com.ar",
        "telefono": "3462642807",
        "AFIP": "ok",
        "Estado AFIP": "ok",
        "CRM": "NO",
        "relevado": "-"
      }
    },
    {
      "type": "Feature",
      "geometry": {
        "type": "Point",
        "coordinates": [
          -60.7019561,
          -31.6186951
        ]
      },
      "properties": {
        "Base": "Prooveedores Santa Fe",
        "base": "Prooveedores Santa Fe",
        "cliente": "SOSA SERGIO Y SOSA ESTEBAN SH",
        "nombre": "SOSA SERGIO Y SOSA ESTEBAN SH",
        "cuit": "30713492406",
        "rubro": "EDIFICIOS E INSTALACIONES",
        "direccion": "Salta 3364 0 4",
        "localidad": "SANTA FE",
        "provincia": "SANTA FE",
        "email": "sergiososa@ymail.com",
        "telefono": "4536294",
        "AFIP": "ok",
        "Estado AFIP": "ok",
        "CRM": "NO",
        "relevado": "-"
      }
    },
    {
      "type": "Feature",
      "geometry": {
        "type": "Point",
        "coordinates": [
          -60.7019561,
          -31.6186951
        ]
      },
      "properties": {
        "Base": "Prooveedores Santa Fe",
        "base": "Prooveedores Santa Fe",
        "cliente": "SUNGREEN SANTA FE SOCIEDAD SIMPLE (S.S.)",
        "nombre": "SUNGREEN SANTA FE SOCIEDAD SIMPLE (S.S.)",
        "cuit": "30715312006",
        "rubro": "EDIFICIOS E INSTALACIONES",
        "direccion": "SAN JERONIMO 3194 2 11",
        "localidad": "SANTA FE",
        "provincia": "SANTA FE",
        "email": "ruka@ruka.com.ar",
        "telefono": "3424533975",
        "AFIP": "ok",
        "Estado AFIP": "ok",
        "CRM": "NO",
        "relevado": "-"
      }
    },
    {
      "type": "Feature",
      "geometry": {
        "type": "Point",
        "coordinates": [
          -58.4356212,
          -34.6161231
        ]
      },
      "properties": {
        "Base": "Prooveedores Santa Fe",
        "base": "Prooveedores Santa Fe",
        "cliente": "TECNOLOGÍA EN SEGURIDAD Y SERVICIOS SRL",
        "nombre": "TECNOLOGÍA EN SEGURIDAD Y SERVICIOS SRL",
        "cuit": "30709061107",
        "rubro": "EDIFICIOS E INSTALACIONES",
        "direccion": "AV. CORRIENTES 1386 9 L",
        "localidad": "CORRIENTES AVENIDA (1301 al 1400)",
        "provincia": "CAPITAL FEDERAL",
        "email": "ventas@tss.com.ar",
        "telefono": "011 5263 0877",
        "AFIP": "ok",
        "Estado AFIP": "ok",
        "CRM": "NO",
        "relevado": "-"
      }
    },
    {
      "type": "Feature",
      "geometry": {
        "type": "Point",
        "coordinates": [
          -58.4130153,
          -34.6719714
        ]
      },
      "properties": {
        "Base": "Prooveedores Santa Fe",
        "base": "Prooveedores Santa Fe",
        "cliente": "VADEMARCO S.A.",
        "nombre": "VADEMARCO S.A.",
        "cuit": "30568497615",
        "rubro": "EDIFICIOS E INSTALACIONES",
        "direccion": "DARRAGUEIRA 538 0",
        "localidad": "VALENTIN ALSINA",
        "provincia": "BUENOS AIRES",
        "email": "info@vademarco.com.ar",
        "telefono": "1149124590",
        "AFIP": "ok",
        "Estado AFIP": "ok",
        "CRM": "NO",
        "relevado": "-"
      }
    },
    {
      "type": "Feature",
      "geometry": {
        "type": "Point",
        "coordinates": [
          -60.7019561,
          -31.6186951
        ]
      },
      "properties": {
        "Base": "Prooveedores Santa Fe",
        "base": "Prooveedores Santa Fe",
        "cliente": "VAZQUEZ, SANTIAGO WALDEMAR",
        "nombre": "VAZQUEZ, SANTIAGO WALDEMAR",
        "cuit": "20239269614",
        "rubro": "EDIFICIOS E INSTALACIONES",
        "direccion": "OBISPO PRINCIPE 941",
        "localidad": "SANTA FE",
        "provincia": "SANTA FE",
        "email": "santiago.w.vazquez@gmail.com",
        "telefono": "3426311727",
        "AFIP": "ok",
        "Estado AFIP": "ok",
        "CRM": "NO",
        "relevado": "-"
      }
    },
    {
      "type": "Feature",
      "geometry": {
        "type": "Point",
        "coordinates": [
          -58.4870553,
          -34.5521432
        ]
      },
      "properties": {
        "Base": "Prooveedores Santa Fe",
        "base": "Prooveedores Santa Fe",
        "cliente": "VEOLIA SERVICIOS Y GESTIÓN DE ENERGÍA ARGENTINA S.A.U.",
        "nombre": "VEOLIA SERVICIOS Y GESTIÓN DE ENERGÍA ARGENTINA S.A.U.",
        "cuit": "30573518477",
        "rubro": "EDIFICIOS E INSTALACIONES",
        "direccion": "Tronador 4890 14 Ala Norte",
        "localidad": "TRONADOR (4201 al 4900)",
        "provincia": "CAPITAL FEDERAL",
        "email": "luciano-ignacio.ranieri@veolia.com",
        "telefono": "(011) 4018-0100",
        "AFIP": "ok",
        "Estado AFIP": "ok",
        "CRM": "NO",
        "relevado": "-"
      }
    },
    {
      "type": "Feature",
      "geometry": {
        "type": "Point",
        "coordinates": [
          -60.7019561,
          -31.6186951
        ]
      },
      "properties": {
        "Base": "Prooveedores Santa Fe",
        "base": "Prooveedores Santa Fe",
        "cliente": "VIDRIOS Y ABERTURAS S.R.L.",
        "nombre": "VIDRIOS Y ABERTURAS S.R.L.",
        "cuit": "30712222553",
        "rubro": "EDIFICIOS E INSTALACIONES",
        "direccion": "BOULEVARD DOCTOR ZAVALLA 1053 0",
        "localidad": "SANTA FE",
        "provincia": "SANTA FE",
        "email": "administracion@vyasrl.com",
        "telefono": "4581217",
        "AFIP": "ok",
        "Estado AFIP": "ok",
        "CRM": "NO",
        "relevado": "-"
      }
    },
    {
      "type": "Feature",
      "geometry": {
        "type": "Point",
        "coordinates": [
          -61.4916758,
          -31.2526923
        ]
      },
      "properties": {
        "Base": "Prooveedores Santa Fe",
        "base": "Prooveedores Santa Fe",
        "cliente": "ARNOLDT, RODOLFO IGNACIO",
        "nombre": "ARNOLDT, RODOLFO IGNACIO",
        "cuit": "20063022048",
        "rubro": "PRODUCTOS HORTICOLAS Y AGROFORESTALES",
        "direccion": "AV. ANGELA DE LA CASA 248 0",
        "localidad": "RAFAELA",
        "provincia": "SANTA FE",
        "email": "viverolosrobles@viverolosrobles.com.ar",
        "telefono": "3492431541",
        "AFIP": "ok",
        "Estado AFIP": "ok",
        "CRM": "NO",
        "relevado": "-"
      }
    },
    {
      "type": "Feature",
      "geometry": {
        "type": "Point",
        "coordinates": [
          -60.6617024,
          -32.9593609
        ]
      },
      "properties": {
        "Base": "Prooveedores Santa Fe",
        "base": "Prooveedores Santa Fe",
        "cliente": "CAPDEVILA, JERONIMO",
        "nombre": "CAPDEVILA, JERONIMO",
        "cuit": "20226980424",
        "rubro": "PRODUCTOS HORTICOLAS Y AGROFORESTALES",
        "direccion": "dieciseis de enero 8628",
        "localidad": "ROSARIO",
        "provincia": "SANTA FE",
        "email": "viveronaranjoenflor@gmail.com",
        "telefono": "3413019430",
        "AFIP": "ok",
        "Estado AFIP": "ok",
        "CRM": "NO",
        "relevado": "-"
      }
    },
    {
      "type": "Feature",
      "geometry": {
        "type": "Point",
        "coordinates": [
          -60.7354891,
          -31.4909067
        ]
      },
      "properties": {
        "Base": "Prooveedores Santa Fe",
        "base": "Prooveedores Santa Fe",
        "cliente": "COOPERATIVA SEMBRANDO SUEÑOS LIMITADA",
        "nombre": "COOPERATIVA SEMBRANDO SUEÑOS LIMITADA",
        "cuit": "30716490684",
        "rubro": "PRODUCTOS HORTICOLAS Y AGROFORESTALES",
        "direccion": "ruta 11 km 478",
        "localidad": "RECREO",
        "provincia": "SANTA FE",
        "email": "sembrandos@hotmail.com",
        "telefono": "3424732774",
        "AFIP": "ok",
        "Estado AFIP": "ok",
        "CRM": "NO",
        "relevado": "-"
      }
    },
    {
      "type": "Feature",
      "geometry": {
        "type": "Point",
        "coordinates": [
          -60.3988455,
          -30.3583524
        ]
      },
      "properties": {
        "Base": "Prooveedores Santa Fe",
        "base": "Prooveedores Santa Fe",
        "cliente": "CUENCA, HERNAN SAUL",
        "nombre": "CUENCA, HERNAN SAUL",
        "cuit": "20347317633",
        "rubro": "PRODUCTOS HORTICOLAS Y AGROFORESTALES",
        "direccion": "ruta 11 km496 km496",
        "localidad": "CANDIOTI",
        "provincia": "SANTA FE",
        "email": "cuencah332@gmail.com",
        "telefono": "3425955035",
        "AFIP": "ok",
        "Estado AFIP": "ok",
        "CRM": "NO",
        "relevado": "-"
      }
    },
    {
      "type": "Feature",
      "geometry": {
        "type": "Point",
        "coordinates": [
          -62.7110819,
          -34.2617313
        ]
      },
      "properties": {
        "Base": "Prooveedores Santa Fe",
        "base": "Prooveedores Santa Fe",
        "cliente": "DESTEFANO MARTIN",
        "nombre": "DESTEFANO MARTIN",
        "cuit": "20296771776",
        "rubro": "PRODUCTOS HORTICOLAS Y AGROFORESTALES",
        "direccion": "INDEPENDENCIA 1433",
        "localidad": "RUFINO",
        "provincia": "SANTA FE",
        "email": "martindestefano@gmail.com",
        "telefono": "(03382) 15677434",
        "AFIP": "ok",
        "Estado AFIP": "ok",
        "CRM": "NO",
        "relevado": "-"
      }
    },
    {
      "type": "Feature",
      "geometry": {
        "type": "Point",
        "coordinates": [
          -61.315749,
          -31.7623445
        ]
      },
      "properties": {
        "Base": "Prooveedores Santa Fe",
        "base": "Prooveedores Santa Fe",
        "cliente": "ESMACOL S.A.",
        "nombre": "ESMACOL S.A.",
        "cuit": "30708001585",
        "rubro": "PRODUCTOS HORTICOLAS Y AGROFORESTALES",
        "direccion": "BV RISSO PATRON 781",
        "localidad": "SANTA CLARA DE BUENA VISTA",
        "provincia": "SANTA FE",
        "email": "aruiztion@gmail.com",
        "telefono": "3404503743",
        "AFIP": "ok",
        "Estado AFIP": "ok",
        "CRM": "NO",
        "relevado": "-"
      }
    },
    {
      "type": "Feature",
      "geometry": {
        "type": "Point",
        "coordinates": [
          -69.1988222,
          -30.7054363
        ]
      },
      "properties": {
        "Base": "Prooveedores Santa Fe",
        "base": "Prooveedores Santa Fe",
        "cliente": "FEDERACION DE COOPERATIVAS AGROPECUARIAS DE SAN JUAN (FECOAGRO) LTDA",
        "nombre": "FEDERACION DE COOPERATIVAS AGROPECUARIAS DE SAN JUAN (FECOAGRO) LTDA",
        "cuit": "30673261252",
        "rubro": "PRODUCTOS HORTICOLAS Y AGROFORESTALES",
        "direccion": "BELGRANO -ESTE 2767 (CP 5411-SANTA LUCIA-SAN JUAN)",
        "localidad": "No informada",
        "provincia": "SAN JUAN",
        "email": "administracion@fecoagro.com.ar",
        "telefono": "0264 4253600",
        "AFIP": "ok",
        "Estado AFIP": "ok",
        "CRM": "NO",
        "relevado": "-"
      }
    },
    {
      "type": "Feature",
      "geometry": {
        "type": "Point",
        "coordinates": [
          -60.7019561,
          -31.6186951
        ]
      },
      "properties": {
        "Base": "Prooveedores Santa Fe",
        "base": "Prooveedores Santa Fe",
        "cliente": "JARDIN LOS CEIBOS DE ANGERAMO PASCUAL H. Y SIVACK GRACIELA",
        "nombre": "JARDIN LOS CEIBOS DE ANGERAMO PASCUAL H. Y SIVACK GRACIELA",
        "cuit": "30634582173",
        "rubro": "PRODUCTOS HORTICOLAS Y AGROFORESTALES",
        "direccion": "Avenida Freyre 2385",
        "localidad": "SANTA FE",
        "provincia": "SANTA FE",
        "email": "jardinlosceibos@hotmail.com",
        "telefono": "telefono 0342-4560770",
        "AFIP": "ok",
        "Estado AFIP": "ok",
        "CRM": "NO",
        "relevado": "-"
      }
    },
    {
      "type": "Feature",
      "geometry": {
        "type": "Point",
        "coordinates": [
          -60.8372302,
          -31.7710276
        ]
      },
      "properties": {
        "Base": "Prooveedores Santa Fe",
        "base": "Prooveedores Santa Fe",
        "cliente": "JARDINES DEL LITORAL SRL",
        "nombre": "JARDINES DEL LITORAL SRL",
        "cuit": "30710633572",
        "rubro": "PRODUCTOS HORTICOLAS Y AGROFORESTALES",
        "direccion": "Ruta 11 - km 456 entre calle 4 y 6",
        "localidad": "SAUCE VIEJO",
        "provincia": "SANTA FE",
        "email": "mariaeugenia202@gmail.com",
        "telefono": "11111111",
        "AFIP": "ok",
        "Estado AFIP": "ok",
        "CRM": "NO",
        "relevado": "-"
      }
    },
    {
      "type": "Feature",
      "geometry": {
        "type": "Point",
        "coordinates": [
          -60.7019561,
          -31.6186951
        ]
      },
      "properties": {
        "Base": "Prooveedores Santa Fe",
        "base": "Prooveedores Santa Fe",
        "cliente": "MACAGNO NAHUEL",
        "nombre": "MACAGNO NAHUEL",
        "cuit": "20388974479",
        "rubro": "PRODUCTOS HORTICOLAS Y AGROFORESTALES",
        "direccion": "LA RIOJA 3161",
        "localidad": "SANTA FE",
        "provincia": "SANTA FE",
        "email": "nahuel.macagno@hotmail.com",
        "telefono": "11111111",
        "AFIP": "ok",
        "Estado AFIP": "ok",
        "CRM": "NO",
        "relevado": "-"
      }
    },
    {
      "type": "Feature",
      "geometry": {
        "type": "Point",
        "coordinates": [
          -60.6617024,
          -32.9593609
        ]
      },
      "properties": {
        "Base": "Prooveedores Santa Fe",
        "base": "Prooveedores Santa Fe",
        "cliente": "O.S. S.A.",
        "nombre": "O.S. S.A.",
        "cuit": "30708396628",
        "rubro": "PRODUCTOS HORTICOLAS Y AGROFORESTALES",
        "direccion": "JUAN PABLO II BIS 3076",
        "localidad": "ROSARIO",
        "provincia": "SANTA FE",
        "email": "molinosossa@gmail.com",
        "telefono": "341 583-4526",
        "AFIP": "ok",
        "Estado AFIP": "ok",
        "CRM": "NO",
        "relevado": "-"
      }
    },
    {
      "type": "Feature",
      "geometry": {
        "type": "Point",
        "coordinates": [
          -61.4916758,
          -31.2526923
        ]
      },
      "properties": {
        "Base": "Prooveedores Santa Fe",
        "base": "Prooveedores Santa Fe",
        "cliente": "POSSI, OSCAR CARLOS",
        "nombre": "POSSI, OSCAR CARLOS",
        "cuit": "20175148931",
        "rubro": "PRODUCTOS HORTICOLAS Y AGROFORESTALES",
        "direccion": "BV ROCA 1044 0",
        "localidad": "RAFAELA",
        "provincia": "SANTA FE",
        "email": "estudio@peironefranayasoc.com.ar",
        "telefono": "03492-503655",
        "AFIP": "ok",
        "Estado AFIP": "ok",
        "CRM": "NO",
        "relevado": "-"
      }
    },
    {
      "type": "Feature",
      "geometry": {
        "type": "Point",
        "coordinates": [
          -61.4916758,
          -31.2526923
        ]
      },
      "properties": {
        "Base": "Prooveedores Santa Fe",
        "base": "Prooveedores Santa Fe",
        "cliente": "RAVASIO , ARISTIDES RAFAEL",
        "nombre": "RAVASIO , ARISTIDES RAFAEL",
        "cuit": "20207279189",
        "rubro": "PRODUCTOS HORTICOLAS Y AGROFORESTALES",
        "direccion": "BELGRANO 1063 0",
        "localidad": "RAFAELA",
        "provincia": "SANTA FE",
        "email": "aravasio@viverolosrobles.com.ar",
        "telefono": "03492 15 584887",
        "AFIP": "ok",
        "Estado AFIP": "ok",
        "CRM": "NO",
        "relevado": "-"
      }
    },
    {
      "type": "Feature",
      "geometry": {
        "type": "Point",
        "coordinates": [
          -60.7354891,
          -31.4909067
        ]
      },
      "properties": {
        "Base": "Prooveedores Santa Fe",
        "base": "Prooveedores Santa Fe",
        "cliente": "SEMILLERIA DENIS STAMATTI  S.R.L.",
        "nombre": "SEMILLERIA DENIS STAMATTI  S.R.L.",
        "cuit": "30572335859",
        "rubro": "PRODUCTOS HORTICOLAS Y AGROFORESTALES",
        "direccion": "RUTA 11 KM. 478 - RECREO SUR - C.P.: 3001 S/N 0",
        "localidad": "RECREO",
        "provincia": "SANTA FE",
        "email": "semilleriastamatti@arnet.com.ar",
        "telefono": "0342-4905135",
        "AFIP": "ok",
        "Estado AFIP": "ok",
        "CRM": "NO",
        "relevado": "-"
      }
    },
    {
      "type": "Feature",
      "geometry": {
        "type": "Point",
        "coordinates": [
          -61.4916758,
          -31.2526923
        ]
      },
      "properties": {
        "Base": "Prooveedores Santa Fe",
        "base": "Prooveedores Santa Fe",
        "cliente": "VIVERO LOS ROBLES SA",
        "nombre": "VIVERO LOS ROBLES SA",
        "cuit": "30714787965",
        "rubro": "PRODUCTOS HORTICOLAS Y AGROFORESTALES",
        "direccion": "AV. ANGELA DE LA CASA 248",
        "localidad": "RAFAELA",
        "provincia": "SANTA FE",
        "email": "administracion@viverolosrobles.com.ar",
        "telefono": "03492- 431541",
        "AFIP": "ok",
        "Estado AFIP": "ok",
        "CRM": "NO",
        "relevado": "-"
      }
    }
  ]
}