{
    "type":  "FeatureCollection",
    "features":  [
                     {
                         "type":  "Feature",
                         "properties":  {
                                            "rownum":  "2",
                                            "Nombre":  "A B  SA",
                                            "CUIT":  "30635494073",
                                            "direccion_original":  "Andres Llobet 2415 - Bº Alto Alberdi - CP 5000 - Córdoba",
                                            "provincia_original":  "Cordoba",
                                            "localidad_original":  "Cordoba",
                                            "status_afip":  "ok",
                                            "error_afip":  "",
                                            "denominacion_afip":  "A B  SA",
                                            "estado_afip":  "ACTIVO",
                                            "direccion_afip":  "ANDRES LLOBET 2415",
                                            "localidad_afip":  "BARRIO ALBERDI NORTE",
                                            "provincia_afip":  "CORDOBA",
                                            "cod_postal_afip":  "5000",
                                            "latitud":  "-31,4166867",
                                            "longitud":  "-64,1834193",
                                            "geocoded_query":  "Cordoba, Cordoba, Argentina",
                                            "geocode_display_name":  "Córdoba, Municipio de Córdoba, Pedanía Capital, Departamento Capital, Córdoba, X5000, Argentina",
                                            "telefono":  "4804329",
                                            "email_web":  "",
                                            "rubro_principal":  "Construcción de Viviendas - Alquiler de Equipos",
                                            "Tipo":  "Socios Plenarios",
                                            "Delegacion":  "Cordoba",
                                            "Dirección":  "ANDRES LLOBET 2415",
                                            "Localidad":  "BARRIO ALBERDI NORTE",
                                            "Provincia":  "Cordoba",
                                            "Teléfono":  "4804329",
                                            "Correo":  "",
                                            "CRM":  "NO",
                                            "Maquinas":  "",
                                            "Sucursal":  "",
                                            "Rubro":  "Construcción de Viviendas - Alquiler de Equipos"
                                        },
                         "geometry":  {
                                          "type":  "Point",
                                          "coordinates":  [
                                                              -64.1834193,
                                                              -31.4166867
                                                          ]
                                      }
                     },
                     {
                         "type":  "Feature",
                         "properties":  {
                                            "rownum":  "3",
                                            "Nombre":  "ACLADE SOCIEDAD DE RESPONSABILIDAD LIMITADA",
                                            "CUIT":  "30595711246",
                                            "direccion_original":  "Luna y Cardenas 3177 Bº Alto Alberdi - CP 5000 Córdoba /// Colectora Ruta 20 km 18 1/2, Barrio La Perla, Malagueño, Córdoba",
                                            "provincia_original":  "Cordoba",
                                            "localidad_original":  "Cordoba",
                                            "status_afip":  "ok",
                                            "error_afip":  "",
                                            "denominacion_afip":  "ACLADE SOCIEDAD DE RESPONSABILIDAD LIMITADA",
                                            "estado_afip":  "ACTIVO",
                                            "direccion_afip":  "COLECTORA RUTA NACIONAL N* 20 KM 18 1/2 0",
                                            "localidad_afip":  "MALAGUEÑO",
                                            "provincia_afip":  "CORDOBA",
                                            "cod_postal_afip":  "5101",
                                            "latitud":  "-31,4166867",
                                            "longitud":  "-64,1834193",
                                            "geocoded_query":  "Cordoba, Cordoba, Argentina",
                                            "geocode_display_name":  "Córdoba, Municipio de Córdoba, Pedanía Capital, Departamento Capital, Córdoba, X5000, Argentina",
                                            "telefono":  "4896818/8669 /// 0351 498-6168",
                                            "email_web":  "www.acladesrl.com.ar",
                                            "rubro_principal":  "Obras de gas - Obras de Arquitectura - Obras Hidráulicas y saneamiento - Tendido de líneas eléctricas",
                                            "Tipo":  "Socios Plenarios",
                                            "Delegacion":  "Cordoba",
                                            "Dirección":  "COLECTORA RUTA NACIONAL N* 20 KM 18 1/2 0",
                                            "Localidad":  "MALAGUEÑO",
                                            "Provincia":  "Cordoba",
                                            "Teléfono":  "4896818/8669 /// 0351 498-6168",
                                            "Correo":  "www.acladesrl.com.ar",
                                            "CRM":  "NO",
                                            "Maquinas":  "",
                                            "Sucursal":  "",
                                            "Rubro":  "Obras de gas - Obras de Arquitectura - Obras Hidráulicas y saneamiento - Tendido de líneas eléctricas"
                                        },
                         "geometry":  {
                                          "type":  "Point",
                                          "coordinates":  [
                                                              -64.1834193,
                                                              -31.4166867
                                                          ]
                                      }
                     },
                     {
                         "type":  "Feature",
                         "properties":  {
                                            "rownum":  "4",
                                            "Nombre":  "AFEMA SA",
                                            "CUIT":  "30598752571",
                                            "direccion_original":  "Ruta Nro. 111 - Km. 7 1/2 Bº Villa Retiro - CP 5012 - Córdoba",
                                            "provincia_original":  "Cordoba",
                                            "localidad_original":  "Cordoba",
                                            "status_afip":  "ok",
                                            "error_afip":  "",
                                            "denominacion_afip":  "AFEMA SA",
                                            "estado_afip":  "ACTIVO",
                                            "direccion_afip":  "AMALIA CELIA FIGUEREDO DE PIETRA 1537",
                                            "localidad_afip":  "VILLA RETIRO",
                                            "provincia_afip":  "CORDOBA",
                                            "cod_postal_afip":  "5012",
                                            "latitud":  "-31,4166867",
                                            "longitud":  "-64,1834193",
                                            "geocoded_query":  "Cordoba, Cordoba, Argentina",
                                            "geocode_display_name":  "Córdoba, Municipio de Córdoba, Pedanía Capital, Departamento Capital, Córdoba, X5000, Argentina",
                                            "telefono":  "4990081",
                                            "email_web":  "recepcion@afemasa.com.ar",
                                            "rubro_principal":  "Obras Viales - Mezcla asfáltica - Hormigón elaborado - Cartelería vial - Movimientos de suelo",
                                            "Tipo":  "Socios Plenarios",
                                            "Delegacion":  "Cordoba",
                                            "Dirección":  "AMALIA CELIA FIGUEREDO DE PIETRA 1537",
                                            "Localidad":  "VILLA RETIRO",
                                            "Provincia":  "Cordoba",
                                            "Teléfono":  "4990081",
                                            "Correo":  "recepcion@afemasa.com.ar",
                                            "CRM":  "NO",
                                            "Maquinas":  "",
                                            "Sucursal":  "",
                                            "Rubro":  "Obras Viales - Mezcla asfáltica - Hormigón elaborado - Cartelería vial - Movimientos de suelo"
                                        },
                         "geometry":  {
                                          "type":  "Point",
                                          "coordinates":  [
                                                              -64.1834193,
                                                              -31.4166867
                                                          ]
                                      }
                     },
                     {
                         "type":  "Feature",
                         "properties":  {
                                            "rownum":  "5",
                                            "Nombre":  "A.I.V.E.L.  S.A.",
                                            "CUIT":  "30707457313",
                                            "direccion_original":  "Ameghino 638 - San Francisco - Córdoba",
                                            "provincia_original":  "Cordoba",
                                            "localidad_original":  "San Francisco",
                                            "status_afip":  "ok",
                                            "error_afip":  "",
                                            "denominacion_afip":  "A.I.V.E.L.  S.A.",
                                            "estado_afip":  "ACTIVO",
                                            "direccion_afip":  "J.J. TORRES 4653",
                                            "localidad_afip":  "SAN FRANCISCO",
                                            "provincia_afip":  "CORDOBA",
                                            "cod_postal_afip":  "2400",
                                            "latitud":  "-31,4249815",
                                            "longitud":  "-62,0840299",
                                            "geocoded_query":  "San Francisco, Cordoba, Argentina",
                                            "geocode_display_name":  "San Francisco, Municipio de San Francisco, Pedanía Juárez Celman, Departamento San Justo, Córdoba, X2400, Argentina",
                                            "telefono":  "3564 42-6106",
                                            "email_web":  "administracion@ingenierosaivel.com.ar",
                                            "rubro_principal":  "Obras Viales - Obras Hidráulicas - Fundaciones Profundas - Estudios de Suelo",
                                            "Tipo":  "Socios Plenarios",
                                            "Delegacion":  "Cordoba",
                                            "Dirección":  "J.J. TORRES 4653",
                                            "Localidad":  "SAN FRANCISCO",
                                            "Provincia":  "Cordoba",
                                            "Teléfono":  "3564 42-6106",
                                            "Correo":  "administracion@ingenierosaivel.com.ar",
                                            "CRM":  "NO",
                                            "Maquinas":  "",
                                            "Sucursal":  "",
                                            "Rubro":  "Obras Viales - Obras Hidráulicas - Fundaciones Profundas - Estudios de Suelo"
                                        },
                         "geometry":  {
                                          "type":  "Point",
                                          "coordinates":  [
                                                              -62.0840299,
                                                              -31.4249815
                                                          ]
                                      }
                     },
                     {
                         "type":  "Feature",
                         "properties":  {
                                            "rownum":  "6",
                                            "Nombre":  "ALEM INGENIERIA S.A.",
                                            "CUIT":  "30711512426",
                                            "direccion_original":  "Av. Leandro N. Alem 3770 - Córdoba",
                                            "provincia_original":  "Cordoba",
                                            "localidad_original":  "Cordoba",
                                            "status_afip":  "ok",
                                            "error_afip":  "",
                                            "denominacion_afip":  "ALEM INGENIERIA S.A.",
                                            "estado_afip":  "ACTIVO",
                                            "direccion_afip":  "AVENIDA ALEM 3770",
                                            "localidad_afip":  "CIUDAD DE CORDOBA NORTE",
                                            "provincia_afip":  "CORDOBA",
                                            "cod_postal_afip":  "5012",
                                            "latitud":  "-31,4166867",
                                            "longitud":  "-64,1834193",
                                            "geocoded_query":  "Cordoba, Cordoba, Argentina",
                                            "geocode_display_name":  "Córdoba, Municipio de Córdoba, Pedanía Capital, Departamento Capital, Córdoba, X5000, Argentina",
                                            "telefono":  "351 317 18 19",
                                            "email_web":  "administracion@itt.com.ar",
                                            "rubro_principal":  "Obras Civiles - Obras de Arquitectura - Alquiler de Equipos",
                                            "Tipo":  "Socios Plenarios",
                                            "Delegacion":  "Cordoba",
                                            "Dirección":  "AVENIDA ALEM 3770",
                                            "Localidad":  "CIUDAD DE CORDOBA NORTE",
                                            "Provincia":  "Cordoba",
                                            "Teléfono":  "351 317 18 19",
                                            "Correo":  "administracion@itt.com.ar",
                                            "CRM":  "NO",
                                            "Maquinas":  "",
                                            "Sucursal":  "",
                                            "Rubro":  "Obras Civiles - Obras de Arquitectura - Alquiler de Equipos"
                                        },
                         "geometry":  {
                                          "type":  "Point",
                                          "coordinates":  [
                                                              -64.1834193,
                                                              -31.4166867
                                                          ]
                                      }
                     },
                     {
                         "type":  "Feature",
                         "properties":  {
                                            "rownum":  "7",
                                            "Nombre":  "AMG OBRAS CIVILES S.A. - CEA CONSTRUCCIONES SA - UT",
                                            "CUIT":  "30715972332",
                                            "direccion_original":  "Pasaje Alfredo Palacios 652 - Bº Iponá - X5016BKB",
                                            "provincia_original":  "Cordoba",
                                            "localidad_original":  "Cordoba",
                                            "status_afip":  "error",
                                            "error_afip":  "El contribuyente posee incumplimientos notificados por falta de presentación de DDJJ. Podrá consultar los incumplimientos en el Sistema de Cuentas Tributarias.",
                                            "denominacion_afip":  "AMG OBRAS CIVILES S.A. - CEA CONSTRUCCIONES SA - UT",
                                            "estado_afip":  "ACTIVO",
                                            "direccion_afip":  "PASAJE ALFREDO PALACIOS 652",
                                            "localidad_afip":  "BARRIO IPONA",
                                            "provincia_afip":  "CORDOBA",
                                            "cod_postal_afip":  "5016",
                                            "latitud":  "-31,4166867",
                                            "longitud":  "-64,1834193",
                                            "geocoded_query":  "Cordoba, Cordoba, Argentina",
                                            "geocode_display_name":  "Córdoba, Municipio de Córdoba, Pedanía Capital, Departamento Capital, Córdoba, X5000, Argentina",
                                            "telefono":  "4612060/66/74",
                                            "email_web":  "https://www.linkedin.com/company/amg-obras-civiles-s.a.-ex-regam-s.a.-/",
                                            "rubro_principal":  "Obras de Arquitectura - Vivienda- Obras de Ingeniería - Infraestructura en gral.",
                                            "Tipo":  "Socios Plenarios",
                                            "Delegacion":  "Cordoba",
                                            "Dirección":  "PASAJE ALFREDO PALACIOS 652",
                                            "Localidad":  "BARRIO IPONA",
                                            "Provincia":  "Cordoba",
                                            "Teléfono":  "4612060/66/74",
                                            "Correo":  "https://www.linkedin.com/company/amg-obras-civiles-s.a.-ex-regam-s.a.-/",
                                            "CRM":  "NO",
                                            "Maquinas":  "",
                                            "Sucursal":  "",
                                            "Rubro":  "Obras de Arquitectura - Vivienda- Obras de Ingeniería - Infraestructura en gral."
                                        },
                         "geometry":  {
                                          "type":  "Point",
                                          "coordinates":  [
                                                              -64.1834193,
                                                              -31.4166867
                                                          ]
                                      }
                     },
                     {
                         "type":  "Feature",
                         "properties":  {
                                            "rownum":  "9",
                                            "Nombre":  "AMPER S A",
                                            "CUIT":  "30604963008",
                                            "direccion_original":  "Tucumán 546 - CP. 5900 - Villa María, Córdoba",
                                            "provincia_original":  "Cordoba",
                                            "localidad_original":  "Villa Maria",
                                            "status_afip":  "ok",
                                            "error_afip":  "",
                                            "denominacion_afip":  "AMPER S A",
                                            "estado_afip":  "ACTIVO",
                                            "direccion_afip":  "TUCUMAN 546",
                                            "localidad_afip":  "VILLA MARIA",
                                            "provincia_afip":  "CORDOBA",
                                            "cod_postal_afip":  "5900",
                                            "latitud":  "-32,4106245",
                                            "longitud":  "-63,2435809",
                                            "geocoded_query":  "Villa Maria, Cordoba, Argentina",
                                            "geocode_display_name":  "Villa María, Municipio de Villa María, Pedanía Villa María, Departamento General San Martín, Córdoba, X5900, Argentina",
                                            "telefono":  "(0353) 4548160/61",
                                            "email_web":  "www.amper.com.ar",
                                            "rubro_principal":  "Obras Electromecánicas",
                                            "Tipo":  "Socios Plenarios",
                                            "Delegacion":  "Cordoba",
                                            "Dirección":  "TUCUMAN 546",
                                            "Localidad":  "VILLA MARIA",
                                            "Provincia":  "Cordoba",
                                            "Teléfono":  "(0353) 4548160/61",
                                            "Correo":  "www.amper.com.ar",
                                            "CRM":  "NO",
                                            "Maquinas":  "",
                                            "Sucursal":  "",
                                            "Rubro":  "Obras Electromecánicas"
                                        },
                         "geometry":  {
                                          "type":  "Point",
                                          "coordinates":  [
                                                              -63.2435809,
                                                              -32.4106245
                                                          ]
                                      }
                     },
                     {
                         "type":  "Feature",
                         "properties":  {
                                            "rownum":  "10",
                                            "Nombre":  "ANKA-LOO CONSTRUCCIONES S. R. L.",
                                            "CUIT":  "30709833436",
                                            "direccion_original":  "Bolívar 348, Piso 7° - CP X5000JZH - Córdoba",
                                            "provincia_original":  "Cordoba",
                                            "localidad_original":  "Cordoba",
                                            "status_afip":  "ok",
                                            "error_afip":  "",
                                            "denominacion_afip":  "ANKA-LOO CONSTRUCCIONES S. R. L.",
                                            "estado_afip":  "ACTIVO",
                                            "direccion_afip":  "AVENIDA ARTURO CAPDEVILA 3704",
                                            "localidad_afip":  "VILLA ESQUIU",
                                            "provincia_afip":  "CORDOBA",
                                            "cod_postal_afip":  "5012",
                                            "latitud":  "-31,4166867",
                                            "longitud":  "-64,1834193",
                                            "geocoded_query":  "Cordoba, Cordoba, Argentina",
                                            "geocode_display_name":  "Córdoba, Municipio de Córdoba, Pedanía Capital, Departamento Capital, Córdoba, X5000, Argentina",
                                            "telefono":  "4234606",
                                            "email_web":  "ankaloo.com.ar",
                                            "rubro_principal":  "Movimiento de suelos - Obras Hidráulicas - Obras Viales - Obras Ambientales",
                                            "Tipo":  "Socios Plenarios",
                                            "Delegacion":  "Cordoba",
                                            "Dirección":  "AVENIDA ARTURO CAPDEVILA 3704",
                                            "Localidad":  "VILLA ESQUIU",
                                            "Provincia":  "Cordoba",
                                            "Teléfono":  "4234606",
                                            "Correo":  "ankaloo.com.ar",
                                            "CRM":  "NO",
                                            "Maquinas":  "",
                                            "Sucursal":  "",
                                            "Rubro":  "Movimiento de suelos - Obras Hidráulicas - Obras Viales - Obras Ambientales"
                                        },
                         "geometry":  {
                                          "type":  "Point",
                                          "coordinates":  [
                                                              -64.1834193,
                                                              -31.4166867
                                                          ]
                                      }
                     },
                     {
                         "type":  "Feature",
                         "properties":  {
                                            "rownum":  "11",
                                            "Nombre":  "ANODAL S A",
                                            "CUIT":  "30698841113",
                                            "direccion_original":  "Av. del Japón 1292",
                                            "provincia_original":  "Cordoba",
                                            "localidad_original":  "Cordoba",
                                            "status_afip":  "ok",
                                            "error_afip":  "",
                                            "denominacion_afip":  "ANODAL S A",
                                            "estado_afip":  "ACTIVO",
                                            "direccion_afip":  "AV. DEL JAPON 1292",
                                            "localidad_afip":  "CIUDAD DE CORDOBA NORTE",
                                            "provincia_afip":  "CORDOBA",
                                            "cod_postal_afip":  "5012",
                                            "latitud":  "-31,4166867",
                                            "longitud":  "-64,1834193",
                                            "geocoded_query":  "Cordoba, Cordoba, Argentina",
                                            "geocode_display_name":  "Córdoba, Municipio de Córdoba, Pedanía Capital, Departamento Capital, Córdoba, X5000, Argentina",
                                            "telefono":  "(0353) 4994100",
                                            "email_web":  "info@anodal.com.ar",
                                            "rubro_principal":  "Fabrica de aberturas de aluminio",
                                            "Tipo":  "Socios Plenarios",
                                            "Delegacion":  "Cordoba",
                                            "Dirección":  "AV. DEL JAPON 1292",
                                            "Localidad":  "CIUDAD DE CORDOBA NORTE",
                                            "Provincia":  "Cordoba",
                                            "Teléfono":  "(0353) 4994100",
                                            "Correo":  "info@anodal.com.ar",
                                            "CRM":  "NO",
                                            "Maquinas":  "",
                                            "Sucursal":  "",
                                            "Rubro":  "Fabrica de aberturas de aluminio"
                                        },
                         "geometry":  {
                                          "type":  "Point",
                                          "coordinates":  [
                                                              -64.1834193,
                                                              -31.4166867
                                                          ]
                                      }
                     },
                     {
                         "type":  "Feature",
                         "properties":  {
                                            "rownum":  "12",
                                            "Nombre":  "A PE S A",
                                            "CUIT":  "33640806449",
                                            "direccion_original":  "Bedoya 620 PB - Bº Alta Córdoba - CP 5001 Córdoba",
                                            "provincia_original":  "Cordoba",
                                            "localidad_original":  "Cordoba",
                                            "status_afip":  "ok",
                                            "error_afip":  "",
                                            "denominacion_afip":  "A PE S A",
                                            "estado_afip":  "ACTIVO",
                                            "direccion_afip":  "BEDOYA O 620 Piso:PB",
                                            "localidad_afip":  "BARRIO ALTA CORDOBA",
                                            "provincia_afip":  "CORDOBA",
                                            "cod_postal_afip":  "5001",
                                            "latitud":  "-31,4166867",
                                            "longitud":  "-64,1834193",
                                            "geocoded_query":  "Cordoba, Cordoba, Argentina",
                                            "geocode_display_name":  "Córdoba, Municipio de Córdoba, Pedanía Capital, Departamento Capital, Córdoba, X5000, Argentina",
                                            "telefono":  "4734723 / 4740429",
                                            "email_web":  "www.apesa.com.ar",
                                            "rubro_principal":  "Obras Viales - Obras Hidráulicas - Obras Civiles",
                                            "Tipo":  "Socios Plenarios",
                                            "Delegacion":  "Cordoba",
                                            "Dirección":  "BEDOYA O 620 Piso:PB",
                                            "Localidad":  "BARRIO ALTA CORDOBA",
                                            "Provincia":  "Cordoba",
                                            "Teléfono":  "4734723 / 4740429",
                                            "Correo":  "www.apesa.com.ar",
                                            "CRM":  "NO",
                                            "Maquinas":  "",
                                            "Sucursal":  "",
                                            "Rubro":  "Obras Viales - Obras Hidráulicas - Obras Civiles"
                                        },
                         "geometry":  {
                                          "type":  "Point",
                                          "coordinates":  [
                                                              -64.1834193,
                                                              -31.4166867
                                                          ]
                                      }
                     },
                     {
                         "type":  "Feature",
                         "properties":  {
                                            "rownum":  "13",
                                            "Nombre":  "ARC SOCIEDAD DE RESPONSABILIDAD LIMITADA",
                                            "CUIT":  "33668172399",
                                            "direccion_original":  "Olegario Correa 824 Bº Alto Alberdi - CP 5001 - Córdoba",
                                            "provincia_original":  "Cordoba",
                                            "localidad_original":  "Cordoba",
                                            "status_afip":  "ok",
                                            "error_afip":  "",
                                            "denominacion_afip":  "ARC SOCIEDAD DE RESPONSABILIDAD LIMITADA",
                                            "estado_afip":  "ACTIVO",
                                            "direccion_afip":  "PARQUE INDUSTRIAL AEROPUERTO 0 Piso:5 Dpto:1  T:NORTE",
                                            "localidad_afip":  "AEROPUERTO CORDOBA",
                                            "provincia_afip":  "CORDOBA",
                                            "cod_postal_afip":  "5147",
                                            "latitud":  "-31,4166867",
                                            "longitud":  "-64,1834193",
                                            "geocoded_query":  "Cordoba, Cordoba, Argentina",
                                            "geocode_display_name":  "Córdoba, Municipio de Córdoba, Pedanía Capital, Departamento Capital, Córdoba, X5000, Argentina",
                                            "telefono":  "4806161/1711/6008",
                                            "email_web":  "",
                                            "rubro_principal":  "Obras Viales - Obras Hidráulicas - Obras de Arquitectura - Obras Eléctricas - Viviendas",
                                            "Tipo":  "Socios Plenarios",
                                            "Delegacion":  "Cordoba",
                                            "Dirección":  "PARQUE INDUSTRIAL AEROPUERTO 0 Piso:5 Dpto:1  T:NORTE",
                                            "Localidad":  "AEROPUERTO CORDOBA",
                                            "Provincia":  "Cordoba",
                                            "Teléfono":  "4806161/1711/6008",
                                            "Correo":  "",
                                            "CRM":  "NO",
                                            "Maquinas":  "",
                                            "Sucursal":  "",
                                            "Rubro":  "Obras Viales - Obras Hidráulicas - Obras de Arquitectura - Obras Eléctricas - Viviendas"
                                        },
                         "geometry":  {
                                          "type":  "Point",
                                          "coordinates":  [
                                                              -64.1834193,
                                                              -31.4166867
                                                          ]
                                      }
                     },
                     {
                         "type":  "Feature",
                         "properties":  {
                                            "rownum":  "14",
                                            "Nombre":  "ARGO INGENIERIA 360 SOCIEDAD POR ACCIONES SIMPLIFICADA",
                                            "CUIT":  "30716590433",
                                            "direccion_original":  "Bolivia 164",
                                            "provincia_original":  "Cordoba",
                                            "localidad_original":  "Cordoba",
                                            "status_afip":  "ok",
                                            "error_afip":  "",
                                            "denominacion_afip":  "ARGO INGENIERIA 360 SOCIEDAD POR ACCIONES SIMPLIFICADA",
                                            "estado_afip":  "ACTIVO",
                                            "direccion_afip":  "MANCO CAPAC 3227",
                                            "localidad_afip":  "BARRIO JARDIN ESPINOSA",
                                            "provincia_afip":  "CORDOBA",
                                            "cod_postal_afip":  "5014",
                                            "latitud":  "-31,4166867",
                                            "longitud":  "-64,1834193",
                                            "geocoded_query":  "Cordoba, Cordoba, Argentina",
                                            "geocode_display_name":  "Córdoba, Municipio de Córdoba, Pedanía Capital, Departamento Capital, Córdoba, X5000, Argentina",
                                            "telefono":  "4806161/1711/6008",
                                            "email_web":  "info.argo360@gmail.com",
                                            "rubro_principal":  "Obras de redes - Movimientos de suelo - Obras viales - Obras de arquitectura",
                                            "Tipo":  "Socios Plenarios",
                                            "Delegacion":  "Cordoba",
                                            "Dirección":  "MANCO CAPAC 3227",
                                            "Localidad":  "BARRIO JARDIN ESPINOSA",
                                            "Provincia":  "Cordoba",
                                            "Teléfono":  "4806161/1711/6008",
                                            "Correo":  "info.argo360@gmail.com",
                                            "CRM":  "NO",
                                            "Maquinas":  "",
                                            "Sucursal":  "",
                                            "Rubro":  "Obras de redes - Movimientos de suelo - Obras viales - Obras de arquitectura"
                                        },
                         "geometry":  {
                                          "type":  "Point",
                                          "coordinates":  [
                                                              -64.1834193,
                                                              -31.4166867
                                                          ]
                                      }
                     },
                     {
                         "type":  "Feature",
                         "properties":  {
                                            "rownum":  "15",
                                            "Nombre":  "ARINCO. S.A.",
                                            "CUIT":  "30641160241",
                                            "direccion_original":  "Ruta 9, KM 501 esq. Chacabuco. Bell Ville, Córdoba",
                                            "provincia_original":  "Cordoba",
                                            "localidad_original":  "Bell Ville",
                                            "status_afip":  "ok",
                                            "error_afip":  "",
                                            "denominacion_afip":  "ARINCO. S.A.",
                                            "estado_afip":  "ACTIVO",
                                            "direccion_afip":  "RUTA NAC. N\u0026#176; 9 - KM 500 0",
                                            "localidad_afip":  "BELL VILLE",
                                            "provincia_afip":  "CORDOBA",
                                            "cod_postal_afip":  "2550",
                                            "latitud":  "-32,6300707",
                                            "longitud":  "-62,6888782",
                                            "geocoded_query":  "Bell Ville, Cordoba, Argentina",
                                            "geocode_display_name":  "Municipio de Bell Ville, Pedanía Bell Ville, Departamento Unión, Córdoba, X2550, Argentina",
                                            "telefono":  "03537 - 413685/415882",
                                            "email_web":  "info@arinco.com.ar",
                                            "rubro_principal":  "Construcción en general y venta de hormigón",
                                            "Tipo":  "Socios Plenarios",
                                            "Delegacion":  "Cordoba",
                                            "Dirección":  "RUTA NAC. N\u0026#176; 9 - KM 500 0",
                                            "Localidad":  "BELL VILLE",
                                            "Provincia":  "Cordoba",
                                            "Teléfono":  "03537 - 413685/415882",
                                            "Correo":  "info@arinco.com.ar",
                                            "CRM":  "NO",
                                            "Maquinas":  "",
                                            "Sucursal":  "",
                                            "Rubro":  "Construcción en general y venta de hormigón"
                                        },
                         "geometry":  {
                                          "type":  "Point",
                                          "coordinates":  [
                                                              -62.6888782,
                                                              -32.6300707
                                                          ]
                                      }
                     },
                     {
                         "type":  "Feature",
                         "properties":  {
                                            "rownum":  "16",
                                            "Nombre":  "ARNUCON SRL",
                                            "CUIT":  "30715335693",
                                            "direccion_original":  "Huarte 3136 - Barrio Sargento Cabral - Córdoba",
                                            "provincia_original":  "Cordoba",
                                            "localidad_original":  "Los Boulevares",
                                            "status_afip":  "ok",
                                            "error_afip":  "",
                                            "denominacion_afip":  "ARNUCON SRL",
                                            "estado_afip":  "ACTIVO",
                                            "direccion_afip":  "HUARTE 3136",
                                            "localidad_afip":  "CIUDAD DE CORDOBA NORTE",
                                            "provincia_afip":  "CORDOBA",
                                            "cod_postal_afip":  "5008",
                                            "latitud":  "-31,3448557",
                                            "longitud":  "-64,2322132",
                                            "geocoded_query":  "Los Boulevares, Cordoba, Argentina",
                                            "geocode_display_name":  "Los Boulevares, Córdoba, Municipio de Córdoba, Pedanía Capital, Departamento Capital, Córdoba, X5022, Argentina",
                                            "telefono":  "EMAIL / WEB:",
                                            "email_web":  "http://www.arnucon.com/c1/",
                                            "rubro_principal":  "Ventas, Servicios y Mantenimiento de Gruas Torre",
                                            "Tipo":  "Socios Plenarios",
                                            "Delegacion":  "Cordoba",
                                            "Dirección":  "HUARTE 3136",
                                            "Localidad":  "CIUDAD DE CORDOBA NORTE",
                                            "Provincia":  "Cordoba",
                                            "Teléfono":  "EMAIL / WEB:",
                                            "Correo":  "http://www.arnucon.com/c1/",
                                            "CRM":  "NO",
                                            "Maquinas":  "",
                                            "Sucursal":  "",
                                            "Rubro":  "Ventas, Servicios y Mantenimiento de Gruas Torre"
                                        },
                         "geometry":  {
                                          "type":  "Point",
                                          "coordinates":  [
                                                              -64.2322132,
                                                              -31.3448557
                                                          ]
                                      }
                     },
                     {
                         "type":  "Feature",
                         "properties":  {
                                            "rownum":  "17",
                                            "Nombre":  "ARROW  S R L",
                                            "CUIT":  "33707654959",
                                            "direccion_original":  "Córdoba 302 PB - CP 5903 - Villa Nueva, Córdoba",
                                            "provincia_original":  "Cordoba",
                                            "localidad_original":  "Villa Nueva",
                                            "status_afip":  "ok",
                                            "error_afip":  "",
                                            "denominacion_afip":  "ARROW  S R L",
                                            "estado_afip":  "ACTIVO",
                                            "direccion_afip":  "CORDOBA 302",
                                            "localidad_afip":  "VILLA NUEVA",
                                            "provincia_afip":  "CORDOBA",
                                            "cod_postal_afip":  "5903",
                                            "latitud":  "-32,4355729",
                                            "longitud":  "-63,2478172",
                                            "geocoded_query":  "Villa Nueva, Cordoba, Argentina",
                                            "geocode_display_name":  "Villa Nueva, Municipio de Villa Nueva, Pedanía Villa Nueva, Departamento General San Martín, Córdoba, X5900, Argentina",
                                            "telefono":  "(0353) 4911930/4186",
                                            "email_web":  "arrowconstructora.com.ar",
                                            "rubro_principal":  "Obras de Infraestructura - Obras de Ingeniería - Obras de Arquitectura - Desarrollista - Alquiler de Equipos",
                                            "Tipo":  "Socios Plenarios",
                                            "Delegacion":  "Cordoba",
                                            "Dirección":  "CORDOBA 302",
                                            "Localidad":  "VILLA NUEVA",
                                            "Provincia":  "Cordoba",
                                            "Teléfono":  "(0353) 4911930/4186",
                                            "Correo":  "arrowconstructora.com.ar",
                                            "CRM":  "NO",
                                            "Maquinas":  "",
                                            "Sucursal":  "",
                                            "Rubro":  "Obras de Infraestructura - Obras de Ingeniería - Obras de Arquitectura - Desarrollista - Alquiler de Equipos"
                                        },
                         "geometry":  {
                                          "type":  "Point",
                                          "coordinates":  [
                                                              -63.2478172,
                                                              -32.4355729
                                                          ]
                                      }
                     },
                     {
                         "type":  "Feature",
                         "properties":  {
                                            "rownum":  "18",
                                            "Nombre":  "ASTORI CONSTRUCCIONES  S A",
                                            "CUIT":  "30710350511",
                                            "direccion_original":  "Obispo Trejo 775 - PB - Córdoba / Av. Piero Astori 1500 - Bº Ampliacion Palmar - CP 5012",
                                            "provincia_original":  "Cordoba",
                                            "localidad_original":  "Cordoba",
                                            "status_afip":  "ok",
                                            "error_afip":  "",
                                            "denominacion_afip":  "ASTORI CONSTRUCCIONES  S A",
                                            "estado_afip":  "ACTIVO",
                                            "direccion_afip":  "PIERO ASTORI 1500",
                                            "localidad_afip":  "BARRIO PALMAR",
                                            "provincia_afip":  "CORDOBA",
                                            "cod_postal_afip":  "5012",
                                            "latitud":  "-31,4166867",
                                            "longitud":  "-64,1834193",
                                            "geocoded_query":  "Cordoba, Cordoba, Argentina",
                                            "geocode_display_name":  "Córdoba, Municipio de Córdoba, Pedanía Capital, Departamento Capital, Córdoba, X5000, Argentina",
                                            "telefono":  "4968600",
                                            "email_web":  "www.astoriestructuras.com",
                                            "rubro_principal":  "Obras de Arquitectura - Obras de Ingeniería",
                                            "Tipo":  "Socios Plenarios",
                                            "Delegacion":  "Cordoba",
                                            "Dirección":  "PIERO ASTORI 1500",
                                            "Localidad":  "BARRIO PALMAR",
                                            "Provincia":  "Cordoba",
                                            "Teléfono":  "4968600",
                                            "Correo":  "www.astoriestructuras.com",
                                            "CRM":  "NO",
                                            "Maquinas":  "",
                                            "Sucursal":  "",
                                            "Rubro":  "Obras de Arquitectura - Obras de Ingeniería"
                                        },
                         "geometry":  {
                                          "type":  "Point",
                                          "coordinates":  [
                                                              -64.1834193,
                                                              -31.4166867
                                                          ]
                                      }
                     },
                     {
                         "type":  "Feature",
                         "properties":  {
                                            "rownum":  "19",
                                            "Nombre":  "AYASSA FOMBELLA Y CIA S. A.",
                                            "CUIT":  "33613884519",
                                            "direccion_original":  "Av. La Voz del Interior 7551 - CP 5147 - Córdoba",
                                            "provincia_original":  "Cordoba",
                                            "localidad_original":  "Cordoba",
                                            "status_afip":  "ok",
                                            "error_afip":  "",
                                            "denominacion_afip":  "AYASSA FOMBELLA Y CIA S. A.",
                                            "estado_afip":  "ACTIVO",
                                            "direccion_afip":  "AV. LA VOZ DEL INTERIOR 7551",
                                            "localidad_afip":  "LOS BOULEVARES",
                                            "provincia_afip":  "CORDOBA",
                                            "cod_postal_afip":  "5147",
                                            "latitud":  "-31,4166867",
                                            "longitud":  "-64,1834193",
                                            "geocoded_query":  "Cordoba, Cordoba, Argentina",
                                            "geocode_display_name":  "Córdoba, Municipio de Córdoba, Pedanía Capital, Departamento Capital, Córdoba, X5000, Argentina",
                                            "telefono":  "4994600 / 4995690",
                                            "email_web":  "www.ayassafombella.com",
                                            "rubro_principal":  "Obras civiles de arquitectura - Arquitectura corporativa - Venta de revestimientos y materiales de construcción al por mayor - Diseño de interiores",
                                            "Tipo":  "Socios Plenarios",
                                            "Delegacion":  "Cordoba",
                                            "Dirección":  "AV. LA VOZ DEL INTERIOR 7551",
                                            "Localidad":  "LOS BOULEVARES",
                                            "Provincia":  "Cordoba",
                                            "Teléfono":  "4994600 / 4995690",
                                            "Correo":  "www.ayassafombella.com",
                                            "CRM":  "NO",
                                            "Maquinas":  "",
                                            "Sucursal":  "",
                                            "Rubro":  "Obras civiles de arquitectura - Arquitectura corporativa - Venta de revestimientos y materiales de construcción al por mayor - Diseño de interiores"
                                        },
                         "geometry":  {
                                          "type":  "Point",
                                          "coordinates":  [
                                                              -64.1834193,
                                                              -31.4166867
                                                          ]
                                      }
                     },
                     {
                         "type":  "Feature",
                         "properties":  {
                                            "rownum":  "20",
                                            "Nombre":  "BOETTO Y BUTTIGLIENGO S A",
                                            "CUIT":  "30598783558",
                                            "direccion_original":  "Luxemburgo 3423. B° Estación Flores - Córdoba",
                                            "provincia_original":  "Cordoba",
                                            "localidad_original":  "Cordoba",
                                            "status_afip":  "ok",
                                            "error_afip":  "",
                                            "denominacion_afip":  "BOETTO Y BUTTIGLIENGO S A",
                                            "estado_afip":  "ACTIVO",
                                            "direccion_afip":  "LUXEMBURGO 3423",
                                            "localidad_afip":  "BARRIO ESTACION FLORES",
                                            "provincia_afip":  "CORDOBA",
                                            "cod_postal_afip":  "5010",
                                            "latitud":  "-31,4166867",
                                            "longitud":  "-64,1834193",
                                            "geocoded_query":  "Cordoba, Cordoba, Argentina",
                                            "geocode_display_name":  "Córdoba, Municipio de Córdoba, Pedanía Capital, Departamento Capital, Córdoba, X5000, Argentina",
                                            "telefono":  "4650567 / 4653272",
                                            "email_web":  "www.boettoybuttigliengo.com.ar",
                                            "rubro_principal":  "Obras Viales - Obras Hidráulicas - Obras Eléctricas - Obras de Arquitectura y Viviendas",
                                            "Tipo":  "Socios Plenarios",
                                            "Delegacion":  "Cordoba",
                                            "Dirección":  "LUXEMBURGO 3423",
                                            "Localidad":  "BARRIO ESTACION FLORES",
                                            "Provincia":  "Cordoba",
                                            "Teléfono":  "4650567 / 4653272",
                                            "Correo":  "www.boettoybuttigliengo.com.ar",
                                            "CRM":  "NO",
                                            "Maquinas":  "",
                                            "Sucursal":  "",
                                            "Rubro":  "Obras Viales - Obras Hidráulicas - Obras Eléctricas - Obras de Arquitectura y Viviendas"
                                        },
                         "geometry":  {
                                          "type":  "Point",
                                          "coordinates":  [
                                                              -64.1834193,
                                                              -31.4166867
                                                          ]
                                      }
                     },
                     {
                         "type":  "Feature",
                         "properties":  {
                                            "rownum":  "21",
                                            "Nombre":  ",",
                                            "CUIT":  "33710091469",
                                            "direccion_original":  "Santa Rosa 2090 - CP 5010 - Córdoba",
                                            "provincia_original":  "Cordoba",
                                            "localidad_original":  "Cordoba",
                                            "status_afip":  "error",
                                            "error_afip":  "La CUIT registra una o más actividades económicas que no pertenecen al nomenclador de actividades vigente F. 883 RG AFIP3587/13",
                                            "denominacion_afip":  ",",
                                            "estado_afip":  "",
                                            "direccion_afip":  "",
                                            "localidad_afip":  "",
                                            "provincia_afip":  "",
                                            "cod_postal_afip":  "",
                                            "latitud":  "-31,4166867",
                                            "longitud":  "-64,1834193",
                                            "geocoded_query":  "Cordoba, Cordoba, Argentina",
                                            "geocode_display_name":  "Córdoba, Municipio de Córdoba, Pedanía Capital, Departamento Capital, Córdoba, X5000, Argentina",
                                            "telefono":  "4806791 / 4806690",
                                            "email_web":  "",
                                            "rubro_principal":  "Obras de Arquitectura",
                                            "Tipo":  "Socios Plenarios",
                                            "Delegacion":  "Cordoba",
                                            "Dirección":  "Santa Rosa 2090 - CP 5010 - Córdoba",
                                            "Localidad":  "Cordoba",
                                            "Provincia":  "Cordoba",
                                            "Teléfono":  "4806791 / 4806690",
                                            "Correo":  "",
                                            "CRM":  "NO",
                                            "Maquinas":  "",
                                            "Sucursal":  "",
                                            "Rubro":  "Obras de Arquitectura"
                                        },
                         "geometry":  {
                                          "type":  "Point",
                                          "coordinates":  [
                                                              -64.1834193,
                                                              -31.4166867
                                                          ]
                                      }
                     },
                     {
                         "type":  "Feature",
                         "properties":  {
                                            "rownum":  "22",
                                            "Nombre":  "BENITO ROGGIO E HIJOS SA",
                                            "CUIT":  "30501086246",
                                            "direccion_original":  "Calle Vito Remo Roggio 3531 (Alt. Av. La Voz del Interior 8500) - CP 5008 - Córdoba",
                                            "provincia_original":  "Cordoba",
                                            "localidad_original":  "Cordoba",
                                            "status_afip":  "ok",
                                            "error_afip":  "",
                                            "denominacion_afip":  "BENITO ROGGIO E HIJOS SA",
                                            "estado_afip":  "ACTIVO",
                                            "direccion_afip":  "VITO REMO ROGGIO 3531",
                                            "localidad_afip":  "CIUDAD DE CORDOBA NORTE",
                                            "provincia_afip":  "CORDOBA",
                                            "cod_postal_afip":  "5008",
                                            "latitud":  "-31,4166867",
                                            "longitud":  "-64,1834193",
                                            "geocoded_query":  "Cordoba, Cordoba, Argentina",
                                            "geocode_display_name":  "Córdoba, Municipio de Córdoba, Pedanía Capital, Departamento Capital, Córdoba, X5000, Argentina",
                                            "telefono":  "351 638 0045 / 475 9345",
                                            "email_web":  "www.broggio.com.ar",
                                            "rubro_principal":  "Obras de Arquitectura - Obras Civiles - Obras Viales - Obras Hidráulicas - Obras Eléctricas",
                                            "Tipo":  "Socios Plenarios",
                                            "Delegacion":  "Cordoba",
                                            "Dirección":  "VITO REMO ROGGIO 3531",
                                            "Localidad":  "CIUDAD DE CORDOBA NORTE",
                                            "Provincia":  "Cordoba",
                                            "Teléfono":  "351 638 0045 / 475 9345",
                                            "Correo":  "www.broggio.com.ar",
                                            "CRM":  "NO",
                                            "Maquinas":  "",
                                            "Sucursal":  "",
                                            "Rubro":  "Obras de Arquitectura - Obras Civiles - Obras Viales - Obras Hidráulicas - Obras Eléctricas"
                                        },
                         "geometry":  {
                                          "type":  "Point",
                                          "coordinates":  [
                                                              -64.1834193,
                                                              -31.4166867
                                                          ]
                                      }
                     },
                     {
                         "type":  "Feature",
                         "properties":  {
                                            "rownum":  "24",
                                            "Nombre":  "BZ ARQ. S.A.S.",
                                            "CUIT":  "30716512866",
                                            "direccion_original":  "VALDIVIA Y BRIZUELA 413 - CÓRDOBA CAPITAL // Soldado Ruiz 1655, X5000 Córdoba",
                                            "provincia_original":  "Cordoba",
                                            "localidad_original":  "Cordoba",
                                            "status_afip":  "ok",
                                            "error_afip":  "",
                                            "denominacion_afip":  "BZ ARQ. S.A.S.",
                                            "estado_afip":  "ACTIVO",
                                            "direccion_afip":  "VALDIVIA Y BRIZUELA 413",
                                            "localidad_afip":  "CIUDAD DE CORDOBA NORTE",
                                            "provincia_afip":  "CORDOBA",
                                            "cod_postal_afip":  "5000",
                                            "latitud":  "-31,4166867",
                                            "longitud":  "-64,1834193",
                                            "geocoded_query":  "Cordoba, Cordoba, Argentina",
                                            "geocode_display_name":  "Córdoba, Municipio de Córdoba, Pedanía Capital, Departamento Capital, Córdoba, X5000, Argentina",
                                            "telefono":  "0351- 156571425",
                                            "email_web":  "https://baigorrizillearq.com",
                                            "rubro_principal":  "EMPRESA CONSTRUCTORA",
                                            "Tipo":  "Socios Plenarios",
                                            "Delegacion":  "Cordoba",
                                            "Dirección":  "VALDIVIA Y BRIZUELA 413",
                                            "Localidad":  "CIUDAD DE CORDOBA NORTE",
                                            "Provincia":  "Cordoba",
                                            "Teléfono":  "0351- 156571425",
                                            "Correo":  "https://baigorrizillearq.com",
                                            "CRM":  "NO",
                                            "Maquinas":  "",
                                            "Sucursal":  "",
                                            "Rubro":  "EMPRESA CONSTRUCTORA"
                                        },
                         "geometry":  {
                                          "type":  "Point",
                                          "coordinates":  [
                                                              -64.1834193,
                                                              -31.4166867
                                                          ]
                                      }
                     },
                     {
                         "type":  "Feature",
                         "properties":  {
                                            "rownum":  "25",
                                            "Nombre":  "CAMARA REGIONAL DE LA CONSTRUCCION DE RIO CUARTO",
                                            "CUIT":  "30707182993",
                                            "direccion_original":  "Constitución 846 P 3° - CP 5800 - Río IV, Córdoba",
                                            "provincia_original":  "Cordoba",
                                            "localidad_original":  "Rio Cuarto",
                                            "status_afip":  "ok",
                                            "error_afip":  "",
                                            "denominacion_afip":  "CAMARA REGIONAL DE LA CONSTRUCCION DE RIO CUARTO",
                                            "estado_afip":  "ACTIVO",
                                            "direccion_afip":  "CONSTITUCION 846 Piso:3 Dpto:1",
                                            "localidad_afip":  "RIO CUARTO",
                                            "provincia_afip":  "CORDOBA",
                                            "cod_postal_afip":  "5800",
                                            "latitud":  "-33,1237585",
                                            "longitud":  "-64,3489782",
                                            "geocoded_query":  "Rio Cuarto, Cordoba, Argentina",
                                            "geocode_display_name":  "Río Cuarto, Municipio de Río Cuarto, Pedanía Río Cuarto, Departamento Río Cuarto, Córdoba, X5800, Argentina",
                                            "telefono":  "(0358) 4641361/1669 /// 0351 657-1425",
                                            "email_web":  "",
                                            "rubro_principal":  "Entidad Gremial Empresaria de la Construcción de Rio Cuarto",
                                            "Tipo":  "Socios Plenarios",
                                            "Delegacion":  "Cordoba",
                                            "Dirección":  "CONSTITUCION 846 Piso:3 Dpto:1",
                                            "Localidad":  "RIO CUARTO",
                                            "Provincia":  "Cordoba",
                                            "Teléfono":  "(0358) 4641361/1669 /// 0351 657-1425",
                                            "Correo":  "",
                                            "CRM":  "NO",
                                            "Maquinas":  "",
                                            "Sucursal":  "",
                                            "Rubro":  "Entidad Gremial Empresaria de la Construcción de Rio Cuarto"
                                        },
                         "geometry":  {
                                          "type":  "Point",
                                          "coordinates":  [
                                                              -64.3489782,
                                                              -33.1237585
                                                          ]
                                      }
                     },
                     {
                         "type":  "Feature",
                         "properties":  {
                                            "rownum":  "26",
                                            "Nombre":  "CANTERAS DIQUECITO SOCIEDAD ANONIMA",
                                            "CUIT":  "30520720517",
                                            "direccion_original":  "Camino al Diquecito KM 4 y 1/2 - La Calera - Cordoba ///  RP E55 2011, La Calera, Córdoba",
                                            "provincia_original":  "Cordoba",
                                            "localidad_original":  "La Calera",
                                            "status_afip":  "ok",
                                            "error_afip":  "",
                                            "denominacion_afip":  "CANTERAS DIQUECITO SOCIEDAD ANONIMA",
                                            "estado_afip":  "ACTIVO",
                                            "direccion_afip":  "CNO.DIQUECITO.KM 4 1/2-R.E-55 0",
                                            "localidad_afip":  "LA CALERA",
                                            "provincia_afip":  "CORDOBA",
                                            "cod_postal_afip":  "5151",
                                            "latitud":  "-31,3491546",
                                            "longitud":  "-64,3387509",
                                            "geocoded_query":  "La Calera, Cordoba, Argentina",
                                            "geocode_display_name":  "La Calera, Pedanía Calera Norte, Departamento Colón, Córdoba, X5111, Argentina",
                                            "telefono":  "3513180901 ///  0351 318-2093",
                                            "email_web":  "jdiaz@canterasdiquecito.com.ar",
                                            "rubro_principal":  "Áridos para la construccion obras civiles y viales",
                                            "Tipo":  "Socios Plenarios",
                                            "Delegacion":  "Cordoba",
                                            "Dirección":  "CNO.DIQUECITO.KM 4 1/2-R.E-55 0",
                                            "Localidad":  "LA CALERA",
                                            "Provincia":  "Cordoba",
                                            "Teléfono":  "3513180901 ///  0351 318-2093",
                                            "Correo":  "jdiaz@canterasdiquecito.com.ar",
                                            "CRM":  "NO",
                                            "Maquinas":  "",
                                            "Sucursal":  "",
                                            "Rubro":  "Áridos para la construccion obras civiles y viales"
                                        },
                         "geometry":  {
                                          "type":  "Point",
                                          "coordinates":  [
                                                              -64.3387509,
                                                              -31.3491546
                                                          ]
                                      }
                     },
                     {
                         "type":  "Feature",
                         "properties":  {
                                            "rownum":  "27",
                                            "Nombre":  "CANTESUR S A",
                                            "CUIT":  "30504323095",
                                            "direccion_original":  "Ruta 55 km 3 1/2 - La Calera - Córdoba",
                                            "provincia_original":  "Cordoba",
                                            "localidad_original":  "La Calera",
                                            "status_afip":  "ok",
                                            "error_afip":  "",
                                            "denominacion_afip":  "CANTESUR S A",
                                            "estado_afip":  "ACTIVO",
                                            "direccion_afip":  "SARMIENTO 819 Piso:06 Dpto:006",
                                            "localidad_afip":  "ROSARIO NORTE",
                                            "provincia_afip":  "SANTA FE",
                                            "cod_postal_afip":  "2000",
                                            "latitud":  "-31,3491546",
                                            "longitud":  "-64,3387509",
                                            "geocoded_query":  "La Calera, Cordoba, Argentina",
                                            "geocode_display_name":  "La Calera, Pedanía Calera Norte, Departamento Colón, Córdoba, X5111, Argentina",
                                            "telefono":  "03543-466366 / 3514022040",
                                            "email_web":  "www.cantesur.com.ar",
                                            "rubro_principal":  "Minería - Cantera de Agregados Pétreos",
                                            "Tipo":  "Socios Plenarios",
                                            "Delegacion":  "Cordoba",
                                            "Dirección":  "SARMIENTO 819 Piso:06 Dpto:006",
                                            "Localidad":  "ROSARIO NORTE",
                                            "Provincia":  "Cordoba",
                                            "Teléfono":  "03543-466366 / 3514022040",
                                            "Correo":  "www.cantesur.com.ar",
                                            "CRM":  "NO",
                                            "Maquinas":  "",
                                            "Sucursal":  "",
                                            "Rubro":  "Minería - Cantera de Agregados Pétreos"
                                        },
                         "geometry":  {
                                          "type":  "Point",
                                          "coordinates":  [
                                                              -64.3387509,
                                                              -31.3491546
                                                          ]
                                      }
                     },
                     {
                         "type":  "Feature",
                         "properties":  {
                                            "rownum":  "28",
                                            "Nombre":  "CAPELLO SOCIEDAD ANONIMA",
                                            "CUIT":  "30559076534",
                                            "direccion_original":  "Cabrera 381 - CP 5800 - Río IV, Córdoba",
                                            "provincia_original":  "Cordoba",
                                            "localidad_original":  "Rio Cuarto",
                                            "status_afip":  "ok",
                                            "error_afip":  "",
                                            "denominacion_afip":  "CAPELLO SOCIEDAD ANONIMA",
                                            "estado_afip":  "ACTIVO",
                                            "direccion_afip":  "CABRERA 391",
                                            "localidad_afip":  "RIO CUARTO",
                                            "provincia_afip":  "CORDOBA",
                                            "cod_postal_afip":  "5800",
                                            "latitud":  "-33,1237585",
                                            "longitud":  "-64,3489782",
                                            "geocoded_query":  "Rio Cuarto, Cordoba, Argentina",
                                            "geocode_display_name":  "Río Cuarto, Municipio de Río Cuarto, Pedanía Río Cuarto, Departamento Río Cuarto, Córdoba, X5800, Argentina",
                                            "telefono":  "(0358) 4645929",
                                            "email_web":  "www.capello-sa.com.ar",
                                            "rubro_principal":  "Obras Civiles - Obras de Arquitectura",
                                            "Tipo":  "Socios Plenarios",
                                            "Delegacion":  "Cordoba",
                                            "Dirección":  "CABRERA 391",
                                            "Localidad":  "RIO CUARTO",
                                            "Provincia":  "Cordoba",
                                            "Teléfono":  "(0358) 4645929",
                                            "Correo":  "www.capello-sa.com.ar",
                                            "CRM":  "NO",
                                            "Maquinas":  "",
                                            "Sucursal":  "",
                                            "Rubro":  "Obras Civiles - Obras de Arquitectura"
                                        },
                         "geometry":  {
                                          "type":  "Point",
                                          "coordinates":  [
                                                              -64.3489782,
                                                              -33.1237585
                                                          ]
                                      }
                     },
                     {
                         "type":  "Feature",
                         "properties":  {
                                            "rownum":  "29",
                                            "Nombre":  "CAVICOR S.A. S. A.",
                                            "CUIT":  "30714926132",
                                            "direccion_original":  "Central Pje Pedro Frias 489 3° Piso Oficinas A y B",
                                            "provincia_original":  "Cordoba",
                                            "localidad_original":  "Cordoba",
                                            "status_afip":  "ok",
                                            "error_afip":  "",
                                            "denominacion_afip":  "CAVICOR S.A. S. A.",
                                            "estado_afip":  "ACTIVO",
                                            "direccion_afip":  "ISABEL LA CATOLICA 1135 Piso:1 Dpto:A",
                                            "localidad_afip":  "BARRIO ALTA CORDOBA",
                                            "provincia_afip":  "CORDOBA",
                                            "cod_postal_afip":  "5001",
                                            "latitud":  "-31,4166867",
                                            "longitud":  "-64,1834193",
                                            "geocoded_query":  "Cordoba, Cordoba, Argentina",
                                            "geocode_display_name":  "Córdoba, Municipio de Córdoba, Pedanía Capital, Departamento Capital, Córdoba, X5000, Argentina",
                                            "telefono":  "0351 – 4234186",
                                            "email_web":  "http://www.cavicor.com/",
                                            "rubro_principal":  "Constructora Vial - Provisión y Venta de Mezcla Asfáltica",
                                            "Tipo":  "Socios Plenarios",
                                            "Delegacion":  "Cordoba",
                                            "Dirección":  "ISABEL LA CATOLICA 1135 Piso:1 Dpto:A",
                                            "Localidad":  "BARRIO ALTA CORDOBA",
                                            "Provincia":  "Cordoba",
                                            "Teléfono":  "0351 – 4234186",
                                            "Correo":  "http://www.cavicor.com/",
                                            "CRM":  "NO",
                                            "Maquinas":  "",
                                            "Sucursal":  "",
                                            "Rubro":  "Constructora Vial - Provisión y Venta de Mezcla Asfáltica"
                                        },
                         "geometry":  {
                                          "type":  "Point",
                                          "coordinates":  [
                                                              -64.1834193,
                                                              -31.4166867
                                                          ]
                                      }
                     },
                     {
                         "type":  "Feature",
                         "properties":  {
                                            "rownum":  "30",
                                            "Nombre":  "GRUPPI E HIJOS S.A.",
                                            "CUIT":  "30714072591",
                                            "direccion_original":  "Eliseo Soaje 1206",
                                            "provincia_original":  "Cordoba",
                                            "localidad_original":  "Cordoba",
                                            "status_afip":  "ok",
                                            "error_afip":  "",
                                            "denominacion_afip":  "GRUPPI E HIJOS S.A.",
                                            "estado_afip":  "ACTIVO",
                                            "direccion_afip":  "ELISEO SOAJE 1206",
                                            "localidad_afip":  "ALTOS DE VELEZ SARSFIELD",
                                            "provincia_afip":  "CORDOBA",
                                            "cod_postal_afip":  "5016",
                                            "latitud":  "-31,4166867",
                                            "longitud":  "-64,1834193",
                                            "geocoded_query":  "Cordoba, Cordoba, Argentina",
                                            "geocode_display_name":  "Córdoba, Municipio de Córdoba, Pedanía Capital, Departamento Capital, Córdoba, X5000, Argentina",
                                            "telefono":  "4615528",
                                            "email_web":  "www.gruppiehijos.com.ar",
                                            "rubro_principal":  "Construcción, reforma y reparación de redes de distribución de gas",
                                            "Tipo":  "Socios Plenarios",
                                            "Delegacion":  "Cordoba",
                                            "Dirección":  "ELISEO SOAJE 1206",
                                            "Localidad":  "ALTOS DE VELEZ SARSFIELD",
                                            "Provincia":  "Cordoba",
                                            "Teléfono":  "4615528",
                                            "Correo":  "www.gruppiehijos.com.ar",
                                            "CRM":  "NO",
                                            "Maquinas":  "",
                                            "Sucursal":  "",
                                            "Rubro":  "Construcción, reforma y reparación de redes de distribución de gas"
                                        },
                         "geometry":  {
                                          "type":  "Point",
                                          "coordinates":  [
                                                              -64.1834193,
                                                              -31.4166867
                                                          ]
                                      }
                     },
                     {
                         "type":  "Feature",
                         "properties":  {
                                            "rownum":  "31",
                                            "Nombre":  "CEDE S.R.L.",
                                            "CUIT":  "30709608270",
                                            "direccion_original":  "Laberge 6333 - Bº Granja de Funes - Córdoba",
                                            "provincia_original":  "Cordoba",
                                            "localidad_original":  "Cordoba",
                                            "status_afip":  "ok",
                                            "error_afip":  "",
                                            "denominacion_afip":  "CEDE S.R.L.",
                                            "estado_afip":  "ACTIVO",
                                            "direccion_afip":  "ALBANO M DE LABERGE 6333",
                                            "localidad_afip":  "BARRIO GRANJA DE FUNES",
                                            "provincia_afip":  "CORDOBA",
                                            "cod_postal_afip":  "5021",
                                            "latitud":  "-31,4166867",
                                            "longitud":  "-64,1834193",
                                            "geocoded_query":  "Cordoba, Cordoba, Argentina",
                                            "geocode_display_name":  "Córdoba, Municipio de Córdoba, Pedanía Capital, Departamento Capital, Córdoba, X5000, Argentina",
                                            "telefono":  "3517913035 / 3513443030",
                                            "email_web":  "www.cedesrl.com.ar",
                                            "rubro_principal":  "Pisos industriales, comerciales y deportivos - Pavimentos rígidos y cordón cuneta - Fundaciones de Hormigón - Infraestructura para Municipios y Urbanizaciones - Fundaciones de Hormigón Armado",
                                            "Tipo":  "Socios Plenarios",
                                            "Delegacion":  "Cordoba",
                                            "Dirección":  "ALBANO M DE LABERGE 6333",
                                            "Localidad":  "BARRIO GRANJA DE FUNES",
                                            "Provincia":  "Cordoba",
                                            "Teléfono":  "3517913035 / 3513443030",
                                            "Correo":  "www.cedesrl.com.ar",
                                            "CRM":  "NO",
                                            "Maquinas":  "",
                                            "Sucursal":  "",
                                            "Rubro":  "Pisos industriales, comerciales y deportivos - Pavimentos rígidos y cordón cuneta - Fundaciones de Hormigón - Infraestructura para Municipios y Urbanizaciones - Fundaciones de Hormigón Armado"
                                        },
                         "geometry":  {
                                          "type":  "Point",
                                          "coordinates":  [
                                                              -64.1834193,
                                                              -31.4166867
                                                          ]
                                      }
                     },
                     {
                         "type":  "Feature",
                         "properties":  {
                                            "rownum":  "32",
                                            "Nombre":  "CIMENTO S.A.S.",
                                            "CUIT":  "30716287978",
                                            "direccion_original":  "9 de Julio 47 - Córdoba",
                                            "provincia_original":  "Cordoba",
                                            "localidad_original":  "Cordoba",
                                            "status_afip":  "ok",
                                            "error_afip":  "",
                                            "denominacion_afip":  "CIMENTO S.A.S.",
                                            "estado_afip":  "ACTIVO",
                                            "direccion_afip":  "ELIAS YOFRE 717 Piso:1",
                                            "localidad_afip":  "CIUDAD DE CORDOBA SUR",
                                            "provincia_afip":  "CORDOBA",
                                            "cod_postal_afip":  "5000",
                                            "latitud":  "-31,4166867",
                                            "longitud":  "-64,1834193",
                                            "geocoded_query":  "Cordoba, Cordoba, Argentina",
                                            "geocode_display_name":  "Córdoba, Municipio de Córdoba, Pedanía Capital, Departamento Capital, Córdoba, X5000, Argentina",
                                            "telefono":  "EMAIL / WEB:",
                                            "email_web":  "",
                                            "rubro_principal":  "Contratista General / Gerenciadora de Proyectos",
                                            "Tipo":  "Socios Plenarios",
                                            "Delegacion":  "Cordoba",
                                            "Dirección":  "ELIAS YOFRE 717 Piso:1",
                                            "Localidad":  "CIUDAD DE CORDOBA SUR",
                                            "Provincia":  "Cordoba",
                                            "Teléfono":  "EMAIL / WEB:",
                                            "Correo":  "",
                                            "CRM":  "NO",
                                            "Maquinas":  "",
                                            "Sucursal":  "",
                                            "Rubro":  "Contratista General / Gerenciadora de Proyectos"
                                        },
                         "geometry":  {
                                          "type":  "Point",
                                          "coordinates":  [
                                                              -64.1834193,
                                                              -31.4166867
                                                          ]
                                      }
                     },
                     {
                         "type":  "Feature",
                         "properties":  {
                                            "rownum":  "33",
                                            "Nombre":  "CONSTRUCCIONES DE INGENIERIA S A",
                                            "CUIT":  "30504481006",
                                            "direccion_original":  "Mendoza 1345, X5000LSA Córdoba",
                                            "provincia_original":  "Cordoba",
                                            "localidad_original":  "Cordoba",
                                            "status_afip":  "ok",
                                            "error_afip":  "",
                                            "denominacion_afip":  "CONSTRUCCIONES DE INGENIERIA S A",
                                            "estado_afip":  "ACTIVO",
                                            "direccion_afip":  "MENDOZA 1345",
                                            "localidad_afip":  "CIUDAD DE CORDOBA NORTE",
                                            "provincia_afip":  "CORDOBA",
                                            "cod_postal_afip":  "5000",
                                            "latitud":  "-31,4166867",
                                            "longitud":  "-64,1834193",
                                            "geocoded_query":  "Cordoba, Cordoba, Argentina",
                                            "geocode_display_name":  "Córdoba, Municipio de Córdoba, Pedanía Capital, Departamento Capital, Córdoba, X5000, Argentina",
                                            "telefono":  "0351 471-0022",
                                            "email_web":  "administració | n@cisacba.com.ar",
                                            "rubro_principal":  "Obras Viales",
                                            "Tipo":  "Socios Plenarios",
                                            "Delegacion":  "Cordoba",
                                            "Dirección":  "MENDOZA 1345",
                                            "Localidad":  "CIUDAD DE CORDOBA NORTE",
                                            "Provincia":  "Cordoba",
                                            "Teléfono":  "0351 471-0022",
                                            "Correo":  "administració | n@cisacba.com.ar",
                                            "CRM":  "NO",
                                            "Maquinas":  "",
                                            "Sucursal":  "",
                                            "Rubro":  "Obras Viales"
                                        },
                         "geometry":  {
                                          "type":  "Point",
                                          "coordinates":  [
                                                              -64.1834193,
                                                              -31.4166867
                                                          ]
                                      }
                     },
                     {
                         "type":  "Feature",
                         "properties":  {
                                            "rownum":  "34",
                                            "Nombre":  "CLIMATECK S.R.L.",
                                            "CUIT":  "30717301915",
                                            "direccion_original":  "Hiperconstrucción Rodriguez del Busto - Local 230 - Córdoba",
                                            "provincia_original":  "Cordoba",
                                            "localidad_original":  "Cordoba",
                                            "status_afip":  "ok",
                                            "error_afip":  "",
                                            "denominacion_afip":  "CLIMATECK S.R.L.",
                                            "estado_afip":  "ACTIVO",
                                            "direccion_afip":  "JOAQUIN CAMA\u0026#209;O Y BAZAN 4494 Piso:PB Dpto:S2480",
                                            "localidad_afip":  "BARRIO POETA LUGONES",
                                            "provincia_afip":  "CORDOBA",
                                            "cod_postal_afip":  "5008",
                                            "latitud":  "-31,4166867",
                                            "longitud":  "-64,1834193",
                                            "geocoded_query":  "Cordoba, Cordoba, Argentina",
                                            "geocode_display_name":  "Córdoba, Municipio de Córdoba, Pedanía Capital, Departamento Capital, Córdoba, X5000, Argentina",
                                            "telefono":  "351 317 18 19",
                                            "email_web":  "ventas@climateck.com.ar",
                                            "rubro_principal":  "Servicios de climatización y Eficiencia energética - Servicio Técnico Oficial",
                                            "Tipo":  "Socios Plenarios",
                                            "Delegacion":  "Cordoba",
                                            "Dirección":  "JOAQUIN CAMA\u0026#209;O Y BAZAN 4494 Piso:PB Dpto:S2480",
                                            "Localidad":  "BARRIO POETA LUGONES",
                                            "Provincia":  "Cordoba",
                                            "Teléfono":  "351 317 18 19",
                                            "Correo":  "ventas@climateck.com.ar",
                                            "CRM":  "NO",
                                            "Maquinas":  "",
                                            "Sucursal":  "",
                                            "Rubro":  "Servicios de climatización y Eficiencia energética - Servicio Técnico Oficial"
                                        },
                         "geometry":  {
                                          "type":  "Point",
                                          "coordinates":  [
                                                              -64.1834193,
                                                              -31.4166867
                                                          ]
                                      }
                     },
                     {
                         "type":  "Feature",
                         "properties":  {
                                            "rownum":  "35",
                                            "Nombre":  "CODELER SA",
                                            "CUIT":  "30707342419",
                                            "direccion_original":  "Entre Rios 3058 B° San Vicente - CP 5000, Córdoba",
                                            "provincia_original":  "Cordoba",
                                            "localidad_original":  "Cordoba",
                                            "status_afip":  "ok",
                                            "error_afip":  "",
                                            "denominacion_afip":  "CODELER SA",
                                            "estado_afip":  "ACTIVO",
                                            "direccion_afip":  "AV 11 DE SEPTIEMBRE ( KM 14 1/2 ) 0",
                                            "localidad_afip":  "BOUWER",
                                            "provincia_afip":  "CORDOBA",
                                            "cod_postal_afip":  "5119",
                                            "latitud":  "-31,4166867",
                                            "longitud":  "-64,1834193",
                                            "geocoded_query":  "Cordoba, Cordoba, Argentina",
                                            "geocode_display_name":  "Córdoba, Municipio de Córdoba, Pedanía Capital, Departamento Capital, Córdoba, X5000, Argentina",
                                            "telefono":  "4649394",
                                            "email_web":  "https://codeler.com.ar/",
                                            "rubro_principal":  "Obras Electromecánicas - Obras Civiles",
                                            "Tipo":  "Socios Plenarios",
                                            "Delegacion":  "Cordoba",
                                            "Dirección":  "AV 11 DE SEPTIEMBRE ( KM 14 1/2 ) 0",
                                            "Localidad":  "BOUWER",
                                            "Provincia":  "Cordoba",
                                            "Teléfono":  "4649394",
                                            "Correo":  "https://codeler.com.ar/",
                                            "CRM":  "NO",
                                            "Maquinas":  "",
                                            "Sucursal":  "",
                                            "Rubro":  "Obras Electromecánicas - Obras Civiles"
                                        },
                         "geometry":  {
                                          "type":  "Point",
                                          "coordinates":  [
                                                              -64.1834193,
                                                              -31.4166867
                                                          ]
                                      }
                     },
                     {
                         "type":  "Feature",
                         "properties":  {
                                            "rownum":  "36",
                                            "Nombre":  "COMAR CONSTRUCCIONES SRL",
                                            "CUIT":  "30712042296",
                                            "direccion_original":  "Av. Italia 900 lote 6 manz 72, X5101 Malagueño, Córdoba",
                                            "provincia_original":  "Cordoba",
                                            "localidad_original":  "Malagueño",
                                            "status_afip":  "ok",
                                            "error_afip":  "",
                                            "denominacion_afip":  "COMAR CONSTRUCCIONES SRL",
                                            "estado_afip":  "ACTIVO",
                                            "direccion_afip":  "AV. ITALIA 900  Dpto:6   M:72",
                                            "localidad_afip":  "MALAGUEÑO",
                                            "provincia_afip":  "CORDOBA",
                                            "cod_postal_afip":  "5101",
                                            "latitud":  "-31,4623876",
                                            "longitud":  "-64,354327",
                                            "geocoded_query":  "Malagueño, Cordoba, Argentina",
                                            "geocode_display_name":  "Malagueño, Municipio de Malagueño, Pedanía Calera, Departamento Santa María, Córdoba, X5186, Argentina",
                                            "telefono":  "0351 551-4729",
                                            "email_web":  "info@comar.com",
                                            "rubro_principal":  "Obras civiles e industriales",
                                            "Tipo":  "Socios Plenarios",
                                            "Delegacion":  "Cordoba",
                                            "Dirección":  "AV. ITALIA 900  Dpto:6   M:72",
                                            "Localidad":  "MALAGUEÑO",
                                            "Provincia":  "Cordoba",
                                            "Teléfono":  "0351 551-4729",
                                            "Correo":  "info@comar.com",
                                            "CRM":  "NO",
                                            "Maquinas":  "",
                                            "Sucursal":  "",
                                            "Rubro":  "Obras civiles e industriales"
                                        },
                         "geometry":  {
                                          "type":  "Point",
                                          "coordinates":  [
                                                              -64.354327,
                                                              -31.4623876
                                                          ]
                                      }
                     },
                     {
                         "type":  "Feature",
                         "properties":  {
                                            "rownum":  "37",
                                            "Nombre":  "CONSTRUCTORA DEL VALLE S.A.",
                                            "CUIT":  "30711812217",
                                            "direccion_original":  "Roque Saenz Peña 220, Las Varillas, Córdoba.",
                                            "provincia_original":  "Cordoba",
                                            "localidad_original":  "Las Varillas",
                                            "status_afip":  "ok",
                                            "error_afip":  "",
                                            "denominacion_afip":  "CONSTRUCTORA DEL VALLE S.A.",
                                            "estado_afip":  "ACTIVO",
                                            "direccion_afip":  "SAN MARTIN 495",
                                            "localidad_afip":  "LAS VARILLAS",
                                            "provincia_afip":  "CORDOBA",
                                            "cod_postal_afip":  "5940",
                                            "latitud":  "-31,874029",
                                            "longitud":  "-62,7160986",
                                            "geocoded_query":  "Las Varillas, Cordoba, Argentina",
                                            "geocode_display_name":  "Municipio de Las Varillas, Pedanía Sacanta, Departamento San Justo, Córdoba, X2400, Argentina",
                                            "telefono":  "3533 431541",
                                            "email_web":  "contacto@constructoradelvalle.com",
                                            "rubro_principal":  "Constructora y Desarrollista- Comercialización",
                                            "Tipo":  "Socios Plenarios",
                                            "Delegacion":  "Cordoba",
                                            "Dirección":  "SAN MARTIN 495",
                                            "Localidad":  "LAS VARILLAS",
                                            "Provincia":  "Cordoba",
                                            "Teléfono":  "3533 431541",
                                            "Correo":  "contacto@constructoradelvalle.com",
                                            "CRM":  "NO",
                                            "Maquinas":  "",
                                            "Sucursal":  "",
                                            "Rubro":  "Constructora y Desarrollista- Comercialización"
                                        },
                         "geometry":  {
                                          "type":  "Point",
                                          "coordinates":  [
                                                              -62.7160986,
                                                              -31.874029
                                                          ]
                                      }
                     },
                     {
                         "type":  "Feature",
                         "properties":  {
                                            "rownum":  "38",
                                            "Nombre":  "CONSTRUCTORA SAN CARLOS S.R.L.",
                                            "CUIT":  "30711973997",
                                            "direccion_original":  "9 de Julio 573 - 1º Piso - CP. X5000EMK - Córdoba",
                                            "provincia_original":  "Cordoba",
                                            "localidad_original":  "Cordoba",
                                            "status_afip":  "ok",
                                            "error_afip":  "",
                                            "denominacion_afip":  "CONSTRUCTORA SAN CARLOS S.R.L.",
                                            "estado_afip":  "ACTIVO",
                                            "direccion_afip":  "FIGUEROA  ALCORTA 88",
                                            "localidad_afip":  "BARRIO CENTRO SUR",
                                            "provincia_afip":  "CORDOBA",
                                            "cod_postal_afip":  "5000",
                                            "latitud":  "-31,4166867",
                                            "longitud":  "-64,1834193",
                                            "geocoded_query":  "Cordoba, Cordoba, Argentina",
                                            "geocode_display_name":  "Córdoba, Municipio de Córdoba, Pedanía Capital, Departamento Capital, Córdoba, X5000, Argentina",
                                            "telefono":  "4247339 / 5689972/73",
                                            "email_web":  "www.nexoconsultora.com.ar",
                                            "rubro_principal":  "Selección y administración de personal para la construcción - Desarrollos Inmobiliarios",
                                            "Tipo":  "Socios Plenarios",
                                            "Delegacion":  "Cordoba",
                                            "Dirección":  "FIGUEROA  ALCORTA 88",
                                            "Localidad":  "BARRIO CENTRO SUR",
                                            "Provincia":  "Cordoba",
                                            "Teléfono":  "4247339 / 5689972/73",
                                            "Correo":  "www.nexoconsultora.com.ar",
                                            "CRM":  "NO",
                                            "Maquinas":  "",
                                            "Sucursal":  "",
                                            "Rubro":  "Selección y administración de personal para la construcción - Desarrollos Inmobiliarios"
                                        },
                         "geometry":  {
                                          "type":  "Point",
                                          "coordinates":  [
                                                              -64.1834193,
                                                              -31.4166867
                                                          ]
                                      }
                     },
                     {
                         "type":  "Feature",
                         "properties":  {
                                            "rownum":  "39",
                                            "Nombre":  "CONSTRUCTORES ASOCIADOS SA S. A.",
                                            "CUIT":  "30614231501",
                                            "direccion_original":  "Jorge Ordoñez 278 (ex Defensa 490) Bº Inaudi - CP. 5016 Córdoba",
                                            "provincia_original":  "Cordoba",
                                            "localidad_original":  "Cordoba",
                                            "status_afip":  "ok",
                                            "error_afip":  "",
                                            "denominacion_afip":  "CONSTRUCTORES ASOCIADOS SA S. A.",
                                            "estado_afip":  "ACTIVO",
                                            "direccion_afip":  "JORGE ORDO\u0026#209;EZ 278",
                                            "localidad_afip":  "BARRIO INAUDI",
                                            "provincia_afip":  "CORDOBA",
                                            "cod_postal_afip":  "5016",
                                            "latitud":  "-31,4166867",
                                            "longitud":  "-64,1834193",
                                            "geocoded_query":  "Cordoba, Cordoba, Argentina",
                                            "geocode_display_name":  "Córdoba, Municipio de Córdoba, Pedanía Capital, Departamento Capital, Córdoba, X5000, Argentina",
                                            "telefono":  "4947889",
                                            "email_web":  "www.casacba.com.ar",
                                            "rubro_principal":  "Obras de Arquitectura - Vivienda - Obras Viales - Obras Hidráulica - Obras Eléctricas",
                                            "Tipo":  "Socios Plenarios",
                                            "Delegacion":  "Cordoba",
                                            "Dirección":  "JORGE ORDO\u0026#209;EZ 278",
                                            "Localidad":  "BARRIO INAUDI",
                                            "Provincia":  "Cordoba",
                                            "Teléfono":  "4947889",
                                            "Correo":  "www.casacba.com.ar",
                                            "CRM":  "NO",
                                            "Maquinas":  "",
                                            "Sucursal":  "",
                                            "Rubro":  "Obras de Arquitectura - Vivienda - Obras Viales - Obras Hidráulica - Obras Eléctricas"
                                        },
                         "geometry":  {
                                          "type":  "Point",
                                          "coordinates":  [
                                                              -64.1834193,
                                                              -31.4166867
                                                          ]
                                      }
                     },
                     {
                         "type":  "Feature",
                         "properties":  {
                                            "rownum":  "40",
                                            "Nombre":  "J Y S CONTIGIANI Y CIA SC",
                                            "CUIT":  "30564346132",
                                            "direccion_original":  "Monseñor Pablo Cabrera 5015 - Córdoba",
                                            "provincia_original":  "Cordoba",
                                            "localidad_original":  "Cordoba",
                                            "status_afip":  "ok",
                                            "error_afip":  "",
                                            "denominacion_afip":  "J Y S CONTIGIANI Y CIA SC",
                                            "estado_afip":  "ACTIVO",
                                            "direccion_afip":  "INTENDENTE LOINAS 722",
                                            "localidad_afip":  "MARCOS JUAREZ",
                                            "provincia_afip":  "CORDOBA",
                                            "cod_postal_afip":  "2580",
                                            "latitud":  "-31,4166867",
                                            "longitud":  "-64,1834193",
                                            "geocoded_query":  "Cordoba, Cordoba, Argentina",
                                            "geocode_display_name":  "Córdoba, Municipio de Córdoba, Pedanía Capital, Departamento Capital, Córdoba, X5000, Argentina",
                                            "telefono":  "351-7616435",
                                            "email_web":  "info@contigiani.com",
                                            "rubro_principal":  "Venta de Materiales de Construccion - Alquiler de Inmuebles, Hoteleria",
                                            "Tipo":  "Socios Plenarios",
                                            "Delegacion":  "Cordoba",
                                            "Dirección":  "INTENDENTE LOINAS 722",
                                            "Localidad":  "MARCOS JUAREZ",
                                            "Provincia":  "Cordoba",
                                            "Teléfono":  "351-7616435",
                                            "Correo":  "info@contigiani.com",
                                            "CRM":  "NO",
                                            "Maquinas":  "",
                                            "Sucursal":  "",
                                            "Rubro":  "Venta de Materiales de Construccion - Alquiler de Inmuebles, Hoteleria"
                                        },
                         "geometry":  {
                                          "type":  "Point",
                                          "coordinates":  [
                                                              -64.1834193,
                                                              -31.4166867
                                                          ]
                                      }
                     },
                     {
                         "type":  "Feature",
                         "properties":  {
                                            "rownum":  "41",
                                            "Nombre":  "CORBE SRL",
                                            "CUIT":  "30703363934",
                                            "direccion_original":  "Av. Arturo Capdevilla 7500 (Las Cortaderas esq. Las Toscas) C.P.: 5012 - Bº Villa Esquiú - Córdoba",
                                            "provincia_original":  "Cordoba",
                                            "localidad_original":  "Cordoba",
                                            "status_afip":  "ok",
                                            "error_afip":  "",
                                            "denominacion_afip":  "CORBE SRL",
                                            "estado_afip":  "ACTIVO",
                                            "direccion_afip":  "AV. ARTURO CAPDEVILLA 7500",
                                            "localidad_afip":  "CIUDAD DE CORDOBA NORTE",
                                            "provincia_afip":  "CORDOBA",
                                            "cod_postal_afip":  "5008",
                                            "latitud":  "-31,4166867",
                                            "longitud":  "-64,1834193",
                                            "geocoded_query":  "Cordoba, Cordoba, Argentina",
                                            "geocode_display_name":  "Córdoba, Municipio de Córdoba, Pedanía Capital, Departamento Capital, Córdoba, X5000, Argentina",
                                            "telefono":  "5981344 / 4962912",
                                            "email_web":  "www.corbe.com.ar",
                                            "rubro_principal":  "Obras de Arquitectura - Obras Viales - Obras de Infraestructura",
                                            "Tipo":  "Socios Plenarios",
                                            "Delegacion":  "Cordoba",
                                            "Dirección":  "AV. ARTURO CAPDEVILLA 7500",
                                            "Localidad":  "CIUDAD DE CORDOBA NORTE",
                                            "Provincia":  "Cordoba",
                                            "Teléfono":  "5981344 / 4962912",
                                            "Correo":  "www.corbe.com.ar",
                                            "CRM":  "NO",
                                            "Maquinas":  "",
                                            "Sucursal":  "",
                                            "Rubro":  "Obras de Arquitectura - Obras Viales - Obras de Infraestructura"
                                        },
                         "geometry":  {
                                          "type":  "Point",
                                          "coordinates":  [
                                                              -64.1834193,
                                                              -31.4166867
                                                          ]
                                      }
                     },
                     {
                         "type":  "Feature",
                         "properties":  {
                                            "rownum":  "42",
                                            "Nombre":  "FED AND VEL S. A.",
                                            "CUIT":  "30714586366",
                                            "direccion_original":  "Av. de Circunvalación Sur 5380",
                                            "provincia_original":  "Cordoba",
                                            "localidad_original":  "Cordoba",
                                            "status_afip":  "ok",
                                            "error_afip":  "",
                                            "denominacion_afip":  "FED AND VEL S. A.",
                                            "estado_afip":  "ACTIVO",
                                            "direccion_afip":  "CIRCUNVALACION SUR 5380",
                                            "localidad_afip":  "BARRIO FLORES",
                                            "provincia_afip":  "CORDOBA",
                                            "cod_postal_afip":  "5103",
                                            "latitud":  "-31,4166867",
                                            "longitud":  "-64,1834193",
                                            "geocoded_query":  "Cordoba, Cordoba, Argentina",
                                            "geocode_display_name":  "Córdoba, Municipio de Córdoba, Pedanía Capital, Departamento Capital, Córdoba, X5000, Argentina",
                                            "telefono":  "351-7688423",
                                            "email_web":  "ecommerce@cormac.com.ar",
                                            "rubro_principal":  "Venta de Materiales para la Construcción",
                                            "Tipo":  "Socios Plenarios",
                                            "Delegacion":  "Cordoba",
                                            "Dirección":  "CIRCUNVALACION SUR 5380",
                                            "Localidad":  "BARRIO FLORES",
                                            "Provincia":  "Cordoba",
                                            "Teléfono":  "351-7688423",
                                            "Correo":  "ecommerce@cormac.com.ar",
                                            "CRM":  "NO",
                                            "Maquinas":  "",
                                            "Sucursal":  "",
                                            "Rubro":  "Venta de Materiales para la Construcción"
                                        },
                         "geometry":  {
                                          "type":  "Point",
                                          "coordinates":  [
                                                              -64.1834193,
                                                              -31.4166867
                                                          ]
                                      }
                     },
                     {
                         "type":  "Feature",
                         "properties":  {
                                            "rownum":  "43",
                                            "Nombre":  "COR-VIAL S.A.",
                                            "CUIT":  "30711406995",
                                            "direccion_original":  "Rivadavia 1399 - Bº Independencia - CP 5000",
                                            "provincia_original":  "Cordoba",
                                            "localidad_original":  "Cordoba",
                                            "status_afip":  "ok",
                                            "error_afip":  "",
                                            "denominacion_afip":  "COR-VIAL S.A.",
                                            "estado_afip":  "ACTIVO",
                                            "direccion_afip":  "AUTOPISTA CORDOBA ROSARIO KM 646 646",
                                            "localidad_afip":  "LAGUNA LARGA",
                                            "provincia_afip":  "CORDOBA",
                                            "cod_postal_afip":  "5974",
                                            "latitud":  "-31,4166867",
                                            "longitud":  "-64,1834193",
                                            "geocoded_query":  "Cordoba, Cordoba, Argentina",
                                            "geocode_display_name":  "Córdoba, Municipio de Córdoba, Pedanía Capital, Departamento Capital, Córdoba, X5000, Argentina",
                                            "telefono":  "4727232",
                                            "email_web":  "www.corvial.com.ar",
                                            "rubro_principal":  "Fabricante y proveedor de maquinaria vial y ambiental",
                                            "Tipo":  "Socios Plenarios",
                                            "Delegacion":  "Cordoba",
                                            "Dirección":  "AUTOPISTA CORDOBA ROSARIO KM 646 646",
                                            "Localidad":  "LAGUNA LARGA",
                                            "Provincia":  "Cordoba",
                                            "Teléfono":  "4727232",
                                            "Correo":  "www.corvial.com.ar",
                                            "CRM":  "NO",
                                            "Maquinas":  "",
                                            "Sucursal":  "",
                                            "Rubro":  "Fabricante y proveedor de maquinaria vial y ambiental"
                                        },
                         "geometry":  {
                                          "type":  "Point",
                                          "coordinates":  [
                                                              -64.1834193,
                                                              -31.4166867
                                                          ]
                                      }
                     },
                     {
                         "type":  "Feature",
                         "properties":  {
                                            "rownum":  "44",
                                            "Nombre":  "C.O.V.A.  S.A.",
                                            "CUIT":  "30517927186",
                                            "direccion_original":  "Av. Valparaíso 3398 - Bº Jardín - CP 5016 - Córdoba",
                                            "provincia_original":  "Cordoba",
                                            "localidad_original":  "Cordoba",
                                            "status_afip":  "ok",
                                            "error_afip":  "",
                                            "denominacion_afip":  "C.O.V.A.  S.A.",
                                            "estado_afip":  "ACTIVO",
                                            "direccion_afip":  "AV VALPARAISO 3398",
                                            "localidad_afip":  "BARRIO JARDIN",
                                            "provincia_afip":  "CORDOBA",
                                            "cod_postal_afip":  "5016",
                                            "latitud":  "-31,4166867",
                                            "longitud":  "-64,1834193",
                                            "geocoded_query":  "Cordoba, Cordoba, Argentina",
                                            "geocode_display_name":  "Córdoba, Municipio de Córdoba, Pedanía Capital, Departamento Capital, Córdoba, X5000, Argentina",
                                            "telefono":  "4612481/1616",
                                            "email_web":  "www.covaweb.com.ar",
                                            "rubro_principal":  "Obras de Arquitectura - Obras Civiles - Obras de Ingeniería - Viviendas",
                                            "Tipo":  "Socios Plenarios",
                                            "Delegacion":  "Cordoba",
                                            "Dirección":  "AV VALPARAISO 3398",
                                            "Localidad":  "BARRIO JARDIN",
                                            "Provincia":  "Cordoba",
                                            "Teléfono":  "4612481/1616",
                                            "Correo":  "www.covaweb.com.ar",
                                            "CRM":  "NO",
                                            "Maquinas":  "",
                                            "Sucursal":  "",
                                            "Rubro":  "Obras de Arquitectura - Obras Civiles - Obras de Ingeniería - Viviendas"
                                        },
                         "geometry":  {
                                          "type":  "Point",
                                          "coordinates":  [
                                                              -64.1834193,
                                                              -31.4166867
                                                          ]
                                      }
                     },
                     {
                         "type":  "Feature",
                         "properties":  {
                                            "rownum":  "45",
                                            "Nombre":  "CRACONS S. A.",
                                            "CUIT":  "30718047591",
                                            "direccion_original":  "Jose Ramon Figueroa 231",
                                            "provincia_original":  "Cordoba",
                                            "localidad_original":  "Cordoba",
                                            "status_afip":  "ok",
                                            "error_afip":  "",
                                            "denominacion_afip":  "CRACONS S. A.",
                                            "estado_afip":  "ACTIVO",
                                            "direccion_afip":  "JOSE RAMON FIGUEROA 231",
                                            "localidad_afip":  "BARRIO SAN IGNACIO",
                                            "provincia_afip":  "CORDOBA",
                                            "cod_postal_afip":  "5003",
                                            "latitud":  "-31,4166867",
                                            "longitud":  "-64,1834193",
                                            "geocoded_query":  "Cordoba, Cordoba, Argentina",
                                            "geocode_display_name":  "Córdoba, Municipio de Córdoba, Pedanía Capital, Departamento Capital, Córdoba, X5000, Argentina",
                                            "telefono":  "3513853271",
                                            "email_web":  "",
                                            "rubro_principal":  "Obras Viales",
                                            "Tipo":  "Socios Plenarios",
                                            "Delegacion":  "Cordoba",
                                            "Dirección":  "JOSE RAMON FIGUEROA 231",
                                            "Localidad":  "BARRIO SAN IGNACIO",
                                            "Provincia":  "Cordoba",
                                            "Teléfono":  "3513853271",
                                            "Correo":  "",
                                            "CRM":  "NO",
                                            "Maquinas":  "",
                                            "Sucursal":  "",
                                            "Rubro":  "Obras Viales"
                                        },
                         "geometry":  {
                                          "type":  "Point",
                                          "coordinates":  [
                                                              -64.1834193,
                                                              -31.4166867
                                                          ]
                                      }
                     },
                     {
                         "type":  "Feature",
                         "properties":  {
                                            "rownum":  "46",
                                            "Nombre":  "CYRUS S R L",
                                            "CUIT":  "30709224170",
                                            "direccion_original":  "Juan B. Noble 660 B° Marques de Sobremonte Córdoba, Argentina",
                                            "provincia_original":  "Cordoba",
                                            "localidad_original":  "Cordoba",
                                            "status_afip":  "ok",
                                            "error_afip":  "",
                                            "denominacion_afip":  "CYRUS S R L",
                                            "estado_afip":  "ACTIVO",
                                            "direccion_afip":  "JUAN B. NOBLE 660",
                                            "localidad_afip":  "BARRIO MARQUES DE SOBREMONTE",
                                            "provincia_afip":  "CORDOBA",
                                            "cod_postal_afip":  "5008",
                                            "latitud":  "-31,4166867",
                                            "longitud":  "-64,1834193",
                                            "geocoded_query":  "Cordoba, Cordoba, Argentina",
                                            "geocode_display_name":  "Córdoba, Municipio de Córdoba, Pedanía Capital, Departamento Capital, Córdoba, X5000, Argentina",
                                            "telefono":  "+54 351-4769416",
                                            "email_web":  "info@cyruselectric.com",
                                            "rubro_principal":  "Fabricación de Tableros y Celdas de Media Tensión",
                                            "Tipo":  "Socios Plenarios",
                                            "Delegacion":  "Cordoba",
                                            "Dirección":  "JUAN B. NOBLE 660",
                                            "Localidad":  "BARRIO MARQUES DE SOBREMONTE",
                                            "Provincia":  "Cordoba",
                                            "Teléfono":  "+54 351-4769416",
                                            "Correo":  "info@cyruselectric.com",
                                            "CRM":  "NO",
                                            "Maquinas":  "",
                                            "Sucursal":  "",
                                            "Rubro":  "Fabricación de Tableros y Celdas de Media Tensión"
                                        },
                         "geometry":  {
                                          "type":  "Point",
                                          "coordinates":  [
                                                              -64.1834193,
                                                              -31.4166867
                                                          ]
                                      }
                     },
                     {
                         "type":  "Feature",
                         "properties":  {
                                            "rownum":  "47",
                                            "Nombre":  "DAR NE SOCIEDAD ANONIMA",
                                            "CUIT":  "30613787409",
                                            "direccion_original":  "Estados Unidos 3072 - Bº San Vicente - CP 5006 - Córdoba",
                                            "provincia_original":  "Cordoba",
                                            "localidad_original":  "Cordoba",
                                            "status_afip":  "ok",
                                            "error_afip":  "",
                                            "denominacion_afip":  "DAR NE SOCIEDAD ANONIMA",
                                            "estado_afip":  "ACTIVO",
                                            "direccion_afip":  "ESTADOS UNIDOS 3072 S:pb",
                                            "localidad_afip":  "BARRIO SAN VICENTE",
                                            "provincia_afip":  "CORDOBA",
                                            "cod_postal_afip":  "5006",
                                            "latitud":  "-31,4166867",
                                            "longitud":  "-64,1834193",
                                            "geocoded_query":  "Cordoba, Cordoba, Argentina",
                                            "geocode_display_name":  "Córdoba, Municipio de Córdoba, Pedanía Capital, Departamento Capital, Córdoba, X5000, Argentina",
                                            "telefono":  "4585014",
                                            "email_web":  "",
                                            "rubro_principal":  "Obras de Arquitectura y Vivienda",
                                            "Tipo":  "Socios Plenarios",
                                            "Delegacion":  "Cordoba",
                                            "Dirección":  "ESTADOS UNIDOS 3072 S:pb",
                                            "Localidad":  "BARRIO SAN VICENTE",
                                            "Provincia":  "Cordoba",
                                            "Teléfono":  "4585014",
                                            "Correo":  "",
                                            "CRM":  "NO",
                                            "Maquinas":  "",
                                            "Sucursal":  "",
                                            "Rubro":  "Obras de Arquitectura y Vivienda"
                                        },
                         "geometry":  {
                                          "type":  "Point",
                                          "coordinates":  [
                                                              -64.1834193,
                                                              -31.4166867
                                                          ]
                                      }
                     },
                     {
                         "type":  "Feature",
                         "properties":  {
                                            "rownum":  "48",
                                            "Nombre":  "DARSIE Y CIA S A C I",
                                            "CUIT":  "30537926240",
                                            "direccion_original":  "General Alvear 762 - Centro - Córdoba",
                                            "provincia_original":  "Cordoba",
                                            "localidad_original":  "Cordoba",
                                            "status_afip":  "ok",
                                            "error_afip":  "",
                                            "denominacion_afip":  "DARSIE Y CIA S A C I",
                                            "estado_afip":  "ACTIVO",
                                            "direccion_afip":  "ALVEAR 762",
                                            "localidad_afip":  "BARRIO CENTRO NORTE",
                                            "provincia_afip":  "CORDOBA",
                                            "cod_postal_afip":  "5000",
                                            "latitud":  "-31,4166867",
                                            "longitud":  "-64,1834193",
                                            "geocoded_query":  "Cordoba, Cordoba, Argentina",
                                            "geocode_display_name":  "Córdoba, Municipio de Córdoba, Pedanía Capital, Departamento Capital, Córdoba, X5000, Argentina",
                                            "telefono":  "351 5421 184",
                                            "email_web":  "ventasonline2@darsie.com",
                                            "rubro_principal":  "Venta de Materiales para la construcción",
                                            "Tipo":  "Socios Plenarios",
                                            "Delegacion":  "Cordoba",
                                            "Dirección":  "ALVEAR 762",
                                            "Localidad":  "BARRIO CENTRO NORTE",
                                            "Provincia":  "Cordoba",
                                            "Teléfono":  "351 5421 184",
                                            "Correo":  "ventasonline2@darsie.com",
                                            "CRM":  "NO",
                                            "Maquinas":  "",
                                            "Sucursal":  "",
                                            "Rubro":  "Venta de Materiales para la construcción"
                                        },
                         "geometry":  {
                                          "type":  "Point",
                                          "coordinates":  [
                                                              -64.1834193,
                                                              -31.4166867
                                                          ]
                                      }
                     },
                     {
                         "type":  "Feature",
                         "properties":  {
                                            "rownum":  "49",
                                            "Nombre":  "David Sestopal Ingeniero Civil",
                                            "CUIT":  "20064990355",
                                            "direccion_original":  "Av. La Voz del Interior 6804, B° Los Boulevares, CP 5147 - Córdoba",
                                            "provincia_original":  "Cordoba",
                                            "localidad_original":  "Cordoba",
                                            "status_afip":  "error",
                                            "error_afip":  "soap:Server: No existe persona con ese Id",
                                            "denominacion_afip":  "",
                                            "estado_afip":  "",
                                            "direccion_afip":  "",
                                            "localidad_afip":  "",
                                            "provincia_afip":  "",
                                            "cod_postal_afip":  "",
                                            "latitud":  "-31,4166867",
                                            "longitud":  "-64,1834193",
                                            "geocoded_query":  "Cordoba, Cordoba, Argentina",
                                            "geocode_display_name":  "Córdoba, Municipio de Córdoba, Pedanía Capital, Departamento Capital, Córdoba, X5000, Argentina",
                                            "telefono":  "4751017 / 4750729",
                                            "email_web":  "",
                                            "rubro_principal":  "Obras Viales",
                                            "Tipo":  "Socios Plenarios",
                                            "Delegacion":  "Cordoba",
                                            "Dirección":  "Av. La Voz del Interior 6804, B° Los Boulevares, CP 5147 - Córdoba",
                                            "Localidad":  "Cordoba",
                                            "Provincia":  "Cordoba",
                                            "Teléfono":  "4751017 / 4750729",
                                            "Correo":  "",
                                            "CRM":  "NO",
                                            "Maquinas":  "",
                                            "Sucursal":  "",
                                            "Rubro":  "Obras Viales"
                                        },
                         "geometry":  {
                                          "type":  "Point",
                                          "coordinates":  [
                                                              -64.1834193,
                                                              -31.4166867
                                                          ]
                                      }
                     },
                     {
                         "type":  "Feature",
                         "properties":  {
                                            "rownum":  "50",
                                            "Nombre":  "DE HIERRO S.A.",
                                            "CUIT":  "33710858689",
                                            "direccion_original":  "Av. Sabattini 5375",
                                            "provincia_original":  "Cordoba",
                                            "localidad_original":  "Cordoba",
                                            "status_afip":  "ok",
                                            "error_afip":  "",
                                            "denominacion_afip":  "DE HIERRO S.A.",
                                            "estado_afip":  "ACTIVO",
                                            "direccion_afip":  "AV. SABATTINI 5375",
                                            "localidad_afip":  "CIUDAD DE CORDOBA SUR",
                                            "provincia_afip":  "CORDOBA",
                                            "cod_postal_afip":  "5000",
                                            "latitud":  "-31,4166867",
                                            "longitud":  "-64,1834193",
                                            "geocoded_query":  "Cordoba, Cordoba, Argentina",
                                            "geocode_display_name":  "Córdoba, Municipio de Córdoba, Pedanía Capital, Departamento Capital, Córdoba, X5000, Argentina",
                                            "telefono":  "4507600 / 4507111",
                                            "email_web":  "http://www.dehierro.com.ar/",
                                            "rubro_principal":  "Venta de Materiales Siderúrgicos",
                                            "Tipo":  "Socios Plenarios",
                                            "Delegacion":  "Cordoba",
                                            "Dirección":  "AV. SABATTINI 5375",
                                            "Localidad":  "CIUDAD DE CORDOBA SUR",
                                            "Provincia":  "Cordoba",
                                            "Teléfono":  "4507600 / 4507111",
                                            "Correo":  "http://www.dehierro.com.ar/",
                                            "CRM":  "NO",
                                            "Maquinas":  "",
                                            "Sucursal":  "",
                                            "Rubro":  "Venta de Materiales Siderúrgicos"
                                        },
                         "geometry":  {
                                          "type":  "Point",
                                          "coordinates":  [
                                                              -64.1834193,
                                                              -31.4166867
                                                          ]
                                      }
                     },
                     {
                         "type":  "Feature",
                         "properties":  {
                                            "rownum":  "51",
                                            "Nombre":  "EMPRESA CONSTRUCTORA DELTA SA",
                                            "CUIT":  "30503887947",
                                            "direccion_original":  "Duarte Quirós 1400, Loc. 225 - B° Alberdi - CP 5003 - Córdoba",
                                            "provincia_original":  "Cordoba",
                                            "localidad_original":  "Cordoba",
                                            "status_afip":  "ok",
                                            "error_afip":  "",
                                            "denominacion_afip":  "EMPRESA CONSTRUCTORA DELTA SA",
                                            "estado_afip":  "ACTIVO",
                                            "direccion_afip":  "DUARTE QUIROS 1400 Dpto:225",
                                            "localidad_afip":  "ALTO ALBERDI",
                                            "provincia_afip":  "CORDOBA",
                                            "cod_postal_afip":  "5000",
                                            "latitud":  "-31,4166867",
                                            "longitud":  "-64,1834193",
                                            "geocoded_query":  "Cordoba, Cordoba, Argentina",
                                            "geocode_display_name":  "Córdoba, Municipio de Córdoba, Pedanía Capital, Departamento Capital, Córdoba, X5000, Argentina",
                                            "telefono":  "4828200/03",
                                            "email_web":  "www.empresadelta.com.ar",
                                            "rubro_principal":  "Obras Civiles - Obras de Arquitectura - Obras de Ingeniería - Obras Electromecánicas",
                                            "Tipo":  "Socios Plenarios",
                                            "Delegacion":  "Cordoba",
                                            "Dirección":  "DUARTE QUIROS 1400 Dpto:225",
                                            "Localidad":  "ALTO ALBERDI",
                                            "Provincia":  "Cordoba",
                                            "Teléfono":  "4828200/03",
                                            "Correo":  "www.empresadelta.com.ar",
                                            "CRM":  "NO",
                                            "Maquinas":  "",
                                            "Sucursal":  "",
                                            "Rubro":  "Obras Civiles - Obras de Arquitectura - Obras de Ingeniería - Obras Electromecánicas"
                                        },
                         "geometry":  {
                                          "type":  "Point",
                                          "coordinates":  [
                                                              -64.1834193,
                                                              -31.4166867
                                                          ]
                                      }
                     },
                     {
                         "type":  "Feature",
                         "properties":  {
                                            "rownum":  "52",
                                            "Nombre":  "JULIO DONADIO SOCIEDAD ANONIMA",
                                            "CUIT":  "30537412379",
                                            "direccion_original":  "Av. Circunvalación esq. Interfábrica",
                                            "provincia_original":  "Cordoba",
                                            "localidad_original":  "Cordoba",
                                            "status_afip":  "ok",
                                            "error_afip":  "",
                                            "denominacion_afip":  "JULIO DONADIO SOCIEDAD ANONIMA",
                                            "estado_afip":  "ACTIVO",
                                            "direccion_afip":  "CNO INTERERFABRICA Y CIRC 0",
                                            "localidad_afip":  "CIUDAD DE CORDOBA SUR",
                                            "provincia_afip":  "CORDOBA",
                                            "cod_postal_afip":  "5000",
                                            "latitud":  "-31,4166867",
                                            "longitud":  "-64,1834193",
                                            "geocoded_query":  "Cordoba, Cordoba, Argentina",
                                            "geocode_display_name":  "Córdoba, Municipio de Córdoba, Pedanía Capital, Departamento Capital, Córdoba, X5000, Argentina",
                                            "telefono":  "4503333",
                                            "email_web":  "https://www.donadio-cba.com.ar/",
                                            "rubro_principal":  "Comercialización y distribución de productos siderúrgicos a nivel regional",
                                            "Tipo":  "Socios Plenarios",
                                            "Delegacion":  "Cordoba",
                                            "Dirección":  "CNO INTERERFABRICA Y CIRC 0",
                                            "Localidad":  "CIUDAD DE CORDOBA SUR",
                                            "Provincia":  "Cordoba",
                                            "Teléfono":  "4503333",
                                            "Correo":  "https://www.donadio-cba.com.ar/",
                                            "CRM":  "NO",
                                            "Maquinas":  "",
                                            "Sucursal":  "",
                                            "Rubro":  "Comercialización y distribución de productos siderúrgicos a nivel regional"
                                        },
                         "geometry":  {
                                          "type":  "Point",
                                          "coordinates":  [
                                                              -64.1834193,
                                                              -31.4166867
                                                          ]
                                      }
                     },
                     {
                         "type":  "Feature",
                         "properties":  {
                                            "rownum":  "53",
                                            "Nombre":  "METALURGICA EBLAGON SAS",
                                            "CUIT":  "30716082470",
                                            "direccion_original":  "Av. Alem 3770 - Córdoba",
                                            "provincia_original":  "Cordoba",
                                            "localidad_original":  "Cordoba",
                                            "status_afip":  "error",
                                            "error_afip":  "El contribuyente posee incumplimientos notificados por falta de presentación de DDJJ. Podrá consultar los incumplimientos en el Sistema de Cuentas Tributarias.",
                                            "denominacion_afip":  "METALURGICA EBLAGON SAS",
                                            "estado_afip":  "ACTIVO",
                                            "direccion_afip":  "JUAN B JUSTO 7946",
                                            "localidad_afip":  "GUIÑAZU",
                                            "provincia_afip":  "CORDOBA",
                                            "cod_postal_afip":  "5145",
                                            "latitud":  "-31,4166867",
                                            "longitud":  "-64,1834193",
                                            "geocoded_query":  "Cordoba, Cordoba, Argentina",
                                            "geocode_display_name":  "Córdoba, Municipio de Córdoba, Pedanía Capital, Departamento Capital, Córdoba, X5000, Argentina",
                                            "telefono":  "3513411015",
                                            "email_web":  "eblagonm@gmail.com",
                                            "rubro_principal":  "Construcción de Obras Públicas , Alquiler de Maquinarias para la Construcción",
                                            "Tipo":  "Socios Plenarios",
                                            "Delegacion":  "Cordoba",
                                            "Dirección":  "JUAN B JUSTO 7946",
                                            "Localidad":  "GUIÑAZU",
                                            "Provincia":  "Cordoba",
                                            "Teléfono":  "3513411015",
                                            "Correo":  "eblagonm@gmail.com",
                                            "CRM":  "NO",
                                            "Maquinas":  "",
                                            "Sucursal":  "",
                                            "Rubro":  "Construcción de Obras Públicas , Alquiler de Maquinarias para la Construcción"
                                        },
                         "geometry":  {
                                          "type":  "Point",
                                          "coordinates":  [
                                                              -64.1834193,
                                                              -31.4166867
                                                          ]
                                      }
                     },
                     {
                         "type":  "Feature",
                         "properties":  {
                                            "rownum":  "54",
                                            "Nombre":  "ECIPSA HOLDING SA",
                                            "CUIT":  "30696920997",
                                            "direccion_original":  "Hipólito Yrigoyen 146 – Piso 16 Córdoba Business Tower",
                                            "provincia_original":  "Cordoba",
                                            "localidad_original":  "Cordoba",
                                            "status_afip":  "ok",
                                            "error_afip":  "",
                                            "denominacion_afip":  "ECIPSA HOLDING SA",
                                            "estado_afip":  "ACTIVO",
                                            "direccion_afip":  "AV. FIGUEROA ALCORTA 180 Piso:10 Dpto:D",
                                            "localidad_afip":  "BARRIO CENTRO NORTE",
                                            "provincia_afip":  "CORDOBA",
                                            "cod_postal_afip":  "5000",
                                            "latitud":  "-31,4166867",
                                            "longitud":  "-64,1834193",
                                            "geocoded_query":  "Cordoba, Cordoba, Argentina",
                                            "geocode_display_name":  "Córdoba, Municipio de Córdoba, Pedanía Capital, Departamento Capital, Córdoba, X5000, Argentina",
                                            "telefono":  "EMAIL / WEB:",
                                            "email_web":  "info@ecipsa.com",
                                            "rubro_principal":  "Construccion, Reforma y Reparacion de Edificios Residenciales - Servicios Empresariales N.C.P.",
                                            "Tipo":  "Socios Plenarios",
                                            "Delegacion":  "Cordoba",
                                            "Dirección":  "AV. FIGUEROA ALCORTA 180 Piso:10 Dpto:D",
                                            "Localidad":  "BARRIO CENTRO NORTE",
                                            "Provincia":  "Cordoba",
                                            "Teléfono":  "EMAIL / WEB:",
                                            "Correo":  "info@ecipsa.com",
                                            "CRM":  "NO",
                                            "Maquinas":  "",
                                            "Sucursal":  "",
                                            "Rubro":  "Construccion, Reforma y Reparacion de Edificios Residenciales - Servicios Empresariales N.C.P."
                                        },
                         "geometry":  {
                                          "type":  "Point",
                                          "coordinates":  [
                                                              -64.1834193,
                                                              -31.4166867
                                                          ]
                                      }
                     },
                     {
                         "type":  "Feature",
                         "properties":  {
                                            "rownum":  "55",
                                            "Nombre":  "EDECAR CONSTRUCTORA S. A.",
                                            "CUIT":  "30701036014",
                                            "direccion_original":  "Dr. Pedro C. Molina 1156 Of. 2 - CP 5854",
                                            "provincia_original":  "Cordoba",
                                            "localidad_original":  "Almafuerte",
                                            "status_afip":  "ok",
                                            "error_afip":  "",
                                            "denominacion_afip":  "EDECAR CONSTRUCTORA S. A.",
                                            "estado_afip":  "ACTIVO",
                                            "direccion_afip":  "PEDRO C. MOLINA 1156 Dpto:2",
                                            "localidad_afip":  "ALMAFUERTE",
                                            "provincia_afip":  "CORDOBA",
                                            "cod_postal_afip":  "5854",
                                            "latitud":  "-32,1917687",
                                            "longitud":  "-64,255066",
                                            "geocoded_query":  "Almafuerte, Cordoba, Argentina",
                                            "geocode_display_name":  "Almafuerte, Municipio de Almafuerte, Pedanía Salto, Departamento Tercero Arriba, Córdoba, X5854, Argentina",
                                            "telefono":  "4647849 / 4645095",
                                            "email_web":  "",
                                            "rubro_principal":  "Obras Viales - Movimiento de Suelos",
                                            "Tipo":  "Socios Plenarios",
                                            "Delegacion":  "Cordoba",
                                            "Dirección":  "PEDRO C. MOLINA 1156 Dpto:2",
                                            "Localidad":  "ALMAFUERTE",
                                            "Provincia":  "Cordoba",
                                            "Teléfono":  "4647849 / 4645095",
                                            "Correo":  "",
                                            "CRM":  "NO",
                                            "Maquinas":  "",
                                            "Sucursal":  "",
                                            "Rubro":  "Obras Viales - Movimiento de Suelos"
                                        },
                         "geometry":  {
                                          "type":  "Point",
                                          "coordinates":  [
                                                              -64.255066,
                                                              -32.1917687
                                                          ]
                                      }
                     },
                     {
                         "type":  "Feature",
                         "properties":  {
                                            "rownum":  "56",
                                            "Nombre":  "EL HORMIGON S A",
                                            "CUIT":  "30700247844",
                                            "direccion_original":  "Calle Nº 5 2626 - Marcos Juarez - Córdoba",
                                            "provincia_original":  "Cordoba",
                                            "localidad_original":  "Marcos Juarez",
                                            "status_afip":  "ok",
                                            "error_afip":  "",
                                            "denominacion_afip":  "EL HORMIGON S A",
                                            "estado_afip":  "ACTIVO",
                                            "direccion_afip":  "TUCUMAN 1124",
                                            "localidad_afip":  "VILLA MARIA",
                                            "provincia_afip":  "CORDOBA",
                                            "cod_postal_afip":  "5900",
                                            "latitud":  "-32,6946933",
                                            "longitud":  "-62,104385",
                                            "geocoded_query":  "Marcos Juarez, Cordoba, Argentina",
                                            "geocode_display_name":  "Municipio de Marcos Juárez, Pedanía Espinillos, Departamento Marcos Juárez, Córdoba, X2580, Argentina",
                                            "telefono":  "035472 458540",
                                            "email_web":  "www.elhormigonsa.com.ar",
                                            "rubro_principal":  "Venta de hormigón - Alquiler de Equipos - Obras de Ingeniería",
                                            "Tipo":  "Socios Plenarios",
                                            "Delegacion":  "Cordoba",
                                            "Dirección":  "TUCUMAN 1124",
                                            "Localidad":  "VILLA MARIA",
                                            "Provincia":  "Cordoba",
                                            "Teléfono":  "035472 458540",
                                            "Correo":  "www.elhormigonsa.com.ar",
                                            "CRM":  "NO",
                                            "Maquinas":  "",
                                            "Sucursal":  "",
                                            "Rubro":  "Venta de hormigón - Alquiler de Equipos - Obras de Ingeniería"
                                        },
                         "geometry":  {
                                          "type":  "Point",
                                          "coordinates":  [
                                                              -62.104385,
                                                              -32.6946933
                                                          ]
                                      }
                     },
                     {
                         "type":  "Feature",
                         "properties":  {
                                            "rownum":  "57",
                                            "Nombre":  "ELECTRO CORDOBA S A",
                                            "CUIT":  "30539404365",
                                            "direccion_original":  "Arellano 1080 esquina Mendoza",
                                            "provincia_original":  "Cordoba",
                                            "localidad_original":  "Cordoba",
                                            "status_afip":  "ok",
                                            "error_afip":  "",
                                            "denominacion_afip":  "ELECTRO CORDOBA S A",
                                            "estado_afip":  "ACTIVO",
                                            "direccion_afip":  "ARELLANO 1080",
                                            "localidad_afip":  "BARRIO ALTA CORDOBA",
                                            "provincia_afip":  "CORDOBA",
                                            "cod_postal_afip":  "5001",
                                            "latitud":  "-31,4166867",
                                            "longitud":  "-64,1834193",
                                            "geocoded_query":  "Cordoba, Cordoba, Argentina",
                                            "geocode_display_name":  "Córdoba, Municipio de Córdoba, Pedanía Capital, Departamento Capital, Córdoba, X5000, Argentina",
                                            "telefono":  "3515187995",
                                            "email_web":  "https://www.electrocordoba.com.ar/es/",
                                            "rubro_principal":  "dedicada al desarrollo, fabricación y comercialización de soluciones para redes eléctricas de media y alta tensión. Nuestra actividad se centra en la provisión de herrajes, accesorios y componentes para infraestructura energética, combinando experiencia industrial, capacidad técnica y compromiso con la calidad para acompañar el crecimiento del sector eléctrico",
                                            "Tipo":  "Socios Plenarios",
                                            "Delegacion":  "Cordoba",
                                            "Dirección":  "ARELLANO 1080",
                                            "Localidad":  "BARRIO ALTA CORDOBA",
                                            "Provincia":  "Cordoba",
                                            "Teléfono":  "3515187995",
                                            "Correo":  "https://www.electrocordoba.com.ar/es/",
                                            "CRM":  "NO",
                                            "Maquinas":  "",
                                            "Sucursal":  "",
                                            "Rubro":  "dedicada al desarrollo, fabricación y comercialización de soluciones para redes eléctricas de media y alta tensión. Nuestra actividad se centra en la provisión de herrajes, accesorios y componentes para infraestructura energética, combinando experiencia industrial, capacidad técnica y compromiso con la calidad para acompañar el crecimiento del sector eléctrico"
                                        },
                         "geometry":  {
                                          "type":  "Point",
                                          "coordinates":  [
                                                              -64.1834193,
                                                              -31.4166867
                                                          ]
                                      }
                     },
                     {
                         "type":  "Feature",
                         "properties":  {
                                            "rownum":  "58",
                                            "Nombre":  "ELECTRO TEC S.R.L.",
                                            "CUIT":  "30715529781",
                                            "direccion_original":  "Av. Velez Sarsfield 4480 - Córdoba Capital",
                                            "provincia_original":  "Cordoba",
                                            "localidad_original":  "Cordoba",
                                            "status_afip":  "ok",
                                            "error_afip":  "",
                                            "denominacion_afip":  "ELECTRO TEC S.R.L.",
                                            "estado_afip":  "ACTIVO",
                                            "direccion_afip":  "AV. VELEZ SARSFIELD 4480",
                                            "localidad_afip":  "CIUDAD DE CORDOBA SUR",
                                            "provincia_afip":  "CORDOBA",
                                            "cod_postal_afip":  "5000",
                                            "latitud":  "-31,4166867",
                                            "longitud":  "-64,1834193",
                                            "geocoded_query":  "Cordoba, Cordoba, Argentina",
                                            "geocode_display_name":  "Córdoba, Municipio de Córdoba, Pedanía Capital, Departamento Capital, Córdoba, X5000, Argentina",
                                            "telefono":  "0351- 154597009",
                                            "email_web":  "",
                                            "rubro_principal":  "Instalación, ejecución y mantenimiento de instalaciones eléctricas, electromecánica y electrónicas",
                                            "Tipo":  "Socios Plenarios",
                                            "Delegacion":  "Cordoba",
                                            "Dirección":  "AV. VELEZ SARSFIELD 4480",
                                            "Localidad":  "CIUDAD DE CORDOBA SUR",
                                            "Provincia":  "Cordoba",
                                            "Teléfono":  "0351- 154597009",
                                            "Correo":  "",
                                            "CRM":  "NO",
                                            "Maquinas":  "",
                                            "Sucursal":  "",
                                            "Rubro":  "Instalación, ejecución y mantenimiento de instalaciones eléctricas, electromecánica y electrónicas"
                                        },
                         "geometry":  {
                                          "type":  "Point",
                                          "coordinates":  [
                                                              -64.1834193,
                                                              -31.4166867
                                                          ]
                                      }
                     },
                     {
                         "type":  "Feature",
                         "properties":  {
                                            "rownum":  "59",
                                            "Nombre":  "ELECTROINGENIERIA I.C.S.S.A.",
                                            "CUIT":  "30693006593",
                                            "direccion_original":  "Av. La Voz del Interior 5883 - Bº Los Boulevares CP 5000 - Córdoba",
                                            "provincia_original":  "Cordoba",
                                            "localidad_original":  "Los Boulevares",
                                            "status_afip":  "ok",
                                            "error_afip":  "",
                                            "denominacion_afip":  "ELECTROINGENIERIA I.C.S.S.A.",
                                            "estado_afip":  "ACTIVO",
                                            "direccion_afip":  "AV. LA VOZ DEL INTERIOR 5883",
                                            "localidad_afip":  "LOS BOULEVARES",
                                            "provincia_afip":  "CORDOBA",
                                            "cod_postal_afip":  "5147",
                                            "latitud":  "-31,3448557",
                                            "longitud":  "-64,2322132",
                                            "geocoded_query":  "Los Boulevares, Cordoba, Argentina",
                                            "geocode_display_name":  "Los Boulevares, Córdoba, Municipio de Córdoba, Pedanía Capital, Departamento Capital, Córdoba, X5022, Argentina",
                                            "telefono":  "4144200",
                                            "email_web":  "www.electroingenieria.com",
                                            "rubro_principal":  "Obras Electromecánicas y Civiles",
                                            "Tipo":  "Socios Plenarios",
                                            "Delegacion":  "Cordoba",
                                            "Dirección":  "AV. LA VOZ DEL INTERIOR 5883",
                                            "Localidad":  "LOS BOULEVARES",
                                            "Provincia":  "Cordoba",
                                            "Teléfono":  "4144200",
                                            "Correo":  "www.electroingenieria.com",
                                            "CRM":  "NO",
                                            "Maquinas":  "",
                                            "Sucursal":  "",
                                            "Rubro":  "Obras Electromecánicas y Civiles"
                                        },
                         "geometry":  {
                                          "type":  "Point",
                                          "coordinates":  [
                                                              -64.2322132,
                                                              -31.3448557
                                                          ]
                                      }
                     },
                     {
                         "type":  "Feature",
                         "properties":  {
                                            "rownum":  "60",
                                            "Nombre":  "ELEVEN CONSTRUCCIONES S.A.",
                                            "CUIT":  "30566164201",
                                            "direccion_original":  "Humberto Primo 630 Piso 2 Oficina H24",
                                            "provincia_original":  "Cordoba",
                                            "localidad_original":  "Cordoba",
                                            "status_afip":  "ok",
                                            "error_afip":  "",
                                            "denominacion_afip":  "ELEVEN CONSTRUCCIONES S.A.",
                                            "estado_afip":  "ACTIVO",
                                            "direccion_afip":  "AVENIDA FIGUEROA ALCORTA 185 Piso:2 Dpto:B",
                                            "localidad_afip":  "BARRIO ALBERDI NORTE",
                                            "provincia_afip":  "CORDOBA",
                                            "cod_postal_afip":  "5000",
                                            "latitud":  "-31,4166867",
                                            "longitud":  "-64,1834193",
                                            "geocoded_query":  "Cordoba, Cordoba, Argentina",
                                            "geocode_display_name":  "Córdoba, Municipio de Córdoba, Pedanía Capital, Departamento Capital, Córdoba, X5000, Argentina",
                                            "telefono":  "+54 9 351 209-8374",
                                            "email_web":  "contacto@elevendesarrollos.com.ar",
                                            "rubro_principal":  "Construccion, Reforma y Reparacion de Edificios Residenciales - Servicios de Asesoramiento, Direccion y Gestion Empresarial",
                                            "Tipo":  "Socios Plenarios",
                                            "Delegacion":  "Cordoba",
                                            "Dirección":  "AVENIDA FIGUEROA ALCORTA 185 Piso:2 Dpto:B",
                                            "Localidad":  "BARRIO ALBERDI NORTE",
                                            "Provincia":  "Cordoba",
                                            "Teléfono":  "+54 9 351 209-8374",
                                            "Correo":  "contacto@elevendesarrollos.com.ar",
                                            "CRM":  "NO",
                                            "Maquinas":  "",
                                            "Sucursal":  "",
                                            "Rubro":  "Construccion, Reforma y Reparacion de Edificios Residenciales - Servicios de Asesoramiento, Direccion y Gestion Empresarial"
                                        },
                         "geometry":  {
                                          "type":  "Point",
                                          "coordinates":  [
                                                              -64.1834193,
                                                              -31.4166867
                                                          ]
                                      }
                     },
                     {
                         "type":  "Feature",
                         "properties":  {
                                            "rownum":  "61",
                                            "Nombre":  "ELING ENERGIA S. A.",
                                            "CUIT":  "30572968010",
                                            "direccion_original":  "Av. La Voz del Interior 8851 - CP 5151 - Frente Aeropuerto Ing. Taravella - Córdoba",
                                            "provincia_original":  "Cordoba",
                                            "localidad_original":  "Cordoba",
                                            "status_afip":  "ok",
                                            "error_afip":  "",
                                            "denominacion_afip":  "ELING ENERGIA S. A.",
                                            "estado_afip":  "ACTIVO",
                                            "direccion_afip":  "AV. LA VOZ DEL INTERIOR 8851",
                                            "localidad_afip":  "AEROPUERTO CORDOBA",
                                            "provincia_afip":  "CORDOBA",
                                            "cod_postal_afip":  "5147",
                                            "latitud":  "-31,4166867",
                                            "longitud":  "-64,1834193",
                                            "geocoded_query":  "Cordoba, Cordoba, Argentina",
                                            "geocode_display_name":  "Córdoba, Municipio de Córdoba, Pedanía Capital, Departamento Capital, Córdoba, X5000, Argentina",
                                            "telefono":  "5263100",
                                            "email_web":  "www.eling.com.ar",
                                            "rubro_principal":  "Obras electromecánicas - Obras civiles - Obras de arquitectura - Obras viales - Obras de saneamiento - Obras de conducción de fluidos",
                                            "Tipo":  "Socios Plenarios",
                                            "Delegacion":  "Cordoba",
                                            "Dirección":  "AV. LA VOZ DEL INTERIOR 8851",
                                            "Localidad":  "AEROPUERTO CORDOBA",
                                            "Provincia":  "Cordoba",
                                            "Teléfono":  "5263100",
                                            "Correo":  "www.eling.com.ar",
                                            "CRM":  "NO",
                                            "Maquinas":  "",
                                            "Sucursal":  "",
                                            "Rubro":  "Obras electromecánicas - Obras civiles - Obras de arquitectura - Obras viales - Obras de saneamiento - Obras de conducción de fluidos"
                                        },
                         "geometry":  {
                                          "type":  "Point",
                                          "coordinates":  [
                                                              -64.1834193,
                                                              -31.4166867
                                                          ]
                                      }
                     },
                     {
                         "type":  "Feature",
                         "properties":  {
                                            "rownum":  "62",
                                            "Nombre":  "EQUIPMENT CORD S R L",
                                            "CUIT":  "30698889604",
                                            "direccion_original":  "Av. Rio de Janeiro 1350",
                                            "provincia_original":  "Cordoba",
                                            "localidad_original":  "Villa Allende",
                                            "status_afip":  "ok",
                                            "error_afip":  "",
                                            "denominacion_afip":  "EQUIPMENT CORD S R L",
                                            "estado_afip":  "ACTIVO",
                                            "direccion_afip":  "RIO DE JANEIRO 1318",
                                            "localidad_afip":  "VILLA ALLENDE",
                                            "provincia_afip":  "CORDOBA",
                                            "cod_postal_afip":  "5105",
                                            "latitud":  "-31,2936231",
                                            "longitud":  "-64,2976203",
                                            "geocoded_query":  "Villa Allende, Cordoba, Argentina",
                                            "geocode_display_name":  "Villa Allende, Municipio de Villa Allende, Pedanía Calera Norte, Departamento Colón, Córdoba, X5111, Argentina",
                                            "telefono":  "+54 9 351 593-9743",
                                            "email_web":  "nicolaslasoanadon@gmail.com",
                                            "rubro_principal":  "Obras Eléctricas - Obras Civiles",
                                            "Tipo":  "Socios Plenarios",
                                            "Delegacion":  "Cordoba",
                                            "Dirección":  "RIO DE JANEIRO 1318",
                                            "Localidad":  "VILLA ALLENDE",
                                            "Provincia":  "Cordoba",
                                            "Teléfono":  "+54 9 351 593-9743",
                                            "Correo":  "nicolaslasoanadon@gmail.com",
                                            "CRM":  "NO",
                                            "Maquinas":  "",
                                            "Sucursal":  "",
                                            "Rubro":  "Obras Eléctricas - Obras Civiles"
                                        },
                         "geometry":  {
                                          "type":  "Point",
                                          "coordinates":  [
                                                              -64.2976203,
                                                              -31.2936231
                                                          ]
                                      }
                     },
                     {
                         "type":  "Feature",
                         "properties":  {
                                            "rownum":  "63",
                                            "Nombre":  "ESTRUCTURAS SACICIYF",
                                            "CUIT":  "30504484455",
                                            "direccion_original":  "San Alberto 1750 - Bº San Vicente - CP X5006IFT - Córdoba",
                                            "provincia_original":  "Cordoba",
                                            "localidad_original":  "Cordoba",
                                            "status_afip":  "ok",
                                            "error_afip":  "",
                                            "denominacion_afip":  "ESTRUCTURAS SACICIYF",
                                            "estado_afip":  "ACTIVO",
                                            "direccion_afip":  "SAN ALBERTO 1750",
                                            "localidad_afip":  "BARRIO SAN VICENTE",
                                            "provincia_afip":  "CORDOBA",
                                            "cod_postal_afip":  "5006",
                                            "latitud":  "-31,4166867",
                                            "longitud":  "-64,1834193",
                                            "geocoded_query":  "Cordoba, Cordoba, Argentina",
                                            "geocode_display_name":  "Córdoba, Municipio de Córdoba, Pedanía Capital, Departamento Capital, Córdoba, X5000, Argentina",
                                            "telefono":  "4572323",
                                            "email_web":  "https://estructuras.com.ar/",
                                            "rubro_principal":  "Obras de Infraestructura - Obras de Arquitectura - Obras para prestadoras de Servicios.",
                                            "Tipo":  "Socios Plenarios",
                                            "Delegacion":  "Cordoba",
                                            "Dirección":  "SAN ALBERTO 1750",
                                            "Localidad":  "BARRIO SAN VICENTE",
                                            "Provincia":  "Cordoba",
                                            "Teléfono":  "4572323",
                                            "Correo":  "https://estructuras.com.ar/",
                                            "CRM":  "NO",
                                            "Maquinas":  "",
                                            "Sucursal":  "",
                                            "Rubro":  "Obras de Infraestructura - Obras de Arquitectura - Obras para prestadoras de Servicios."
                                        },
                         "geometry":  {
                                          "type":  "Point",
                                          "coordinates":  [
                                                              -64.1834193,
                                                              -31.4166867
                                                          ]
                                      }
                     },
                     {
                         "type":  "Feature",
                         "properties":  {
                                            "rownum":  "64",
                                            "Nombre":  "EVN SA",
                                            "CUIT":  "33698465579",
                                            "direccion_original":  "Serapio Ovejero 4280, Córdoba",
                                            "provincia_original":  "Cordoba",
                                            "localidad_original":  "Cordoba",
                                            "status_afip":  "ok",
                                            "error_afip":  "",
                                            "denominacion_afip":  "EVN SA",
                                            "estado_afip":  "ACTIVO",
                                            "direccion_afip":  "SERAPIO OVEJERO 4280",
                                            "localidad_afip":  "BARRIO PARQUE LICEO 3RA.",
                                            "provincia_afip":  "CORDOBA",
                                            "cod_postal_afip":  "5019",
                                            "latitud":  "-31,4166867",
                                            "longitud":  "-64,1834193",
                                            "geocoded_query":  "Cordoba, Cordoba, Argentina",
                                            "geocode_display_name":  "Córdoba, Municipio de Córdoba, Pedanía Capital, Departamento Capital, Córdoba, X5000, Argentina",
                                            "telefono":  "0351 499-0808",
                                            "email_web":  "https://evn-sa.com.ar/",
                                            "rubro_principal":  "Obras viales - Obras Hidráulicas - Obras de Gas Natural - Gasoductos de Alta Presión",
                                            "Tipo":  "Socios Plenarios",
                                            "Delegacion":  "Cordoba",
                                            "Dirección":  "SERAPIO OVEJERO 4280",
                                            "Localidad":  "BARRIO PARQUE LICEO 3RA.",
                                            "Provincia":  "Cordoba",
                                            "Teléfono":  "0351 499-0808",
                                            "Correo":  "https://evn-sa.com.ar/",
                                            "CRM":  "NO",
                                            "Maquinas":  "",
                                            "Sucursal":  "",
                                            "Rubro":  "Obras viales - Obras Hidráulicas - Obras de Gas Natural - Gasoductos de Alta Presión"
                                        },
                         "geometry":  {
                                          "type":  "Point",
                                          "coordinates":  [
                                                              -64.1834193,
                                                              -31.4166867
                                                          ]
                                      }
                     },
                     {
                         "type":  "Feature",
                         "properties":  {
                                            "rownum":  "65",
                                            "Nombre":  "FAGAR SRL",
                                            "CUIT":  "30716878542",
                                            "direccion_original":  "San Lorenzo 59 - Toledo - Córdoba",
                                            "provincia_original":  "Cordoba",
                                            "localidad_original":  "Toledo",
                                            "status_afip":  "ok",
                                            "error_afip":  "",
                                            "denominacion_afip":  "FAGAR SRL",
                                            "estado_afip":  "ACTIVO",
                                            "direccion_afip":  "SAN LORENZO 59",
                                            "localidad_afip":  "TOLEDO",
                                            "provincia_afip":  "CORDOBA",
                                            "cod_postal_afip":  "5123",
                                            "latitud":  "-31,5528597",
                                            "longitud":  "-64,0088031",
                                            "geocoded_query":  "Toledo, Cordoba, Argentina",
                                            "geocode_display_name":  "Toledo, Municipio de Toledo, Pedanía Caseros, Departamento Santa María, Córdoba, X5123, Argentina",
                                            "telefono":  "3516223258",
                                            "email_web":  "fabriciogarzino@gmail.com",
                                            "rubro_principal":  "Proveedor",
                                            "Tipo":  "Socios Plenarios",
                                            "Delegacion":  "Cordoba",
                                            "Dirección":  "SAN LORENZO 59",
                                            "Localidad":  "TOLEDO",
                                            "Provincia":  "Cordoba",
                                            "Teléfono":  "3516223258",
                                            "Correo":  "fabriciogarzino@gmail.com",
                                            "CRM":  "NO",
                                            "Maquinas":  "",
                                            "Sucursal":  "",
                                            "Rubro":  "Proveedor"
                                        },
                         "geometry":  {
                                          "type":  "Point",
                                          "coordinates":  [
                                                              -64.0088031,
                                                              -31.5528597
                                                          ]
                                      }
                     },
                     {
                         "type":  "Feature",
                         "properties":  {
                                            "rownum":  "66",
                                            "Nombre":  "PABLO FEDERICO E HIJOS S. A.",
                                            "CUIT":  "30714776432",
                                            "direccion_original":  "Av. Los Polacos 800 - B° Los Boulevares - CP 5147 - Córdoba",
                                            "provincia_original":  "Cordoba",
                                            "localidad_original":  "Cordoba",
                                            "status_afip":  "ok",
                                            "error_afip":  "",
                                            "denominacion_afip":  "PABLO FEDERICO E HIJOS S. A.",
                                            "estado_afip":  "ACTIVO",
                                            "direccion_afip":  "RODRIGUEZ DEL BUSTO 2338",
                                            "localidad_afip":  "BARRIO ALTO VERDE",
                                            "provincia_afip":  "CORDOBA",
                                            "cod_postal_afip":  "5009",
                                            "latitud":  "-31,4166867",
                                            "longitud":  "-64,1834193",
                                            "geocoded_query":  "Cordoba, Cordoba, Argentina",
                                            "geocode_display_name":  "Córdoba, Municipio de Córdoba, Pedanía Capital, Departamento Capital, Córdoba, X5000, Argentina",
                                            "telefono":  "(03543) 425494",
                                            "email_web":  "https://pablofederico.com.ar/",
                                            "rubro_principal":  "Obras de Arquitectura - Obras Viales - Producción de Asfalto y Hormigón",
                                            "Tipo":  "Socios Plenarios",
                                            "Delegacion":  "Cordoba",
                                            "Dirección":  "RODRIGUEZ DEL BUSTO 2338",
                                            "Localidad":  "BARRIO ALTO VERDE",
                                            "Provincia":  "Cordoba",
                                            "Teléfono":  "(03543) 425494",
                                            "Correo":  "https://pablofederico.com.ar/",
                                            "CRM":  "NO",
                                            "Maquinas":  "",
                                            "Sucursal":  "",
                                            "Rubro":  "Obras de Arquitectura - Obras Viales - Producción de Asfalto y Hormigón"
                                        },
                         "geometry":  {
                                          "type":  "Point",
                                          "coordinates":  [
                                                              -64.1834193,
                                                              -31.4166867
                                                          ]
                                      }
                     },
                     {
                         "type":  "Feature",
                         "properties":  {
                                            "rownum":  "67",
                                            "Nombre":  "FEP MAQ S.A.",
                                            "CUIT":  "30714073946",
                                            "direccion_original":  "25 de Mayo 1852, X5004 FWZ, Córdoba",
                                            "provincia_original":  "Cordoba",
                                            "localidad_original":  "Cordoba",
                                            "status_afip":  "ok",
                                            "error_afip":  "",
                                            "denominacion_afip":  "FEP MAQ S.A.",
                                            "estado_afip":  "ACTIVO",
                                            "direccion_afip":  "25 DE MAYO 1852",
                                            "localidad_afip":  "BARRIO GENERAL PAZ SUR",
                                            "provincia_afip":  "CORDOBA",
                                            "cod_postal_afip":  "5000",
                                            "latitud":  "-31,4166867",
                                            "longitud":  "-64,1834193",
                                            "geocoded_query":  "Cordoba, Cordoba, Argentina",
                                            "geocode_display_name":  "Córdoba, Municipio de Córdoba, Pedanía Capital, Departamento Capital, Córdoba, X5000, Argentina",
                                            "telefono":  "0351 451-0132",
                                            "email_web":  "https://www.instagram.com/fepmaq",
                                            "rubro_principal":  "Obras Hidraulicas- Mensuras, loteos, proyectos, traslados de maquinarias, movimiento de suelo",
                                            "Tipo":  "Socios Plenarios",
                                            "Delegacion":  "Cordoba",
                                            "Dirección":  "25 DE MAYO 1852",
                                            "Localidad":  "BARRIO GENERAL PAZ SUR",
                                            "Provincia":  "Cordoba",
                                            "Teléfono":  "0351 451-0132",
                                            "Correo":  "https://www.instagram.com/fepmaq",
                                            "CRM":  "NO",
                                            "Maquinas":  "",
                                            "Sucursal":  "",
                                            "Rubro":  "Obras Hidraulicas- Mensuras, loteos, proyectos, traslados de maquinarias, movimiento de suelo"
                                        },
                         "geometry":  {
                                          "type":  "Point",
                                          "coordinates":  [
                                                              -64.1834193,
                                                              -31.4166867
                                                          ]
                                      }
                     },
                     {
                         "type":  "Feature",
                         "properties":  {
                                            "rownum":  "69",
                                            "Nombre":  "FLOREANO CONSTRUCCIONES OBRAS Y SERVICIOS S.A.",
                                            "CUIT":  "30711502153",
                                            "direccion_original":  "Av. J. M. de Pueyrredón 2521, X5000 Córdoba",
                                            "provincia_original":  "Cordoba",
                                            "localidad_original":  "Cordoba",
                                            "status_afip":  "ok",
                                            "error_afip":  "",
                                            "denominacion_afip":  "FLOREANO CONSTRUCCIONES OBRAS Y SERVICIOS S.A.",
                                            "estado_afip":  "ACTIVO",
                                            "direccion_afip":  "PUEYRREDON 2521 Piso:- Dpto:D S:- T:- M:-",
                                            "localidad_afip":  "ALTO ALBERDI",
                                            "provincia_afip":  "CORDOBA",
                                            "cod_postal_afip":  "5000",
                                            "latitud":  "-31,4166867",
                                            "longitud":  "-64,1834193",
                                            "geocoded_query":  "Cordoba, Cordoba, Argentina",
                                            "geocode_display_name":  "Córdoba, Municipio de Córdoba, Pedanía Capital, Departamento Capital, Córdoba, X5000, Argentina",
                                            "telefono":  "0351 488-5192",
                                            "email_web":  "",
                                            "rubro_principal":  "Construccion - Servicios",
                                            "Tipo":  "Socios Plenarios",
                                            "Delegacion":  "Cordoba",
                                            "Dirección":  "PUEYRREDON 2521 Piso:- Dpto:D S:- T:- M:-",
                                            "Localidad":  "ALTO ALBERDI",
                                            "Provincia":  "Cordoba",
                                            "Teléfono":  "0351 488-5192",
                                            "Correo":  "",
                                            "CRM":  "NO",
                                            "Maquinas":  "",
                                            "Sucursal":  "",
                                            "Rubro":  "Construccion - Servicios"
                                        },
                         "geometry":  {
                                          "type":  "Point",
                                          "coordinates":  [
                                                              -64.1834193,
                                                              -31.4166867
                                                          ]
                                      }
                     },
                     {
                         "type":  "Feature",
                         "properties":  {
                                            "rownum":  "70",
                                            "Nombre":  "GALLARA Y CIA S.A.",
                                            "CUIT":  "30637927333",
                                            "direccion_original":  "Bv. Rivadavia 4379, B° Los Boulevares - Córdoba",
                                            "provincia_original":  "Cordoba",
                                            "localidad_original":  "Los Boulevares",
                                            "status_afip":  "ok",
                                            "error_afip":  "",
                                            "denominacion_afip":  "GALLARA Y CIA S.A.",
                                            "estado_afip":  "ACTIVO",
                                            "direccion_afip":  "BV. RIVADAVIA 4379",
                                            "localidad_afip":  "LOS BOULEVARES",
                                            "provincia_afip":  "CORDOBA",
                                            "cod_postal_afip":  "5147",
                                            "latitud":  "-31,3448557",
                                            "longitud":  "-64,2322132",
                                            "geocoded_query":  "Los Boulevares, Cordoba, Argentina",
                                            "geocode_display_name":  "Los Boulevares, Córdoba, Municipio de Córdoba, Pedanía Capital, Departamento Capital, Córdoba, X5022, Argentina",
                                            "telefono":  "4750723/24 - 4759660",
                                            "email_web":  "www.grupogallara.com.ar",
                                            "rubro_principal":  "Fabricación de Premoldeados de Hormigón",
                                            "Tipo":  "Socios Plenarios",
                                            "Delegacion":  "Cordoba",
                                            "Dirección":  "BV. RIVADAVIA 4379",
                                            "Localidad":  "LOS BOULEVARES",
                                            "Provincia":  "Cordoba",
                                            "Teléfono":  "4750723/24 - 4759660",
                                            "Correo":  "www.grupogallara.com.ar",
                                            "CRM":  "NO",
                                            "Maquinas":  "",
                                            "Sucursal":  "",
                                            "Rubro":  "Fabricación de Premoldeados de Hormigón"
                                        },
                         "geometry":  {
                                          "type":  "Point",
                                          "coordinates":  [
                                                              -64.2322132,
                                                              -31.3448557
                                                          ]
                                      }
                     },
                     {
                         "type":  "Feature",
                         "properties":  {
                                            "rownum":  "71",
                                            "Nombre":  "GENKIDAMA S. R. L.",
                                            "CUIT":  "30719230276",
                                            "direccion_original":  "Claudio de arredondo 4405",
                                            "provincia_original":  "Cordoba",
                                            "localidad_original":  "Cordoba",
                                            "status_afip":  "ok",
                                            "error_afip":  "",
                                            "denominacion_afip":  "GENKIDAMA S. R. L.",
                                            "estado_afip":  "ACTIVO",
                                            "direccion_afip":  "ARREDONDO CLAUDIO DE 4405  Dpto:B",
                                            "localidad_afip":  "VILLA CENTENARIO",
                                            "provincia_afip":  "CORDOBA",
                                            "cod_postal_afip":  "5009",
                                            "latitud":  "-31,4166867",
                                            "longitud":  "-64,1834193",
                                            "geocoded_query":  "Cordoba, Cordoba, Argentina",
                                            "geocode_display_name":  "Córdoba, Municipio de Córdoba, Pedanía Capital, Departamento Capital, Córdoba, X5000, Argentina",
                                            "telefono":  "3512555413",
                                            "email_web":  "andresmaspero87@gmail.com",
                                            "rubro_principal":  "Especialistas en Eficiencia energética , instalación llave en mano de sistemas fotovoltaicos para industria , campo y domicilio. Asesoramiento energético, mantenimiento, post venta . Instalaciones de estaciones de carga para movilidad eléctrica",
                                            "Tipo":  "Socios Plenarios",
                                            "Delegacion":  "Cordoba",
                                            "Dirección":  "ARREDONDO CLAUDIO DE 4405  Dpto:B",
                                            "Localidad":  "VILLA CENTENARIO",
                                            "Provincia":  "Cordoba",
                                            "Teléfono":  "3512555413",
                                            "Correo":  "andresmaspero87@gmail.com",
                                            "CRM":  "NO",
                                            "Maquinas":  "",
                                            "Sucursal":  "",
                                            "Rubro":  "Especialistas en Eficiencia energética , instalación llave en mano de sistemas fotovoltaicos para industria , campo y domicilio. Asesoramiento energético, mantenimiento, post venta . Instalaciones de estaciones de carga para movilidad eléctrica"
                                        },
                         "geometry":  {
                                          "type":  "Point",
                                          "coordinates":  [
                                                              -64.1834193,
                                                              -31.4166867
                                                          ]
                                      }
                     },
                     {
                         "type":  "Feature",
                         "properties":  {
                                            "rownum":  "72",
                                            "Nombre":  "NORDEMAQ SA",
                                            "CUIT":  "30687989658",
                                            "direccion_original":  "Av. Agustin Tosco 4008 - Cordoba",
                                            "provincia_original":  "Cordoba",
                                            "localidad_original":  "Cordoba",
                                            "status_afip":  "ok",
                                            "error_afip":  "",
                                            "denominacion_afip":  "NORDEMAQ SA",
                                            "estado_afip":  "ACTIVO",
                                            "direccion_afip":  "RUTA NAC 11 KM 1007,5 0",
                                            "localidad_afip":  "RESISTENCIA",
                                            "provincia_afip":  "CHACO",
                                            "cod_postal_afip":  "3500",
                                            "latitud":  "-31,4166867",
                                            "longitud":  "-64,1834193",
                                            "geocoded_query":  "Cordoba, Cordoba, Argentina",
                                            "geocode_display_name":  "Córdoba, Municipio de Córdoba, Pedanía Capital, Departamento Capital, Córdoba, X5000, Argentina",
                                            "telefono":  "3541378779",
                                            "email_web":  "http://www.grossvial.com/",
                                            "rubro_principal":  "Obras Hidraulicas - Viales",
                                            "Tipo":  "Socios Plenarios",
                                            "Delegacion":  "Cordoba",
                                            "Dirección":  "RUTA NAC 11 KM 1007,5 0",
                                            "Localidad":  "RESISTENCIA",
                                            "Provincia":  "Cordoba",
                                            "Teléfono":  "3541378779",
                                            "Correo":  "http://www.grossvial.com/",
                                            "CRM":  "NO",
                                            "Maquinas":  "",
                                            "Sucursal":  "",
                                            "Rubro":  "Obras Hidraulicas - Viales"
                                        },
                         "geometry":  {
                                          "type":  "Point",
                                          "coordinates":  [
                                                              -64.1834193,
                                                              -31.4166867
                                                          ]
                                      }
                     },
                     {
                         "type":  "Feature",
                         "properties":  {
                                            "rownum":  "73",
                                            "Nombre":  "GIECO S.A.",
                                            "CUIT":  "30698868968",
                                            "direccion_original":  "Bv. De los Calabreses 3434, Bº Los Boulevares, CP 5147 - Córdoba",
                                            "provincia_original":  "Cordoba",
                                            "localidad_original":  "Los Boulevares",
                                            "status_afip":  "ok",
                                            "error_afip":  "",
                                            "denominacion_afip":  "GIECO S.A.",
                                            "estado_afip":  "ACTIVO",
                                            "direccion_afip":  "BV. DE LOS CALABRESES 3434",
                                            "localidad_afip":  "LOS BOULEVARES",
                                            "provincia_afip":  "CORDOBA",
                                            "cod_postal_afip":  "5147",
                                            "latitud":  "-31,3448557",
                                            "longitud":  "-64,2322132",
                                            "geocoded_query":  "Los Boulevares, Cordoba, Argentina",
                                            "geocode_display_name":  "Los Boulevares, Córdoba, Municipio de Córdoba, Pedanía Capital, Departamento Capital, Córdoba, X5022, Argentina",
                                            "telefono":  "4751126",
                                            "email_web":  "www.gieco.com.ar",
                                            "rubro_principal":  "Obras Eléctricas - Obras Hídricas - Obras de Ingeniería",
                                            "Tipo":  "Socios Plenarios",
                                            "Delegacion":  "Cordoba",
                                            "Dirección":  "BV. DE LOS CALABRESES 3434",
                                            "Localidad":  "LOS BOULEVARES",
                                            "Provincia":  "Cordoba",
                                            "Teléfono":  "4751126",
                                            "Correo":  "www.gieco.com.ar",
                                            "CRM":  "NO",
                                            "Maquinas":  "",
                                            "Sucursal":  "",
                                            "Rubro":  "Obras Eléctricas - Obras Hídricas - Obras de Ingeniería"
                                        },
                         "geometry":  {
                                          "type":  "Point",
                                          "coordinates":  [
                                                              -64.2322132,
                                                              -31.3448557
                                                          ]
                                      }
                     },
                     {
                         "type":  "Feature",
                         "properties":  {
                                            "rownum":  "74",
                                            "Nombre":  "G.R.I.F. S A",
                                            "CUIT":  "30709822450",
                                            "direccion_original":  "Ob. Trejo 648 – 2° Piso Oficina A – C.P. 5000",
                                            "provincia_original":  "Cordoba",
                                            "localidad_original":  "Cordoba",
                                            "status_afip":  "ok",
                                            "error_afip":  "",
                                            "denominacion_afip":  "G.R.I.F. S A",
                                            "estado_afip":  "ACTIVO",
                                            "direccion_afip":  "OBISPO TREJO 648 Piso:2 Dpto:A",
                                            "localidad_afip":  "CIUDAD DE CORDOBA SUR",
                                            "provincia_afip":  "CORDOBA",
                                            "cod_postal_afip":  "5000",
                                            "latitud":  "-31,4166867",
                                            "longitud":  "-64,1834193",
                                            "geocoded_query":  "Cordoba, Cordoba, Argentina",
                                            "geocode_display_name":  "Córdoba, Municipio de Córdoba, Pedanía Capital, Departamento Capital, Córdoba, X5000, Argentina",
                                            "telefono":  "4237431",
                                            "email_web":  "info@grif.com.ar",
                                            "rubro_principal":  "Construcción",
                                            "Tipo":  "Socios Plenarios",
                                            "Delegacion":  "Cordoba",
                                            "Dirección":  "OBISPO TREJO 648 Piso:2 Dpto:A",
                                            "Localidad":  "CIUDAD DE CORDOBA SUR",
                                            "Provincia":  "Cordoba",
                                            "Teléfono":  "4237431",
                                            "Correo":  "info@grif.com.ar",
                                            "CRM":  "NO",
                                            "Maquinas":  "",
                                            "Sucursal":  "",
                                            "Rubro":  "Construcción"
                                        },
                         "geometry":  {
                                          "type":  "Point",
                                          "coordinates":  [
                                                              -64.1834193,
                                                              -31.4166867
                                                          ]
                                      }
                     },
                     {
                         "type":  "Feature",
                         "properties":  {
                                            "rownum":  "76",
                                            "Nombre":  "GRUPO CUMBRE S.R.L.",
                                            "CUIT":  "30712141359",
                                            "direccion_original":  "Nápoles 3252 - Córdoba",
                                            "provincia_original":  "Cordoba",
                                            "localidad_original":  "Cordoba",
                                            "status_afip":  "ok",
                                            "error_afip":  "",
                                            "denominacion_afip":  "GRUPO CUMBRE S.R.L.",
                                            "estado_afip":  "ACTIVO",
                                            "direccion_afip":  "MAYOR PALAVER 151",
                                            "localidad_afip":  "BARRIO INAUDI",
                                            "provincia_afip":  "CORDOBA",
                                            "cod_postal_afip":  "5016",
                                            "latitud":  "-31,4166867",
                                            "longitud":  "-64,1834193",
                                            "geocoded_query":  "Cordoba, Cordoba, Argentina",
                                            "geocode_display_name":  "Córdoba, Municipio de Córdoba, Pedanía Capital, Departamento Capital, Córdoba, X5000, Argentina",
                                            "telefono":  "5,49352E+12",
                                            "email_web":  "central@gcumbre.com",
                                            "rubro_principal":  "Iluminación",
                                            "Tipo":  "Socios Plenarios",
                                            "Delegacion":  "Cordoba",
                                            "Dirección":  "MAYOR PALAVER 151",
                                            "Localidad":  "BARRIO INAUDI",
                                            "Provincia":  "Cordoba",
                                            "Teléfono":  "5,49352E+12",
                                            "Correo":  "central@gcumbre.com",
                                            "CRM":  "NO",
                                            "Maquinas":  "",
                                            "Sucursal":  "",
                                            "Rubro":  "Iluminación"
                                        },
                         "geometry":  {
                                          "type":  "Point",
                                          "coordinates":  [
                                                              -64.1834193,
                                                              -31.4166867
                                                          ]
                                      }
                     },
                     {
                         "type":  "Feature",
                         "properties":  {
                                            "rownum":  "77",
                                            "Nombre":  "IT S.A.",
                                            "CUIT":  "30715787799",
                                            "direccion_original":  "Viamonte 782, Bº General Paz, CP X5004AUP -Córdoba",
                                            "provincia_original":  "Cordoba",
                                            "localidad_original":  "Cordoba",
                                            "status_afip":  "ok",
                                            "error_afip":  "",
                                            "denominacion_afip":  "IT S.A.",
                                            "estado_afip":  "ACTIVO",
                                            "direccion_afip":  "BUENOS AIRES 1246 Piso:SS Dpto:A",
                                            "localidad_afip":  "BARRIO NUEVA CORDOBA",
                                            "provincia_afip":  "CORDOBA",
                                            "cod_postal_afip":  "5000",
                                            "latitud":  "-31,4166867",
                                            "longitud":  "-64,1834193",
                                            "geocoded_query":  "Cordoba, Cordoba, Argentina",
                                            "geocode_display_name":  "Córdoba, Municipio de Córdoba, Pedanía Capital, Departamento Capital, Córdoba, X5000, Argentina",
                                            "telefono":  "4520993 - 4513010",
                                            "email_web":  "www.ingenieriaytrujillo.com.ar",
                                            "rubro_principal":  "Obras de Arquitectura - Obras de Ingeniería - Servicios Inmobiliarios - Obras Civiles - Obras Viales - Redes",
                                            "Tipo":  "Socios Plenarios",
                                            "Delegacion":  "Cordoba",
                                            "Dirección":  "BUENOS AIRES 1246 Piso:SS Dpto:A",
                                            "Localidad":  "BARRIO NUEVA CORDOBA",
                                            "Provincia":  "Cordoba",
                                            "Teléfono":  "4520993 - 4513010",
                                            "Correo":  "www.ingenieriaytrujillo.com.ar",
                                            "CRM":  "NO",
                                            "Maquinas":  "",
                                            "Sucursal":  "",
                                            "Rubro":  "Obras de Arquitectura - Obras de Ingeniería - Servicios Inmobiliarios - Obras Civiles - Obras Viales - Redes"
                                        },
                         "geometry":  {
                                          "type":  "Point",
                                          "coordinates":  [
                                                              -64.1834193,
                                                              -31.4166867
                                                          ]
                                      }
                     },
                     {
                         "type":  "Feature",
                         "properties":  {
                                            "rownum":  "78",
                                            "Nombre":  "KIEFFER GRUPO DESARROLLISTA S.A.",
                                            "CUIT":  "30715178660",
                                            "direccion_original":  "Ruta Provincial N° 5, KM 49 Paraje Atalaya - Villa Ciudad de America, Córdoba",
                                            "provincia_original":  "Cordoba",
                                            "localidad_original":  "Villa Ciudad de America",
                                            "status_afip":  "ok",
                                            "error_afip":  "",
                                            "denominacion_afip":  "KIEFFER GRUPO DESARROLLISTA S.A.",
                                            "estado_afip":  "ACTIVO",
                                            "direccion_afip":  "RUTA PROVINCIAL N\u0026#186; 5 - KM 49 0",
                                            "localidad_afip":  "VILLAS CIUDAD DE AMERICA",
                                            "provincia_afip":  "CORDOBA",
                                            "cod_postal_afip":  "5189",
                                            "latitud":  "-31,7138988",
                                            "longitud":  "-64,4174531",
                                            "geocoded_query":  "Villa Ciudad de America, Cordoba, Argentina",
                                            "geocode_display_name":  "Villa Ciudad de América, Los Algarrobos, Anisacate, Pedanía Alta Gracia, Departamento Santa María, Córdoba, X5186, Argentina",
                                            "telefono":  "4732871",
                                            "email_web":  "https://www.facebook.com/grupokiefferconstructora",
                                            "rubro_principal":  "Obras Civiles - Obras de Arquitectura - Obras Viales",
                                            "Tipo":  "Socios Plenarios",
                                            "Delegacion":  "Cordoba",
                                            "Dirección":  "RUTA PROVINCIAL N\u0026#186; 5 - KM 49 0",
                                            "Localidad":  "VILLAS CIUDAD DE AMERICA",
                                            "Provincia":  "Cordoba",
                                            "Teléfono":  "4732871",
                                            "Correo":  "https://www.facebook.com/grupokiefferconstructora",
                                            "CRM":  "NO",
                                            "Maquinas":  "",
                                            "Sucursal":  "",
                                            "Rubro":  "Obras Civiles - Obras de Arquitectura - Obras Viales"
                                        },
                         "geometry":  {
                                          "type":  "Point",
                                          "coordinates":  [
                                                              -64.4174531,
                                                              -31.7138988
                                                          ]
                                      }
                     },
                     {
                         "type":  "Feature",
                         "properties":  {
                                            "rownum":  "79",
                                            "Nombre":  "CONECTAR S.R.L.",
                                            "CUIT":  "30707559779",
                                            "direccion_original":  "Marino Gabbarini 230 - Villa Gran Parque - CP X5019, Córdoba",
                                            "provincia_original":  "Cordoba",
                                            "localidad_original":  "Cordoba",
                                            "status_afip":  "ok",
                                            "error_afip":  "",
                                            "denominacion_afip":  "CONECTAR S.R.L.",
                                            "estado_afip":  "ACTIVO",
                                            "direccion_afip":  "MARINO GABBARINI 230",
                                            "localidad_afip":  "CIUDAD DE CORDOBA NORTE",
                                            "provincia_afip":  "CORDOBA",
                                            "cod_postal_afip":  "5000",
                                            "latitud":  "-31,4166867",
                                            "longitud":  "-64,1834193",
                                            "geocoded_query":  "Cordoba, Cordoba, Argentina",
                                            "geocode_display_name":  "Córdoba, Municipio de Córdoba, Pedanía Capital, Departamento Capital, Córdoba, X5000, Argentina",
                                            "telefono":  "351-2532011 / 351-5210176",
                                            "email_web":  "www.conectarsrl.com.ar",
                                            "rubro_principal":  "Obras Eléctricas - Telecomunicaciones",
                                            "Tipo":  "Socios Plenarios",
                                            "Delegacion":  "Cordoba",
                                            "Dirección":  "MARINO GABBARINI 230",
                                            "Localidad":  "CIUDAD DE CORDOBA NORTE",
                                            "Provincia":  "Cordoba",
                                            "Teléfono":  "351-2532011 / 351-5210176",
                                            "Correo":  "www.conectarsrl.com.ar",
                                            "CRM":  "NO",
                                            "Maquinas":  "",
                                            "Sucursal":  "",
                                            "Rubro":  "Obras Eléctricas - Telecomunicaciones"
                                        },
                         "geometry":  {
                                          "type":  "Point",
                                          "coordinates":  [
                                                              -64.1834193,
                                                              -31.4166867
                                                          ]
                                      }
                     },
                     {
                         "type":  "Feature",
                         "properties":  {
                                            "rownum":  "80",
                                            "Nombre":  "HOLCIM (ARGENTINA) SA",
                                            "CUIT":  "30501111127",
                                            "direccion_original":  "Casilla de Correo 16 X5101ACE - Malagueño, Córdoba",
                                            "provincia_original":  "Cordoba",
                                            "localidad_original":  "Malagueño",
                                            "status_afip":  "ok",
                                            "error_afip":  "",
                                            "denominacion_afip":  "HOLCIM (ARGENTINA) SA",
                                            "estado_afip":  "ACTIVO",
                                            "direccion_afip":  "HUMBERTO PRIMO 680 Piso:4   T:SUQUI",
                                            "localidad_afip":  "BARRIO CENTRO NORTE",
                                            "provincia_afip":  "CORDOBA",
                                            "cod_postal_afip":  "5000",
                                            "latitud":  "-31,4623876",
                                            "longitud":  "-64,354327",
                                            "geocoded_query":  "Malagueño, Cordoba, Argentina",
                                            "geocode_display_name":  "Malagueño, Municipio de Malagueño, Pedanía Calera, Departamento Santa María, Córdoba, X5186, Argentina",
                                            "telefono":  "4982524",
                                            "email_web":  "www.holcim.com.ar",
                                            "rubro_principal":  "Producción de cemento, hormigón y pétreos",
                                            "Tipo":  "Socios Plenarios",
                                            "Delegacion":  "Cordoba",
                                            "Dirección":  "HUMBERTO PRIMO 680 Piso:4   T:SUQUI",
                                            "Localidad":  "BARRIO CENTRO NORTE",
                                            "Provincia":  "Cordoba",
                                            "Teléfono":  "4982524",
                                            "Correo":  "www.holcim.com.ar",
                                            "CRM":  "NO",
                                            "Maquinas":  "",
                                            "Sucursal":  "",
                                            "Rubro":  "Producción de cemento, hormigón y pétreos"
                                        },
                         "geometry":  {
                                          "type":  "Point",
                                          "coordinates":  [
                                                              -64.354327,
                                                              -31.4623876
                                                          ]
                                      }
                     },
                     {
                         "type":  "Feature",
                         "properties":  {
                                            "rownum":  "81",
                                            "Nombre":  "HORMI BLOCK SA",
                                            "CUIT":  "30594333108",
                                            "direccion_original":  "Velez Sarsfield 5801, Bº Alejandro Carbo , CP 5017 - Córdoba",
                                            "provincia_original":  "Cordoba",
                                            "localidad_original":  "Cordoba",
                                            "status_afip":  "ok",
                                            "error_afip":  "",
                                            "denominacion_afip":  "HORMI BLOCK SA",
                                            "estado_afip":  "ACTIVO",
                                            "direccion_afip":  "AV. VELEZ SARSFIELD 5801",
                                            "localidad_afip":  "BARRIO ALEJANDRO CARBO",
                                            "provincia_afip":  "CORDOBA",
                                            "cod_postal_afip":  "5017",
                                            "latitud":  "-31,4166867",
                                            "longitud":  "-64,1834193",
                                            "geocoded_query":  "Cordoba, Cordoba, Argentina",
                                            "geocode_display_name":  "Córdoba, Municipio de Córdoba, Pedanía Capital, Departamento Capital, Córdoba, X5000, Argentina",
                                            "telefono":  "4939510/11 - 4945800",
                                            "email_web":  "https://hormi-block.com.ar/",
                                            "rubro_principal":  "Producción de Hormigón Elaborado",
                                            "Tipo":  "Socios Plenarios",
                                            "Delegacion":  "Cordoba",
                                            "Dirección":  "AV. VELEZ SARSFIELD 5801",
                                            "Localidad":  "BARRIO ALEJANDRO CARBO",
                                            "Provincia":  "Cordoba",
                                            "Teléfono":  "4939510/11 - 4945800",
                                            "Correo":  "https://hormi-block.com.ar/",
                                            "CRM":  "NO",
                                            "Maquinas":  "",
                                            "Sucursal":  "",
                                            "Rubro":  "Producción de Hormigón Elaborado"
                                        },
                         "geometry":  {
                                          "type":  "Point",
                                          "coordinates":  [
                                                              -64.1834193,
                                                              -31.4166867
                                                          ]
                                      }
                     },
                     {
                         "type":  "Feature",
                         "properties":  {
                                            "rownum":  "82",
                                            "Nombre":  "ICARO",
                                            "CUIT":  "30715660942",
                                            "direccion_original":  "Ambrosio Taravella 7068",
                                            "provincia_original":  "Cordoba",
                                            "localidad_original":  "Cordoba",
                                            "status_afip":  "ok",
                                            "error_afip":  "",
                                            "denominacion_afip":  "ICARO",
                                            "estado_afip":  "ACTIVO",
                                            "direccion_afip":  "MADRE SACRAMENTO 1671",
                                            "localidad_afip":  "VILLA EUCARISTIA",
                                            "provincia_afip":  "CORDOBA",
                                            "cod_postal_afip":  "5014",
                                            "latitud":  "-31,4166867",
                                            "longitud":  "-64,1834193",
                                            "geocoded_query":  "Cordoba, Cordoba, Argentina",
                                            "geocode_display_name":  "Córdoba, Municipio de Córdoba, Pedanía Capital, Departamento Capital, Córdoba, X5000, Argentina",
                                            "telefono":  "EMAIL / WEB:",
                                            "email_web":  "obras@icarosa.com.ar",
                                            "rubro_principal":  "CONSTRUCCION - DESARROLLISTA",
                                            "Tipo":  "Socios Plenarios",
                                            "Delegacion":  "Cordoba",
                                            "Dirección":  "MADRE SACRAMENTO 1671",
                                            "Localidad":  "VILLA EUCARISTIA",
                                            "Provincia":  "Cordoba",
                                            "Teléfono":  "EMAIL / WEB:",
                                            "Correo":  "obras@icarosa.com.ar",
                                            "CRM":  "NO",
                                            "Maquinas":  "",
                                            "Sucursal":  "",
                                            "Rubro":  "CONSTRUCCION - DESARROLLISTA"
                                        },
                         "geometry":  {
                                          "type":  "Point",
                                          "coordinates":  [
                                                              -64.1834193,
                                                              -31.4166867
                                                          ]
                                      }
                     },
                     {
                         "type":  "Feature",
                         "properties":  {
                                            "rownum":  "83",
                                            "Nombre":  "ICON-INGENIERIA Y CONSTRUCCIONES S. A.",
                                            "CUIT":  "30711714959",
                                            "direccion_original":  "Entre Ríos 2738 - San Vicente - Córdoba",
                                            "provincia_original":  "Cordoba",
                                            "localidad_original":  "Cordoba",
                                            "status_afip":  "ok",
                                            "error_afip":  "",
                                            "denominacion_afip":  "ICON-INGENIERIA Y CONSTRUCCIONES S. A.",
                                            "estado_afip":  "ACTIVO",
                                            "direccion_afip":  "ENTRE R\u0026#205;OS 2738",
                                            "localidad_afip":  "BARRIO SAN VICENTE",
                                            "provincia_afip":  "CORDOBA",
                                            "cod_postal_afip":  "5006",
                                            "latitud":  "-31,4166867",
                                            "longitud":  "-64,1834193",
                                            "geocoded_query":  "Cordoba, Cordoba, Argentina",
                                            "geocode_display_name":  "Córdoba, Municipio de Córdoba, Pedanía Capital, Departamento Capital, Córdoba, X5000, Argentina",
                                            "telefono":  "(0351) 5716170",
                                            "email_web":  "info@iconsa.com.ar",
                                            "rubro_principal":  "Obras civiles - Obras Eléctricas - Telecomunicaciones",
                                            "Tipo":  "Socios Plenarios",
                                            "Delegacion":  "Cordoba",
                                            "Dirección":  "ENTRE R\u0026#205;OS 2738",
                                            "Localidad":  "BARRIO SAN VICENTE",
                                            "Provincia":  "Cordoba",
                                            "Teléfono":  "(0351) 5716170",
                                            "Correo":  "info@iconsa.com.ar",
                                            "CRM":  "NO",
                                            "Maquinas":  "",
                                            "Sucursal":  "",
                                            "Rubro":  "Obras civiles - Obras Eléctricas - Telecomunicaciones"
                                        },
                         "geometry":  {
                                          "type":  "Point",
                                          "coordinates":  [
                                                              -64.1834193,
                                                              -31.4166867
                                                          ]
                                      }
                     },
                     {
                         "type":  "Feature",
                         "properties":  {
                                            "rownum":  "84",
                                            "Nombre":  "ICOR S.A.S.",
                                            "CUIT":  "30716820358",
                                            "direccion_original":  "SAMUEL LESCANO 3492 - CORDOBA CAPITAL",
                                            "provincia_original":  "Cordoba",
                                            "localidad_original":  "Cordoba",
                                            "status_afip":  "ok",
                                            "error_afip":  "",
                                            "denominacion_afip":  "ICOR S.A.S.",
                                            "estado_afip":  "ACTIVO",
                                            "direccion_afip":  "PASAJE SAMUEL LASCANO 3492",
                                            "localidad_afip":  "ALTO ALBERDI",
                                            "provincia_afip":  "CORDOBA",
                                            "cod_postal_afip":  "5000",
                                            "latitud":  "-31,4166867",
                                            "longitud":  "-64,1834193",
                                            "geocoded_query":  "Cordoba, Cordoba, Argentina",
                                            "geocode_display_name":  "Córdoba, Municipio de Córdoba, Pedanía Capital, Departamento Capital, Córdoba, X5000, Argentina",
                                            "telefono":  "0351 - 155577314",
                                            "email_web":  "https://icor.com.ar/",
                                            "rubro_principal":  "INGENIERIA Y OBRAS ELECTROMECANICAS - ELECTRICAS",
                                            "Tipo":  "Socios Plenarios",
                                            "Delegacion":  "Cordoba",
                                            "Dirección":  "PASAJE SAMUEL LASCANO 3492",
                                            "Localidad":  "ALTO ALBERDI",
                                            "Provincia":  "Cordoba",
                                            "Teléfono":  "0351 - 155577314",
                                            "Correo":  "https://icor.com.ar/",
                                            "CRM":  "NO",
                                            "Maquinas":  "",
                                            "Sucursal":  "",
                                            "Rubro":  "INGENIERIA Y OBRAS ELECTROMECANICAS - ELECTRICAS"
                                        },
                         "geometry":  {
                                          "type":  "Point",
                                          "coordinates":  [
                                                              -64.1834193,
                                                              -31.4166867
                                                          ]
                                      }
                     },
                     {
                         "type":  "Feature",
                         "properties":  {
                                            "rownum":  "85",
                                            "Nombre":  "INGAFE S.A.S.",
                                            "CUIT":  "30717450651",
                                            "direccion_original":  "Ruta Nacional 158 Sur, KM 65",
                                            "provincia_original":  "Cordoba",
                                            "localidad_original":  "Cordoba",
                                            "status_afip":  "ok",
                                            "error_afip":  "",
                                            "denominacion_afip":  "INGAFE S.A.S.",
                                            "estado_afip":  "ACTIVO",
                                            "direccion_afip":  "SUR OESTE 0",
                                            "localidad_afip":  "LAS VARAS",
                                            "provincia_afip":  "CORDOBA",
                                            "cod_postal_afip":  "5941",
                                            "latitud":  "-31,4166867",
                                            "longitud":  "-64,1834193",
                                            "geocoded_query":  "Cordoba, Cordoba, Argentina",
                                            "geocode_display_name":  "Córdoba, Municipio de Córdoba, Pedanía Capital, Departamento Capital, Córdoba, X5000, Argentina",
                                            "telefono":  "3533400841",
                                            "email_web":  "ingafesas@gmail.com",
                                            "rubro_principal":  "Empresa Constructora dedicada a la construcción de redes de gas natural",
                                            "Tipo":  "Socios Plenarios",
                                            "Delegacion":  "Cordoba",
                                            "Dirección":  "SUR OESTE 0",
                                            "Localidad":  "LAS VARAS",
                                            "Provincia":  "Cordoba",
                                            "Teléfono":  "3533400841",
                                            "Correo":  "ingafesas@gmail.com",
                                            "CRM":  "NO",
                                            "Maquinas":  "",
                                            "Sucursal":  "",
                                            "Rubro":  "Empresa Constructora dedicada a la construcción de redes de gas natural"
                                        },
                         "geometry":  {
                                          "type":  "Point",
                                          "coordinates":  [
                                                              -64.1834193,
                                                              -31.4166867
                                                          ]
                                      }
                     },
                     {
                         "type":  "Feature",
                         "properties":  {
                                            "rownum":  "86",
                                            "Nombre":  "INGAV SRL",
                                            "CUIT":  "30714558737",
                                            "direccion_original":  "Félix Frías 344, 1° Piso, Oficina 2",
                                            "provincia_original":  "Cordoba",
                                            "localidad_original":  "Cordoba",
                                            "status_afip":  "ok",
                                            "error_afip":  "",
                                            "denominacion_afip":  "INGAV SRL",
                                            "estado_afip":  "ACTIVO",
                                            "direccion_afip":  "FELIX FRIAS 344 Piso:1 Dpto:2",
                                            "localidad_afip":  "BARRIO GENERAL PAZ NORTE",
                                            "provincia_afip":  "CORDOBA",
                                            "cod_postal_afip":  "5000",
                                            "latitud":  "-31,4166867",
                                            "longitud":  "-64,1834193",
                                            "geocoded_query":  "Cordoba, Cordoba, Argentina",
                                            "geocode_display_name":  "Córdoba, Municipio de Córdoba, Pedanía Capital, Departamento Capital, Córdoba, X5000, Argentina",
                                            "telefono":  "3515890684",
                                            "email_web":  "https://ingavconstructora.com.ar/",
                                            "rubro_principal":  "Construcción",
                                            "Tipo":  "Socios Plenarios",
                                            "Delegacion":  "Cordoba",
                                            "Dirección":  "FELIX FRIAS 344 Piso:1 Dpto:2",
                                            "Localidad":  "BARRIO GENERAL PAZ NORTE",
                                            "Provincia":  "Cordoba",
                                            "Teléfono":  "3515890684",
                                            "Correo":  "https://ingavconstructora.com.ar/",
                                            "CRM":  "NO",
                                            "Maquinas":  "",
                                            "Sucursal":  "",
                                            "Rubro":  "Construcción"
                                        },
                         "geometry":  {
                                          "type":  "Point",
                                          "coordinates":  [
                                                              -64.1834193,
                                                              -31.4166867
                                                          ]
                                      }
                     },
                     {
                         "type":  "Feature",
                         "properties":  {
                                            "rownum":  "87",
                                            "Nombre":  "INGEMAR S.A.",
                                            "CUIT":  "33714913749",
                                            "direccion_original":  "Bv. Bulnes 2250",
                                            "provincia_original":  "Cordoba",
                                            "localidad_original":  "Cordoba",
                                            "status_afip":  "ok",
                                            "error_afip":  "",
                                            "denominacion_afip":  "INGEMAR S.A.",
                                            "estado_afip":  "ACTIVO",
                                            "direccion_afip":  "AV. VELEZ SARSFIELD 6515",
                                            "localidad_afip":  "BARRIO COMERCIAL",
                                            "provincia_afip":  "CORDOBA",
                                            "cod_postal_afip":  "5017",
                                            "latitud":  "-31,4166867",
                                            "longitud":  "-64,1834193",
                                            "geocoded_query":  "Cordoba, Cordoba, Argentina",
                                            "geocode_display_name":  "Córdoba, Municipio de Córdoba, Pedanía Capital, Departamento Capital, Córdoba, X5000, Argentina",
                                            "telefono":  "4525213",
                                            "email_web":  "https://www.ingemar.com.ar/",
                                            "rubro_principal":  "Provisión de materiales para obras de infraestructura",
                                            "Tipo":  "Socios Plenarios",
                                            "Delegacion":  "Cordoba",
                                            "Dirección":  "AV. VELEZ SARSFIELD 6515",
                                            "Localidad":  "BARRIO COMERCIAL",
                                            "Provincia":  "Cordoba",
                                            "Teléfono":  "4525213",
                                            "Correo":  "https://www.ingemar.com.ar/",
                                            "CRM":  "NO",
                                            "Maquinas":  "",
                                            "Sucursal":  "",
                                            "Rubro":  "Provisión de materiales para obras de infraestructura"
                                        },
                         "geometry":  {
                                          "type":  "Point",
                                          "coordinates":  [
                                                              -64.1834193,
                                                              -31.4166867
                                                          ]
                                      }
                     },
                     {
                         "type":  "Feature",
                         "properties":  {
                                            "rownum":  "88",
                                            "Nombre":  "INGEMAX S.A.",
                                            "CUIT":  "33708852819",
                                            "direccion_original":  "Hilarion Plaza 4054, Bº Cerro de las Rosas, CP 5009 - Córdoba",
                                            "provincia_original":  "Cordoba",
                                            "localidad_original":  "Cordoba",
                                            "status_afip":  "ok",
                                            "error_afip":  "",
                                            "denominacion_afip":  "INGEMAX S.A.",
                                            "estado_afip":  "ACTIVO",
                                            "direccion_afip":  "JOS\u0026#201; ESTEBAN BUSTOS 1521",
                                            "localidad_afip":  "CERRO DE LAS ROSAS",
                                            "provincia_afip":  "CORDOBA",
                                            "cod_postal_afip":  "5009",
                                            "latitud":  "-31,4166867",
                                            "longitud":  "-64,1834193",
                                            "geocoded_query":  "Cordoba, Cordoba, Argentina",
                                            "geocode_display_name":  "Córdoba, Municipio de Córdoba, Pedanía Capital, Departamento Capital, Córdoba, X5000, Argentina",
                                            "telefono":  "4810403 / 155161424",
                                            "email_web":  "https://ingemax.com.ar/",
                                            "rubro_principal":  "Obras Viales",
                                            "Tipo":  "Socios Plenarios",
                                            "Delegacion":  "Cordoba",
                                            "Dirección":  "JOS\u0026#201; ESTEBAN BUSTOS 1521",
                                            "Localidad":  "CERRO DE LAS ROSAS",
                                            "Provincia":  "Cordoba",
                                            "Teléfono":  "4810403 / 155161424",
                                            "Correo":  "https://ingemax.com.ar/",
                                            "CRM":  "NO",
                                            "Maquinas":  "",
                                            "Sucursal":  "",
                                            "Rubro":  "Obras Viales"
                                        },
                         "geometry":  {
                                          "type":  "Point",
                                          "coordinates":  [
                                                              -64.1834193,
                                                              -31.4166867
                                                          ]
                                      }
                     },
                     {
                         "type":  "Feature",
                         "properties":  {
                                            "rownum":  "89",
                                            "Nombre":  "INGENIA GRUPO CONSTRUCTOR S.A.",
                                            "CUIT":  "30708565101",
                                            "direccion_original":  "Ramirez de Arellano N° 1006, B° Alta Córdoba, CP. X5001ACD - Córdoba",
                                            "provincia_original":  "Cordoba",
                                            "localidad_original":  "Cordoba",
                                            "status_afip":  "ok",
                                            "error_afip":  "",
                                            "denominacion_afip":  "INGENIA GRUPO CONSTRUCTOR S.A.",
                                            "estado_afip":  "ACTIVO",
                                            "direccion_afip":  "ARELLANO 1006 Piso:PA",
                                            "localidad_afip":  "BARRIO ALTA CORDOBA",
                                            "provincia_afip":  "CORDOBA",
                                            "cod_postal_afip":  "5001",
                                            "latitud":  "-31,4166867",
                                            "longitud":  "-64,1834193",
                                            "geocoded_query":  "Cordoba, Cordoba, Argentina",
                                            "geocode_display_name":  "Córdoba, Municipio de Córdoba, Pedanía Capital, Departamento Capital, Córdoba, X5000, Argentina",
                                            "telefono":  "4724650 / 4731560",
                                            "email_web":  "https://ingeniasa.com.ar/",
                                            "rubro_principal":  "Obras Electromecánicas - Obras Civiles",
                                            "Tipo":  "Socios Plenarios",
                                            "Delegacion":  "Cordoba",
                                            "Dirección":  "ARELLANO 1006 Piso:PA",
                                            "Localidad":  "BARRIO ALTA CORDOBA",
                                            "Provincia":  "Cordoba",
                                            "Teléfono":  "4724650 / 4731560",
                                            "Correo":  "https://ingeniasa.com.ar/",
                                            "CRM":  "NO",
                                            "Maquinas":  "",
                                            "Sucursal":  "",
                                            "Rubro":  "Obras Electromecánicas - Obras Civiles"
                                        },
                         "geometry":  {
                                          "type":  "Point",
                                          "coordinates":  [
                                                              -64.1834193,
                                                              -31.4166867
                                                          ]
                                      }
                     },
                     {
                         "type":  "Feature",
                         "properties":  {
                                            "rownum":  "90",
                                            "Nombre":  "INST\u0027ALL S.R.L.",
                                            "CUIT":  "30680962436",
                                            "direccion_original":  "Bv. Rivadavia 3370, Bº Los Boulevares, CP X5022EVA - Córdoba",
                                            "provincia_original":  "Cordoba",
                                            "localidad_original":  "Los Boulevares",
                                            "status_afip":  "ok",
                                            "error_afip":  "",
                                            "denominacion_afip":  "INST\u0027ALL S.R.L.",
                                            "estado_afip":  "ACTIVO",
                                            "direccion_afip":  "BV. RIVADAVIA 3371",
                                            "localidad_afip":  "LOS BOULEVARES",
                                            "provincia_afip":  "CORDOBA",
                                            "cod_postal_afip":  "5147",
                                            "latitud":  "-31,3448557",
                                            "longitud":  "-64,2322132",
                                            "geocoded_query":  "Los Boulevares, Cordoba, Argentina",
                                            "geocode_display_name":  "Los Boulevares, Córdoba, Municipio de Córdoba, Pedanía Capital, Departamento Capital, Córdoba, X5022, Argentina",
                                            "telefono":  "4750074 / 4750638",
                                            "email_web":  "www.installsrl.com.ar",
                                            "rubro_principal":  "Obras de Infraestructura: Gas, Agua, Cloaca, Desagues Pluviales, Cordón Cuneta. - Obras de Arquitectura - Redes",
                                            "Tipo":  "Socios Plenarios",
                                            "Delegacion":  "Cordoba",
                                            "Dirección":  "BV. RIVADAVIA 3371",
                                            "Localidad":  "LOS BOULEVARES",
                                            "Provincia":  "Cordoba",
                                            "Teléfono":  "4750074 / 4750638",
                                            "Correo":  "www.installsrl.com.ar",
                                            "CRM":  "NO",
                                            "Maquinas":  "",
                                            "Sucursal":  "",
                                            "Rubro":  "Obras de Infraestructura: Gas, Agua, Cloaca, Desagues Pluviales, Cordón Cuneta. - Obras de Arquitectura - Redes"
                                        },
                         "geometry":  {
                                          "type":  "Point",
                                          "coordinates":  [
                                                              -64.2322132,
                                                              -31.3448557
                                                          ]
                                      }
                     },
                     {
                         "type":  "Feature",
                         "properties":  {
                                            "rownum":  "91",
                                            "Nombre":  "INTELMEC INGENIERIA S.A.",
                                            "CUIT":  "30710530153",
                                            "direccion_original":  "Blvd. de los Alemanes 3284, X5022EOR Córdoba",
                                            "provincia_original":  "Cordoba",
                                            "localidad_original":  "Los Boulevares",
                                            "status_afip":  "ok",
                                            "error_afip":  "",
                                            "denominacion_afip":  "INTELMEC INGENIERIA S.A.",
                                            "estado_afip":  "ACTIVO",
                                            "direccion_afip":  "BV. LOS ALEMANES 3284",
                                            "localidad_afip":  "LOS BOULEVARES",
                                            "provincia_afip":  "CORDOBA",
                                            "cod_postal_afip":  "5147",
                                            "latitud":  "-31,3448557",
                                            "longitud":  "-64,2322132",
                                            "geocoded_query":  "Los Boulevares, Cordoba, Argentina",
                                            "geocode_display_name":  "Los Boulevares, Córdoba, Municipio de Córdoba, Pedanía Capital, Departamento Capital, Córdoba, X5022, Argentina",
                                            "telefono":  "+54 9 351 4750166",
                                            "email_web":  "cotizaciones@intelmec.com.ar",
                                            "rubro_principal":  "Obras Eléctricas - Obras Electromecánicas - Obras Civiles",
                                            "Tipo":  "Socios Plenarios",
                                            "Delegacion":  "Cordoba",
                                            "Dirección":  "BV. LOS ALEMANES 3284",
                                            "Localidad":  "LOS BOULEVARES",
                                            "Provincia":  "Cordoba",
                                            "Teléfono":  "+54 9 351 4750166",
                                            "Correo":  "cotizaciones@intelmec.com.ar",
                                            "CRM":  "NO",
                                            "Maquinas":  "",
                                            "Sucursal":  "",
                                            "Rubro":  "Obras Eléctricas - Obras Electromecánicas - Obras Civiles"
                                        },
                         "geometry":  {
                                          "type":  "Point",
                                          "coordinates":  [
                                                              -64.2322132,
                                                              -31.3448557
                                                          ]
                                      }
                     },
                     {
                         "type":  "Feature",
                         "properties":  {
                                            "rownum":  "92",
                                            "Nombre":  "ITEM CONSTRUCCIONES S A",
                                            "CUIT":  "30522588535",
                                            "direccion_original":  "Dr. Pedro Chutro 952, Bº Alberdi Norte, CP 5000 Córdoba",
                                            "provincia_original":  "Cordoba",
                                            "localidad_original":  "Cordoba",
                                            "status_afip":  "ok",
                                            "error_afip":  "",
                                            "denominacion_afip":  "ITEM CONSTRUCCIONES S A",
                                            "estado_afip":  "ACTIVO",
                                            "direccion_afip":  "PEDRO CHUTRO 952",
                                            "localidad_afip":  "BARRIO ALBERDI NORTE",
                                            "provincia_afip":  "CORDOBA",
                                            "cod_postal_afip":  "5000",
                                            "latitud":  "-31,4166867",
                                            "longitud":  "-64,1834193",
                                            "geocoded_query":  "Cordoba, Cordoba, Argentina",
                                            "geocode_display_name":  "Córdoba, Municipio de Córdoba, Pedanía Capital, Departamento Capital, Córdoba, X5000, Argentina",
                                            "telefono":  "4804844/4329",
                                            "email_web":  "www.item.com.ar",
                                            "rubro_principal":  "Obras Viales - Obras Hidráulicas - Obras Eléctricas - Obras de Gas - Redes",
                                            "Tipo":  "Socios Plenarios",
                                            "Delegacion":  "Cordoba",
                                            "Dirección":  "PEDRO CHUTRO 952",
                                            "Localidad":  "BARRIO ALBERDI NORTE",
                                            "Provincia":  "Cordoba",
                                            "Teléfono":  "4804844/4329",
                                            "Correo":  "www.item.com.ar",
                                            "CRM":  "NO",
                                            "Maquinas":  "",
                                            "Sucursal":  "",
                                            "Rubro":  "Obras Viales - Obras Hidráulicas - Obras Eléctricas - Obras de Gas - Redes"
                                        },
                         "geometry":  {
                                          "type":  "Point",
                                          "coordinates":  [
                                                              -64.1834193,
                                                              -31.4166867
                                                          ]
                                      }
                     },
                     {
                         "type":  "Feature",
                         "properties":  {
                                            "rownum":  "93",
                                            "Nombre":  "IVECOR S.A.",
                                            "CUIT":  "30707761349",
                                            "direccion_original":  "Rivadavia 920 - CP 2661 - Isla Verde, Provincia de Córdoba",
                                            "provincia_original":  "Cordoba",
                                            "localidad_original":  "Isla Verde",
                                            "status_afip":  "ok",
                                            "error_afip":  "",
                                            "denominacion_afip":  "IVECOR S.A.",
                                            "estado_afip":  "ACTIVO",
                                            "direccion_afip":  "BOULEVARD AVELLANEDA 205",
                                            "localidad_afip":  "ISLA VERDE",
                                            "provincia_afip":  "CORDOBA",
                                            "cod_postal_afip":  "2661",
                                            "latitud":  "-33,2397927",
                                            "longitud":  "-62,4016017",
                                            "geocoded_query":  "Isla Verde, Cordoba, Argentina",
                                            "geocode_display_name":  "Municipio de Isla Verde, Pedanía Caldera, Departamento Marcos Juárez, Córdoba, X2580, Argentina",
                                            "telefono":  "(03468) 472722/212/332",
                                            "email_web":  "www.ivecor.com.ar",
                                            "rubro_principal":  "Obras Electromecánicas - Alquiler de Equipos - Instalaciones - Petroleo y Gas - Obras de Saneamiento -Movimiento de Suelos - Obras Industriales",
                                            "Tipo":  "Socios Plenarios",
                                            "Delegacion":  "Cordoba",
                                            "Dirección":  "BOULEVARD AVELLANEDA 205",
                                            "Localidad":  "ISLA VERDE",
                                            "Provincia":  "Cordoba",
                                            "Teléfono":  "(03468) 472722/212/332",
                                            "Correo":  "www.ivecor.com.ar",
                                            "CRM":  "NO",
                                            "Maquinas":  "",
                                            "Sucursal":  "",
                                            "Rubro":  "Obras Electromecánicas - Alquiler de Equipos - Instalaciones - Petroleo y Gas - Obras de Saneamiento -Movimiento de Suelos - Obras Industriales"
                                        },
                         "geometry":  {
                                          "type":  "Point",
                                          "coordinates":  [
                                                              -62.4016017,
                                                              -33.2397927
                                                          ]
                                      }
                     },
                     {
                         "type":  "Feature",
                         "properties":  {
                                            "rownum":  "94",
                                            "Nombre":  "JENA S.A.",
                                            "CUIT":  "30611137695",
                                            "direccion_original":  "Bahía Blanca 454, Bº Juniors - Córdoba",
                                            "provincia_original":  "Cordoba",
                                            "localidad_original":  "Cordoba",
                                            "status_afip":  "ok",
                                            "error_afip":  "",
                                            "denominacion_afip":  "JENA S.A.",
                                            "estado_afip":  "ACTIVO",
                                            "direccion_afip":  "BAHIA BLANCA 454",
                                            "localidad_afip":  "BARRIO JUNIORS",
                                            "provincia_afip":  "CORDOBA",
                                            "cod_postal_afip":  "5000",
                                            "latitud":  "-31,4166867",
                                            "longitud":  "-64,1834193",
                                            "geocoded_query":  "Cordoba, Cordoba, Argentina",
                                            "geocode_display_name":  "Córdoba, Municipio de Córdoba, Pedanía Capital, Departamento Capital, Córdoba, X5000, Argentina",
                                            "telefono":  "4253665 - 4224746",
                                            "email_web":  "www.edificiosdepsal.com.ar",
                                            "rubro_principal":  "Obras de Arquitectura",
                                            "Tipo":  "Socios Plenarios",
                                            "Delegacion":  "Cordoba",
                                            "Dirección":  "BAHIA BLANCA 454",
                                            "Localidad":  "BARRIO JUNIORS",
                                            "Provincia":  "Cordoba",
                                            "Teléfono":  "4253665 - 4224746",
                                            "Correo":  "www.edificiosdepsal.com.ar",
                                            "CRM":  "NO",
                                            "Maquinas":  "",
                                            "Sucursal":  "",
                                            "Rubro":  "Obras de Arquitectura"
                                        },
                         "geometry":  {
                                          "type":  "Point",
                                          "coordinates":  [
                                                              -64.1834193,
                                                              -31.4166867
                                                          ]
                                      }
                     },
                     {
                         "type":  "Feature",
                         "properties":  {
                                            "rownum":  "95",
                                            "Nombre":  "JUAN BLANGINO S.A.",
                                            "CUIT":  "30714710997",
                                            "direccion_original":  "Ruta nacional N°19 - KM 313 Monte Cristo - Córdoba",
                                            "provincia_original":  "Cordoba",
                                            "localidad_original":  "Monte Cristo",
                                            "status_afip":  "ok",
                                            "error_afip":  "",
                                            "denominacion_afip":  "JUAN BLANGINO S.A.",
                                            "estado_afip":  "ACTIVO",
                                            "direccion_afip":  "RUTA NACIONAL 19 KM 313 0",
                                            "localidad_afip":  "MONTE CRISTO",
                                            "provincia_afip":  "CORDOBA",
                                            "cod_postal_afip":  "5125",
                                            "latitud":  "-31,3419789",
                                            "longitud":  "-63,9471781",
                                            "geocoded_query":  "Monte Cristo, Cordoba, Argentina",
                                            "geocode_display_name":  "Monte Cristo, Municipio de Monte Cristo, Pedanía Yegua Muerta, Departamento Río Primero, Córdoba, X5127, Argentina",
                                            "telefono":  "3513254450",
                                            "email_web":  "http://www.blangino.com.ar/",
                                            "rubro_principal":  "Fabricantes y Comercializadores de Baldosa y Revestimientos Cementicios",
                                            "Tipo":  "Socios Plenarios",
                                            "Delegacion":  "Cordoba",
                                            "Dirección":  "RUTA NACIONAL 19 KM 313 0",
                                            "Localidad":  "MONTE CRISTO",
                                            "Provincia":  "Cordoba",
                                            "Teléfono":  "3513254450",
                                            "Correo":  "http://www.blangino.com.ar/",
                                            "CRM":  "NO",
                                            "Maquinas":  "",
                                            "Sucursal":  "",
                                            "Rubro":  "Fabricantes y Comercializadores de Baldosa y Revestimientos Cementicios"
                                        },
                         "geometry":  {
                                          "type":  "Point",
                                          "coordinates":  [
                                                              -63.9471781,
                                                              -31.3419789
                                                          ]
                                      }
                     },
                     {
                         "type":  "Feature",
                         "properties":  {
                                            "rownum":  "96",
                                            "Nombre":  "KOLMENOR CONSTRUCCIONES Y MONTAJES S.R.L.",
                                            "CUIT":  "30694258138",
                                            "direccion_original":  "La Tablada 1950 B° Alberdi - Córdoba",
                                            "provincia_original":  "Cordoba",
                                            "localidad_original":  "Cordoba",
                                            "status_afip":  "ok",
                                            "error_afip":  "",
                                            "denominacion_afip":  "KOLMENOR CONSTRUCCIONES Y MONTAJES S.R.L.",
                                            "estado_afip":  "ACTIVO",
                                            "direccion_afip":  "LA TABLADA 1950",
                                            "localidad_afip":  "BARRIO ALBERDI NORTE",
                                            "provincia_afip":  "CORDOBA",
                                            "cod_postal_afip":  "5000",
                                            "latitud":  "-31,4166867",
                                            "longitud":  "-64,1834193",
                                            "geocoded_query":  "Cordoba, Cordoba, Argentina",
                                            "geocode_display_name":  "Córdoba, Municipio de Córdoba, Pedanía Capital, Departamento Capital, Córdoba, X5000, Argentina",
                                            "telefono":  "0351 4888700",
                                            "email_web":  "kolmenor@kolmenorsrl.com.ar",
                                            "rubro_principal":  "Obra Civil - Montaje Estructuras y Mantenimiento - Arquitectura - Mantenimiento Industrial",
                                            "Tipo":  "Socios Plenarios",
                                            "Delegacion":  "Cordoba",
                                            "Dirección":  "LA TABLADA 1950",
                                            "Localidad":  "BARRIO ALBERDI NORTE",
                                            "Provincia":  "Cordoba",
                                            "Teléfono":  "0351 4888700",
                                            "Correo":  "kolmenor@kolmenorsrl.com.ar",
                                            "CRM":  "NO",
                                            "Maquinas":  "",
                                            "Sucursal":  "",
                                            "Rubro":  "Obra Civil - Montaje Estructuras y Mantenimiento - Arquitectura - Mantenimiento Industrial"
                                        },
                         "geometry":  {
                                          "type":  "Point",
                                          "coordinates":  [
                                                              -64.1834193,
                                                              -31.4166867
                                                          ]
                                      }
                     },
                     {
                         "type":  "Feature",
                         "properties":  {
                                            "rownum":  "97",
                                            "Nombre":  "LEMOING CONSTRUCTORA S.A.S.",
                                            "CUIT":  "30717852636",
                                            "direccion_original":  "San Lorenzo 1385 - Torre II - PB - OF2",
                                            "provincia_original":  "Cordoba",
                                            "localidad_original":  "Cordoba",
                                            "status_afip":  "ok",
                                            "error_afip":  "",
                                            "denominacion_afip":  "LEMOING CONSTRUCTORA S.A.S.",
                                            "estado_afip":  "ACTIVO",
                                            "direccion_afip":  "SAN LORENZO 1385 Piso:PB Dpto:2  T:II",
                                            "localidad_afip":  "RIO CUARTO",
                                            "provincia_afip":  "CORDOBA",
                                            "cod_postal_afip":  "5800",
                                            "latitud":  "-31,4166867",
                                            "longitud":  "-64,1834193",
                                            "geocoded_query":  "Cordoba, Cordoba, Argentina",
                                            "geocode_display_name":  "Córdoba, Municipio de Córdoba, Pedanía Capital, Departamento Capital, Córdoba, X5000, Argentina",
                                            "telefono":  "3585720698",
                                            "email_web":  "lemoingconstructora@gmail.com",
                                            "rubro_principal":  "Servicios de Infraestructura",
                                            "Tipo":  "Socios Plenarios",
                                            "Delegacion":  "Cordoba",
                                            "Dirección":  "SAN LORENZO 1385 Piso:PB Dpto:2  T:II",
                                            "Localidad":  "RIO CUARTO",
                                            "Provincia":  "Cordoba",
                                            "Teléfono":  "3585720698",
                                            "Correo":  "lemoingconstructora@gmail.com",
                                            "CRM":  "NO",
                                            "Maquinas":  "",
                                            "Sucursal":  "",
                                            "Rubro":  "Servicios de Infraestructura"
                                        },
                         "geometry":  {
                                          "type":  "Point",
                                          "coordinates":  [
                                                              -64.1834193,
                                                              -31.4166867
                                                          ]
                                      }
                     },
                     {
                         "type":  "Feature",
                         "properties":  {
                                            "rownum":  "98",
                                            "Nombre":  "JUAN CARLOS LENTA E HIJOS SRL",
                                            "CUIT":  "30669193935",
                                            "direccion_original":  "Bajada de Piedra 3162 - Córdoba",
                                            "provincia_original":  "Cordoba",
                                            "localidad_original":  "Cordoba",
                                            "status_afip":  "ok",
                                            "error_afip":  "",
                                            "denominacion_afip":  "JUAN CARLOS LENTA E HIJOS SRL",
                                            "estado_afip":  "ACTIVO",
                                            "direccion_afip":  "LUIS GIORDANO 0",
                                            "localidad_afip":  "EL FORTIN",
                                            "provincia_afip":  "CORDOBA",
                                            "cod_postal_afip":  "5951",
                                            "latitud":  "-31,4166867",
                                            "longitud":  "-64,1834193",
                                            "geocoded_query":  "Cordoba, Cordoba, Argentina",
                                            "geocode_display_name":  "Córdoba, Municipio de Córdoba, Pedanía Capital, Departamento Capital, Córdoba, X5000, Argentina",
                                            "telefono":  "0351 - 4528171",
                                            "email_web":  "lentaehijos@gmail.com",
                                            "rubro_principal":  "Fabricación Premoldeados de Hormigón",
                                            "Tipo":  "Socios Plenarios",
                                            "Delegacion":  "Cordoba",
                                            "Dirección":  "LUIS GIORDANO 0",
                                            "Localidad":  "EL FORTIN",
                                            "Provincia":  "Cordoba",
                                            "Teléfono":  "0351 - 4528171",
                                            "Correo":  "lentaehijos@gmail.com",
                                            "CRM":  "NO",
                                            "Maquinas":  "",
                                            "Sucursal":  "",
                                            "Rubro":  "Fabricación Premoldeados de Hormigón"
                                        },
                         "geometry":  {
                                          "type":  "Point",
                                          "coordinates":  [
                                                              -64.1834193,
                                                              -31.4166867
                                                          ]
                                      }
                     },
                     {
                         "type":  "Feature",
                         "properties":  {
                                            "rownum":  "99",
                                            "Nombre":  "ALMAQ S R L",
                                            "CUIT":  "30698517375",
                                            "direccion_original":  "Tandil 1486",
                                            "provincia_original":  "Cordoba",
                                            "localidad_original":  "Cordoba",
                                            "status_afip":  "ok",
                                            "error_afip":  "",
                                            "denominacion_afip":  "ALMAQ S R L",
                                            "estado_afip":  "ACTIVO",
                                            "direccion_afip":  "TANDIL 1486",
                                            "localidad_afip":  "VILLA REVOL",
                                            "provincia_afip":  "CORDOBA",
                                            "cod_postal_afip":  "5014",
                                            "latitud":  "-31,4166867",
                                            "longitud":  "-64,1834193",
                                            "geocoded_query":  "Cordoba, Cordoba, Argentina",
                                            "geocode_display_name":  "Córdoba, Municipio de Córdoba, Pedanía Capital, Departamento Capital, Córdoba, X5000, Argentina",
                                            "telefono":  "3516339771",
                                            "email_web":  "juanspagnolo23@gmail.com",
                                            "rubro_principal":  "Empresa de Movimientos de Suelo – Constructora",
                                            "Tipo":  "Socios Plenarios",
                                            "Delegacion":  "Cordoba",
                                            "Dirección":  "TANDIL 1486",
                                            "Localidad":  "VILLA REVOL",
                                            "Provincia":  "Cordoba",
                                            "Teléfono":  "3516339771",
                                            "Correo":  "juanspagnolo23@gmail.com",
                                            "CRM":  "NO",
                                            "Maquinas":  "",
                                            "Sucursal":  "",
                                            "Rubro":  "Empresa de Movimientos de Suelo – Constructora"
                                        },
                         "geometry":  {
                                          "type":  "Point",
                                          "coordinates":  [
                                                              -64.1834193,
                                                              -31.4166867
                                                          ]
                                      }
                     },
                     {
                         "type":  "Feature",
                         "properties":  {
                                            "rownum":  "100",
                                            "Nombre":  "ARYKO S.A.",
                                            "CUIT":  "30710290209",
                                            "direccion_original":  "Nazaret 3924 – Córdoba",
                                            "provincia_original":  "Cordoba",
                                            "localidad_original":  "Cordoba",
                                            "status_afip":  "ok",
                                            "error_afip":  "",
                                            "denominacion_afip":  "ARYKO S.A.",
                                            "estado_afip":  "ACTIVO",
                                            "direccion_afip":  "NAZARET 3924 Piso:1",
                                            "localidad_afip":  "BARRIO URCA",
                                            "provincia_afip":  "CORDOBA",
                                            "cod_postal_afip":  "5009",
                                            "latitud":  "-31,4166867",
                                            "longitud":  "-64,1834193",
                                            "geocoded_query":  "Cordoba, Cordoba, Argentina",
                                            "geocode_display_name":  "Córdoba, Municipio de Córdoba, Pedanía Capital, Departamento Capital, Córdoba, X5000, Argentina",
                                            "telefono":  "3515730129",
                                            "email_web":  "aryko@yahoo.com.ar",
                                            "rubro_principal":  "Construcción y Reforma de Obras a Gran Escala - Alquiler de Maquinaria",
                                            "Tipo":  "Socios Plenarios",
                                            "Delegacion":  "Cordoba",
                                            "Dirección":  "NAZARET 3924 Piso:1",
                                            "Localidad":  "BARRIO URCA",
                                            "Provincia":  "Cordoba",
                                            "Teléfono":  "3515730129",
                                            "Correo":  "aryko@yahoo.com.ar",
                                            "CRM":  "NO",
                                            "Maquinas":  "",
                                            "Sucursal":  "",
                                            "Rubro":  "Construcción y Reforma de Obras a Gran Escala - Alquiler de Maquinaria"
                                        },
                         "geometry":  {
                                          "type":  "Point",
                                          "coordinates":  [
                                                              -64.1834193,
                                                              -31.4166867
                                                          ]
                                      }
                     },
                     {
                         "type":  "Feature",
                         "properties":  {
                                            "rownum":  "102",
                                            "Nombre":  "BASA S.R.L.",
                                            "CUIT":  "30712064400",
                                            "direccion_original":  "San Alberto 1550",
                                            "provincia_original":  "Cordoba",
                                            "localidad_original":  "Cordoba",
                                            "status_afip":  "ok",
                                            "error_afip":  "",
                                            "denominacion_afip":  "BASA S.R.L.",
                                            "estado_afip":  "ACTIVO",
                                            "direccion_afip":  "SAN ALBERTO 1550 Piso:PB",
                                            "localidad_afip":  "BARRIO SAN VICENTE",
                                            "provincia_afip":  "CORDOBA",
                                            "cod_postal_afip":  "5006",
                                            "latitud":  "-31,4166867",
                                            "longitud":  "-64,1834193",
                                            "geocoded_query":  "Cordoba, Cordoba, Argentina",
                                            "geocode_display_name":  "Córdoba, Municipio de Córdoba, Pedanía Capital, Departamento Capital, Córdoba, X5000, Argentina",
                                            "telefono":  "3515171599",
                                            "email_web":  "pablobattistin@hotmail.com",
                                            "rubro_principal":  "Empresa Constructora, Obra Pública y Privada",
                                            "Tipo":  "Socios Plenarios",
                                            "Delegacion":  "Cordoba",
                                            "Dirección":  "SAN ALBERTO 1550 Piso:PB",
                                            "Localidad":  "BARRIO SAN VICENTE",
                                            "Provincia":  "Cordoba",
                                            "Teléfono":  "3515171599",
                                            "Correo":  "pablobattistin@hotmail.com",
                                            "CRM":  "NO",
                                            "Maquinas":  "",
                                            "Sucursal":  "",
                                            "Rubro":  "Empresa Constructora, Obra Pública y Privada"
                                        },
                         "geometry":  {
                                          "type":  "Point",
                                          "coordinates":  [
                                                              -64.1834193,
                                                              -31.4166867
                                                          ]
                                      }
                     },
                     {
                         "type":  "Feature",
                         "properties":  {
                                            "rownum":  "104",
                                            "Nombre":  "CORRALON SAN MIGUEL S.R.L.",
                                            "CUIT":  "30711920451",
                                            "direccion_original":  "Av. Donato Alvarez 8509",
                                            "provincia_original":  "Cordoba",
                                            "localidad_original":  "Cordoba",
                                            "status_afip":  "ok",
                                            "error_afip":  "",
                                            "denominacion_afip":  "CORRALON SAN MIGUEL S.R.L.",
                                            "estado_afip":  "ACTIVO",
                                            "direccion_afip":  "AVDA. DONATO ALVAREZ 8509 Piso:0 Dpto:0 S:0 T:0 M:0",
                                            "localidad_afip":  "CERRO NORTE",
                                            "provincia_afip":  "CORDOBA",
                                            "cod_postal_afip":  "5021",
                                            "latitud":  "-31,4166867",
                                            "longitud":  "-64,1834193",
                                            "geocoded_query":  "Cordoba, Cordoba, Argentina",
                                            "geocode_display_name":  "Córdoba, Municipio de Córdoba, Pedanía Capital, Departamento Capital, Córdoba, X5000, Argentina",
                                            "telefono":  "3512422370",
                                            "email_web":  "http://www.corralonsanmiguel.com/",
                                            "rubro_principal":  "Proveedor de Materiales de Construcción",
                                            "Tipo":  "Socios Plenarios",
                                            "Delegacion":  "Cordoba",
                                            "Dirección":  "AVDA. DONATO ALVAREZ 8509 Piso:0 Dpto:0 S:0 T:0 M:0",
                                            "Localidad":  "CERRO NORTE",
                                            "Provincia":  "Cordoba",
                                            "Teléfono":  "3512422370",
                                            "Correo":  "http://www.corralonsanmiguel.com/",
                                            "CRM":  "NO",
                                            "Maquinas":  "",
                                            "Sucursal":  "",
                                            "Rubro":  "Proveedor de Materiales de Construcción"
                                        },
                         "geometry":  {
                                          "type":  "Point",
                                          "coordinates":  [
                                                              -64.1834193,
                                                              -31.4166867
                                                          ]
                                      }
                     },
                     {
                         "type":  "Feature",
                         "properties":  {
                                            "rownum":  "105",
                                            "Nombre":  "EDIFISECO S.A.S.",
                                            "CUIT":  "30716042428",
                                            "direccion_original":  "B° Estación Flores Av. de Circunvalación Agustín Tosco 4926, Córdoba",
                                            "provincia_original":  "Cordoba",
                                            "localidad_original":  "Cordoba",
                                            "status_afip":  "ok",
                                            "error_afip":  "",
                                            "denominacion_afip":  "EDIFISECO S.A.S.",
                                            "estado_afip":  "ACTIVO",
                                            "direccion_afip":  "AV CIRCUNVALACION-AGUSTIN TOSCO 4926",
                                            "localidad_afip":  "BARRIO ESTACION FLORES",
                                            "provincia_afip":  "CORDOBA",
                                            "cod_postal_afip":  "5103",
                                            "latitud":  "-31,4166867",
                                            "longitud":  "-64,1834193",
                                            "geocoded_query":  "Cordoba, Cordoba, Argentina",
                                            "geocode_display_name":  "Córdoba, Municipio de Córdoba, Pedanía Capital, Departamento Capital, Córdoba, X5000, Argentina",
                                            "telefono":  "3515644025",
                                            "email_web":  "www.edifiseco.com.ar",
                                            "rubro_principal":  "Venta de materiales de construccion en seco, pinturas, revestimiento plastico, impermeabilizantes. Servicios de obra de estos mismos rubros",
                                            "Tipo":  "Socios Plenarios",
                                            "Delegacion":  "Cordoba",
                                            "Dirección":  "AV CIRCUNVALACION-AGUSTIN TOSCO 4926",
                                            "Localidad":  "BARRIO ESTACION FLORES",
                                            "Provincia":  "Cordoba",
                                            "Teléfono":  "3515644025",
                                            "Correo":  "www.edifiseco.com.ar",
                                            "CRM":  "NO",
                                            "Maquinas":  "",
                                            "Sucursal":  "",
                                            "Rubro":  "Venta de materiales de construccion en seco, pinturas, revestimiento plastico, impermeabilizantes. Servicios de obra de estos mismos rubros"
                                        },
                         "geometry":  {
                                          "type":  "Point",
                                          "coordinates":  [
                                                              -64.1834193,
                                                              -31.4166867
                                                          ]
                                      }
                     },
                     {
                         "type":  "Feature",
                         "properties":  {
                                            "rownum":  "106",
                                            "Nombre":  "ELECTRO SIGMA S A",
                                            "CUIT":  "33579698379",
                                            "direccion_original":  "Iturraspe Nº2159 - San Francisco -2400",
                                            "provincia_original":  "Cordoba",
                                            "localidad_original":  "San Francisco",
                                            "status_afip":  "ok",
                                            "error_afip":  "",
                                            "denominacion_afip":  "ELECTRO SIGMA S A",
                                            "estado_afip":  "ACTIVO",
                                            "direccion_afip":  "12 DE OCTUBRE 3375",
                                            "localidad_afip":  "BARRIO ALTO ALBERDI",
                                            "provincia_afip":  "CORDOBA",
                                            "cod_postal_afip":  "5003",
                                            "latitud":  "-31,4249815",
                                            "longitud":  "-62,0840299",
                                            "geocoded_query":  "San Francisco, Cordoba, Argentina",
                                            "geocode_display_name":  "San Francisco, Municipio de San Francisco, Pedanía Juárez Celman, Departamento San Justo, Córdoba, X2400, Argentina",
                                            "telefono":  "3,56416E+11",
                                            "email_web":  "contablebailo@gmail.com",
                                            "rubro_principal":  "Construcción, Reforma y Reparación de edificios residenciales",
                                            "Tipo":  "Socios Plenarios",
                                            "Delegacion":  "Cordoba",
                                            "Dirección":  "12 DE OCTUBRE 3375",
                                            "Localidad":  "BARRIO ALTO ALBERDI",
                                            "Provincia":  "Cordoba",
                                            "Teléfono":  "3,56416E+11",
                                            "Correo":  "contablebailo@gmail.com",
                                            "CRM":  "NO",
                                            "Maquinas":  "",
                                            "Sucursal":  "",
                                            "Rubro":  "Construcción, Reforma y Reparación de edificios residenciales"
                                        },
                         "geometry":  {
                                          "type":  "Point",
                                          "coordinates":  [
                                                              -62.0840299,
                                                              -31.4249815
                                                          ]
                                      }
                     },
                     {
                         "type":  "Feature",
                         "properties":  {
                                            "rownum":  "107",
                                            "Nombre":  "LOPEZ, MIGUEL ANGEL",
                                            "CUIT":  "20340333250",
                                            "direccion_original":  "DR PEDRO CHUTRO 1335",
                                            "provincia_original":  "Cordoba",
                                            "localidad_original":  "Cordoba",
                                            "status_afip":  "ok",
                                            "error_afip":  "",
                                            "denominacion_afip":  "LOPEZ, MIGUEL ANGEL",
                                            "estado_afip":  "ACTIVO",
                                            "direccion_afip":  "",
                                            "localidad_afip":  "",
                                            "provincia_afip":  "",
                                            "cod_postal_afip":  "",
                                            "latitud":  "-31,4166867",
                                            "longitud":  "-64,1834193",
                                            "geocoded_query":  "Cordoba, Cordoba, Argentina",
                                            "geocode_display_name":  "Córdoba, Municipio de Córdoba, Pedanía Capital, Departamento Capital, Córdoba, X5000, Argentina",
                                            "telefono":  "351837592",
                                            "email_web":  "https://www.mancor.com.ar/",
                                            "rubro_principal":  "Construcción y Reforma de edificios no residenciales, movimientos de suelos",
                                            "Tipo":  "Socios Plenarios",
                                            "Delegacion":  "Cordoba",
                                            "Dirección":  "DR PEDRO CHUTRO 1335",
                                            "Localidad":  "Cordoba",
                                            "Provincia":  "Cordoba",
                                            "Teléfono":  "351837592",
                                            "Correo":  "https://www.mancor.com.ar/",
                                            "CRM":  "NO",
                                            "Maquinas":  "",
                                            "Sucursal":  "",
                                            "Rubro":  "Construcción y Reforma de edificios no residenciales, movimientos de suelos"
                                        },
                         "geometry":  {
                                          "type":  "Point",
                                          "coordinates":  [
                                                              -64.1834193,
                                                              -31.4166867
                                                          ]
                                      }
                     },
                     {
                         "type":  "Feature",
                         "properties":  {
                                            "rownum":  "108",
                                            "Nombre":  "PROYECTA S. A.",
                                            "CUIT":  "30716040565",
                                            "direccion_original":  "Intendente Viqueira 75 - Bell Ville",
                                            "provincia_original":  "Cordoba",
                                            "localidad_original":  "Bell Ville",
                                            "status_afip":  "ok",
                                            "error_afip":  "",
                                            "denominacion_afip":  "PROYECTA S. A.",
                                            "estado_afip":  "ACTIVO",
                                            "direccion_afip":  "CAMINO VECINAL 19 KM 1  Dpto:18",
                                            "localidad_afip":  "RIO CUARTO",
                                            "provincia_afip":  "CORDOBA",
                                            "cod_postal_afip":  "5800",
                                            "latitud":  "-32,6300707",
                                            "longitud":  "-62,6888782",
                                            "geocoded_query":  "Bell Ville, Cordoba, Argentina",
                                            "geocode_display_name":  "Municipio de Bell Ville, Pedanía Bell Ville, Departamento Unión, Córdoba, X2550, Argentina",
                                            "telefono":  "3537586506",
                                            "email_web":  "https://www.proyectamateriales.com",
                                            "rubro_principal":  "Construcción y Comercialización de Materiales de Construcción",
                                            "Tipo":  "Socios Plenarios",
                                            "Delegacion":  "Cordoba",
                                            "Dirección":  "CAMINO VECINAL 19 KM 1  Dpto:18",
                                            "Localidad":  "RIO CUARTO",
                                            "Provincia":  "Cordoba",
                                            "Teléfono":  "3537586506",
                                            "Correo":  "https://www.proyectamateriales.com",
                                            "CRM":  "NO",
                                            "Maquinas":  "",
                                            "Sucursal":  "",
                                            "Rubro":  "Construcción y Comercialización de Materiales de Construcción"
                                        },
                         "geometry":  {
                                          "type":  "Point",
                                          "coordinates":  [
                                                              -62.6888782,
                                                              -32.6300707
                                                          ]
                                      }
                     },
                     {
                         "type":  "Feature",
                         "properties":  {
                                            "rownum":  "109",
                                            "Nombre":  "SOLVER INGENIERIA S.A.S.",
                                            "CUIT":  "30717904997",
                                            "direccion_original":  "Italia 68 - Alta Gracia – Córdoba",
                                            "provincia_original":  "Cordoba",
                                            "localidad_original":  "Alta Gracia",
                                            "status_afip":  "ok",
                                            "error_afip":  "",
                                            "denominacion_afip":  "SOLVER INGENIERIA S.A.S.",
                                            "estado_afip":  "ACTIVO",
                                            "direccion_afip":  "A MARTINEZ 1183",
                                            "localidad_afip":  "BANDA NORTE",
                                            "provincia_afip":  "CORDOBA",
                                            "cod_postal_afip":  "5800",
                                            "latitud":  "-31,6578916",
                                            "longitud":  "-64,4338563",
                                            "geocoded_query":  "Alta Gracia, Cordoba, Argentina",
                                            "geocode_display_name":  "Alta Gracia, Municipio de Alta Gracia, Pedanía Alta Gracia, Departamento Santa María, Córdoba, X5186, Argentina",
                                            "telefono":  "3512104697",
                                            "email_web":  "https://www.solversa.com.ar/",
                                            "rubro_principal":  "Constructora y Desarrollista Inmobiliaria - Obras de Infraestructura de Servicios para Desarrollos",
                                            "Tipo":  "Socios Plenarios",
                                            "Delegacion":  "Cordoba",
                                            "Dirección":  "A MARTINEZ 1183",
                                            "Localidad":  "BANDA NORTE",
                                            "Provincia":  "Cordoba",
                                            "Teléfono":  "3512104697",
                                            "Correo":  "https://www.solversa.com.ar/",
                                            "CRM":  "NO",
                                            "Maquinas":  "",
                                            "Sucursal":  "",
                                            "Rubro":  "Constructora y Desarrollista Inmobiliaria - Obras de Infraestructura de Servicios para Desarrollos"
                                        },
                         "geometry":  {
                                          "type":  "Point",
                                          "coordinates":  [
                                                              -64.4338563,
                                                              -31.6578916
                                                          ]
                                      }
                     },
                     {
                         "type":  "Feature",
                         "properties":  {
                                            "rownum":  "110",
                                            "Nombre":  "LONKING CORDOBA S.A.S.",
                                            "CUIT":  "30717039994",
                                            "direccion_original":  "9 de Julio 47 - Córdoba",
                                            "provincia_original":  "Cordoba",
                                            "localidad_original":  "Cordoba",
                                            "status_afip":  "ok",
                                            "error_afip":  "",
                                            "denominacion_afip":  "LONKING CORDOBA S.A.S.",
                                            "estado_afip":  "ACTIVO",
                                            "direccion_afip":  "AV. SARMIENTO 974",
                                            "localidad_afip":  "RIO PRIMERO",
                                            "provincia_afip":  "CORDOBA",
                                            "cod_postal_afip":  "5127",
                                            "latitud":  "-31,4166867",
                                            "longitud":  "-64,1834193",
                                            "geocoded_query":  "Cordoba, Cordoba, Argentina",
                                            "geocode_display_name":  "Córdoba, Municipio de Córdoba, Pedanía Capital, Departamento Capital, Córdoba, X5000, Argentina",
                                            "telefono":  "3515050401",
                                            "email_web":  "http://www.lonkingcordoba.com/",
                                            "rubro_principal":  "Venta de Maquinaria Vial, Construcción y Logística - Servicio de Posventa",
                                            "Tipo":  "Socios Plenarios",
                                            "Delegacion":  "Cordoba",
                                            "Dirección":  "AV. SARMIENTO 974",
                                            "Localidad":  "RIO PRIMERO",
                                            "Provincia":  "Cordoba",
                                            "Teléfono":  "3515050401",
                                            "Correo":  "http://www.lonkingcordoba.com/",
                                            "CRM":  "NO",
                                            "Maquinas":  "",
                                            "Sucursal":  "",
                                            "Rubro":  "Venta de Maquinaria Vial, Construcción y Logística - Servicio de Posventa"
                                        },
                         "geometry":  {
                                          "type":  "Point",
                                          "coordinates":  [
                                                              -64.1834193,
                                                              -31.4166867
                                                          ]
                                      }
                     },
                     {
                         "type":  "Feature",
                         "properties":  {
                                            "rownum":  "111",
                                            "Nombre":  "MARISCOTTI OMEGA, LUCAS",
                                            "CUIT":  "20266721308",
                                            "direccion_original":  "Av. Rafael Núñez 3868, 2º piso Loc. 84, CP 5000 - Córdoba",
                                            "provincia_original":  "Cordoba",
                                            "localidad_original":  "Cordoba",
                                            "status_afip":  "ok",
                                            "error_afip":  "",
                                            "denominacion_afip":  "MARISCOTTI OMEGA, LUCAS",
                                            "estado_afip":  "ACTIVO",
                                            "direccion_afip":  "RODRIGUEZ DEL BUSTO 3410 Piso:8 Dpto:H  T:5",
                                            "localidad_afip":  "CIUDAD DE CORDOBA NORTE",
                                            "provincia_afip":  "CORDOBA",
                                            "cod_postal_afip":  "5000",
                                            "latitud":  "-31,4166867",
                                            "longitud":  "-64,1834193",
                                            "geocoded_query":  "Cordoba, Cordoba, Argentina",
                                            "geocode_display_name":  "Córdoba, Municipio de Córdoba, Pedanía Capital, Departamento Capital, Córdoba, X5000, Argentina",
                                            "telefono":  "4820966",
                                            "email_web":  "www.grupomariscotti.com",
                                            "rubro_principal":  "Obras de Arquitectura - Obras Civiles",
                                            "Tipo":  "Socios Plenarios",
                                            "Delegacion":  "Cordoba",
                                            "Dirección":  "RODRIGUEZ DEL BUSTO 3410 Piso:8 Dpto:H  T:5",
                                            "Localidad":  "CIUDAD DE CORDOBA NORTE",
                                            "Provincia":  "Cordoba",
                                            "Teléfono":  "4820966",
                                            "Correo":  "www.grupomariscotti.com",
                                            "CRM":  "NO",
                                            "Maquinas":  "",
                                            "Sucursal":  "",
                                            "Rubro":  "Obras de Arquitectura - Obras Civiles"
                                        },
                         "geometry":  {
                                          "type":  "Point",
                                          "coordinates":  [
                                                              -64.1834193,
                                                              -31.4166867
                                                          ]
                                      }
                     },
                     {
                         "type":  "Feature",
                         "properties":  {
                                            "rownum":  "112",
                                            "Nombre":  "MACONTA S.R.L.",
                                            "CUIT":  "30711221464",
                                            "direccion_original":  "9 de julio 1137 - Barrio Alberdi - Córdoba",
                                            "provincia_original":  "Cordoba",
                                            "localidad_original":  "Cordoba",
                                            "status_afip":  "ok",
                                            "error_afip":  "",
                                            "denominacion_afip":  "MACONTA S.R.L.",
                                            "estado_afip":  "ACTIVO",
                                            "direccion_afip":  "9 DE JULIO 1137 Piso:0",
                                            "localidad_afip":  "BARRIO ALBERDI SUR",
                                            "provincia_afip":  "CORDOBA",
                                            "cod_postal_afip":  "5000",
                                            "latitud":  "-31,4166867",
                                            "longitud":  "-64,1834193",
                                            "geocoded_query":  "Cordoba, Cordoba, Argentina",
                                            "geocode_display_name":  "Córdoba, Municipio de Córdoba, Pedanía Capital, Departamento Capital, Córdoba, X5000, Argentina",
                                            "telefono":  "0351 - 4232644",
                                            "email_web":  "maconta@maconta.com",
                                            "rubro_principal":  "Venta y Mantenimiento de Piso y Revestimiento - Materiales de Construcción",
                                            "Tipo":  "Socios Plenarios",
                                            "Delegacion":  "Cordoba",
                                            "Dirección":  "9 DE JULIO 1137 Piso:0",
                                            "Localidad":  "BARRIO ALBERDI SUR",
                                            "Provincia":  "Cordoba",
                                            "Teléfono":  "0351 - 4232644",
                                            "Correo":  "maconta@maconta.com",
                                            "CRM":  "NO",
                                            "Maquinas":  "",
                                            "Sucursal":  "",
                                            "Rubro":  "Venta y Mantenimiento de Piso y Revestimiento - Materiales de Construcción"
                                        },
                         "geometry":  {
                                          "type":  "Point",
                                          "coordinates":  [
                                                              -64.1834193,
                                                              -31.4166867
                                                          ]
                                      }
                     },
                     {
                         "type":  "Feature",
                         "properties":  {
                                            "rownum":  "114",
                                            "Nombre":  "GRUPO CREATIVO S.R.L.",
                                            "CUIT":  "30712191968",
                                            "direccion_original":  "Inca Manco 3669",
                                            "provincia_original":  "Cordoba",
                                            "localidad_original":  "Cordoba",
                                            "status_afip":  "ok",
                                            "error_afip":  "",
                                            "denominacion_afip":  "GRUPO CREATIVO S.R.L.",
                                            "estado_afip":  "ACTIVO",
                                            "direccion_afip":  "INCA MANCO 3669",
                                            "localidad_afip":  "BARRIO JARDIN ESPINOSA",
                                            "provincia_afip":  "CORDOBA",
                                            "cod_postal_afip":  "5014",
                                            "latitud":  "-31,4166867",
                                            "longitud":  "-64,1834193",
                                            "geocoded_query":  "Cordoba, Cordoba, Argentina",
                                            "geocode_display_name":  "Córdoba, Municipio de Córdoba, Pedanía Capital, Departamento Capital, Córdoba, X5000, Argentina",
                                            "telefono":  "4812526",
                                            "email_web":  "www.mdbgrupocreativo.com",
                                            "rubro_principal":  "Arquitectura y Vivienda - Obras de Ingeniería",
                                            "Tipo":  "Socios Plenarios",
                                            "Delegacion":  "Cordoba",
                                            "Dirección":  "INCA MANCO 3669",
                                            "Localidad":  "BARRIO JARDIN ESPINOSA",
                                            "Provincia":  "Cordoba",
                                            "Teléfono":  "4812526",
                                            "Correo":  "www.mdbgrupocreativo.com",
                                            "CRM":  "NO",
                                            "Maquinas":  "",
                                            "Sucursal":  "",
                                            "Rubro":  "Arquitectura y Vivienda - Obras de Ingeniería"
                                        },
                         "geometry":  {
                                          "type":  "Point",
                                          "coordinates":  [
                                                              -64.1834193,
                                                              -31.4166867
                                                          ]
                                      }
                     },
                     {
                         "type":  "Feature",
                         "properties":  {
                                            "rownum":  "115",
                                            "Nombre":  "M E G G SA",
                                            "CUIT":  "33677562949",
                                            "direccion_original":  "Bv. De Los Libaneses 6500 Bº Los Boulevares. - Córdoba",
                                            "provincia_original":  "Cordoba",
                                            "localidad_original":  "Cordoba",
                                            "status_afip":  "ok",
                                            "error_afip":  "",
                                            "denominacion_afip":  "M E G G SA",
                                            "estado_afip":  "ACTIVO",
                                            "direccion_afip":  "BV. DE LOS LIBANESES 6500",
                                            "localidad_afip":  "LOS BOULEVARES",
                                            "provincia_afip":  "CORDOBA",
                                            "cod_postal_afip":  "5147",
                                            "latitud":  "-31,4166867",
                                            "longitud":  "-64,1834193",
                                            "geocoded_query":  "Cordoba, Cordoba, Argentina",
                                            "geocode_display_name":  "Córdoba, Municipio de Córdoba, Pedanía Capital, Departamento Capital, Córdoba, X5000, Argentina",
                                            "telefono":  "(03543) 402105",
                                            "email_web":  "http://megg.com.ar/",
                                            "rubro_principal":  "Movimiento de Suelos - Alquiler de equipos - Obras Hidráulicas",
                                            "Tipo":  "Socios Plenarios",
                                            "Delegacion":  "Cordoba",
                                            "Dirección":  "BV. DE LOS LIBANESES 6500",
                                            "Localidad":  "LOS BOULEVARES",
                                            "Provincia":  "Cordoba",
                                            "Teléfono":  "(03543) 402105",
                                            "Correo":  "http://megg.com.ar/",
                                            "CRM":  "NO",
                                            "Maquinas":  "",
                                            "Sucursal":  "",
                                            "Rubro":  "Movimiento de Suelos - Alquiler de equipos - Obras Hidráulicas"
                                        },
                         "geometry":  {
                                          "type":  "Point",
                                          "coordinates":  [
                                                              -64.1834193,
                                                              -31.4166867
                                                          ]
                                      }
                     },
                     {
                         "type":  "Feature",
                         "properties":  {
                                            "rownum":  "116",
                                            "Nombre":  "LADRILLOS MERLINO S R L",
                                            "CUIT":  "30630507347",
                                            "direccion_original":  "Av. Circunvalación Agustín Tosco 4460, Córdoba",
                                            "provincia_original":  "Cordoba",
                                            "localidad_original":  "Cordoba",
                                            "status_afip":  "ok",
                                            "error_afip":  "",
                                            "denominacion_afip":  "LADRILLOS MERLINO S R L",
                                            "estado_afip":  "ACTIVO",
                                            "direccion_afip":  "AV FUERZA AEREA ARGENTINA 3924",
                                            "localidad_afip":  "BARRIO AMEGHINO NORTE",
                                            "provincia_afip":  "CORDOBA",
                                            "cod_postal_afip":  "5010",
                                            "latitud":  "-31,4166867",
                                            "longitud":  "-64,1834193",
                                            "geocoded_query":  "Cordoba, Cordoba, Argentina",
                                            "geocode_display_name":  "Córdoba, Municipio de Córdoba, Pedanía Capital, Departamento Capital, Córdoba, X5000, Argentina",
                                            "telefono":  "(351) 803-6899",
                                            "email_web":  "ventasonline@merlinosrl.com.ar",
                                            "rubro_principal":  "Venta de Materiales para la construcción",
                                            "Tipo":  "Socios Plenarios",
                                            "Delegacion":  "Cordoba",
                                            "Dirección":  "AV FUERZA AEREA ARGENTINA 3924",
                                            "Localidad":  "BARRIO AMEGHINO NORTE",
                                            "Provincia":  "Cordoba",
                                            "Teléfono":  "(351) 803-6899",
                                            "Correo":  "ventasonline@merlinosrl.com.ar",
                                            "CRM":  "NO",
                                            "Maquinas":  "",
                                            "Sucursal":  "",
                                            "Rubro":  "Venta de Materiales para la construcción"
                                        },
                         "geometry":  {
                                          "type":  "Point",
                                          "coordinates":  [
                                                              -64.1834193,
                                                              -31.4166867
                                                          ]
                                      }
                     },
                     {
                         "type":  "Feature",
                         "properties":  {
                                            "rownum":  "117",
                                            "Nombre":  "MICHELOTTI E HIJOS S.A S. A.",
                                            "CUIT":  "30556101023",
                                            "direccion_original":  "Sargento Cabral 916, CP X5151ENT - La Calera, Córdoba",
                                            "provincia_original":  "Cordoba",
                                            "localidad_original":  "La Calera",
                                            "status_afip":  "ok",
                                            "error_afip":  "",
                                            "denominacion_afip":  "MICHELOTTI E HIJOS S.A S. A.",
                                            "estado_afip":  "ACTIVO",
                                            "direccion_afip":  "SARGENTO CABRAL 916",
                                            "localidad_afip":  "LA CALERA",
                                            "provincia_afip":  "CORDOBA",
                                            "cod_postal_afip":  "5151",
                                            "latitud":  "-31,3491546",
                                            "longitud":  "-64,3387509",
                                            "geocoded_query":  "La Calera, Cordoba, Argentina",
                                            "geocode_display_name":  "La Calera, Pedanía Calera Norte, Departamento Colón, Córdoba, X5111, Argentina",
                                            "telefono":  "(03543) 466335",
                                            "email_web":  "www.michelotti.com.ar",
                                            "rubro_principal":  "Obras viales - Obras de saneamiento - Obras hidraulicas - Obras ferroviarias - Minería y triturados pétreos",
                                            "Tipo":  "Socios Plenarios",
                                            "Delegacion":  "Cordoba",
                                            "Dirección":  "SARGENTO CABRAL 916",
                                            "Localidad":  "LA CALERA",
                                            "Provincia":  "Cordoba",
                                            "Teléfono":  "(03543) 466335",
                                            "Correo":  "www.michelotti.com.ar",
                                            "CRM":  "NO",
                                            "Maquinas":  "",
                                            "Sucursal":  "",
                                            "Rubro":  "Obras viales - Obras de saneamiento - Obras hidraulicas - Obras ferroviarias - Minería y triturados pétreos"
                                        },
                         "geometry":  {
                                          "type":  "Point",
                                          "coordinates":  [
                                                              -64.3387509,
                                                              -31.3491546
                                                          ]
                                      }
                     },
                     {
                         "type":  "Feature",
                         "properties":  {
                                            "rownum":  "118",
                                            "Nombre":  "MIX GROUP S R L",
                                            "CUIT":  "30707827781",
                                            "direccion_original":  "Dr. Miguel A. Carcano 1195 | CP X5010BLK",
                                            "provincia_original":  "Cordoba",
                                            "localidad_original":  "Cordoba",
                                            "status_afip":  "ok",
                                            "error_afip":  "",
                                            "denominacion_afip":  "MIX GROUP S R L",
                                            "estado_afip":  "ACTIVO",
                                            "direccion_afip":  "MIGUEL CARCANO 1195",
                                            "localidad_afip":  "BARRIO LOS PLATANOS",
                                            "provincia_afip":  "CORDOBA",
                                            "cod_postal_afip":  "5010",
                                            "latitud":  "-31,4166867",
                                            "longitud":  "-64,1834193",
                                            "geocoded_query":  "Cordoba, Cordoba, Argentina",
                                            "geocode_display_name":  "Córdoba, Municipio de Córdoba, Pedanía Capital, Departamento Capital, Córdoba, X5000, Argentina",
                                            "telefono":  "4897611 / 4803966",
                                            "email_web":  "www.mix-group.com.ar",
                                            "rubro_principal":  "Obras Civiles - Obras Hidráulicas - Obras de Arquitectura",
                                            "Tipo":  "Socios Plenarios",
                                            "Delegacion":  "Cordoba",
                                            "Dirección":  "MIGUEL CARCANO 1195",
                                            "Localidad":  "BARRIO LOS PLATANOS",
                                            "Provincia":  "Cordoba",
                                            "Teléfono":  "4897611 / 4803966",
                                            "Correo":  "www.mix-group.com.ar",
                                            "CRM":  "NO",
                                            "Maquinas":  "",
                                            "Sucursal":  "",
                                            "Rubro":  "Obras Civiles - Obras Hidráulicas - Obras de Arquitectura"
                                        },
                         "geometry":  {
                                          "type":  "Point",
                                          "coordinates":  [
                                                              -64.1834193,
                                                              -31.4166867
                                                          ]
                                      }
                     },
                     {
                         "type":  "Feature",
                         "properties":  {
                                            "rownum":  "119",
                                            "Nombre":  "MOVISUELOS S.R.L.",
                                            "CUIT":  "30714205745",
                                            "direccion_original":  "Av. Cárcano 251 - Torre B14, 1° B",
                                            "provincia_original":  "Cordoba",
                                            "localidad_original":  "Cordoba",
                                            "status_afip":  "ok",
                                            "error_afip":  "",
                                            "denominacion_afip":  "MOVISUELOS S.R.L.",
                                            "estado_afip":  "ACTIVO",
                                            "direccion_afip":  "MANZANA N\u0026#186; 216 LOTE N\u0026#186; 36 500",
                                            "localidad_afip":  "LA CALERA",
                                            "provincia_afip":  "CORDOBA",
                                            "cod_postal_afip":  "5151",
                                            "latitud":  "-31,4166867",
                                            "longitud":  "-64,1834193",
                                            "geocoded_query":  "Cordoba, Cordoba, Argentina",
                                            "geocode_display_name":  "Córdoba, Municipio de Córdoba, Pedanía Capital, Departamento Capital, Córdoba, X5000, Argentina",
                                            "telefono":  "4854342",
                                            "email_web":  "www.movisuelos.com",
                                            "rubro_principal":  "Movimiento de suelos, excavaciones, demoliciones, proveedores de relleno, zanjeos y compactaciones",
                                            "Tipo":  "Socios Plenarios",
                                            "Delegacion":  "Cordoba",
                                            "Dirección":  "MANZANA N\u0026#186; 216 LOTE N\u0026#186; 36 500",
                                            "Localidad":  "LA CALERA",
                                            "Provincia":  "Cordoba",
                                            "Teléfono":  "4854342",
                                            "Correo":  "www.movisuelos.com",
                                            "CRM":  "NO",
                                            "Maquinas":  "",
                                            "Sucursal":  "",
                                            "Rubro":  "Movimiento de suelos, excavaciones, demoliciones, proveedores de relleno, zanjeos y compactaciones"
                                        },
                         "geometry":  {
                                          "type":  "Point",
                                          "coordinates":  [
                                                              -64.1834193,
                                                              -31.4166867
                                                          ]
                                      }
                     },
                     {
                         "type":  "Feature",
                         "properties":  {
                                            "rownum":  "120",
                                            "Nombre":  ",",
                                            "CUIT":  "30698468471",
                                            "direccion_original":  "Sarmiento 151 - Córdoba",
                                            "provincia_original":  "Cordoba",
                                            "localidad_original":  "Cordoba",
                                            "status_afip":  "error",
                                            "error_afip":  "La CUIT del contribuyente fue limitada en los términos de la RG AFIP 3832/16. Motivo: CUIT  LIMITADA  -  POR FALTA PRESENTACIÓN DDJJ.",
                                            "denominacion_afip":  ",",
                                            "estado_afip":  "",
                                            "direccion_afip":  "",
                                            "localidad_afip":  "",
                                            "provincia_afip":  "",
                                            "cod_postal_afip":  "",
                                            "latitud":  "-31,4166867",
                                            "longitud":  "-64,1834193",
                                            "geocoded_query":  "Cordoba, Cordoba, Argentina",
                                            "geocode_display_name":  "Córdoba, Municipio de Córdoba, Pedanía Capital, Departamento Capital, Córdoba, X5000, Argentina",
                                            "telefono":  "4228666",
                                            "email_web":  "http://www.mr-garden.com.ar/",
                                            "rubro_principal":  "Ventas Bombas de Agua - Instalaciones Contra Incendios",
                                            "Tipo":  "Socios Plenarios",
                                            "Delegacion":  "Cordoba",
                                            "Dirección":  "Sarmiento 151 - Córdoba",
                                            "Localidad":  "Cordoba",
                                            "Provincia":  "Cordoba",
                                            "Teléfono":  "4228666",
                                            "Correo":  "http://www.mr-garden.com.ar/",
                                            "CRM":  "NO",
                                            "Maquinas":  "",
                                            "Sucursal":  "",
                                            "Rubro":  "Ventas Bombas de Agua - Instalaciones Contra Incendios"
                                        },
                         "geometry":  {
                                          "type":  "Point",
                                          "coordinates":  [
                                                              -64.1834193,
                                                              -31.4166867
                                                          ]
                                      }
                     },
                     {
                         "type":  "Feature",
                         "properties":  {
                                            "rownum":  "121",
                                            "Nombre":  "MSI ARGENTINA S.R.L.",
                                            "CUIT":  "30714804983",
                                            "direccion_original":  "Luis Angel Firpo 2008 B° Zumarán",
                                            "provincia_original":  "Cordoba",
                                            "localidad_original":  "Cordoba",
                                            "status_afip":  "ok",
                                            "error_afip":  "",
                                            "denominacion_afip":  "MSI ARGENTINA S.R.L.",
                                            "estado_afip":  "ACTIVO",
                                            "direccion_afip":  "LUIS ANGEL FIRPO 2008",
                                            "localidad_afip":  "CIUDAD DE CORDOBA NORTE",
                                            "provincia_afip":  "CORDOBA",
                                            "cod_postal_afip":  "5000",
                                            "latitud":  "-31,4166867",
                                            "longitud":  "-64,1834193",
                                            "geocoded_query":  "Cordoba, Cordoba, Argentina",
                                            "geocode_display_name":  "Córdoba, Municipio de Córdoba, Pedanía Capital, Departamento Capital, Córdoba, X5000, Argentina",
                                            "telefono":  "(0351) 477 4514",
                                            "email_web":  "https://msiargentina.com.ar/",
                                            "rubro_principal":  "Obras Eléctricas - Privadas/Públicas",
                                            "Tipo":  "Socios Plenarios",
                                            "Delegacion":  "Cordoba",
                                            "Dirección":  "LUIS ANGEL FIRPO 2008",
                                            "Localidad":  "CIUDAD DE CORDOBA NORTE",
                                            "Provincia":  "Cordoba",
                                            "Teléfono":  "(0351) 477 4514",
                                            "Correo":  "https://msiargentina.com.ar/",
                                            "CRM":  "NO",
                                            "Maquinas":  "",
                                            "Sucursal":  "",
                                            "Rubro":  "Obras Eléctricas - Privadas/Públicas"
                                        },
                         "geometry":  {
                                          "type":  "Point",
                                          "coordinates":  [
                                                              -64.1834193,
                                                              -31.4166867
                                                          ]
                                      }
                     },
                     {
                         "type":  "Feature",
                         "properties":  {
                                            "rownum":  "122",
                                            "Nombre":  "MURO S A",
                                            "CUIT":  "30710095279",
                                            "direccion_original":  "Av. Rancagua 4657 - Córdoba",
                                            "provincia_original":  "Cordoba",
                                            "localidad_original":  "Cordoba",
                                            "status_afip":  "ok",
                                            "error_afip":  "",
                                            "denominacion_afip":  "MURO S A",
                                            "estado_afip":  "ACTIVO",
                                            "direccion_afip":  "TABLADA 58",
                                            "localidad_afip":  "RIO CUARTO",
                                            "provincia_afip":  "CORDOBA",
                                            "cod_postal_afip":  "5800",
                                            "latitud":  "-31,4166867",
                                            "longitud":  "-64,1834193",
                                            "geocoded_query":  "Cordoba, Cordoba, Argentina",
                                            "geocode_display_name":  "Córdoba, Municipio de Córdoba, Pedanía Capital, Departamento Capital, Córdoba, X5000, Argentina",
                                            "telefono":  "0351 683-0469",
                                            "email_web":  "https://electromecanica-muro-sa.negocio.site/",
                                            "rubro_principal":  "Obras Electromecanicas - Obras Civiles",
                                            "Tipo":  "Socios Plenarios",
                                            "Delegacion":  "Cordoba",
                                            "Dirección":  "TABLADA 58",
                                            "Localidad":  "RIO CUARTO",
                                            "Provincia":  "Cordoba",
                                            "Teléfono":  "0351 683-0469",
                                            "Correo":  "https://electromecanica-muro-sa.negocio.site/",
                                            "CRM":  "NO",
                                            "Maquinas":  "",
                                            "Sucursal":  "",
                                            "Rubro":  "Obras Electromecanicas - Obras Civiles"
                                        },
                         "geometry":  {
                                          "type":  "Point",
                                          "coordinates":  [
                                                              -64.1834193,
                                                              -31.4166867
                                                          ]
                                      }
                     },
                     {
                         "type":  "Feature",
                         "properties":  {
                                            "rownum":  "123",
                                            "Nombre":  "MV OBRAS Y SERVICIOS SRL",
                                            "CUIT":  "30716708701",
                                            "direccion_original":  "Urquiza 432",
                                            "provincia_original":  "Cordoba",
                                            "localidad_original":  "Alta Gracia",
                                            "status_afip":  "ok",
                                            "error_afip":  "",
                                            "denominacion_afip":  "MV OBRAS Y SERVICIOS SRL",
                                            "estado_afip":  "ACTIVO",
                                            "direccion_afip":  "URQUIZA 432",
                                            "localidad_afip":  "ALTA GRACIA",
                                            "provincia_afip":  "CORDOBA",
                                            "cod_postal_afip":  "5186",
                                            "latitud":  "-31,6578916",
                                            "longitud":  "-64,4338563",
                                            "geocoded_query":  "Alta Gracia, Cordoba, Argentina",
                                            "geocode_display_name":  "Alta Gracia, Municipio de Alta Gracia, Pedanía Alta Gracia, Departamento Santa María, Córdoba, X5186, Argentina",
                                            "telefono":  "EMAIL / WEB:",
                                            "email_web":  "https://www.instagram.com/mvobraservicios/?hl=es",
                                            "rubro_principal":  "Ingeniería - Arquitectura - Infraestructura - Obras civiles - Gas natural - Cloacas - Agua - Movimientos de suelos - Desarrollo inmobiliario",
                                            "Tipo":  "Socios Plenarios",
                                            "Delegacion":  "Cordoba",
                                            "Dirección":  "URQUIZA 432",
                                            "Localidad":  "ALTA GRACIA",
                                            "Provincia":  "Cordoba",
                                            "Teléfono":  "EMAIL / WEB:",
                                            "Correo":  "https://www.instagram.com/mvobraservicios/?hl=es",
                                            "CRM":  "NO",
                                            "Maquinas":  "",
                                            "Sucursal":  "",
                                            "Rubro":  "Ingeniería - Arquitectura - Infraestructura - Obras civiles - Gas natural - Cloacas - Agua - Movimientos de suelos - Desarrollo inmobiliario"
                                        },
                         "geometry":  {
                                          "type":  "Point",
                                          "coordinates":  [
                                                              -64.4338563,
                                                              -31.6578916
                                                          ]
                                      }
                     },
                     {
                         "type":  "Feature",
                         "properties":  {
                                            "rownum":  "124",
                                            "Nombre":  "NOVA DOMUS S.A.",
                                            "CUIT":  "30709565695",
                                            "direccion_original":  "Colón 3835 - Córdoba Capital",
                                            "provincia_original":  "Cordoba",
                                            "localidad_original":  "Cordoba",
                                            "status_afip":  "ok",
                                            "error_afip":  "",
                                            "denominacion_afip":  "NOVA DOMUS S.A.",
                                            "estado_afip":  "ACTIVO",
                                            "direccion_afip":  "FAMATINA 3940",
                                            "localidad_afip":  "",
                                            "provincia_afip":  "CIUDAD AUTONOMA BUENOS AIRES",
                                            "cod_postal_afip":  "1437",
                                            "latitud":  "-31,4166867",
                                            "longitud":  "-64,1834193",
                                            "geocoded_query":  "Cordoba, Cordoba, Argentina",
                                            "geocode_display_name":  "Córdoba, Municipio de Córdoba, Pedanía Capital, Departamento Capital, Córdoba, X5000, Argentina",
                                            "telefono":  "3516747513",
                                            "email_web":  "www.nova-domus.com.ar",
                                            "rubro_principal":  "Instalaciones y venta de dispositivos de Domótica, Redes, Cerraduras Digitales, instalación eléctrica, cálculo y venta de artefactos de iluminación, videovigilancia, porteros digitales, cerraduras electromecánicas",
                                            "Tipo":  "Socios Plenarios",
                                            "Delegacion":  "Cordoba",
                                            "Dirección":  "FAMATINA 3940",
                                            "Localidad":  "Cordoba",
                                            "Provincia":  "Cordoba",
                                            "Teléfono":  "3516747513",
                                            "Correo":  "www.nova-domus.com.ar",
                                            "CRM":  "NO",
                                            "Maquinas":  "",
                                            "Sucursal":  "",
                                            "Rubro":  "Instalaciones y venta de dispositivos de Domótica, Redes, Cerraduras Digitales, instalación eléctrica, cálculo y venta de artefactos de iluminación, videovigilancia, porteros digitales, cerraduras electromecánicas"
                                        },
                         "geometry":  {
                                          "type":  "Point",
                                          "coordinates":  [
                                                              -64.1834193,
                                                              -31.4166867
                                                          ]
                                      }
                     },
                     {
                         "type":  "Feature",
                         "properties":  {
                                            "rownum":  "125",
                                            "Nombre":  "CHRONOS GROUP",
                                            "CUIT":  "30719254162",
                                            "direccion_original":  "Iturraspe Nº2159 - San Francisco -2400",
                                            "provincia_original":  "Cordoba",
                                            "localidad_original":  "San Francisco",
                                            "status_afip":  "error",
                                            "error_afip":  "soap:Server: No existe persona con ese Id",
                                            "denominacion_afip":  "",
                                            "estado_afip":  "",
                                            "direccion_afip":  "",
                                            "localidad_afip":  "",
                                            "provincia_afip":  "",
                                            "cod_postal_afip":  "",
                                            "latitud":  "-31,4249815",
                                            "longitud":  "-62,0840299",
                                            "geocoded_query":  "San Francisco, Cordoba, Argentina",
                                            "geocode_display_name":  "San Francisco, Municipio de San Francisco, Pedanía Juárez Celman, Departamento San Justo, Córdoba, X2400, Argentina",
                                            "telefono":  "3,56416E+11",
                                            "email_web":  "contablebailo@gmail.com",
                                            "rubro_principal":  "Construcción, Reforma y Reparación de edificios residenciales",
                                            "Tipo":  "Socios Plenarios",
                                            "Delegacion":  "Cordoba",
                                            "Dirección":  "Iturraspe Nº2159 - San Francisco -2400",
                                            "Localidad":  "San Francisco",
                                            "Provincia":  "Cordoba",
                                            "Teléfono":  "3,56416E+11",
                                            "Correo":  "contablebailo@gmail.com",
                                            "CRM":  "NO",
                                            "Maquinas":  "",
                                            "Sucursal":  "",
                                            "Rubro":  "Construcción, Reforma y Reparación de edificios residenciales"
                                        },
                         "geometry":  {
                                          "type":  "Point",
                                          "coordinates":  [
                                                              -62.0840299,
                                                              -31.4249815
                                                          ]
                                      }
                     },
                     {
                         "type":  "Feature",
                         "properties":  {
                                            "rownum":  "126",
                                            "Nombre":  "OLMOS VIAL SOCIEDAD POR ACCIONES SIMPLIFICADA",
                                            "CUIT":  "30717640523",
                                            "direccion_original":  "Palpa 5446 Córdoba capital",
                                            "provincia_original":  "Cordoba",
                                            "localidad_original":  "Cordoba",
                                            "status_afip":  "ok",
                                            "error_afip":  "",
                                            "denominacion_afip":  "OLMOS VIAL SOCIEDAD POR ACCIONES SIMPLIFICADA",
                                            "estado_afip":  "ACTIVO",
                                            "direccion_afip":  "PALPA 5446",
                                            "localidad_afip":  "BARRIO QUEBRADA LAS ROSAS",
                                            "provincia_afip":  "CORDOBA",
                                            "cod_postal_afip":  "5003",
                                            "latitud":  "-31,4166867",
                                            "longitud":  "-64,1834193",
                                            "geocoded_query":  "Cordoba, Cordoba, Argentina",
                                            "geocode_display_name":  "Córdoba, Municipio de Córdoba, Pedanía Capital, Departamento Capital, Córdoba, X5000, Argentina",
                                            "telefono":  "3513615566",
                                            "email_web":  "pablo.olmosdemoliciones@gmail.com",
                                            "rubro_principal":  "Demoliciones, excavaciones, movimientos de suelo y alquiler de máquinas viales",
                                            "Tipo":  "Socios Plenarios",
                                            "Delegacion":  "Cordoba",
                                            "Dirección":  "PALPA 5446",
                                            "Localidad":  "BARRIO QUEBRADA LAS ROSAS",
                                            "Provincia":  "Cordoba",
                                            "Teléfono":  "3513615566",
                                            "Correo":  "pablo.olmosdemoliciones@gmail.com",
                                            "CRM":  "NO",
                                            "Maquinas":  "",
                                            "Sucursal":  "",
                                            "Rubro":  "Demoliciones, excavaciones, movimientos de suelo y alquiler de máquinas viales"
                                        },
                         "geometry":  {
                                          "type":  "Point",
                                          "coordinates":  [
                                                              -64.1834193,
                                                              -31.4166867
                                                          ]
                                      }
                     },
                     {
                         "type":  "Feature",
                         "properties":  {
                                            "rownum":  "127",
                                            "Nombre":  "OPELMEC SRL",
                                            "CUIT":  "30689817382",
                                            "direccion_original":  "Pasaje Cacuy 2075, B° Villa Argentina, CP X5006KQN - Córdoba",
                                            "provincia_original":  "Cordoba",
                                            "localidad_original":  "Cordoba",
                                            "status_afip":  "ok",
                                            "error_afip":  "",
                                            "denominacion_afip":  "OPELMEC SRL",
                                            "estado_afip":  "ACTIVO",
                                            "direccion_afip":  "PJE CACUY 2075",
                                            "localidad_afip":  "VILLA ARGENTINA",
                                            "provincia_afip":  "CORDOBA",
                                            "cod_postal_afip":  "5006",
                                            "latitud":  "-31,4166867",
                                            "longitud":  "-64,1834193",
                                            "geocoded_query":  "Cordoba, Cordoba, Argentina",
                                            "geocode_display_name":  "Córdoba, Municipio de Córdoba, Pedanía Capital, Departamento Capital, Córdoba, X5000, Argentina",
                                            "telefono":  "4574615 - 4560268",
                                            "email_web":  "www.opelmec.com.ar",
                                            "rubro_principal":  "Obras electromecánicas - Obras termomecánicas - Obras hidráulicas - Redes - Gas - Instalaciones",
                                            "Tipo":  "Socios Plenarios",
                                            "Delegacion":  "Cordoba",
                                            "Dirección":  "PJE CACUY 2075",
                                            "Localidad":  "VILLA ARGENTINA",
                                            "Provincia":  "Cordoba",
                                            "Teléfono":  "4574615 - 4560268",
                                            "Correo":  "www.opelmec.com.ar",
                                            "CRM":  "NO",
                                            "Maquinas":  "",
                                            "Sucursal":  "",
                                            "Rubro":  "Obras electromecánicas - Obras termomecánicas - Obras hidráulicas - Redes - Gas - Instalaciones"
                                        },
                         "geometry":  {
                                          "type":  "Point",
                                          "coordinates":  [
                                                              -64.1834193,
                                                              -31.4166867
                                                          ]
                                      }
                     },
                     {
                         "type":  "Feature",
                         "properties":  {
                                            "rownum":  "128",
                                            "Nombre":  "ORANGE OBRAS CIVILES S.A.",
                                            "CUIT":  "30714490164",
                                            "direccion_original":  "Andrés María Ampere 6150 PB Of. 5. Bº Villa Belgrano. Córdoba, ARG.",
                                            "provincia_original":  "Cordoba",
                                            "localidad_original":  "Cordoba",
                                            "status_afip":  "ok",
                                            "error_afip":  "",
                                            "denominacion_afip":  "ORANGE OBRAS CIVILES S.A.",
                                            "estado_afip":  "ACTIVO",
                                            "direccion_afip":  "AV LA VOZ DEL INTERIOR 8821 Piso:1   T:1",
                                            "localidad_afip":  "CIUDAD DE CORDOBA NORTE",
                                            "provincia_afip":  "CORDOBA",
                                            "cod_postal_afip":  "5008",
                                            "latitud":  "-31,4166867",
                                            "longitud":  "-64,1834193",
                                            "geocoded_query":  "Cordoba, Cordoba, Argentina",
                                            "geocode_display_name":  "Córdoba, Municipio de Córdoba, Pedanía Capital, Departamento Capital, Córdoba, X5000, Argentina",
                                            "telefono":  "0351-156315696",
                                            "email_web":  "www.orangeobrasciviles.com",
                                            "rubro_principal":  "Obras Civiles e Industriales especializadas en Hormigón",
                                            "Tipo":  "Socios Plenarios",
                                            "Delegacion":  "Cordoba",
                                            "Dirección":  "AV LA VOZ DEL INTERIOR 8821 Piso:1   T:1",
                                            "Localidad":  "CIUDAD DE CORDOBA NORTE",
                                            "Provincia":  "Cordoba",
                                            "Teléfono":  "0351-156315696",
                                            "Correo":  "www.orangeobrasciviles.com",
                                            "CRM":  "NO",
                                            "Maquinas":  "",
                                            "Sucursal":  "",
                                            "Rubro":  "Obras Civiles e Industriales especializadas en Hormigón"
                                        },
                         "geometry":  {
                                          "type":  "Point",
                                          "coordinates":  [
                                                              -64.1834193,
                                                              -31.4166867
                                                          ]
                                      }
                     },
                     {
                         "type":  "Feature",
                         "properties":  {
                                            "rownum":  "129",
                                            "Nombre":  "PAPELERA CUMBRE S. A.",
                                            "CUIT":  "30587053221",
                                            "direccion_original":  "Juan B. Justo 8680 - Guiñazu - Córdoba",
                                            "provincia_original":  "Cordoba",
                                            "localidad_original":  "Guiñazu",
                                            "status_afip":  "ok",
                                            "error_afip":  "",
                                            "denominacion_afip":  "PAPELERA CUMBRE S. A.",
                                            "estado_afip":  "ACTIVO",
                                            "direccion_afip":  "AV. JUAN B. JUSTO 8680",
                                            "localidad_afip":  "GUIÑAZU",
                                            "provincia_afip":  "CORDOBA",
                                            "cod_postal_afip":  "5145",
                                            "latitud":  "-31,315274",
                                            "longitud":  "-64,1762488",
                                            "geocoded_query":  "Guiñazu, Cordoba, Argentina",
                                            "geocode_display_name":  "Guiñazú, Córdoba, Municipio de Córdoba, Pedanía Capital, Departamento Capital, Córdoba, X5145, Argentina",
                                            "telefono":  "3516270589",
                                            "email_web":  "ftuda@madereracumbre.com",
                                            "rubro_principal":  "Maderera - Obras de Arquitectura y Vivienda - Viales - Emprendimiento Privados",
                                            "Tipo":  "Socios Plenarios",
                                            "Delegacion":  "Cordoba",
                                            "Dirección":  "AV. JUAN B. JUSTO 8680",
                                            "Localidad":  "GUIÑAZU",
                                            "Provincia":  "Cordoba",
                                            "Teléfono":  "3516270589",
                                            "Correo":  "ftuda@madereracumbre.com",
                                            "CRM":  "NO",
                                            "Maquinas":  "",
                                            "Sucursal":  "",
                                            "Rubro":  "Maderera - Obras de Arquitectura y Vivienda - Viales - Emprendimiento Privados"
                                        },
                         "geometry":  {
                                          "type":  "Point",
                                          "coordinates":  [
                                                              -64.1762488,
                                                              -31.315274
                                                          ]
                                      }
                     },
                     {
                         "type":  "Feature",
                         "properties":  {
                                            "rownum":  "130",
                                            "Nombre":  "PASCHINI S.A",
                                            "CUIT":  "30501967404",
                                            "direccion_original":  "Av. La Voz del Interior 5850 CP 5000 - Córdoba",
                                            "provincia_original":  "Cordoba",
                                            "localidad_original":  "Cordoba",
                                            "status_afip":  "ok",
                                            "error_afip":  "",
                                            "denominacion_afip":  "PASCHINI S.A",
                                            "estado_afip":  "ACTIVO",
                                            "direccion_afip":  "AV. LA VOZ DEL INTERIOR 5850",
                                            "localidad_afip":  "CIUDAD DE CORDOBA NORTE",
                                            "provincia_afip":  "CORDOBA",
                                            "cod_postal_afip":  "5008",
                                            "latitud":  "-31,4166867",
                                            "longitud":  "-64,1834193",
                                            "geocoded_query":  "Cordoba, Cordoba, Argentina",
                                            "geocode_display_name":  "Córdoba, Municipio de Córdoba, Pedanía Capital, Departamento Capital, Córdoba, X5000, Argentina",
                                            "telefono":  "4750900",
                                            "email_web":  "www.paschini.com.ar",
                                            "rubro_principal":  "Obras de Arquitectura - Obras de Ingeniería - Obras de Infraestructura",
                                            "Tipo":  "Socios Plenarios",
                                            "Delegacion":  "Cordoba",
                                            "Dirección":  "AV. LA VOZ DEL INTERIOR 5850",
                                            "Localidad":  "CIUDAD DE CORDOBA NORTE",
                                            "Provincia":  "Cordoba",
                                            "Teléfono":  "4750900",
                                            "Correo":  "www.paschini.com.ar",
                                            "CRM":  "NO",
                                            "Maquinas":  "",
                                            "Sucursal":  "",
                                            "Rubro":  "Obras de Arquitectura - Obras de Ingeniería - Obras de Infraestructura"
                                        },
                         "geometry":  {
                                          "type":  "Point",
                                          "coordinates":  [
                                                              -64.1834193,
                                                              -31.4166867
                                                          ]
                                      }
                     },
                     {
                         "type":  "Feature",
                         "properties":  {
                                            "rownum":  "131",
                                            "Nombre":  "PIATTO INTERIORES S.A.S.",
                                            "CUIT":  "30716341379",
                                            "direccion_original":  "Los Talas 1701 - La Calera - Córdoba",
                                            "provincia_original":  "Cordoba",
                                            "localidad_original":  "La Calera",
                                            "status_afip":  "ok",
                                            "error_afip":  "",
                                            "denominacion_afip":  "PIATTO INTERIORES S.A.S.",
                                            "estado_afip":  "ACTIVO",
                                            "direccion_afip":  "LOS TALAS 1701",
                                            "localidad_afip":  "LA CALERA",
                                            "provincia_afip":  "CORDOBA",
                                            "cod_postal_afip":  "5151",
                                            "latitud":  "-31,3491546",
                                            "longitud":  "-64,3387509",
                                            "geocoded_query":  "La Calera, Cordoba, Argentina",
                                            "geocode_display_name":  "La Calera, Pedanía Calera Norte, Departamento Colón, Córdoba, X5111, Argentina",
                                            "telefono":  "3515299921",
                                            "email_web":  "piattointeriores@gmail.com",
                                            "rubro_principal":  "Fabricación de Muebles a Medida",
                                            "Tipo":  "Socios Plenarios",
                                            "Delegacion":  "Cordoba",
                                            "Dirección":  "LOS TALAS 1701",
                                            "Localidad":  "LA CALERA",
                                            "Provincia":  "Cordoba",
                                            "Teléfono":  "3515299921",
                                            "Correo":  "piattointeriores@gmail.com",
                                            "CRM":  "NO",
                                            "Maquinas":  "",
                                            "Sucursal":  "",
                                            "Rubro":  "Fabricación de Muebles a Medida"
                                        },
                         "geometry":  {
                                          "type":  "Point",
                                          "coordinates":  [
                                                              -64.3387509,
                                                              -31.3491546
                                                          ]
                                      }
                     },
                     {
                         "type":  "Feature",
                         "properties":  {
                                            "rownum":  "132",
                                            "Nombre":  "PILCA S.A.",
                                            "CUIT":  "30715160842",
                                            "direccion_original":  "Ushuaia 4000 - Córdoba",
                                            "provincia_original":  "Cordoba",
                                            "localidad_original":  "Cordoba",
                                            "status_afip":  "ok",
                                            "error_afip":  "",
                                            "denominacion_afip":  "PILCA S.A.",
                                            "estado_afip":  "ACTIVO",
                                            "direccion_afip":  "INDEPENDENCIA 1844",
                                            "localidad_afip":  "SAN FRANCISCO",
                                            "provincia_afip":  "CORDOBA",
                                            "cod_postal_afip":  "2400",
                                            "latitud":  "-31,4166867",
                                            "longitud":  "-64,1834193",
                                            "geocoded_query":  "Cordoba, Cordoba, Argentina",
                                            "geocode_display_name":  "Córdoba, Municipio de Córdoba, Pedanía Capital, Departamento Capital, Córdoba, X5000, Argentina",
                                            "telefono":  "0351 - 3587253",
                                            "email_web":  "ventas.pilca@gmail.com",
                                            "rubro_principal":  "Obras Civiles - Venta de Hormigón",
                                            "Tipo":  "Socios Plenarios",
                                            "Delegacion":  "Cordoba",
                                            "Dirección":  "INDEPENDENCIA 1844",
                                            "Localidad":  "SAN FRANCISCO",
                                            "Provincia":  "Cordoba",
                                            "Teléfono":  "0351 - 3587253",
                                            "Correo":  "ventas.pilca@gmail.com",
                                            "CRM":  "NO",
                                            "Maquinas":  "",
                                            "Sucursal":  "",
                                            "Rubro":  "Obras Civiles - Venta de Hormigón"
                                        },
                         "geometry":  {
                                          "type":  "Point",
                                          "coordinates":  [
                                                              -64.1834193,
                                                              -31.4166867
                                                          ]
                                      }
                     },
                     {
                         "type":  "Feature",
                         "properties":  {
                                            "rownum":  "133",
                                            "Nombre":  "PINTECORD S. A.",
                                            "CUIT":  "30682314997",
                                            "direccion_original":  "Av. Vélez Sarsfield 3347, Córdoba",
                                            "provincia_original":  "Cordoba",
                                            "localidad_original":  "Cordoba",
                                            "status_afip":  "ok",
                                            "error_afip":  "",
                                            "denominacion_afip":  "PINTECORD S. A.",
                                            "estado_afip":  "ACTIVO",
                                            "direccion_afip":  "BV. LOS ALEMANES 3200",
                                            "localidad_afip":  "LOS BOULEVARES",
                                            "provincia_afip":  "CORDOBA",
                                            "cod_postal_afip":  "5147",
                                            "latitud":  "-31,4166867",
                                            "longitud":  "-64,1834193",
                                            "geocoded_query":  "Cordoba, Cordoba, Argentina",
                                            "geocode_display_name":  "Córdoba, Municipio de Córdoba, Pedanía Capital, Departamento Capital, Córdoba, X5000, Argentina",
                                            "telefono":  "3513224370",
                                            "email_web":  "info@pintecord.com.ar",
                                            "rubro_principal":  "Venta de Pinturas y Materiales para la construcción",
                                            "Tipo":  "Socios Plenarios",
                                            "Delegacion":  "Cordoba",
                                            "Dirección":  "BV. LOS ALEMANES 3200",
                                            "Localidad":  "LOS BOULEVARES",
                                            "Provincia":  "Cordoba",
                                            "Teléfono":  "3513224370",
                                            "Correo":  "info@pintecord.com.ar",
                                            "CRM":  "NO",
                                            "Maquinas":  "",
                                            "Sucursal":  "",
                                            "Rubro":  "Venta de Pinturas y Materiales para la construcción"
                                        },
                         "geometry":  {
                                          "type":  "Point",
                                          "coordinates":  [
                                                              -64.1834193,
                                                              -31.4166867
                                                          ]
                                      }
                     },
                     {
                         "type":  "Feature",
                         "properties":  {
                                            "rownum":  "134",
                                            "Nombre":  "PORTE S.A",
                                            "CUIT":  "30715744380",
                                            "direccion_original":  "Lapacho 233 - Mendiolaza, Córdoba",
                                            "provincia_original":  "Cordoba",
                                            "localidad_original":  "Mendiolaza",
                                            "status_afip":  "ok",
                                            "error_afip":  "",
                                            "denominacion_afip":  "PORTE S.A",
                                            "estado_afip":  "ACTIVO",
                                            "direccion_afip":  "LAPACHO 233",
                                            "localidad_afip":  "MENDIOLAZA",
                                            "provincia_afip":  "CORDOBA",
                                            "cod_postal_afip":  "5107",
                                            "latitud":  "-31,265",
                                            "longitud":  "-64,30305556",
                                            "geocoded_query":  "Mendiolaza, Cordoba, Argentina",
                                            "geocode_display_name":  "Mendiolaza, Cordoba, Argentina",
                                            "telefono":  "(0351) 2278820",
                                            "email_web":  "vg.portesa@gmail.com",
                                            "rubro_principal":  "Fundaciones - Movimientos de suelo - Alquiler de equipos",
                                            "Tipo":  "Socios Plenarios",
                                            "Delegacion":  "Cordoba",
                                            "Dirección":  "LAPACHO 233",
                                            "Localidad":  "MENDIOLAZA",
                                            "Provincia":  "Cordoba",
                                            "Teléfono":  "(0351) 2278820",
                                            "Correo":  "vg.portesa@gmail.com",
                                            "CRM":  "NO",
                                            "Maquinas":  "",
                                            "Sucursal":  "",
                                            "Rubro":  "Fundaciones - Movimientos de suelo - Alquiler de equipos"
                                        },
                         "geometry":  {
                                          "type":  "Point",
                                          "coordinates":  [
                                                              -64.30305556,
                                                              -31.265
                                                          ]
                                      }
                     },
                     {
                         "type":  "Feature",
                         "properties":  {
                                            "rownum":  "135",
                                            "Nombre":  "PRACTIKA S.R.L.",
                                            "CUIT":  "30716811561",
                                            "direccion_original":  "Av. Juan B Justo 2702, X5001GXS Córdoba",
                                            "provincia_original":  "Cordoba",
                                            "localidad_original":  "Cordoba",
                                            "status_afip":  "ok",
                                            "error_afip":  "",
                                            "denominacion_afip":  "PRACTIKA S.R.L.",
                                            "estado_afip":  "ACTIVO",
                                            "direccion_afip":  "ANTONIO DEL VISO 73",
                                            "localidad_afip":  "BARRIO ALTA CORDOBA",
                                            "provincia_afip":  "CORDOBA",
                                            "cod_postal_afip":  "5001",
                                            "latitud":  "-31,4166867",
                                            "longitud":  "-64,1834193",
                                            "geocoded_query":  "Cordoba, Cordoba, Argentina",
                                            "geocode_display_name":  "Córdoba, Municipio de Córdoba, Pedanía Capital, Departamento Capital, Córdoba, X5000, Argentina",
                                            "telefono":  "+54 3516 783536",
                                            "email_web":  "info@practikaclimatizacion.com.ar",
                                            "rubro_principal":  "Provision e instalacion de Equipos Industriales - Obras de Arquitectura",
                                            "Tipo":  "Socios Plenarios",
                                            "Delegacion":  "Cordoba",
                                            "Dirección":  "ANTONIO DEL VISO 73",
                                            "Localidad":  "BARRIO ALTA CORDOBA",
                                            "Provincia":  "Cordoba",
                                            "Teléfono":  "+54 3516 783536",
                                            "Correo":  "info@practikaclimatizacion.com.ar",
                                            "CRM":  "NO",
                                            "Maquinas":  "",
                                            "Sucursal":  "",
                                            "Rubro":  "Provision e instalacion de Equipos Industriales - Obras de Arquitectura"
                                        },
                         "geometry":  {
                                          "type":  "Point",
                                          "coordinates":  [
                                                              -64.1834193,
                                                              -31.4166867
                                                          ]
                                      }
                     },
                     {
                         "type":  "Feature",
                         "properties":  {
                                            "rownum":  "136",
                                            "Nombre":  "PRODOSS SRL",
                                            "CUIT":  "30715640135",
                                            "direccion_original":  "Av. Rafael Nuñez 4620/24. B° Cerro de las Rosas CP.5009",
                                            "provincia_original":  "Cordoba",
                                            "localidad_original":  "Cordoba",
                                            "status_afip":  "ok",
                                            "error_afip":  "",
                                            "denominacion_afip":  "PRODOSS SRL",
                                            "estado_afip":  "ACTIVO",
                                            "direccion_afip":  "AV. RAFAEL NU\u0026#209;EZ 4620  Dpto:52",
                                            "localidad_afip":  "CERRO DE LAS ROSAS",
                                            "provincia_afip":  "CORDOBA",
                                            "cod_postal_afip":  "5009",
                                            "latitud":  "-31,4166867",
                                            "longitud":  "-64,1834193",
                                            "geocoded_query":  "Cordoba, Cordoba, Argentina",
                                            "geocode_display_name":  "Córdoba, Municipio de Córdoba, Pedanía Capital, Departamento Capital, Córdoba, X5000, Argentina",
                                            "telefono":  "0351-155296449 / 0351-153399871",
                                            "email_web":  "",
                                            "rubro_principal":  "Obras Viales - Mantenimiento",
                                            "Tipo":  "Socios Plenarios",
                                            "Delegacion":  "Cordoba",
                                            "Dirección":  "AV. RAFAEL NU\u0026#209;EZ 4620  Dpto:52",
                                            "Localidad":  "CERRO DE LAS ROSAS",
                                            "Provincia":  "Cordoba",
                                            "Teléfono":  "0351-155296449 / 0351-153399871",
                                            "Correo":  "",
                                            "CRM":  "NO",
                                            "Maquinas":  "",
                                            "Sucursal":  "",
                                            "Rubro":  "Obras Viales - Mantenimiento"
                                        },
                         "geometry":  {
                                          "type":  "Point",
                                          "coordinates":  [
                                                              -64.1834193,
                                                              -31.4166867
                                                          ]
                                      }
                     },
                     {
                         "type":  "Feature",
                         "properties":  {
                                            "rownum":  "137",
                                            "Nombre":  "PUCARA CONSTRUCCIONES S.A.",
                                            "CUIT":  "30598680333",
                                            "direccion_original":  "Duarte Quiros 4512 PB, B° Las Palmas, CP 5000 - Córdoba",
                                            "provincia_original":  "Cordoba",
                                            "localidad_original":  "Cordoba",
                                            "status_afip":  "ok",
                                            "error_afip":  "",
                                            "denominacion_afip":  "PUCARA CONSTRUCCIONES S.A.",
                                            "estado_afip":  "ACTIVO",
                                            "direccion_afip":  "DUARTE QUIROS 4512 PB",
                                            "localidad_afip":  "CORDOBA",
                                            "provincia_afip":  "CORDOBA",
                                            "cod_postal_afip":  "5000",
                                            "latitud":  "-31,4166867",
                                            "longitud":  "-64,1834193",
                                            "geocoded_query":  "Cordoba, Cordoba, Argentina",
                                            "geocode_display_name":  "Córdoba, Municipio de Córdoba, Pedanía Capital, Departamento Capital, Córdoba, X5000, Argentina",
                                            "telefono":  "4842884",
                                            "email_web":  "www.henisa.com",
                                            "rubro_principal":  "Obras Civiles - Obras de Arquitectura - Obras de Ingeniería",
                                            "Tipo":  "Socios Plenarios",
                                            "Delegacion":  "Cordoba",
                                            "Dirección":  "DUARTE QUIROS 4512 PB",
                                            "Localidad":  "CORDOBA",
                                            "Provincia":  "Cordoba",
                                            "Teléfono":  "4842884",
                                            "Correo":  "www.henisa.com",
                                            "CRM":  "NO",
                                            "Maquinas":  "",
                                            "Sucursal":  "",
                                            "Rubro":  "Obras Civiles - Obras de Arquitectura - Obras de Ingeniería"
                                        },
                         "geometry":  {
                                          "type":  "Point",
                                          "coordinates":  [
                                                              -64.1834193,
                                                              -31.4166867
                                                          ]
                                      }
                     },
                     {
                         "type":  "Feature",
                         "properties":  {
                                            "rownum":  "138",
                                            "Nombre":  "PUCHETA CONSTRUCCIONES S R L",
                                            "CUIT":  "30518410454",
                                            "direccion_original":  "Ibarbalz 979 - B° Pueyrredon - CP X5004FAE, Córdoba.",
                                            "provincia_original":  "Cordoba",
                                            "localidad_original":  "Cordoba",
                                            "status_afip":  "ok",
                                            "error_afip":  "",
                                            "denominacion_afip":  "PUCHETA CONSTRUCCIONES S R L",
                                            "estado_afip":  "ACTIVO",
                                            "direccion_afip":  "IBARBALZ 979",
                                            "localidad_afip":  "BARRIO PUEYRREDON",
                                            "provincia_afip":  "CORDOBA",
                                            "cod_postal_afip":  "5013",
                                            "latitud":  "-31,4166867",
                                            "longitud":  "-64,1834193",
                                            "geocoded_query":  "Cordoba, Cordoba, Argentina",
                                            "geocode_display_name":  "Córdoba, Municipio de Córdoba, Pedanía Capital, Departamento Capital, Córdoba, X5000, Argentina",
                                            "telefono":  "4243347 - 4243358",
                                            "email_web":  "https://puchetaconstrucciones.com.ar/",
                                            "rubro_principal":  "Obras de Arquitectura - Obras Civiles - Desarrollista -Gerenciamiento y Dirección técnica de obra.",
                                            "Tipo":  "Socios Plenarios",
                                            "Delegacion":  "Cordoba",
                                            "Dirección":  "IBARBALZ 979",
                                            "Localidad":  "BARRIO PUEYRREDON",
                                            "Provincia":  "Cordoba",
                                            "Teléfono":  "4243347 - 4243358",
                                            "Correo":  "https://puchetaconstrucciones.com.ar/",
                                            "CRM":  "NO",
                                            "Maquinas":  "",
                                            "Sucursal":  "",
                                            "Rubro":  "Obras de Arquitectura - Obras Civiles - Desarrollista -Gerenciamiento y Dirección técnica de obra."
                                        },
                         "geometry":  {
                                          "type":  "Point",
                                          "coordinates":  [
                                                              -64.1834193,
                                                              -31.4166867
                                                          ]
                                      }
                     },
                     {
                         "type":  "Feature",
                         "properties":  {
                                            "rownum":  "139",
                                            "Nombre":  "RADIO ELECTRON SA",
                                            "CUIT":  "30562825335",
                                            "direccion_original":  "Justo José de Urquiza 2025 5to B, X5001 Córdoba",
                                            "provincia_original":  "Cordoba",
                                            "localidad_original":  "Cordoba",
                                            "status_afip":  "ok",
                                            "error_afip":  "",
                                            "denominacion_afip":  "RADIO ELECTRON SA",
                                            "estado_afip":  "ACTIVO",
                                            "direccion_afip":  "CABRERA 726",
                                            "localidad_afip":  "RIO CUARTO",
                                            "provincia_afip":  "CORDOBA",
                                            "cod_postal_afip":  "5800",
                                            "latitud":  "-31,4166867",
                                            "longitud":  "-64,1834193",
                                            "geocoded_query":  "Cordoba, Cordoba, Argentina",
                                            "geocode_display_name":  "Córdoba, Municipio de Córdoba, Pedanía Capital, Departamento Capital, Córdoba, X5000, Argentina",
                                            "telefono":  "0358 463-5900",
                                            "email_web":  "https://radioelectron.com/",
                                            "rubro_principal":  "Ventas por mayor y menor de artículos eléctricos e iluminación / venta al por mayor de equipos de seguridad",
                                            "Tipo":  "Socios Plenarios",
                                            "Delegacion":  "Cordoba",
                                            "Dirección":  "CABRERA 726",
                                            "Localidad":  "RIO CUARTO",
                                            "Provincia":  "Cordoba",
                                            "Teléfono":  "0358 463-5900",
                                            "Correo":  "https://radioelectron.com/",
                                            "CRM":  "NO",
                                            "Maquinas":  "",
                                            "Sucursal":  "",
                                            "Rubro":  "Ventas por mayor y menor de artículos eléctricos e iluminación / venta al por mayor de equipos de seguridad"
                                        },
                         "geometry":  {
                                          "type":  "Point",
                                          "coordinates":  [
                                                              -64.1834193,
                                                              -31.4166867
                                                          ]
                                      }
                     },
                     {
                         "type":  "Feature",
                         "properties":  {
                                            "rownum":  "140",
                                            "Nombre":  "ORGANIZACIONES RAFUL S.A.",
                                            "CUIT":  "30711391270",
                                            "direccion_original":  "Sarmiento 548, Rio Primero",
                                            "provincia_original":  "Cordoba",
                                            "localidad_original":  "Rio Primero",
                                            "status_afip":  "ok",
                                            "error_afip":  "",
                                            "denominacion_afip":  "ORGANIZACIONES RAFUL S.A.",
                                            "estado_afip":  "ACTIVO",
                                            "direccion_afip":  "SARMIENTO 548 Piso:- Dpto:- S:- T:- M:-",
                                            "localidad_afip":  "RIO PRIMERO",
                                            "provincia_afip":  "CORDOBA",
                                            "cod_postal_afip":  "5127",
                                            "latitud":  "-31,33333333",
                                            "longitud":  "-63,61666667",
                                            "geocoded_query":  "Rio Primero, Cordoba, Argentina",
                                            "geocode_display_name":  "R?o Primero, C?rdoba, Argentina",
                                            "telefono":  "(03574) 420851",
                                            "email_web":  "fabrica@premoldeadosraful.com.ar",
                                            "rubro_principal":  "Venta materiales de construcción - Fabricación de premoldeados de Hormigón",
                                            "Tipo":  "Socios Plenarios",
                                            "Delegacion":  "Cordoba",
                                            "Dirección":  "SARMIENTO 548 Piso:- Dpto:- S:- T:- M:-",
                                            "Localidad":  "RIO PRIMERO",
                                            "Provincia":  "Cordoba",
                                            "Teléfono":  "(03574) 420851",
                                            "Correo":  "fabrica@premoldeadosraful.com.ar",
                                            "CRM":  "NO",
                                            "Maquinas":  "",
                                            "Sucursal":  "",
                                            "Rubro":  "Venta materiales de construcción - Fabricación de premoldeados de Hormigón"
                                        },
                         "geometry":  {
                                          "type":  "Point",
                                          "coordinates":  [
                                                              -63.616666666667,
                                                              -31.333333333333
                                                          ]
                                      }
                     },
                     {
                         "type":  "Feature",
                         "properties":  {
                                            "rownum":  "141",
                                            "Nombre":  "RC IN SRL",
                                            "CUIT":  "30698510656",
                                            "direccion_original":  "Temistocles Castellanos 1825, 2° Piso, Córdoba",
                                            "provincia_original":  "Cordoba",
                                            "localidad_original":  "Cordoba",
                                            "status_afip":  "ok",
                                            "error_afip":  "",
                                            "denominacion_afip":  "RC IN SRL",
                                            "estado_afip":  "ACTIVO",
                                            "direccion_afip":  "TEMISTOCLES CASTELLANO 1825 Piso:2 Dpto:7",
                                            "localidad_afip":  "VILLA CABRERA",
                                            "provincia_afip":  "CORDOBA",
                                            "cod_postal_afip":  "5000",
                                            "latitud":  "-31,4166867",
                                            "longitud":  "-64,1834193",
                                            "geocoded_query":  "Cordoba, Cordoba, Argentina",
                                            "geocode_display_name":  "Córdoba, Municipio de Córdoba, Pedanía Capital, Departamento Capital, Córdoba, X5000, Argentina",
                                            "telefono":  "351 8936850",
                                            "email_web":  "compras@rcin.com.ar",
                                            "rubro_principal":  "Obras Civiles - Obras de Arquitectura - Obras Eléctricas",
                                            "Tipo":  "Socios Plenarios",
                                            "Delegacion":  "Cordoba",
                                            "Dirección":  "TEMISTOCLES CASTELLANO 1825 Piso:2 Dpto:7",
                                            "Localidad":  "VILLA CABRERA",
                                            "Provincia":  "Cordoba",
                                            "Teléfono":  "351 8936850",
                                            "Correo":  "compras@rcin.com.ar",
                                            "CRM":  "NO",
                                            "Maquinas":  "",
                                            "Sucursal":  "",
                                            "Rubro":  "Obras Civiles - Obras de Arquitectura - Obras Eléctricas"
                                        },
                         "geometry":  {
                                          "type":  "Point",
                                          "coordinates":  [
                                                              -64.1834193,
                                                              -31.4166867
                                                          ]
                                      }
                     },
                     {
                         "type":  "Feature",
                         "properties":  {
                                            "rownum":  "142",
                                            "Nombre":  "REDEX CONSTRUCCIONES S R L",
                                            "CUIT":  "30687552454",
                                            "direccion_original":  "Gimenez Pastor 1811, B° Cerro de las Rosas, CP 5009 - Córdoba",
                                            "provincia_original":  "Cordoba",
                                            "localidad_original":  "Cordoba",
                                            "status_afip":  "ok",
                                            "error_afip":  "",
                                            "denominacion_afip":  "REDEX CONSTRUCCIONES S R L",
                                            "estado_afip":  "ACTIVO",
                                            "direccion_afip":  "JERONIMO CARDAN 5750 Piso:3 Dpto:C  T:3",
                                            "localidad_afip":  "VILLA BELGRANO",
                                            "provincia_afip":  "CORDOBA",
                                            "cod_postal_afip":  "5147",
                                            "latitud":  "-31,4166867",
                                            "longitud":  "-64,1834193",
                                            "geocoded_query":  "Cordoba, Cordoba, Argentina",
                                            "geocode_display_name":  "Córdoba, Municipio de Córdoba, Pedanía Capital, Departamento Capital, Córdoba, X5000, Argentina",
                                            "telefono":  "4810544",
                                            "email_web":  "https://www.facebook.com/redexconstruccionessrlcordoba/",
                                            "rubro_principal":  "Redes - Obras de Arquitectura - Obras Hidráulicas",
                                            "Tipo":  "Socios Plenarios",
                                            "Delegacion":  "Cordoba",
                                            "Dirección":  "JERONIMO CARDAN 5750 Piso:3 Dpto:C  T:3",
                                            "Localidad":  "VILLA BELGRANO",
                                            "Provincia":  "Cordoba",
                                            "Teléfono":  "4810544",
                                            "Correo":  "https://www.facebook.com/redexconstruccionessrlcordoba/",
                                            "CRM":  "NO",
                                            "Maquinas":  "",
                                            "Sucursal":  "",
                                            "Rubro":  "Redes - Obras de Arquitectura - Obras Hidráulicas"
                                        },
                         "geometry":  {
                                          "type":  "Point",
                                          "coordinates":  [
                                                              -64.1834193,
                                                              -31.4166867
                                                          ]
                                      }
                     },
                     {
                         "type":  "Feature",
                         "properties":  {
                                            "rownum":  "143",
                                            "Nombre":  "GEMA SRL",
                                            "CUIT":  "30714037710",
                                            "direccion_original":  "Colectora Sur Av. Circunvalación Norte E 702 - Poligono Comercial Punto Norte Nave 5",
                                            "provincia_original":  "Cordoba",
                                            "localidad_original":  "Cordoba",
                                            "status_afip":  "ok",
                                            "error_afip":  "",
                                            "denominacion_afip":  "GEMA SRL",
                                            "estado_afip":  "ACTIVO",
                                            "direccion_afip":  "ITUZAINGO 791",
                                            "localidad_afip":  "BARRIO NUEVA CORDOBA",
                                            "provincia_afip":  "CORDOBA",
                                            "cod_postal_afip":  "5000",
                                            "latitud":  "-31,4166867",
                                            "longitud":  "-64,1834193",
                                            "geocoded_query":  "Cordoba, Cordoba, Argentina",
                                            "geocode_display_name":  "Córdoba, Municipio de Córdoba, Pedanía Capital, Departamento Capital, Córdoba, X5000, Argentina",
                                            "telefono":  "3513954987",
                                            "email_web":  "https://gemaargentina.com/",
                                            "rubro_principal":  "Venta al por mayor y menor de maquinaria vial/agricola",
                                            "Tipo":  "Socios Plenarios",
                                            "Delegacion":  "Cordoba",
                                            "Dirección":  "ITUZAINGO 791",
                                            "Localidad":  "BARRIO NUEVA CORDOBA",
                                            "Provincia":  "Cordoba",
                                            "Teléfono":  "3513954987",
                                            "Correo":  "https://gemaargentina.com/",
                                            "CRM":  "NO",
                                            "Maquinas":  "",
                                            "Sucursal":  "",
                                            "Rubro":  "Venta al por mayor y menor de maquinaria vial/agricola"
                                        },
                         "geometry":  {
                                          "type":  "Point",
                                          "coordinates":  [
                                                              -64.1834193,
                                                              -31.4166867
                                                          ]
                                      }
                     },
                     {
                         "type":  "Feature",
                         "properties":  {
                                            "rownum":  "144",
                                            "Nombre":  "ROSSI GROSSO S A",
                                            "CUIT":  "30602469294",
                                            "direccion_original":  "Rosario de Santa Fe 236 P° 5 Of. \"E\", B° Centro, CP 5000 - Córdoba",
                                            "provincia_original":  "Cordoba",
                                            "localidad_original":  "Cordoba",
                                            "status_afip":  "ok",
                                            "error_afip":  "",
                                            "denominacion_afip":  "ROSSI GROSSO S A",
                                            "estado_afip":  "ACTIVO",
                                            "direccion_afip":  "ROSARIO DE SANTA FE 236 Piso:2 Dpto:D",
                                            "localidad_afip":  "BARRIO CENTRO SUR",
                                            "provincia_afip":  "CORDOBA",
                                            "cod_postal_afip":  "5000",
                                            "latitud":  "-31,4166867",
                                            "longitud":  "-64,1834193",
                                            "geocoded_query":  "Cordoba, Cordoba, Argentina",
                                            "geocode_display_name":  "Córdoba, Municipio de Córdoba, Pedanía Capital, Departamento Capital, Córdoba, X5000, Argentina",
                                            "telefono":  "4110538/5605",
                                            "email_web":  "",
                                            "rubro_principal":  "Obras Viales - Obras Civiles - Obras Hidráulicas",
                                            "Tipo":  "Socios Plenarios",
                                            "Delegacion":  "Cordoba",
                                            "Dirección":  "ROSARIO DE SANTA FE 236 Piso:2 Dpto:D",
                                            "Localidad":  "BARRIO CENTRO SUR",
                                            "Provincia":  "Cordoba",
                                            "Teléfono":  "4110538/5605",
                                            "Correo":  "",
                                            "CRM":  "NO",
                                            "Maquinas":  "",
                                            "Sucursal":  "",
                                            "Rubro":  "Obras Viales - Obras Civiles - Obras Hidráulicas"
                                        },
                         "geometry":  {
                                          "type":  "Point",
                                          "coordinates":  [
                                                              -64.1834193,
                                                              -31.4166867
                                                          ]
                                      }
                     },
                     {
                         "type":  "Feature",
                         "properties":  {
                                            "rownum":  "146",
                                            "Nombre":  ",",
                                            "CUIT":  "30712270884",
                                            "direccion_original":  "Ana Riglos de Irigoyen 353 - Córdoba",
                                            "provincia_original":  "Cordoba",
                                            "localidad_original":  "Cordoba",
                                            "status_afip":  "error",
                                            "error_afip":  "La CUIT registra requerimientos de ARCA pendientes de respuesta.",
                                            "denominacion_afip":  ",",
                                            "estado_afip":  "",
                                            "direccion_afip":  "",
                                            "localidad_afip":  "",
                                            "provincia_afip":  "",
                                            "cod_postal_afip":  "",
                                            "latitud":  "-31,4166867",
                                            "longitud":  "-64,1834193",
                                            "geocoded_query":  "Cordoba, Cordoba, Argentina",
                                            "geocode_display_name":  "Córdoba, Municipio de Córdoba, Pedanía Capital, Departamento Capital, Córdoba, X5000, Argentina",
                                            "telefono":  "351 876-0000",
                                            "email_web":  "info@rvmgabinetes.com",
                                            "rubro_principal":  "Servicio Metalúrgicos",
                                            "Tipo":  "Socios Plenarios",
                                            "Delegacion":  "Cordoba",
                                            "Dirección":  "Ana Riglos de Irigoyen 353 - Córdoba",
                                            "Localidad":  "Cordoba",
                                            "Provincia":  "Cordoba",
                                            "Teléfono":  "351 876-0000",
                                            "Correo":  "info@rvmgabinetes.com",
                                            "CRM":  "NO",
                                            "Maquinas":  "",
                                            "Sucursal":  "",
                                            "Rubro":  "Servicio Metalúrgicos"
                                        },
                         "geometry":  {
                                          "type":  "Point",
                                          "coordinates":  [
                                                              -64.1834193,
                                                              -31.4166867
                                                          ]
                                      }
                     },
                     {
                         "type":  "Feature",
                         "properties":  {
                                            "rownum":  "147",
                                            "Nombre":  "S.C. CONSTRUCCIONES SRL",
                                            "CUIT":  "30709066028",
                                            "direccion_original":  "Hector Paniza 2359",
                                            "provincia_original":  "Cordoba",
                                            "localidad_original":  "Cordoba",
                                            "status_afip":  "ok",
                                            "error_afip":  "",
                                            "denominacion_afip":  "S.C. CONSTRUCCIONES SRL",
                                            "estado_afip":  "ACTIVO",
                                            "direccion_afip":  "HECTOR PANIZA 2359 Piso:0 Dpto:0 S:0 T:0 M:0",
                                            "localidad_afip":  "CIUDAD DE CORDOBA SUR",
                                            "provincia_afip":  "CORDOBA",
                                            "cod_postal_afip":  "5000",
                                            "latitud":  "-31,4166867",
                                            "longitud":  "-64,1834193",
                                            "geocoded_query":  "Cordoba, Cordoba, Argentina",
                                            "geocode_display_name":  "Córdoba, Municipio de Córdoba, Pedanía Capital, Departamento Capital, Córdoba, X5000, Argentina",
                                            "telefono":  "3516177068",
                                            "email_web":  "http://www.scconstrucciones.com.ar/",
                                            "rubro_principal":  "Obras Públicas y Privadas - Obras de Gas Natural e Hídricos, Saneamiento y Obras de Arquitectura",
                                            "Tipo":  "Socios Plenarios",
                                            "Delegacion":  "Cordoba",
                                            "Dirección":  "HECTOR PANIZA 2359 Piso:0 Dpto:0 S:0 T:0 M:0",
                                            "Localidad":  "CIUDAD DE CORDOBA SUR",
                                            "Provincia":  "Cordoba",
                                            "Teléfono":  "3516177068",
                                            "Correo":  "http://www.scconstrucciones.com.ar/",
                                            "CRM":  "NO",
                                            "Maquinas":  "",
                                            "Sucursal":  "",
                                            "Rubro":  "Obras Públicas y Privadas - Obras de Gas Natural e Hídricos, Saneamiento y Obras de Arquitectura"
                                        },
                         "geometry":  {
                                          "type":  "Point",
                                          "coordinates":  [
                                                              -64.1834193,
                                                              -31.4166867
                                                          ]
                                      }
                     },
                     {
                         "type":  "Feature",
                         "properties":  {
                                            "rownum":  "148",
                                            "Nombre":  ",",
                                            "CUIT":  "30703398665",
                                            "direccion_original":  "9 de julio 1418, Bº Alto Alberdi, CP 5000 - Córdoba",
                                            "provincia_original":  "Cordoba",
                                            "localidad_original":  "Cordoba",
                                            "status_afip":  "error",
                                            "error_afip":  "La CUIT registra requerimientos pendientes de verificaciones.",
                                            "denominacion_afip":  ",",
                                            "estado_afip":  "",
                                            "direccion_afip":  "",
                                            "localidad_afip":  "",
                                            "provincia_afip":  "",
                                            "cod_postal_afip":  "",
                                            "latitud":  "-31,4166867",
                                            "longitud":  "-64,1834193",
                                            "geocoded_query":  "Cordoba, Cordoba, Argentina",
                                            "geocode_display_name":  "Córdoba, Municipio de Córdoba, Pedanía Capital, Departamento Capital, Córdoba, X5000, Argentina",
                                            "telefono":  "4887029 - 4880229",
                                            "email_web":  "",
                                            "rubro_principal":  "Obras de Arquitectura",
                                            "Tipo":  "Socios Plenarios",
                                            "Delegacion":  "Cordoba",
                                            "Dirección":  "9 de julio 1418, Bº Alto Alberdi, CP 5000 - Córdoba",
                                            "Localidad":  "Cordoba",
                                            "Provincia":  "Cordoba",
                                            "Teléfono":  "4887029 - 4880229",
                                            "Correo":  "",
                                            "CRM":  "NO",
                                            "Maquinas":  "",
                                            "Sucursal":  "",
                                            "Rubro":  "Obras de Arquitectura"
                                        },
                         "geometry":  {
                                          "type":  "Point",
                                          "coordinates":  [
                                                              -64.1834193,
                                                              -31.4166867
                                                          ]
                                      }
                     },
                     {
                         "type":  "Feature",
                         "properties":  {
                                            "rownum":  "149",
                                            "Nombre":  "SALAS, ROBERTO MAXIMILIANO",
                                            "CUIT":  "20338925809",
                                            "direccion_original":  "Mariano Gabbarini 750",
                                            "provincia_original":  "Cordoba",
                                            "localidad_original":  "Cordoba",
                                            "status_afip":  "ok",
                                            "error_afip":  "",
                                            "denominacion_afip":  "SALAS, ROBERTO MAXIMILIANO",
                                            "estado_afip":  "ACTIVO",
                                            "direccion_afip":  "REMEDIOS DE ESCALADA 57",
                                            "localidad_afip":  "VILLA ANISACATE",
                                            "provincia_afip":  "CORDOBA",
                                            "cod_postal_afip":  "5189",
                                            "latitud":  "-31,4166867",
                                            "longitud":  "-64,1834193",
                                            "geocoded_query":  "Cordoba, Cordoba, Argentina",
                                            "geocode_display_name":  "Córdoba, Municipio de Córdoba, Pedanía Capital, Departamento Capital, Córdoba, X5000, Argentina",
                                            "telefono":  "3516753199",
                                            "email_web":  "rsvialcor@gmail.com",
                                            "rubro_principal":  "Constructora Vial y de Infraestructura",
                                            "Tipo":  "Socios Plenarios",
                                            "Delegacion":  "Cordoba",
                                            "Dirección":  "REMEDIOS DE ESCALADA 57",
                                            "Localidad":  "VILLA ANISACATE",
                                            "Provincia":  "Cordoba",
                                            "Teléfono":  "3516753199",
                                            "Correo":  "rsvialcor@gmail.com",
                                            "CRM":  "NO",
                                            "Maquinas":  "",
                                            "Sucursal":  "",
                                            "Rubro":  "Constructora Vial y de Infraestructura"
                                        },
                         "geometry":  {
                                          "type":  "Point",
                                          "coordinates":  [
                                                              -64.1834193,
                                                              -31.4166867
                                                          ]
                                      }
                     },
                     {
                         "type":  "Feature",
                         "properties":  {
                                            "rownum":  "150",
                                            "Nombre":  "SALSITECO S A",
                                            "CUIT":  "30683990074",
                                            "direccion_original":  "José Ingenieros N° 625 - CP 5900 Villa María",
                                            "provincia_original":  "Cordoba",
                                            "localidad_original":  "Villa Maria",
                                            "status_afip":  "ok",
                                            "error_afip":  "",
                                            "denominacion_afip":  "SALSITECO S A",
                                            "estado_afip":  "ACTIVO",
                                            "direccion_afip":  "JOSE INGENIEROS 625",
                                            "localidad_afip":  "VILLA MARIA",
                                            "provincia_afip":  "CORDOBA",
                                            "cod_postal_afip":  "5900",
                                            "latitud":  "-32,4106245",
                                            "longitud":  "-63,2435809",
                                            "geocoded_query":  "Villa Maria, Cordoba, Argentina",
                                            "geocode_display_name":  "Villa María, Municipio de Villa María, Pedanía Villa María, Departamento General San Martín, Córdoba, X5900, Argentina",
                                            "telefono":  "(0353) 4524006",
                                            "email_web":  "www.salsiteco.com.ar",
                                            "rubro_principal":  "Obras de Arquitectura - Movimiento de Suelos - Obras de Ingeniería",
                                            "Tipo":  "Socios Plenarios",
                                            "Delegacion":  "Cordoba",
                                            "Dirección":  "JOSE INGENIEROS 625",
                                            "Localidad":  "VILLA MARIA",
                                            "Provincia":  "Cordoba",
                                            "Teléfono":  "(0353) 4524006",
                                            "Correo":  "www.salsiteco.com.ar",
                                            "CRM":  "NO",
                                            "Maquinas":  "",
                                            "Sucursal":  "",
                                            "Rubro":  "Obras de Arquitectura - Movimiento de Suelos - Obras de Ingeniería"
                                        },
                         "geometry":  {
                                          "type":  "Point",
                                          "coordinates":  [
                                                              -63.2435809,
                                                              -32.4106245
                                                          ]
                                      }
                     },
                     {
                         "type":  "Feature",
                         "properties":  {
                                            "rownum":  "151",
                                            "Nombre":  "SAPYC SRL",
                                            "CUIT":  "30559811277",
                                            "direccion_original":  "Av. Circunvalación SO 450 (E/salida 12 y 13B) B° Alejandro Carbó - CP: X5016AQR - Córdoba",
                                            "provincia_original":  "Cordoba",
                                            "localidad_original":  "Cordoba",
                                            "status_afip":  "ok",
                                            "error_afip":  "",
                                            "denominacion_afip":  "SAPYC SRL",
                                            "estado_afip":  "ACTIVO",
                                            "direccion_afip":  "AV CIRCUNVALACION SUDOESTE 450",
                                            "localidad_afip":  "BARRIO ALEJANDRO CARBO",
                                            "provincia_afip":  "CORDOBA",
                                            "cod_postal_afip":  "5017",
                                            "latitud":  "-31,4166867",
                                            "longitud":  "-64,1834193",
                                            "geocoded_query":  "Cordoba, Cordoba, Argentina",
                                            "geocode_display_name":  "Córdoba, Municipio de Córdoba, Pedanía Capital, Departamento Capital, Córdoba, X5000, Argentina",
                                            "telefono":  "4937409 / 4931989",
                                            "email_web":  "www.sapyc.com",
                                            "rubro_principal":  "Obras Electromecánicas - Obras de Arquitectura - Obras Civiles",
                                            "Tipo":  "Socios Plenarios",
                                            "Delegacion":  "Cordoba",
                                            "Dirección":  "AV CIRCUNVALACION SUDOESTE 450",
                                            "Localidad":  "BARRIO ALEJANDRO CARBO",
                                            "Provincia":  "Cordoba",
                                            "Teléfono":  "4937409 / 4931989",
                                            "Correo":  "www.sapyc.com",
                                            "CRM":  "NO",
                                            "Maquinas":  "",
                                            "Sucursal":  "",
                                            "Rubro":  "Obras Electromecánicas - Obras de Arquitectura - Obras Civiles"
                                        },
                         "geometry":  {
                                          "type":  "Point",
                                          "coordinates":  [
                                                              -64.1834193,
                                                              -31.4166867
                                                          ]
                                      }
                     },
                     {
                         "type":  "Feature",
                         "properties":  {
                                            "rownum":  "152",
                                            "Nombre":  "SCALA EMPRESA CONSTRUCTORA SRL",
                                            "CUIT":  "30634665710",
                                            "direccion_original":  "Av.Maipú 508, P° 1 Of. \"A\", CP 5000 - Córdoba",
                                            "provincia_original":  "Cordoba",
                                            "localidad_original":  "Cordoba",
                                            "status_afip":  "ok",
                                            "error_afip":  "",
                                            "denominacion_afip":  "SCALA EMPRESA CONSTRUCTORA SRL",
                                            "estado_afip":  "ACTIVO",
                                            "direccion_afip":  "MAIPU 510 Piso:1",
                                            "localidad_afip":  "BARRIO CENTRO NORTE",
                                            "provincia_afip":  "CORDOBA",
                                            "cod_postal_afip":  "5000",
                                            "latitud":  "-31,4166867",
                                            "longitud":  "-64,1834193",
                                            "geocoded_query":  "Cordoba, Cordoba, Argentina",
                                            "geocode_display_name":  "Córdoba, Municipio de Córdoba, Pedanía Capital, Departamento Capital, Córdoba, X5000, Argentina",
                                            "telefono":  "4215510",
                                            "email_web":  "",
                                            "rubro_principal":  "Obras de Arquitectura - Obras Eléctricas - Obras Viales - Obras Hidráulicas",
                                            "Tipo":  "Socios Plenarios",
                                            "Delegacion":  "Cordoba",
                                            "Dirección":  "MAIPU 510 Piso:1",
                                            "Localidad":  "BARRIO CENTRO NORTE",
                                            "Provincia":  "Cordoba",
                                            "Teléfono":  "4215510",
                                            "Correo":  "",
                                            "CRM":  "NO",
                                            "Maquinas":  "",
                                            "Sucursal":  "",
                                            "Rubro":  "Obras de Arquitectura - Obras Eléctricas - Obras Viales - Obras Hidráulicas"
                                        },
                         "geometry":  {
                                          "type":  "Point",
                                          "coordinates":  [
                                                              -64.1834193,
                                                              -31.4166867
                                                          ]
                                      }
                     },
                     {
                         "type":  "Feature",
                         "properties":  {
                                            "rownum":  "153",
                                            "Nombre":  "SDK INGENIERIA SRL",
                                            "CUIT":  "33710164059",
                                            "direccion_original":  "Carlos Laveran 6174 - CÓRDOBA",
                                            "provincia_original":  "Cordoba",
                                            "localidad_original":  "Cordoba",
                                            "status_afip":  "ok",
                                            "error_afip":  "",
                                            "denominacion_afip":  "SDK INGENIERIA SRL",
                                            "estado_afip":  "ACTIVO",
                                            "direccion_afip":  "CARLOS LAVERAN 6174",
                                            "localidad_afip":  "BARRIO ARGUELLO",
                                            "provincia_afip":  "CORDOBA",
                                            "cod_postal_afip":  "5021",
                                            "latitud":  "-31,4166867",
                                            "longitud":  "-64,1834193",
                                            "geocoded_query":  "Cordoba, Cordoba, Argentina",
                                            "geocode_display_name":  "Córdoba, Municipio de Córdoba, Pedanía Capital, Departamento Capital, Córdoba, X5000, Argentina",
                                            "telefono":  "5,49352E+12",
                                            "email_web":  "https://sdkingenieria.com/",
                                            "rubro_principal":  "Servicios Integrales de Construcción",
                                            "Tipo":  "Socios Plenarios",
                                            "Delegacion":  "Cordoba",
                                            "Dirección":  "CARLOS LAVERAN 6174",
                                            "Localidad":  "BARRIO ARGUELLO",
                                            "Provincia":  "Cordoba",
                                            "Teléfono":  "5,49352E+12",
                                            "Correo":  "https://sdkingenieria.com/",
                                            "CRM":  "NO",
                                            "Maquinas":  "",
                                            "Sucursal":  "",
                                            "Rubro":  "Servicios Integrales de Construcción"
                                        },
                         "geometry":  {
                                          "type":  "Point",
                                          "coordinates":  [
                                                              -64.1834193,
                                                              -31.4166867
                                                          ]
                                      }
                     },
                     {
                         "type":  "Feature",
                         "properties":  {
                                            "rownum":  "155",
                                            "Nombre":  "CONSTRUCCIONES SILICIO SOCIEDAD POR ACCIONES SIMPLIFICADA",
                                            "CUIT":  "30717315991",
                                            "direccion_original":  "BEDOYA 128 OFICINA PB - CÓRDOBA CAPITAL",
                                            "provincia_original":  "Cordoba",
                                            "localidad_original":  "Cordoba",
                                            "status_afip":  "ok",
                                            "error_afip":  "",
                                            "denominacion_afip":  "CONSTRUCCIONES SILICIO SOCIEDAD POR ACCIONES SIMPLIFICADA",
                                            "estado_afip":  "ACTIVO",
                                            "direccion_afip":  "BEDOYA  - PLANTA BAJA 128",
                                            "localidad_afip":  "COFICO",
                                            "provincia_afip":  "CORDOBA",
                                            "cod_postal_afip":  "5000",
                                            "latitud":  "-31,4166867",
                                            "longitud":  "-64,1834193",
                                            "geocoded_query":  "Cordoba, Cordoba, Argentina",
                                            "geocode_display_name":  "Córdoba, Municipio de Córdoba, Pedanía Capital, Departamento Capital, Córdoba, X5000, Argentina",
                                            "telefono":  "5,49352E+12",
                                            "email_web":  "www.silicioconstrucciones.com.ar",
                                            "rubro_principal":  "Obras de arquitectura y eléctricas",
                                            "Tipo":  "Socios Plenarios",
                                            "Delegacion":  "Cordoba",
                                            "Dirección":  "BEDOYA  - PLANTA BAJA 128",
                                            "Localidad":  "COFICO",
                                            "Provincia":  "Cordoba",
                                            "Teléfono":  "5,49352E+12",
                                            "Correo":  "www.silicioconstrucciones.com.ar",
                                            "CRM":  "NO",
                                            "Maquinas":  "",
                                            "Sucursal":  "",
                                            "Rubro":  "Obras de arquitectura y eléctricas"
                                        },
                         "geometry":  {
                                          "type":  "Point",
                                          "coordinates":  [
                                                              -64.1834193,
                                                              -31.4166867
                                                          ]
                                      }
                     },
                     {
                         "type":  "Feature",
                         "properties":  {
                                            "rownum":  "156",
                                            "Nombre":  "TEKNIX ARG S R L",
                                            "CUIT":  "30648570518",
                                            "direccion_original":  "Av. Pueyrredón 85",
                                            "provincia_original":  "Cordoba",
                                            "localidad_original":  "Cordoba",
                                            "status_afip":  "ok",
                                            "error_afip":  "",
                                            "denominacion_afip":  "TEKNIX ARG S R L",
                                            "estado_afip":  "ACTIVO",
                                            "direccion_afip":  "AV GRAL SAVIO 5200 Piso:PB",
                                            "localidad_afip":  "JOSE IGNACIO DIAZ",
                                            "provincia_afip":  "CORDOBA",
                                            "cod_postal_afip":  "5014",
                                            "latitud":  "-31,4166867",
                                            "longitud":  "-64,1834193",
                                            "geocoded_query":  "Cordoba, Cordoba, Argentina",
                                            "geocode_display_name":  "Córdoba, Municipio de Córdoba, Pedanía Capital, Departamento Capital, Córdoba, X5000, Argentina",
                                            "telefono":  "3513472766",
                                            "email_web":  "http://www.teknik-id.com/",
                                            "rubro_principal":  "Tecnologías de la Información - Servicios de Ingeniería",
                                            "Tipo":  "Socios Plenarios",
                                            "Delegacion":  "Cordoba",
                                            "Dirección":  "AV GRAL SAVIO 5200 Piso:PB",
                                            "Localidad":  "JOSE IGNACIO DIAZ",
                                            "Provincia":  "Cordoba",
                                            "Teléfono":  "3513472766",
                                            "Correo":  "http://www.teknik-id.com/",
                                            "CRM":  "NO",
                                            "Maquinas":  "",
                                            "Sucursal":  "",
                                            "Rubro":  "Tecnologías de la Información - Servicios de Ingeniería"
                                        },
                         "geometry":  {
                                          "type":  "Point",
                                          "coordinates":  [
                                                              -64.1834193,
                                                              -31.4166867
                                                          ]
                                      }
                     },
                     {
                         "type":  "Feature",
                         "properties":  {
                                            "rownum":  "157",
                                            "Nombre":  "SOLFLIX S.A.",
                                            "CUIT":  "30687793486",
                                            "direccion_original":  "Av. Circunvalación S.O. 3990, RN A019 Km 127,7, CP 5010 - Córdoba",
                                            "provincia_original":  "Cordoba",
                                            "localidad_original":  "Cordoba",
                                            "status_afip":  "ok",
                                            "error_afip":  "",
                                            "denominacion_afip":  "SOLFLIX S.A.",
                                            "estado_afip":  "ACTIVO",
                                            "direccion_afip":  "JUAN BAUTISTA DANIEL 1943 Piso:PB Dpto:1-2",
                                            "localidad_afip":  "CERRO DE LAS ROSAS",
                                            "provincia_afip":  "CORDOBA",
                                            "cod_postal_afip":  "5009",
                                            "latitud":  "-31,4166867",
                                            "longitud":  "-64,1834193",
                                            "geocoded_query":  "Cordoba, Cordoba, Argentina",
                                            "geocode_display_name":  "Córdoba, Municipio de Córdoba, Pedanía Capital, Departamento Capital, Córdoba, X5000, Argentina",
                                            "telefono":  "0351 4315155/182",
                                            "email_web":  "https://www.solflixsa.com/",
                                            "rubro_principal":  "Obras Eléctricas - Redes - Telecomunicaciones",
                                            "Tipo":  "Socios Plenarios",
                                            "Delegacion":  "Cordoba",
                                            "Dirección":  "JUAN BAUTISTA DANIEL 1943 Piso:PB Dpto:1-2",
                                            "Localidad":  "CERRO DE LAS ROSAS",
                                            "Provincia":  "Cordoba",
                                            "Teléfono":  "0351 4315155/182",
                                            "Correo":  "https://www.solflixsa.com/",
                                            "CRM":  "NO",
                                            "Maquinas":  "",
                                            "Sucursal":  "",
                                            "Rubro":  "Obras Eléctricas - Redes - Telecomunicaciones"
                                        },
                         "geometry":  {
                                          "type":  "Point",
                                          "coordinates":  [
                                                              -64.1834193,
                                                              -31.4166867
                                                          ]
                                      }
                     },
                     {
                         "type":  "Feature",
                         "properties":  {
                                            "rownum":  "158",
                                            "Nombre":  "SOLIN",
                                            "CUIT":  "33710441729",
                                            "direccion_original":  "Carlos Pellegrini 260 Córdoba",
                                            "provincia_original":  "Cordoba",
                                            "localidad_original":  "Cordoba",
                                            "status_afip":  "ok",
                                            "error_afip":  "",
                                            "denominacion_afip":  "SOLIN",
                                            "estado_afip":  "ACTIVO",
                                            "direccion_afip":  "TAMBO NUEVO 1036",
                                            "localidad_afip":  "HURLINGHAM",
                                            "provincia_afip":  "BUENOS AIRES",
                                            "cod_postal_afip":  "1686",
                                            "latitud":  "-31,4166867",
                                            "longitud":  "-64,1834193",
                                            "geocoded_query":  "Cordoba, Cordoba, Argentina",
                                            "geocode_display_name":  "Córdoba, Municipio de Córdoba, Pedanía Capital, Departamento Capital, Córdoba, X5000, Argentina",
                                            "telefono":  "3385420233",
                                            "email_web":  "info@solin.com.ar",
                                            "rubro_principal":  "Inmobiliaria - Serv. Financieros - Proyec Inversión Inmobiliarios",
                                            "Tipo":  "Socios Plenarios",
                                            "Delegacion":  "Cordoba",
                                            "Dirección":  "TAMBO NUEVO 1036",
                                            "Localidad":  "HURLINGHAM",
                                            "Provincia":  "Cordoba",
                                            "Teléfono":  "3385420233",
                                            "Correo":  "info@solin.com.ar",
                                            "CRM":  "NO",
                                            "Maquinas":  "",
                                            "Sucursal":  "",
                                            "Rubro":  "Inmobiliaria - Serv. Financieros - Proyec Inversión Inmobiliarios"
                                        },
                         "geometry":  {
                                          "type":  "Point",
                                          "coordinates":  [
                                                              -64.1834193,
                                                              -31.4166867
                                                          ]
                                      }
                     },
                     {
                         "type":  "Feature",
                         "properties":  {
                                            "rownum":  "159",
                                            "Nombre":  "SOWIC S.A.",
                                            "CUIT":  "30710959095",
                                            "direccion_original":  "Calle Publica S/N - altura, Av. Japón 2200, X5019 Córdoba",
                                            "provincia_original":  "Cordoba",
                                            "localidad_original":  "Cordoba",
                                            "status_afip":  "ok",
                                            "error_afip":  "",
                                            "denominacion_afip":  "SOWIC S.A.",
                                            "estado_afip":  "ACTIVO",
                                            "direccion_afip":  "AV LA VOZ DEL INTERIOR 7000 Piso:PB  S:OESTE T:MIRAG",
                                            "localidad_afip":  "CIUDAD DE CORDOBA NORTE",
                                            "provincia_afip":  "CORDOBA",
                                            "cod_postal_afip":  "5008",
                                            "latitud":  "-31,4166867",
                                            "longitud":  "-64,1834193",
                                            "geocoded_query":  "Cordoba, Cordoba, Argentina",
                                            "geocode_display_name":  "Córdoba, Municipio de Córdoba, Pedanía Capital, Departamento Capital, Córdoba, X5000, Argentina",
                                            "telefono":  "351 4998791",
                                            "email_web":  "info@sowic.com.ar",
                                            "rubro_principal":  "Obras Electromecánicas - Obras Civiles",
                                            "Tipo":  "Socios Plenarios",
                                            "Delegacion":  "Cordoba",
                                            "Dirección":  "AV LA VOZ DEL INTERIOR 7000 Piso:PB  S:OESTE T:MIRAG",
                                            "Localidad":  "CIUDAD DE CORDOBA NORTE",
                                            "Provincia":  "Cordoba",
                                            "Teléfono":  "351 4998791",
                                            "Correo":  "info@sowic.com.ar",
                                            "CRM":  "NO",
                                            "Maquinas":  "",
                                            "Sucursal":  "",
                                            "Rubro":  "Obras Electromecánicas - Obras Civiles"
                                        },
                         "geometry":  {
                                          "type":  "Point",
                                          "coordinates":  [
                                                              -64.1834193,
                                                              -31.4166867
                                                          ]
                                      }
                     },
                     {
                         "type":  "Feature",
                         "properties":  {
                                            "rownum":  "160",
                                            "Nombre":  "SUELONIVEL S.R.L.",
                                            "CUIT":  "30711841454",
                                            "direccion_original":  "Camino Capilla de los Remedios 4500 Ferreyra- Córdoba",
                                            "provincia_original":  "Cordoba",
                                            "localidad_original":  "Ferreyra",
                                            "status_afip":  "ok",
                                            "error_afip":  "",
                                            "denominacion_afip":  "SUELONIVEL S.R.L.",
                                            "estado_afip":  "ACTIVO",
                                            "direccion_afip":  "CNO.A CAPILLA DE LOS REMEDIOS 4500",
                                            "localidad_afip":  "FERREYRA",
                                            "provincia_afip":  "CORDOBA",
                                            "cod_postal_afip":  "5123",
                                            "latitud":  "-31,4625",
                                            "longitud":  "-64,1058",
                                            "geocoded_query":  "Ferreyra, Cordoba, Argentina",
                                            "geocode_display_name":  "Estaci?n Ferreyra, C?rdoba, Argentina",
                                            "telefono":  "0351-155444449",
                                            "email_web":  "info@suelonivel.com.ar",
                                            "rubro_principal":  "CONSTRUCCION - SERVICIOS",
                                            "Tipo":  "Socios Plenarios",
                                            "Delegacion":  "Cordoba",
                                            "Dirección":  "CNO.A CAPILLA DE LOS REMEDIOS 4500",
                                            "Localidad":  "FERREYRA",
                                            "Provincia":  "Cordoba",
                                            "Teléfono":  "0351-155444449",
                                            "Correo":  "info@suelonivel.com.ar",
                                            "CRM":  "NO",
                                            "Maquinas":  "",
                                            "Sucursal":  "",
                                            "Rubro":  "CONSTRUCCION - SERVICIOS"
                                        },
                         "geometry":  {
                                          "type":  "Point",
                                          "coordinates":  [
                                                              -64.1058,
                                                              -31.4625
                                                          ]
                                      }
                     },
                     {
                         "type":  "Feature",
                         "properties":  {
                                            "rownum":  "161",
                                            "Nombre":  "TECNIAS S. R. L.",
                                            "CUIT":  "30714049964",
                                            "direccion_original":  "Ernesto Soneira 2569 Córdoba, Argentina",
                                            "provincia_original":  "Cordoba",
                                            "localidad_original":  "Los Boulevares",
                                            "status_afip":  "ok",
                                            "error_afip":  "",
                                            "denominacion_afip":  "TECNIAS S. R. L.",
                                            "estado_afip":  "ACTIVO",
                                            "direccion_afip":  "DE LOS NAPOLITANOS 6141",
                                            "localidad_afip":  "LOS BOULEVARES",
                                            "provincia_afip":  "CORDOBA",
                                            "cod_postal_afip":  "5147",
                                            "latitud":  "-31,3448557",
                                            "longitud":  "-64,2322132",
                                            "geocoded_query":  "Los Boulevares, Cordoba, Argentina",
                                            "geocode_display_name":  "Los Boulevares, Córdoba, Municipio de Córdoba, Pedanía Capital, Departamento Capital, Córdoba, X5022, Argentina",
                                            "telefono":  "0351 477 4979",
                                            "email_web":  "tecnias@tecnias.com.ar",
                                            "rubro_principal":  "INGENIERÍA Y FABRICACIÓN DE TABLEROS ELÉCTRICOS EN MEDIA Y BAJA TENSIÓN",
                                            "Tipo":  "Socios Plenarios",
                                            "Delegacion":  "Cordoba",
                                            "Dirección":  "DE LOS NAPOLITANOS 6141",
                                            "Localidad":  "LOS BOULEVARES",
                                            "Provincia":  "Cordoba",
                                            "Teléfono":  "0351 477 4979",
                                            "Correo":  "tecnias@tecnias.com.ar",
                                            "CRM":  "NO",
                                            "Maquinas":  "",
                                            "Sucursal":  "",
                                            "Rubro":  "INGENIERÍA Y FABRICACIÓN DE TABLEROS ELÉCTRICOS EN MEDIA Y BAJA TENSIÓN"
                                        },
                         "geometry":  {
                                          "type":  "Point",
                                          "coordinates":  [
                                                              -64.2322132,
                                                              -31.3448557
                                                          ]
                                      }
                     },
                     {
                         "type":  "Feature",
                         "properties":  {
                                            "rownum":  "162",
                                            "Nombre":  "TECNOCON SRL",
                                            "CUIT":  "30655425892",
                                            "direccion_original":  "Mendoza 1544, X5000 LSH, Córdoba",
                                            "provincia_original":  "Cordoba",
                                            "localidad_original":  "Cordoba",
                                            "status_afip":  "ok",
                                            "error_afip":  "",
                                            "denominacion_afip":  "TECNOCON SRL",
                                            "estado_afip":  "ACTIVO",
                                            "direccion_afip":  "MENDOZA 1544",
                                            "localidad_afip":  "BARRIO ALTA CORDOBA",
                                            "provincia_afip":  "CORDOBA",
                                            "cod_postal_afip":  "5001",
                                            "latitud":  "-31,4166867",
                                            "longitud":  "-64,1834193",
                                            "geocoded_query":  "Cordoba, Cordoba, Argentina",
                                            "geocode_display_name":  "Córdoba, Municipio de Córdoba, Pedanía Capital, Departamento Capital, Córdoba, X5000, Argentina",
                                            "telefono":  "0351 471-4401",
                                            "email_web":  "",
                                            "rubro_principal":  "Obras de Arquitectura - Obras de Ingeniería e Infraestructura",
                                            "Tipo":  "Socios Plenarios",
                                            "Delegacion":  "Cordoba",
                                            "Dirección":  "MENDOZA 1544",
                                            "Localidad":  "BARRIO ALTA CORDOBA",
                                            "Provincia":  "Cordoba",
                                            "Teléfono":  "0351 471-4401",
                                            "Correo":  "",
                                            "CRM":  "NO",
                                            "Maquinas":  "",
                                            "Sucursal":  "",
                                            "Rubro":  "Obras de Arquitectura - Obras de Ingeniería e Infraestructura"
                                        },
                         "geometry":  {
                                          "type":  "Point",
                                          "coordinates":  [
                                                              -64.1834193,
                                                              -31.4166867
                                                          ]
                                      }
                     },
                     {
                         "type":  "Feature",
                         "properties":  {
                                            "rownum":  "163",
                                            "Nombre":  "TECNOELECTRICA ARGENTINA S.A.S.",
                                            "CUIT":  "30717488845",
                                            "direccion_original":  "Sergio Camargo 7405",
                                            "provincia_original":  "Cordoba",
                                            "localidad_original":  "Cordoba",
                                            "status_afip":  "ok",
                                            "error_afip":  "",
                                            "denominacion_afip":  "TECNOELECTRICA ARGENTINA S.A.S.",
                                            "estado_afip":  "ACTIVO",
                                            "direccion_afip":  "CAMARGO SERGIO 7405",
                                            "localidad_afip":  "BARRIO QUINTAS DE ARGUELLO",
                                            "provincia_afip":  "CORDOBA",
                                            "cod_postal_afip":  "5021",
                                            "latitud":  "-31,4166867",
                                            "longitud":  "-64,1834193",
                                            "geocoded_query":  "Cordoba, Cordoba, Argentina",
                                            "geocode_display_name":  "Córdoba, Municipio de Córdoba, Pedanía Capital, Departamento Capital, Córdoba, X5000, Argentina",
                                            "telefono":  "3513403229",
                                            "email_web":  "www.tecnoelectricar.com",
                                            "rubro_principal":  "Constructora. Proyecto y Ejecución de Obras Eléctricas en Muy Baja, Baja, Media y Alta Tensión. Comunicaciones",
                                            "Tipo":  "Socios Plenarios",
                                            "Delegacion":  "Cordoba",
                                            "Dirección":  "CAMARGO SERGIO 7405",
                                            "Localidad":  "BARRIO QUINTAS DE ARGUELLO",
                                            "Provincia":  "Cordoba",
                                            "Teléfono":  "3513403229",
                                            "Correo":  "www.tecnoelectricar.com",
                                            "CRM":  "NO",
                                            "Maquinas":  "",
                                            "Sucursal":  "",
                                            "Rubro":  "Constructora. Proyecto y Ejecución de Obras Eléctricas en Muy Baja, Baja, Media y Alta Tensión. Comunicaciones"
                                        },
                         "geometry":  {
                                          "type":  "Point",
                                          "coordinates":  [
                                                              -64.1834193,
                                                              -31.4166867
                                                          ]
                                      }
                     },
                     {
                         "type":  "Feature",
                         "properties":  {
                                            "rownum":  "164",
                                            "Nombre":  "TEJAMAX S A",
                                            "CUIT":  "30710175248",
                                            "direccion_original":  "Av, Gral. Manuel Savio 3871, X5014 Córdoba",
                                            "provincia_original":  "Cordoba",
                                            "localidad_original":  "Cordoba",
                                            "status_afip":  "ok",
                                            "error_afip":  "",
                                            "denominacion_afip":  "TEJAMAX S A",
                                            "estado_afip":  "ACTIVO",
                                            "direccion_afip":  "HERMANOS LESCANO 720",
                                            "localidad_afip":  "RIO PRIMERO",
                                            "provincia_afip":  "CORDOBA",
                                            "cod_postal_afip":  "5127",
                                            "latitud":  "-31,4166867",
                                            "longitud":  "-64,1834193",
                                            "geocoded_query":  "Cordoba, Cordoba, Argentina",
                                            "geocode_display_name":  "Córdoba, Municipio de Córdoba, Pedanía Capital, Departamento Capital, Córdoba, X5000, Argentina",
                                            "telefono":  "0810-268-3203",
                                            "email_web":  "http://www.grupotejamax.com/",
                                            "rubro_principal":  "Elaboracion de Hormigon Elaborado - Fabricación de Bloques y Adoquines de Hormigón",
                                            "Tipo":  "Socios Plenarios",
                                            "Delegacion":  "Cordoba",
                                            "Dirección":  "HERMANOS LESCANO 720",
                                            "Localidad":  "RIO PRIMERO",
                                            "Provincia":  "Cordoba",
                                            "Teléfono":  "0810-268-3203",
                                            "Correo":  "http://www.grupotejamax.com/",
                                            "CRM":  "NO",
                                            "Maquinas":  "",
                                            "Sucursal":  "",
                                            "Rubro":  "Elaboracion de Hormigon Elaborado - Fabricación de Bloques y Adoquines de Hormigón"
                                        },
                         "geometry":  {
                                          "type":  "Point",
                                          "coordinates":  [
                                                              -64.1834193,
                                                              -31.4166867
                                                          ]
                                      }
                     },
                     {
                         "type":  "Feature",
                         "properties":  {
                                            "rownum":  "165",
                                            "Nombre":  "TETRA S. R. L.",
                                            "CUIT":  "33615761139",
                                            "direccion_original":  "Ducasse 1034 Bº San Martín - CP 5008 Córdoba",
                                            "provincia_original":  "Cordoba",
                                            "localidad_original":  "Cordoba",
                                            "status_afip":  "ok",
                                            "error_afip":  "",
                                            "denominacion_afip":  "TETRA S. R. L.",
                                            "estado_afip":  "ACTIVO",
                                            "direccion_afip":  "AV. VELEZ SARFIELD 762 Piso:1 Dpto:E",
                                            "localidad_afip":  "BARRIO NUEVA CORDOBA",
                                            "provincia_afip":  "CORDOBA",
                                            "cod_postal_afip":  "5000",
                                            "latitud":  "-31,4166867",
                                            "longitud":  "-64,1834193",
                                            "geocoded_query":  "Cordoba, Cordoba, Argentina",
                                            "geocode_display_name":  "Córdoba, Municipio de Córdoba, Pedanía Capital, Departamento Capital, Córdoba, X5000, Argentina",
                                            "telefono":  "4720160 / 4725413 / 4725126",
                                            "email_web":  "https://www.tetrasrl.com.ar/",
                                            "rubro_principal":  "Obras de Arquitectura - Vivienda - Obras Hídricas - Obras Eléctricas",
                                            "Tipo":  "Socios Plenarios",
                                            "Delegacion":  "Cordoba",
                                            "Dirección":  "AV. VELEZ SARFIELD 762 Piso:1 Dpto:E",
                                            "Localidad":  "BARRIO NUEVA CORDOBA",
                                            "Provincia":  "Cordoba",
                                            "Teléfono":  "4720160 / 4725413 / 4725126",
                                            "Correo":  "https://www.tetrasrl.com.ar/",
                                            "CRM":  "NO",
                                            "Maquinas":  "",
                                            "Sucursal":  "",
                                            "Rubro":  "Obras de Arquitectura - Vivienda - Obras Hídricas - Obras Eléctricas"
                                        },
                         "geometry":  {
                                          "type":  "Point",
                                          "coordinates":  [
                                                              -64.1834193,
                                                              -31.4166867
                                                          ]
                                      }
                     },
                     {
                         "type":  "Feature",
                         "properties":  {
                                            "rownum":  "166",
                                            "Nombre":  "THEBA S. R. L.",
                                            "CUIT":  "30615804378",
                                            "direccion_original":  "Mariano Fragueiro 2738, CP 5000 - Córdoba",
                                            "provincia_original":  "Cordoba",
                                            "localidad_original":  "Cordoba",
                                            "status_afip":  "ok",
                                            "error_afip":  "",
                                            "denominacion_afip":  "THEBA S. R. L.",
                                            "estado_afip":  "ACTIVO",
                                            "direccion_afip":  "BEDOYA 223 Piso:PB",
                                            "localidad_afip":  "BARRIO ALTA CORDOBA",
                                            "provincia_afip":  "CORDOBA",
                                            "cod_postal_afip":  "5001",
                                            "latitud":  "-31,4166867",
                                            "longitud":  "-64,1834193",
                                            "geocoded_query":  "Cordoba, Cordoba, Argentina",
                                            "geocode_display_name":  "Córdoba, Municipio de Córdoba, Pedanía Capital, Departamento Capital, Córdoba, X5000, Argentina",
                                            "telefono":  "4718411",
                                            "email_web":  "",
                                            "rubro_principal":  "Obras Viales - Obras Hidráulicas - Obras Electromecánicas - Obras de Arquitectura",
                                            "Tipo":  "Socios Plenarios",
                                            "Delegacion":  "Cordoba",
                                            "Dirección":  "BEDOYA 223 Piso:PB",
                                            "Localidad":  "BARRIO ALTA CORDOBA",
                                            "Provincia":  "Cordoba",
                                            "Teléfono":  "4718411",
                                            "Correo":  "",
                                            "CRM":  "NO",
                                            "Maquinas":  "",
                                            "Sucursal":  "",
                                            "Rubro":  "Obras Viales - Obras Hidráulicas - Obras Electromecánicas - Obras de Arquitectura"
                                        },
                         "geometry":  {
                                          "type":  "Point",
                                          "coordinates":  [
                                                              -64.1834193,
                                                              -31.4166867
                                                          ]
                                      }
                     },
                     {
                         "type":  "Feature",
                         "properties":  {
                                            "rownum":  "167",
                                            "Nombre":  "TPA CONSTRUCCIONES S.A.S.",
                                            "CUIT":  "30718836472",
                                            "direccion_original":  "Rodriguez de la Torre 915",
                                            "provincia_original":  "Cordoba",
                                            "localidad_original":  "Cordoba",
                                            "status_afip":  "ok",
                                            "error_afip":  "",
                                            "denominacion_afip":  "TPA CONSTRUCCIONES S.A.S.",
                                            "estado_afip":  "ACTIVO",
                                            "direccion_afip":  "RODRIGUEZ DE LA TORRE 915",
                                            "localidad_afip":  "BARRIO PARQUE VELEZ SARSFIELD",
                                            "provincia_afip":  "CORDOBA",
                                            "cod_postal_afip":  "5016",
                                            "latitud":  "-31,4166867",
                                            "longitud":  "-64,1834193",
                                            "geocoded_query":  "Cordoba, Cordoba, Argentina",
                                            "geocode_display_name":  "Córdoba, Municipio de Córdoba, Pedanía Capital, Departamento Capital, Córdoba, X5000, Argentina",
                                            "telefono":  "3512260936",
                                            "email_web":  "tomas.andruet.esteves@gmail.com",
                                            "rubro_principal":  "Construcción Vial",
                                            "Tipo":  "Socios Plenarios",
                                            "Delegacion":  "Cordoba",
                                            "Dirección":  "RODRIGUEZ DE LA TORRE 915",
                                            "Localidad":  "BARRIO PARQUE VELEZ SARSFIELD",
                                            "Provincia":  "Cordoba",
                                            "Teléfono":  "3512260936",
                                            "Correo":  "tomas.andruet.esteves@gmail.com",
                                            "CRM":  "NO",
                                            "Maquinas":  "",
                                            "Sucursal":  "",
                                            "Rubro":  "Construcción Vial"
                                        },
                         "geometry":  {
                                          "type":  "Point",
                                          "coordinates":  [
                                                              -64.1834193,
                                                              -31.4166867
                                                          ]
                                      }
                     },
                     {
                         "type":  "Feature",
                         "properties":  {
                                            "rownum":  "168",
                                            "Nombre":  "TRESCA S. A.",
                                            "CUIT":  "30709740357",
                                            "direccion_original":  "ED Bofelli 4519 Pque Industrial San Francisco, CP 2400, San Francisco, Córdoba",
                                            "provincia_original":  "Cordoba",
                                            "localidad_original":  "San Francisco",
                                            "status_afip":  "ok",
                                            "error_afip":  "",
                                            "denominacion_afip":  "TRESCA S. A.",
                                            "estado_afip":  "ACTIVO",
                                            "direccion_afip":  "E.D. BOFELLI 4519",
                                            "localidad_afip":  "SAN FRANCISCO",
                                            "provincia_afip":  "CORDOBA",
                                            "cod_postal_afip":  "2400",
                                            "latitud":  "-31,4249815",
                                            "longitud":  "-62,0840299",
                                            "geocoded_query":  "San Francisco, Cordoba, Argentina",
                                            "geocode_display_name":  "San Francisco, Municipio de San Francisco, Pedanía Juárez Celman, Departamento San Justo, Córdoba, X2400, Argentina",
                                            "telefono":  "0356 415683661",
                                            "email_web":  "administracion@tresca.com.ar",
                                            "rubro_principal":  "Obras Hidráulicas - Obras Civiles - Obras de Infraestructura",
                                            "Tipo":  "Socios Plenarios",
                                            "Delegacion":  "Cordoba",
                                            "Dirección":  "E.D. BOFELLI 4519",
                                            "Localidad":  "SAN FRANCISCO",
                                            "Provincia":  "Cordoba",
                                            "Teléfono":  "0356 415683661",
                                            "Correo":  "administracion@tresca.com.ar",
                                            "CRM":  "NO",
                                            "Maquinas":  "",
                                            "Sucursal":  "",
                                            "Rubro":  "Obras Hidráulicas - Obras Civiles - Obras de Infraestructura"
                                        },
                         "geometry":  {
                                          "type":  "Point",
                                          "coordinates":  [
                                                              -62.0840299,
                                                              -31.4249815
                                                          ]
                                      }
                     },
                     {
                         "type":  "Feature",
                         "properties":  {
                                            "rownum":  "169",
                                            "Nombre":  "URBANTEK S.A.",
                                            "CUIT":  "30711261148",
                                            "direccion_original":  "Camino Jesus Maria Km.8 y ½",
                                            "provincia_original":  "Cordoba",
                                            "localidad_original":  "Guiñazu",
                                            "status_afip":  "ok",
                                            "error_afip":  "",
                                            "denominacion_afip":  "URBANTEK S.A.",
                                            "estado_afip":  "ACTIVO",
                                            "direccion_afip":  "CAMINO A JESUS MARIA 0",
                                            "localidad_afip":  "GUIÑAZU",
                                            "provincia_afip":  "CORDOBA",
                                            "cod_postal_afip":  "5145",
                                            "latitud":  "-31,315274",
                                            "longitud":  "-64,1762488",
                                            "geocoded_query":  "Guiñazu, Cordoba, Argentina",
                                            "geocode_display_name":  "Guiñazú, Córdoba, Municipio de Córdoba, Pedanía Capital, Departamento Capital, Córdoba, X5145, Argentina",
                                            "telefono":  "3512317986",
                                            "email_web":  "www.urbantek.com.ar",
                                            "rubro_principal":  "Fábrica de Aberturas de PVC Rehau",
                                            "Tipo":  "Socios Plenarios",
                                            "Delegacion":  "Cordoba",
                                            "Dirección":  "CAMINO A JESUS MARIA 0",
                                            "Localidad":  "GUIÑAZU",
                                            "Provincia":  "Cordoba",
                                            "Teléfono":  "3512317986",
                                            "Correo":  "www.urbantek.com.ar",
                                            "CRM":  "NO",
                                            "Maquinas":  "",
                                            "Sucursal":  "",
                                            "Rubro":  "Fábrica de Aberturas de PVC Rehau"
                                        },
                         "geometry":  {
                                          "type":  "Point",
                                          "coordinates":  [
                                                              -64.1762488,
                                                              -31.315274
                                                          ]
                                      }
                     },
                     {
                         "type":  "Feature",
                         "properties":  {
                                            "rownum":  "170",
                                            "Nombre":  "VADIEG S.A.",
                                            "CUIT":  "30710904754",
                                            "direccion_original":  "La Rioja 532 piso 5º Of. \"E\" - Córdoba",
                                            "provincia_original":  "Cordoba",
                                            "localidad_original":  "Cordoba",
                                            "status_afip":  "ok",
                                            "error_afip":  "",
                                            "denominacion_afip":  "VADIEG S.A.",
                                            "estado_afip":  "ACTIVO",
                                            "direccion_afip":  "LA RIOJA 532 Piso:5 Dpto:E",
                                            "localidad_afip":  "BARRIO CENTRO NORTE",
                                            "provincia_afip":  "CORDOBA",
                                            "cod_postal_afip":  "5000",
                                            "latitud":  "-31,4166867",
                                            "longitud":  "-64,1834193",
                                            "geocoded_query":  "Cordoba, Cordoba, Argentina",
                                            "geocode_display_name":  "Córdoba, Municipio de Córdoba, Pedanía Capital, Departamento Capital, Córdoba, X5000, Argentina",
                                            "telefono":  "4223736",
                                            "email_web":  "www.vadiegsa.com",
                                            "rubro_principal":  "Redes - Obras Hidráulicas - Obras de Arquitectura - Obras Civiles - Mantenimiento de espacios verdes",
                                            "Tipo":  "Socios Plenarios",
                                            "Delegacion":  "Cordoba",
                                            "Dirección":  "LA RIOJA 532 Piso:5 Dpto:E",
                                            "Localidad":  "BARRIO CENTRO NORTE",
                                            "Provincia":  "Cordoba",
                                            "Teléfono":  "4223736",
                                            "Correo":  "www.vadiegsa.com",
                                            "CRM":  "NO",
                                            "Maquinas":  "",
                                            "Sucursal":  "",
                                            "Rubro":  "Redes - Obras Hidráulicas - Obras de Arquitectura - Obras Civiles - Mantenimiento de espacios verdes"
                                        },
                         "geometry":  {
                                          "type":  "Point",
                                          "coordinates":  [
                                                              -64.1834193,
                                                              -31.4166867
                                                          ]
                                      }
                     },
                     {
                         "type":  "Feature",
                         "properties":  {
                                            "rownum":  "171",
                                            "Nombre":  "VANOLI Y ASOCIADOS INGENIERIA S.R.L.",
                                            "CUIT":  "30707709320",
                                            "direccion_original":  "David Luque 404 - B° General Paz - Córdoba",
                                            "provincia_original":  "Cordoba",
                                            "localidad_original":  "Cordoba",
                                            "status_afip":  "ok",
                                            "error_afip":  "",
                                            "denominacion_afip":  "VANOLI Y ASOCIADOS INGENIERIA S.R.L.",
                                            "estado_afip":  "ACTIVO",
                                            "direccion_afip":  "DAVID LUQUE 404",
                                            "localidad_afip":  "BARRIO GENERAL PAZ NORTE",
                                            "provincia_afip":  "CORDOBA",
                                            "cod_postal_afip":  "5000",
                                            "latitud":  "-31,4166867",
                                            "longitud":  "-64,1834193",
                                            "geocoded_query":  "Cordoba, Cordoba, Argentina",
                                            "geocode_display_name":  "Córdoba, Municipio de Córdoba, Pedanía Capital, Departamento Capital, Córdoba, X5000, Argentina",
                                            "telefono":  "351 7264235",
                                            "email_web":  "estudio@vaingenieria.com.ar",
                                            "rubro_principal":  "SERVICIOS DE CONSULTORIA EN INGENIERIA CIVIL Y ARQUITECTURA",
                                            "Tipo":  "Socios Plenarios",
                                            "Delegacion":  "Cordoba",
                                            "Dirección":  "DAVID LUQUE 404",
                                            "Localidad":  "BARRIO GENERAL PAZ NORTE",
                                            "Provincia":  "Cordoba",
                                            "Teléfono":  "351 7264235",
                                            "Correo":  "estudio@vaingenieria.com.ar",
                                            "CRM":  "NO",
                                            "Maquinas":  "",
                                            "Sucursal":  "",
                                            "Rubro":  "SERVICIOS DE CONSULTORIA EN INGENIERIA CIVIL Y ARQUITECTURA"
                                        },
                         "geometry":  {
                                          "type":  "Point",
                                          "coordinates":  [
                                                              -64.1834193,
                                                              -31.4166867
                                                          ]
                                      }
                     },
                     {
                         "type":  "Feature",
                         "properties":  {
                                            "rownum":  "172",
                                            "Nombre":  "VASEK S.A.",
                                            "CUIT":  "30716565919",
                                            "direccion_original":  "N Berrotaran 1450",
                                            "provincia_original":  "Cordoba",
                                            "localidad_original":  "Cordoba",
                                            "status_afip":  "ok",
                                            "error_afip":  "",
                                            "denominacion_afip":  "VASEK S.A.",
                                            "estado_afip":  "ACTIVO",
                                            "direccion_afip":  "NICOLAS BERROTARAN 1450",
                                            "localidad_afip":  "CIUDAD DE CORDOBA NORTE",
                                            "provincia_afip":  "CORDOBA",
                                            "cod_postal_afip":  "5000",
                                            "latitud":  "-31,4166867",
                                            "longitud":  "-64,1834193",
                                            "geocoded_query":  "Cordoba, Cordoba, Argentina",
                                            "geocode_display_name":  "Córdoba, Municipio de Córdoba, Pedanía Capital, Departamento Capital, Córdoba, X5000, Argentina",
                                            "telefono":  "3516827374",
                                            "email_web":  "dvasek@vskconsultora.com",
                                            "rubro_principal":  "Construcción y Asesoramiento en obras civiles",
                                            "Tipo":  "Socios Plenarios",
                                            "Delegacion":  "Cordoba",
                                            "Dirección":  "NICOLAS BERROTARAN 1450",
                                            "Localidad":  "CIUDAD DE CORDOBA NORTE",
                                            "Provincia":  "Cordoba",
                                            "Teléfono":  "3516827374",
                                            "Correo":  "dvasek@vskconsultora.com",
                                            "CRM":  "NO",
                                            "Maquinas":  "",
                                            "Sucursal":  "",
                                            "Rubro":  "Construcción y Asesoramiento en obras civiles"
                                        },
                         "geometry":  {
                                          "type":  "Point",
                                          "coordinates":  [
                                                              -64.1834193,
                                                              -31.4166867
                                                          ]
                                      }
                     },
                     {
                         "type":  "Feature",
                         "properties":  {
                                            "rownum":  "173",
                                            "Nombre":  "VAWA S A C I C I",
                                            "CUIT":  "30656582711",
                                            "direccion_original":  "Ruta E-53 Km 33,5 - CP 5107- El Manzano, Córdoba",
                                            "provincia_original":  "Cordoba",
                                            "localidad_original":  "El Manzano",
                                            "status_afip":  "ok",
                                            "error_afip":  "",
                                            "denominacion_afip":  "VAWA S A C I C I",
                                            "estado_afip":  "ACTIVO",
                                            "direccion_afip":  "RUTA \u0026quot;E\u0026quot; 53 KM 33,5 0",
                                            "localidad_afip":  "EL MANZANO",
                                            "provincia_afip":  "CORDOBA",
                                            "cod_postal_afip":  "5107",
                                            "latitud":  "-31,08555556",
                                            "longitud":  "-64,30527778",
                                            "geocoded_query":  "El Manzano, Cordoba, Argentina",
                                            "geocode_display_name":  "El Manzano, C?rdoba, Argentina",
                                            "telefono":  "(03525) 493925/965",
                                            "email_web":  "www.vawa.com.ar",
                                            "rubro_principal":  "Obras Viales - Señalización y demarcación vial",
                                            "Tipo":  "Socios Plenarios",
                                            "Delegacion":  "Cordoba",
                                            "Dirección":  "RUTA \u0026quot;E\u0026quot; 53 KM 33,5 0",
                                            "Localidad":  "EL MANZANO",
                                            "Provincia":  "Cordoba",
                                            "Teléfono":  "(03525) 493925/965",
                                            "Correo":  "www.vawa.com.ar",
                                            "CRM":  "NO",
                                            "Maquinas":  "",
                                            "Sucursal":  "",
                                            "Rubro":  "Obras Viales - Señalización y demarcación vial"
                                        },
                         "geometry":  {
                                          "type":  "Point",
                                          "coordinates":  [
                                                              -64.305277777778,
                                                              -31.085555555556
                                                          ]
                                      }
                     },
                     {
                         "type":  "Feature",
                         "properties":  {
                                            "rownum":  "174",
                                            "Nombre":  "VIALPARKING S.A.",
                                            "CUIT":  "30711162891",
                                            "direccion_original":  "Paso de los Libres 1990 5900 Villa María - Cba.",
                                            "provincia_original":  "Cordoba",
                                            "localidad_original":  "Villa Maria",
                                            "status_afip":  "ok",
                                            "error_afip":  "",
                                            "denominacion_afip":  "VIALPARKING S.A.",
                                            "estado_afip":  "ACTIVO",
                                            "direccion_afip":  "MITRE BARTOLOME 4456  Dpto:H",
                                            "localidad_afip":  "",
                                            "provincia_afip":  "CIUDAD AUTONOMA BUENOS AIRES",
                                            "cod_postal_afip":  "1201",
                                            "latitud":  "-32,4106245",
                                            "longitud":  "-63,2435809",
                                            "geocoded_query":  "Villa Maria, Cordoba, Argentina",
                                            "geocode_display_name":  "Villa María, Municipio de Villa María, Pedanía Villa María, Departamento General San Martín, Córdoba, X5900, Argentina",
                                            "telefono":  "353-4458808",
                                            "email_web":  "info@vialparking.com.ar",
                                            "rubro_principal":  "Servicios de Tránsito - Demarcación Vial",
                                            "Tipo":  "Socios Plenarios",
                                            "Delegacion":  "Cordoba",
                                            "Dirección":  "MITRE BARTOLOME 4456  Dpto:H",
                                            "Localidad":  "Villa Maria",
                                            "Provincia":  "Cordoba",
                                            "Teléfono":  "353-4458808",
                                            "Correo":  "info@vialparking.com.ar",
                                            "CRM":  "NO",
                                            "Maquinas":  "",
                                            "Sucursal":  "",
                                            "Rubro":  "Servicios de Tránsito - Demarcación Vial"
                                        },
                         "geometry":  {
                                          "type":  "Point",
                                          "coordinates":  [
                                                              -63.2435809,
                                                              -32.4106245
                                                          ]
                                      }
                     },
                     {
                         "type":  "Feature",
                         "properties":  {
                                            "rownum":  "175",
                                            "Nombre":  "VIALERG S.A.",
                                            "CUIT":  "30716241870",
                                            "direccion_original":  "Rivadavia 1399 - Córdoba",
                                            "provincia_original":  "Cordoba",
                                            "localidad_original":  "Cordoba",
                                            "status_afip":  "ok",
                                            "error_afip":  "",
                                            "denominacion_afip":  "VIALERG S.A.",
                                            "estado_afip":  "ACTIVO",
                                            "direccion_afip":  "CORRIENTES AV. 1386 Piso:3 Dpto:304",
                                            "localidad_afip":  "",
                                            "provincia_afip":  "CIUDAD AUTONOMA BUENOS AIRES",
                                            "cod_postal_afip":  "1043",
                                            "latitud":  "-31,4166867",
                                            "longitud":  "-64,1834193",
                                            "geocoded_query":  "Cordoba, Cordoba, Argentina",
                                            "geocode_display_name":  "Córdoba, Municipio de Córdoba, Pedanía Capital, Departamento Capital, Córdoba, X5000, Argentina",
                                            "telefono":  "3518954388",
                                            "email_web":  "info@vialerg.com.ar",
                                            "rubro_principal":  "Ventas de Equipos Viales",
                                            "Tipo":  "Socios Plenarios",
                                            "Delegacion":  "Cordoba",
                                            "Dirección":  "CORRIENTES AV. 1386 Piso:3 Dpto:304",
                                            "Localidad":  "Cordoba",
                                            "Provincia":  "Cordoba",
                                            "Teléfono":  "3518954388",
                                            "Correo":  "info@vialerg.com.ar",
                                            "CRM":  "NO",
                                            "Maquinas":  "",
                                            "Sucursal":  "",
                                            "Rubro":  "Ventas de Equipos Viales"
                                        },
                         "geometry":  {
                                          "type":  "Point",
                                          "coordinates":  [
                                                              -64.1834193,
                                                              -31.4166867
                                                          ]
                                      }
                     },
                     {
                         "type":  "Feature",
                         "properties":  {
                                            "rownum":  "176",
                                            "Nombre":  "VIGA ING SOCIEDAD POR ACCIONES SIMPLIFICADA",
                                            "CUIT":  "30718538951",
                                            "direccion_original":  "Pedro Calderón de la Barca 232, barrio Alta Córdoba, Provincia de Córdoba.",
                                            "provincia_original":  "Cordoba",
                                            "localidad_original":  "Cordoba",
                                            "status_afip":  "ok",
                                            "error_afip":  "",
                                            "denominacion_afip":  "VIGA ING SOCIEDAD POR ACCIONES SIMPLIFICADA",
                                            "estado_afip":  "ACTIVO",
                                            "direccion_afip":  "CALDERON DE LA BARCA PEDRO 232",
                                            "localidad_afip":  "BARRIO ALTA CORDOBA",
                                            "provincia_afip":  "CORDOBA",
                                            "cod_postal_afip":  "5001",
                                            "latitud":  "-31,4166867",
                                            "longitud":  "-64,1834193",
                                            "geocoded_query":  "Cordoba, Cordoba, Argentina",
                                            "geocode_display_name":  "Córdoba, Municipio de Córdoba, Pedanía Capital, Departamento Capital, Córdoba, X5000, Argentina",
                                            "telefono":  "3512076324",
                                            "email_web":  "www.vigaing.com.ar",
                                            "rubro_principal":  "Dedicado a la obras industriales y estructurales y proyectos en general",
                                            "Tipo":  "Socios Plenarios",
                                            "Delegacion":  "Cordoba",
                                            "Dirección":  "CALDERON DE LA BARCA PEDRO 232",
                                            "Localidad":  "BARRIO ALTA CORDOBA",
                                            "Provincia":  "Cordoba",
                                            "Teléfono":  "3512076324",
                                            "Correo":  "www.vigaing.com.ar",
                                            "CRM":  "NO",
                                            "Maquinas":  "",
                                            "Sucursal":  "",
                                            "Rubro":  "Dedicado a la obras industriales y estructurales y proyectos en general"
                                        },
                         "geometry":  {
                                          "type":  "Point",
                                          "coordinates":  [
                                                              -64.1834193,
                                                              -31.4166867
                                                          ]
                                      }
                     },
                     {
                         "type":  "Feature",
                         "properties":  {
                                            "rownum":  "177",
                                            "Nombre":  "VIMECO SA",
                                            "CUIT":  "30504245337",
                                            "direccion_original":  "Bv. Rivadavia 3450, Bº Los Boulevares , CP 5147 - Córdoba",
                                            "provincia_original":  "Cordoba",
                                            "localidad_original":  "Los Boulevares",
                                            "status_afip":  "ok",
                                            "error_afip":  "",
                                            "denominacion_afip":  "VIMECO SA",
                                            "estado_afip":  "ACTIVO",
                                            "direccion_afip":  "BV RIVADAVIA 3450",
                                            "localidad_afip":  "LOS BOULEVARES",
                                            "provincia_afip":  "CORDOBA",
                                            "cod_postal_afip":  "5147",
                                            "latitud":  "-31,3448557",
                                            "longitud":  "-64,2322132",
                                            "geocoded_query":  "Los Boulevares, Cordoba, Argentina",
                                            "geocode_display_name":  "Los Boulevares, Córdoba, Municipio de Córdoba, Pedanía Capital, Departamento Capital, Córdoba, X5022, Argentina",
                                            "telefono":  "3514759009",
                                            "email_web":  "www.vimeco.com.ar",
                                            "rubro_principal":  "Obras Viales - Obras de Arquitectura - Obras Civiles - Obras de Infraestructura - Vivienda",
                                            "Tipo":  "Socios Plenarios",
                                            "Delegacion":  "Cordoba",
                                            "Dirección":  "BV RIVADAVIA 3450",
                                            "Localidad":  "LOS BOULEVARES",
                                            "Provincia":  "Cordoba",
                                            "Teléfono":  "3514759009",
                                            "Correo":  "www.vimeco.com.ar",
                                            "CRM":  "NO",
                                            "Maquinas":  "",
                                            "Sucursal":  "",
                                            "Rubro":  "Obras Viales - Obras de Arquitectura - Obras Civiles - Obras de Infraestructura - Vivienda"
                                        },
                         "geometry":  {
                                          "type":  "Point",
                                          "coordinates":  [
                                                              -64.2322132,
                                                              -31.3448557
                                                          ]
                                      }
                     },
                     {
                         "type":  "Feature",
                         "properties":  {
                                            "rownum":  "178",
                                            "Nombre":  "BONFIGLIO, LUCIANO MARCELO",
                                            "CUIT":  "20337009558",
                                            "direccion_original":  "Hector Paniza 2353",
                                            "provincia_original":  "Cordoba",
                                            "localidad_original":  "Cordoba",
                                            "status_afip":  "ok",
                                            "error_afip":  "",
                                            "denominacion_afip":  "BONFIGLIO, LUCIANO MARCELO",
                                            "estado_afip":  "ACTIVO",
                                            "direccion_afip":  "PADRE LOZANO 1779",
                                            "localidad_afip":  "BARRIO LOS NARANJOS",
                                            "provincia_afip":  "CORDOBA",
                                            "cod_postal_afip":  "5010",
                                            "latitud":  "-31,4166867",
                                            "longitud":  "-64,1834193",
                                            "geocoded_query":  "Cordoba, Cordoba, Argentina",
                                            "geocode_display_name":  "Córdoba, Municipio de Córdoba, Pedanía Capital, Departamento Capital, Córdoba, X5000, Argentina",
                                            "telefono":  "0810 268 2626",
                                            "email_web":  "https://zcingenieria.com/",
                                            "rubro_principal":  "Ingeniería Eléctrica - Seguridad Electrónica",
                                            "Tipo":  "Socios Plenarios",
                                            "Delegacion":  "Cordoba",
                                            "Dirección":  "PADRE LOZANO 1779",
                                            "Localidad":  "BARRIO LOS NARANJOS",
                                            "Provincia":  "Cordoba",
                                            "Teléfono":  "0810 268 2626",
                                            "Correo":  "https://zcingenieria.com/",
                                            "CRM":  "NO",
                                            "Maquinas":  "",
                                            "Sucursal":  "",
                                            "Rubro":  "Ingeniería Eléctrica - Seguridad Electrónica"
                                        },
                         "geometry":  {
                                          "type":  "Point",
                                          "coordinates":  [
                                                              -64.1834193,
                                                              -31.4166867
                                                          ]
                                      }
                     }
                 ]
}